month,fiscal_year,sector,apprehensions
1999-10,2000,Big Bend,891
1999-10,2000,Blaine,246
1999-10,2000,Buffalo,168
1999-10,2000,Del Rio,8161
1999-10,2000,Detroit,213
1999-10,2000,El Centro,13761
1999-10,2000,El Paso,6386
1999-10,2000,Grand Forks,68
1999-10,2000,Havre,73
1999-10,2000,Houlton,51
1999-10,2000,Laredo,6962
1999-10,2000,Livermore,716
1999-10,2000,Miami,401
1999-10,2000,New Orleans,559
1999-10,2000,Ramey,221
1999-10,2000,Rio Grande Valley,8416
1999-10,2000,San Diego,9046
1999-10,2000,Spokane,112
1999-10,2000,Swanton,153
1999-10,2000,Tucson,32384
1999-10,2000,Yuma,5403
1999-11,2000,Big Bend,1111
1999-11,2000,Blaine,184
1999-11,2000,Buffalo,106
1999-11,2000,Del Rio,6812
1999-11,2000,Detroit,145
1999-11,2000,El Centro,11035
1999-11,2000,El Paso,5203
1999-11,2000,Grand Forks,30
1999-11,2000,Havre,82
1999-11,2000,Houlton,37
1999-11,2000,Laredo,6058
1999-11,2000,Livermore,523
1999-11,2000,Miami,342
1999-11,2000,New Orleans,626
1999-11,2000,Ramey,102
1999-11,2000,Rio Grande Valley,7371
1999-11,2000,San Diego,7620
1999-11,2000,Spokane,103
1999-11,2000,Swanton,111
1999-11,2000,Tucson,25767
1999-11,2000,Yuma,5219
1999-12,2000,Big Bend,1192
1999-12,2000,Blaine,177
1999-12,2000,Buffalo,61
1999-12,2000,Del Rio,5118
1999-12,2000,Detroit,191
1999-12,2000,El Centro,8882
1999-12,2000,El Paso,4651
1999-12,2000,Grand Forks,20
1999-12,2000,Havre,80
1999-12,2000,Houlton,32
1999-12,2000,Laredo,4477
1999-12,2000,Livermore,514
1999-12,2000,Miami,493
1999-12,2000,New Orleans,333
1999-12,2000,Ramey,115
1999-12,2000,Rio Grande Valley,5808
1999-12,2000,San Diego,5978
1999-12,2000,Spokane,65
1999-12,2000,Swanton,125
1999-12,2000,Tucson,30182
1999-12,2000,Yuma,4964
2000-01,2000,Big Bend,1093
2000-01,2000,Blaine,228
2000-01,2000,Buffalo,80
2000-01,2000,Del Rio,20354
2000-01,2000,Detroit,190
2000-01,2000,El Centro,21924
2000-01,2000,El Paso,14914
2000-01,2000,Grand Forks,33
2000-01,2000,Havre,122
2000-01,2000,Houlton,25
2000-01,2000,Laredo,13794
2000-01,2000,Livermore,527
2000-01,2000,Miami,375
2000-01,2000,New Orleans,596
2000-01,2000,Ramey,142
2000-01,2000,Rio Grande Valley,15443
2000-01,2000,San Diego,15363
2000-01,2000,Spokane,92
2000-01,2000,Swanton,97
2000-01,2000,Tucson,70632
2000-01,2000,Yuma,12462
2000-02,2000,Big Bend,1675
2000-02,2000,Blaine,204
2000-02,2000,Buffalo,65
2000-02,2000,Del Rio,24706
2000-02,2000,Detroit,183
2000-02,2000,El Centro,31072
2000-02,2000,El Paso,15049
2000-02,2000,Grand Forks,33
2000-02,2000,Havre,78
2000-02,2000,Houlton,42
2000-02,2000,Laredo,14745
2000-02,2000,Livermore,525
2000-02,2000,Miami,562
2000-02,2000,New Orleans,684
2000-02,2000,Ramey,28
2000-02,2000,Rio Grande Valley,16814
2000-02,2000,San Diego,20204
2000-02,2000,Spokane,100
2000-02,2000,Swanton,87
2000-02,2000,Tucson,73506
2000-02,2000,Yuma,13557
2000-03,2000,Big Bend,1597
2000-03,2000,Blaine,226
2000-03,2000,Buffalo,117
2000-03,2000,Del Rio,24416
2000-03,2000,Detroit,227
2000-03,2000,El Centro,33301
2000-03,2000,El Paso,16018
2000-03,2000,Grand Forks,71
2000-03,2000,Havre,100
2000-03,2000,Houlton,25
2000-03,2000,Laredo,15549
2000-03,2000,Livermore,588
2000-03,2000,Miami,614
2000-03,2000,New Orleans,1000
2000-03,2000,Ramey,71
2000-03,2000,Rio Grande Valley,17995
2000-03,2000,San Diego,18279
2000-03,2000,Spokane,95
2000-03,2000,Swanton,108
2000-03,2000,Tucson,76245
2000-03,2000,Yuma,16663
2000-04,2000,Big Bend,1272
2000-04,2000,Blaine,200
2000-04,2000,Buffalo,117
2000-04,2000,Del Rio,18145
2000-04,2000,Detroit,169
2000-04,2000,El Centro,26534
2000-04,2000,El Paso,12883
2000-04,2000,Grand Forks,44
2000-04,2000,Havre,190
2000-04,2000,Houlton,30
2000-04,2000,Laredo,11174
2000-04,2000,Livermore,496
2000-04,2000,Miami,461
2000-04,2000,New Orleans,581
2000-04,2000,Ramey,63
2000-04,2000,Rio Grande Valley,15005
2000-04,2000,San Diego,16751
2000-04,2000,Spokane,80
2000-04,2000,Swanton,132
2000-04,2000,Tucson,65213
2000-04,2000,Yuma,13073
2000-05,2000,Big Bend,1154
2000-05,2000,Blaine,311
2000-05,2000,Buffalo,110
2000-05,2000,Del Rio,13443
2000-05,2000,Detroit,146
2000-05,2000,El Centro,27460
2000-05,2000,El Paso,10645
2000-05,2000,Grand Forks,57
2000-05,2000,Havre,246
2000-05,2000,Houlton,30
2000-05,2000,Laredo,9707
2000-05,2000,Livermore,529
2000-05,2000,Miami,613
2000-05,2000,New Orleans,507
2000-05,2000,Ramey,202
2000-05,2000,Rio Grande Valley,12390
2000-05,2000,San Diego,16615
2000-05,2000,Spokane,102
2000-05,2000,Swanton,118
2000-05,2000,Tucson,62555
2000-05,2000,Yuma,12327
2000-06,2000,Big Bend,885
2000-06,2000,Blaine,229
2000-06,2000,Buffalo,109
2000-06,2000,Del Rio,7820
2000-06,2000,Detroit,138
2000-06,2000,El Centro,20071
2000-06,2000,El Paso,7637
2000-06,2000,Grand Forks,57
2000-06,2000,Havre,129
2000-06,2000,Houlton,25
2000-06,2000,Laredo,6436
2000-06,2000,Livermore,449
2000-06,2000,Miami,483
2000-06,2000,New Orleans,375
2000-06,2000,Ramey,124
2000-06,2000,Rio Grande Valley,7764
2000-06,2000,San Diego,13186
2000-06,2000,Spokane,118
2000-06,2000,Swanton,140
2000-06,2000,Tucson,44341
2000-06,2000,Yuma,6953
2000-07,2000,Big Bend,921
2000-07,2000,Blaine,196
2000-07,2000,Buffalo,185
2000-07,2000,Del Rio,9373
2000-07,2000,Detroit,165
2000-07,2000,El Centro,15820
2000-07,2000,El Paso,7533
2000-07,2000,Grand Forks,36
2000-07,2000,Havre,120
2000-07,2000,Houlton,45
2000-07,2000,Laredo,6760
2000-07,2000,Livermore,395
2000-07,2000,Miami,639
2000-07,2000,New Orleans,262
2000-07,2000,Ramey,99
2000-07,2000,Rio Grande Valley,9842
2000-07,2000,San Diego,10630
2000-07,2000,Spokane,156
2000-07,2000,Swanton,370
2000-07,2000,Tucson,46849
2000-07,2000,Yuma,6228
2000-08,2000,Big Bend,998
2000-08,2000,Blaine,197
2000-08,2000,Buffalo,219
2000-08,2000,Del Rio,10132
2000-08,2000,Detroit,130
2000-08,2000,El Centro,15018
2000-08,2000,El Paso,8106
2000-08,2000,Grand Forks,48
2000-08,2000,Havre,178
2000-08,2000,Houlton,105
2000-08,2000,Laredo,6971
2000-08,2000,Livermore,517
2000-08,2000,Miami,543
2000-08,2000,New Orleans,392
2000-08,2000,Ramey,284
2000-08,2000,Rio Grande Valley,9073
2000-08,2000,San Diego,9356
2000-08,2000,Spokane,154
2000-08,2000,Swanton,374
2000-08,2000,Tucson,47905
2000-08,2000,Yuma,6753
2000-09,2000,Big Bend,900
2000-09,2000,Blaine,183
2000-09,2000,Buffalo,233
2000-09,2000,Del Rio,8698
2000-09,2000,Detroit,160
2000-09,2000,El Centro,13248
2000-09,2000,El Paso,6671
2000-09,2000,Grand Forks,65
2000-09,2000,Havre,170
2000-09,2000,Houlton,42
2000-09,2000,Laredo,6340
2000-09,2000,Livermore,426
2000-09,2000,Miami,711
2000-09,2000,New Orleans,563
2000-09,2000,Ramey,280
2000-09,2000,Rio Grande Valley,7322
2000-09,2000,San Diego,8653
2000-09,2000,Spokane,147
2000-09,2000,Swanton,142
2000-09,2000,Tucson,40767
2000-09,2000,Yuma,5145
2000-10,2001,Big Bend,844
2000-10,2001,Blaine,179
2000-10,2001,Buffalo,203
2000-10,2001,Del Rio,7648
2000-10,2001,Detroit,132
2000-10,2001,El Centro,13712
2000-10,2001,El Paso,6095
2000-10,2001,Grand Forks,48
2000-10,2001,Havre,108
2000-10,2001,Houlton,40
2000-10,2001,Laredo,5154
2000-10,2001,Livermore,532
2000-10,2001,Miami,338
2000-10,2001,New Orleans,315
2000-10,2001,Ramey,399
2000-10,2001,Rio Grande Valley,6634
2000-10,2001,San Diego,8002
2000-10,2001,Spokane,158
2000-10,2001,Swanton,126
2000-10,2001,Tucson,30009
2000-10,2001,Yuma,4534
2000-11,2001,Big Bend,874
2000-11,2001,Blaine,168
2000-11,2001,Buffalo,85
2000-11,2001,Del Rio,5344
2000-11,2001,Detroit,139
2000-11,2001,El Centro,9979
2000-11,2001,El Paso,5401
2000-11,2001,Grand Forks,23
2000-11,2001,Havre,67
2000-11,2001,Houlton,37
2000-11,2001,Laredo,3652
2000-11,2001,Livermore,449
2000-11,2001,Miami,590
2000-11,2001,New Orleans,306
2000-11,2001,Ramey,285
2000-11,2001,Rio Grande Valley,5975
2000-11,2001,San Diego,5556
2000-11,2001,Spokane,114
2000-11,2001,Swanton,120
2000-11,2001,Tucson,25889
2000-11,2001,Yuma,5039
2000-12,2001,Big Bend,776
2000-12,2001,Blaine,151
2000-12,2001,Buffalo,74
2000-12,2001,Del Rio,3756
2000-12,2001,Detroit,107
2000-12,2001,El Centro,8299
2000-12,2001,El Paso,4683
2000-12,2001,Grand Forks,45
2000-12,2001,Havre,58
2000-12,2001,Houlton,30
2000-12,2001,Laredo,2762
2000-12,2001,Livermore,360
2000-12,2001,Miami,481
2000-12,2001,New Orleans,396
2000-12,2001,Ramey,187
2000-12,2001,Rio Grande Valley,4280
2000-12,2001,San Diego,5270
2000-12,2001,Spokane,126
2000-12,2001,Swanton,75
2000-12,2001,Tucson,20907
2000-12,2001,Yuma,4348
2001-01,2001,Big Bend,846
2001-01,2001,Blaine,141
2001-01,2001,Buffalo,87
2001-01,2001,Del Rio,11218
2001-01,2001,Detroit,195
2001-01,2001,El Centro,18672
2001-01,2001,El Paso,10862
2001-01,2001,Grand Forks,44
2001-01,2001,Havre,77
2001-01,2001,Houlton,54
2001-01,2001,Laredo,8228
2001-01,2001,Livermore,403
2001-01,2001,Miami,483
2001-01,2001,New Orleans,358
2001-01,2001,Ramey,418
2001-01,2001,Rio Grande Valley,10102
2001-01,2001,San Diego,11558
2001-01,2001,Spokane,99
2001-01,2001,Swanton,101
2001-01,2001,Tucson,43972
2001-01,2001,Yuma,9632
2001-02,2001,Big Bend,1046
2001-02,2001,Blaine,159
2001-02,2001,Buffalo,81
2001-02,2001,Del Rio,16447
2001-02,2001,Detroit,182
2001-02,2001,El Centro,21412
2001-02,2001,El Paso,12369
2001-02,2001,Grand Forks,66
2001-02,2001,Havre,136
2001-02,2001,Houlton,27
2001-02,2001,Laredo,10656
2001-02,2001,Livermore,407
2001-02,2001,Miami,452
2001-02,2001,New Orleans,634
2001-02,2001,Ramey,79
2001-02,2001,Rio Grande Valley,12298
2001-02,2001,San Diego,12085
2001-02,2001,Spokane,100
2001-02,2001,Swanton,73
2001-02,2001,Tucson,54913
2001-02,2001,Yuma,11003
2001-03,2001,Big Bend,1427
2001-03,2001,Blaine,175
2001-03,2001,Buffalo,116
2001-03,2001,Del Rio,16833
2001-03,2001,Detroit,167
2001-03,2001,El Centro,21815
2001-03,2001,El Paso,15311
2001-03,2001,Grand Forks,73
2001-03,2001,Havre,108
2001-03,2001,Houlton,30
2001-03,2001,Laredo,12604
2001-03,2001,Livermore,463
2001-03,2001,Miami,392
2001-03,2001,New Orleans,446
2001-03,2001,Ramey,73
2001-03,2001,Rio Grande Valley,12890
2001-03,2001,San Diego,13510
2001-03,2001,Spokane,131
2001-03,2001,Swanton,95
2001-03,2001,Tucson,64779
2001-03,2001,Yuma,11411
2001-04,2001,Big Bend,1249
2001-04,2001,Blaine,145
2001-04,2001,Buffalo,89
2001-04,2001,Del Rio,11444
2001-04,2001,Detroit,157
2001-04,2001,El Centro,20699
2001-04,2001,El Paso,12738
2001-04,2001,Grand Forks,96
2001-04,2001,Havre,104
2001-04,2001,Houlton,24
2001-04,2001,Laredo,9928
2001-04,2001,Livermore,443
2001-04,2001,Miami,399
2001-04,2001,New Orleans,740
2001-04,2001,Ramey,19
2001-04,2001,Rio Grande Valley,11366
2001-04,2001,San Diego,12597
2001-04,2001,Spokane,87
2001-04,2001,Swanton,109
2001-04,2001,Tucson,52949
2001-04,2001,Yuma,9843
2001-05,2001,Big Bend,1123
2001-05,2001,Blaine,194
2001-05,2001,Buffalo,137
2001-05,2001,Del Rio,9005
2001-05,2001,Detroit,156
2001-05,2001,El Centro,17203
2001-05,2001,El Paso,11343
2001-05,2001,Grand Forks,85
2001-05,2001,Havre,97
2001-05,2001,Houlton,31
2001-05,2001,Laredo,9216
2001-05,2001,Livermore,482
2001-05,2001,Miami,503
2001-05,2001,New Orleans,377
2001-05,2001,Ramey,117
2001-05,2001,Rio Grande Valley,11204
2001-05,2001,San Diego,11270
2001-05,2001,Spokane,95
2001-05,2001,Swanton,139
2001-05,2001,Tucson,44573
2001-05,2001,Yuma,7990
2001-06,2001,Big Bend,1058
2001-06,2001,Blaine,231
2001-06,2001,Buffalo,134
2001-06,2001,Del Rio,7048
2001-06,2001,Detroit,177
2001-06,2001,El Centro,11385
2001-06,2001,El Paso,8035
2001-06,2001,Grand Forks,112
2001-06,2001,Havre,93
2001-06,2001,Houlton,33
2001-06,2001,Laredo,6586
2001-06,2001,Livermore,463
2001-06,2001,Miami,607
2001-06,2001,New Orleans,346
2001-06,2001,Ramey,94
2001-06,2001,Rio Grande Valley,8152
2001-06,2001,San Diego,8467
2001-06,2001,Spokane,117
2001-06,2001,Swanton,168
2001-06,2001,Tucson,33602
2001-06,2001,Yuma,4798
2001-07,2001,Big Bend,1107
2001-07,2001,Blaine,192
2001-07,2001,Buffalo,165
2001-07,2001,Del Rio,6069
2001-07,2001,Detroit,195
2001-07,2001,El Centro,11175
2001-07,2001,El Paso,8607
2001-07,2001,Grand Forks,100
2001-07,2001,Havre,169
2001-07,2001,Houlton,153
2001-07,2001,Laredo,6475
2001-07,2001,Livermore,436
2001-07,2001,Miami,735
2001-07,2001,New Orleans,402
2001-07,2001,Ramey,107
2001-07,2001,Rio Grande Valley,9191
2001-07,2001,San Diego,7580
2001-07,2001,Spokane,132
2001-07,2001,Swanton,543
2001-07,2001,Tucson,29550
2001-07,2001,Yuma,3848
2001-08,2001,Big Bend,906
2001-08,2001,Blaine,186
2001-08,2001,Buffalo,156
2001-08,2001,Del Rio,6038
2001-08,2001,Detroit,349
2001-08,2001,El Centro,10965
2001-08,2001,El Paso,9945
2001-08,2001,Grand Forks,144
2001-08,2001,Havre,175
2001-08,2001,Houlton,182
2001-08,2001,Laredo,7338
2001-08,2001,Livermore,406
2001-08,2001,Miami,532
2001-08,2001,New Orleans,354
2001-08,2001,Ramey,101
2001-08,2001,Rio Grande Valley,9426
2001-08,2001,San Diego,8297
2001-08,2001,Spokane,109
2001-08,2001,Swanton,715
2001-08,2001,Tucson,28028
2001-08,2001,Yuma,3705
2001-09,2001,Big Bend,831
2001-09,2001,Blaine,168
2001-09,2001,Buffalo,107
2001-09,2001,Del Rio,4025
2001-09,2001,Detroit,150
2001-09,2001,El Centro,7536
2001-09,2001,El Paso,7468
2001-09,2001,Grand Forks,85
2001-09,2001,Havre,113
2001-09,2001,Houlton,44
2001-09,2001,Laredo,4469
2001-09,2001,Livermore,367
2001-09,2001,Miami,450
2001-09,2001,New Orleans,359
2001-09,2001,Ramey,73
2001-09,2001,Rio Grande Valley,6326
2001-09,2001,San Diego,5883
2001-09,2001,Spokane,67
2001-09,2001,Swanton,199
2001-09,2001,Tucson,20504
2001-09,2001,Yuma,2234
2001-10,2002,Big Bend,913
2001-10,2002,Blaine,127
2001-10,2002,Buffalo,50
2001-10,2002,Del Rio,2938
2001-10,2002,Detroit,135
2001-10,2002,El Centro,4069
2001-10,2002,El Paso,4441
2001-10,2002,Grand Forks,85
2001-10,2002,Havre,114
2001-10,2002,Houlton,27
2001-10,2002,Laredo,3431
2001-10,2002,Livermore,437
2001-10,2002,Miami,391
2001-10,2002,New Orleans,352
2001-10,2002,Ramey,3
2001-10,2002,Rio Grande Valley,4784
2001-10,2002,San Diego,4530
2001-10,2002,Spokane,62
2001-10,2002,Swanton,82
2001-10,2002,Tucson,11124
2001-10,2002,Yuma,1582
2001-11,2002,Big Bend,810
2001-11,2002,Blaine,152
2001-11,2002,Buffalo,73
2001-11,2002,Del Rio,2367
2001-11,2002,Detroit,106
2001-11,2002,El Centro,3318
2001-11,2002,El Paso,3483
2001-11,2002,Grand Forks,80
2001-11,2002,Havre,119
2001-11,2002,Houlton,31
2001-11,2002,Laredo,2949
2001-11,2002,Livermore,439
2001-11,2002,Miami,352
2001-11,2002,New Orleans,220
2001-11,2002,Ramey,47
2001-11,2002,Rio Grande Valley,3744
2001-11,2002,San Diego,3178
2001-11,2002,Spokane,53
2001-11,2002,Swanton,73
2001-11,2002,Tucson,10523
2001-11,2002,Yuma,2134
2001-12,2002,Big Bend,876
2001-12,2002,Blaine,172
2001-12,2002,Buffalo,36
2001-12,2002,Del Rio,2104
2001-12,2002,Detroit,98
2001-12,2002,El Centro,3720
2001-12,2002,El Paso,3784
2001-12,2002,Grand Forks,87
2001-12,2002,Havre,92
2001-12,2002,Houlton,24
2001-12,2002,Laredo,2608
2001-12,2002,Livermore,373
2001-12,2002,Miami,251
2001-12,2002,New Orleans,299
2001-12,2002,Ramey,11
2001-12,2002,Rio Grande Valley,3843
2001-12,2002,San Diego,3183
2001-12,2002,Spokane,60
2001-12,2002,Swanton,76
2001-12,2002,Tucson,9208
2001-12,2002,Yuma,2175
2002-01,2002,Big Bend,826
2002-01,2002,Blaine,106
2002-01,2002,Buffalo,74
2002-01,2002,Del Rio,8384
2002-01,2002,Detroit,99
2002-01,2002,El Centro,9670
2002-01,2002,El Paso,8185
2002-01,2002,Grand Forks,93
2002-01,2002,Havre,89
2002-01,2002,Houlton,43
2002-01,2002,Laredo,7711
2002-01,2002,Livermore,362
2002-01,2002,Miami,445
2002-01,2002,New Orleans,357
2002-01,2002,Ramey,37
2002-01,2002,Rio Grande Valley,8035
2002-01,2002,San Diego,7716
2002-01,2002,Spokane,98
2002-01,2002,Swanton,71
2002-01,2002,Tucson,25182
2002-01,2002,Yuma,4084
2002-02,2002,Big Bend,1040
2002-02,2002,Blaine,147
2002-02,2002,Buffalo,101
2002-02,2002,Del Rio,10087
2002-02,2002,Detroit,135
2002-02,2002,El Centro,11118
2002-02,2002,El Paso,9393
2002-02,2002,Grand Forks,87
2002-02,2002,Havre,107
2002-02,2002,Houlton,40
2002-02,2002,Laredo,10628
2002-02,2002,Livermore,247
2002-02,2002,Miami,415
2002-02,2002,New Orleans,373
2002-02,2002,Ramey,36
2002-02,2002,Rio Grande Valley,8438
2002-02,2002,San Diego,9172
2002-02,2002,Spokane,91
2002-02,2002,Swanton,58
2002-02,2002,Tucson,32264
2002-02,2002,Yuma,3584
2002-03,2002,Big Bend,1184
2002-03,2002,Blaine,132
2002-03,2002,Buffalo,112
2002-03,2002,Del Rio,12068
2002-03,2002,Detroit,107
2002-03,2002,El Centro,15673
2002-03,2002,El Paso,11309
2002-03,2002,Grand Forks,113
2002-03,2002,Havre,144
2002-03,2002,Houlton,35
2002-03,2002,Laredo,12270
2002-03,2002,Livermore,314
2002-03,2002,Miami,494
2002-03,2002,New Orleans,459
2002-03,2002,Ramey,98
2002-03,2002,Rio Grande Valley,10153
2002-03,2002,San Diego,12832
2002-03,2002,Spokane,100
2002-03,2002,Swanton,104
2002-03,2002,Tucson,46094
2002-03,2002,Yuma,5409
2002-04,2002,Big Bend,1312
2002-04,2002,Blaine,156
2002-04,2002,Buffalo,155
2002-04,2002,Del Rio,8540
2002-04,2002,Detroit,137
2002-04,2002,El Centro,14274
2002-04,2002,El Paso,11783
2002-04,2002,Grand Forks,131
2002-04,2002,Havre,123
2002-04,2002,Houlton,31
2002-04,2002,Laredo,10709
2002-04,2002,Livermore,359
2002-04,2002,Miami,422
2002-04,2002,New Orleans,492
2002-04,2002,Ramey,32
2002-04,2002,Rio Grande Valley,10310
2002-04,2002,San Diego,11712
2002-04,2002,Spokane,90
2002-04,2002,Swanton,100
2002-04,2002,Tucson,47712
2002-04,2002,Yuma,5569
2002-05,2002,Big Bend,1163
2002-05,2002,Blaine,175
2002-05,2002,Buffalo,121
2002-05,2002,Del Rio,5404
2002-05,2002,Detroit,132
2002-05,2002,El Centro,11415
2002-05,2002,El Paso,9972
2002-05,2002,Grand Forks,159
2002-05,2002,Havre,138
2002-05,2002,Houlton,36
2002-05,2002,Laredo,7861
2002-05,2002,Livermore,340
2002-05,2002,Miami,475
2002-05,2002,New Orleans,307
2002-05,2002,Ramey,94
2002-05,2002,Rio Grande Valley,9473
2002-05,2002,San Diego,11222
2002-05,2002,Spokane,104
2002-05,2002,Swanton,125
2002-05,2002,Tucson,36333
2002-05,2002,Yuma,4581
2002-06,2002,Big Bend,702
2002-06,2002,Blaine,124
2002-06,2002,Buffalo,85
2002-06,2002,Del Rio,3787
2002-06,2002,Detroit,106
2002-06,2002,El Centro,8870
2002-06,2002,El Paso,6931
2002-06,2002,Grand Forks,153
2002-06,2002,Havre,113
2002-06,2002,Houlton,28
2002-06,2002,Laredo,6545
2002-06,2002,Livermore,360
2002-06,2002,Miami,440
2002-06,2002,New Orleans,460
2002-06,2002,Ramey,29
2002-06,2002,Rio Grande Valley,8109
2002-06,2002,San Diego,9251
2002-06,2002,Spokane,99
2002-06,2002,Swanton,210
2002-06,2002,Tucson,30898
2002-06,2002,Yuma,3562
2002-07,2002,Big Bend,748
2002-07,2002,Blaine,148
2002-07,2002,Buffalo,64
2002-07,2002,Del Rio,3301
2002-07,2002,Detroit,173
2002-07,2002,El Centro,7897
2002-07,2002,El Paso,8044
2002-07,2002,Grand Forks,138
2002-07,2002,Havre,139
2002-07,2002,Houlton,42
2002-07,2002,Laredo,5830
2002-07,2002,Livermore,358
2002-07,2002,Miami,532
2002-07,2002,New Orleans,427
2002-07,2002,Ramey,90
2002-07,2002,Rio Grande Valley,7523
2002-07,2002,San Diego,9340
2002-07,2002,Spokane,135
2002-07,2002,Swanton,293
2002-07,2002,Tucson,30212
2002-07,2002,Yuma,3766
2002-08,2002,Big Bend,940
2002-08,2002,Blaine,157
2002-08,2002,Buffalo,142
2002-08,2002,Del Rio,4297
2002-08,2002,Detroit,133
2002-08,2002,El Centro,9557
2002-08,2002,El Paso,9018
2002-08,2002,Grand Forks,108
2002-08,2002,Havre,163
2002-08,2002,Houlton,59
2002-08,2002,Laredo,6376
2002-08,2002,Livermore,457
2002-08,2002,Miami,564
2002-08,2002,New Orleans,424
2002-08,2002,Ramey,222
2002-08,2002,Rio Grande Valley,8762
2002-08,2002,San Diego,10115
2002-08,2002,Spokane,121
2002-08,2002,Swanton,387
2002-08,2002,Tucson,30078
2002-08,2002,Yuma,3414
2002-09,2002,Big Bend,878
2002-09,2002,Blaine,136
2002-09,2002,Buffalo,89
2002-09,2002,Del Rio,3708
2002-09,2002,Detroit,150
2002-09,2002,El Centro,8692
2002-09,2002,El Paso,7811
2002-09,2002,Grand Forks,135
2002-09,2002,Havre,122
2002-09,2002,Houlton,36
2002-09,2002,Laredo,5177
2002-09,2002,Livermore,325
2002-09,2002,Miami,362
2002-09,2002,New Orleans,495
2002-09,2002,Ramey,136
2002-09,2002,Rio Grande Valley,6753
2002-09,2002,San Diego,8430
2002-09,2002,Spokane,129
2002-09,2002,Swanton,157
2002-09,2002,Tucson,24020
2002-09,2002,Yuma,2794
2002-10,2003,Big Bend,754
2002-10,2003,Blaine,107
2002-10,2003,Buffalo,112
2002-10,2003,Del Rio,3037
2002-10,2003,Detroit,151
2002-10,2003,El Centro,8399
2002-10,2003,El Paso,6545
2002-10,2003,Grand Forks,102
2002-10,2003,Havre,151
2002-10,2003,Houlton,53
2002-10,2003,Laredo,4644
2002-10,2003,Livermore,371
2002-10,2003,Miami,686
2002-10,2003,New Orleans,462
2002-10,2003,Ramey,198
2002-10,2003,Rio Grande Valley,6024
2002-10,2003,San Diego,7339
2002-10,2003,Spokane,126
2002-10,2003,Swanton,107
2002-10,2003,Tucson,21352
2002-10,2003,Yuma,3698
2002-11,2003,Big Bend,722
2002-11,2003,Blaine,107
2002-11,2003,Buffalo,79
2002-11,2003,Del Rio,1942
2002-11,2003,Detroit,195
2002-11,2003,El Centro,6107
2002-11,2003,El Paso,5303
2002-11,2003,Grand Forks,81
2002-11,2003,Havre,105
2002-11,2003,Houlton,22
2002-11,2003,Laredo,4157
2002-11,2003,Livermore,292
2002-11,2003,Miami,398
2002-11,2003,New Orleans,430
2002-11,2003,Ramey,316
2002-11,2003,Rio Grande Valley,4218
2002-11,2003,San Diego,5379
2002-11,2003,Spokane,88
2002-11,2003,Swanton,80
2002-11,2003,Tucson,17206
2002-11,2003,Yuma,2697
2002-12,2003,Big Bend,872
2002-12,2003,Blaine,89
2002-12,2003,Buffalo,55
2002-12,2003,Del Rio,2083
2002-12,2003,Detroit,153
2002-12,2003,El Centro,4572
2002-12,2003,El Paso,4008
2002-12,2003,Grand Forks,88
2002-12,2003,Havre,86
2002-12,2003,Houlton,12
2002-12,2003,Laredo,3991
2002-12,2003,Livermore,288
2002-12,2003,Miami,287
2002-12,2003,New Orleans,349
2002-12,2003,Ramey,121
2002-12,2003,Rio Grande Valley,3814
2002-12,2003,San Diego,4280
2002-12,2003,Spokane,72
2002-12,2003,Swanton,80
2002-12,2003,Tucson,11481
2002-12,2003,Yuma,2723
2003-01,2003,Big Bend,862
2003-01,2003,Blaine,92
2003-01,2003,Buffalo,35
2003-01,2003,Del Rio,6546
2003-01,2003,Detroit,178
2003-01,2003,El Centro,12369
2003-01,2003,El Paso,9255
2003-01,2003,Grand Forks,78
2003-01,2003,Havre,92
2003-01,2003,Houlton,19
2003-01,2003,Laredo,7444
2003-01,2003,Livermore,309
2003-01,2003,Miami,493
2003-01,2003,New Orleans,535
2003-01,2003,Ramey,201
2003-01,2003,Rio Grande Valley,7630
2003-01,2003,San Diego,10177
2003-01,2003,Spokane,79
2003-01,2003,Swanton,101
2003-01,2003,Tucson,26826
2003-01,2003,Yuma,5816
2003-02,2003,Big Bend,974
2003-02,2003,Blaine,116
2003-02,2003,Buffalo,30
2003-02,2003,Del Rio,7127
2003-02,2003,Detroit,188
2003-02,2003,El Centro,13293
2003-02,2003,El Paso,10000
2003-02,2003,Grand Forks,110
2003-02,2003,Havre,98
2003-02,2003,Houlton,17
2003-02,2003,Laredo,7603
2003-02,2003,Livermore,253
2003-02,2003,Miami,542
2003-02,2003,New Orleans,506
2003-02,2003,Ramey,32
2003-02,2003,Rio Grande Valley,7905
2003-02,2003,San Diego,10958
2003-02,2003,Spokane,69
2003-02,2003,Swanton,113
2003-02,2003,Tucson,33854
2003-02,2003,Yuma,5155
2003-03,2003,Big Bend,1097
2003-03,2003,Blaine,125
2003-03,2003,Buffalo,34
2003-03,2003,Del Rio,6579
2003-03,2003,Detroit,170
2003-03,2003,El Centro,11632
2003-03,2003,El Paso,8883
2003-03,2003,Grand Forks,119
2003-03,2003,Havre,97
2003-03,2003,Houlton,16
2003-03,2003,Laredo,7803
2003-03,2003,Livermore,315
2003-03,2003,Miami,461
2003-03,2003,New Orleans,504
2003-03,2003,Ramey,36
2003-03,2003,Rio Grande Valley,7498
2003-03,2003,San Diego,11158
2003-03,2003,Spokane,54
2003-03,2003,Swanton,121
2003-03,2003,Tucson,37055
2003-03,2003,Yuma,6694
2003-04,2003,Big Bend,860
2003-04,2003,Blaine,93
2003-04,2003,Buffalo,26
2003-04,2003,Del Rio,5020
2003-04,2003,Detroit,220
2003-04,2003,El Centro,6116
2003-04,2003,El Paso,7359
2003-04,2003,Grand Forks,113
2003-04,2003,Havre,156
2003-04,2003,Houlton,19
2003-04,2003,Laredo,5990
2003-04,2003,Livermore,336
2003-04,2003,Miami,623
2003-04,2003,New Orleans,576
2003-04,2003,Ramey,46
2003-04,2003,Rio Grande Valley,6560
2003-04,2003,San Diego,9082
2003-04,2003,Spokane,42
2003-04,2003,Swanton,101
2003-04,2003,Tucson,29099
2003-04,2003,Yuma,5273
2003-05,2003,Big Bend,1099
2003-05,2003,Blaine,121
2003-05,2003,Buffalo,22
2003-05,2003,Del Rio,4973
2003-05,2003,Detroit,195
2003-05,2003,El Centro,6528
2003-05,2003,El Paso,8120
2003-05,2003,Grand Forks,90
2003-05,2003,Havre,135
2003-05,2003,Houlton,30
2003-05,2003,Laredo,6683
2003-05,2003,Livermore,330
2003-05,2003,Miami,434
2003-05,2003,New Orleans,516
2003-05,2003,Ramey,231
2003-05,2003,Rio Grande Valley,7095
2003-05,2003,San Diego,10680
2003-05,2003,Spokane,60
2003-05,2003,Swanton,156
2003-05,2003,Tucson,37847
2003-05,2003,Yuma,5665
2003-06,2003,Big Bend,678
2003-06,2003,Blaine,69
2003-06,2003,Buffalo,33
2003-06,2003,Del Rio,2857
2003-06,2003,Detroit,196
2003-06,2003,El Centro,5791
2003-06,2003,El Paso,6998
2003-06,2003,Grand Forks,99
2003-06,2003,Havre,132
2003-06,2003,Houlton,21
2003-06,2003,Laredo,5165
2003-06,2003,Livermore,267
2003-06,2003,Miami,408
2003-06,2003,New Orleans,399
2003-06,2003,Ramey,81
2003-06,2003,Rio Grande Valley,6153
2003-06,2003,San Diego,9271
2003-06,2003,Spokane,68
2003-06,2003,Swanton,337
2003-06,2003,Tucson,32532
2003-06,2003,Yuma,6085
2003-07,2003,Big Bend,773
2003-07,2003,Blaine,152
2003-07,2003,Buffalo,28
2003-07,2003,Del Rio,2993
2003-07,2003,Detroit,235
2003-07,2003,El Centro,6128
2003-07,2003,El Paso,7618
2003-07,2003,Grand Forks,123
2003-07,2003,Havre,128
2003-07,2003,Houlton,38
2003-07,2003,Laredo,5570
2003-07,2003,Livermore,247
2003-07,2003,Miami,491
2003-07,2003,New Orleans,378
2003-07,2003,Ramey,21
2003-07,2003,Rio Grande Valley,7042
2003-07,2003,San Diego,10207
2003-07,2003,Spokane,137
2003-07,2003,Swanton,352
2003-07,2003,Tucson,34201
2003-07,2003,Yuma,4752
2003-08,2003,Big Bend,867
2003-08,2003,Blaine,140
2003-08,2003,Buffalo,30
2003-08,2003,Del Rio,3700
2003-08,2003,Detroit,232
2003-08,2003,El Centro,6076
2003-08,2003,El Paso,7538
2003-08,2003,Grand Forks,131
2003-08,2003,Havre,110
2003-08,2003,Houlton,29
2003-08,2003,Laredo,6371
2003-08,2003,Livermore,211
2003-08,2003,Miami,481
2003-08,2003,New Orleans,252
2003-08,2003,Ramey,172
2003-08,2003,Rio Grande Valley,7737
2003-08,2003,San Diego,11217
2003-08,2003,Spokane,87
2003-08,2003,Swanton,235
2003-08,2003,Tucson,36639
2003-08,2003,Yuma,4341
2003-09,2003,Big Bend,761
2003-09,2003,Blaine,169
2003-09,2003,Buffalo,80
2003-09,2003,Del Rio,3288
2003-09,2003,Detroit,232
2003-09,2003,El Centro,5088
2003-09,2003,El Paso,7189
2003-09,2003,Grand Forks,89
2003-09,2003,Havre,116
2003-09,2003,Houlton,16
2003-09,2003,Laredo,5100
2003-09,2003,Livermore,346
2003-09,2003,Miami,627
2003-09,2003,New Orleans,244
2003-09,2003,Ramey,233
2003-09,2003,Rio Grande Valley,6073
2003-09,2003,San Diego,11767
2003-09,2003,Spokane,110
2003-09,2003,Swanton,172
2003-09,2003,Tucson,29171
2003-09,2003,Yuma,3739
2003-10,2004,Big Bend,707
2003-10,2004,Blaine,135
2003-10,2004,Buffalo,25
2003-10,2004,Del Rio,2913
2003-10,2004,Detroit,154
2003-10,2004,El Centro,5438
2003-10,2004,El Paso,6451
2003-10,2004,Grand Forks,92
2003-10,2004,Havre,81
2003-10,2004,Houlton,27
2003-10,2004,Laredo,4479
2003-10,2004,Livermore,296
2003-10,2004,Miami,437
2003-10,2004,New Orleans,284
2003-10,2004,Ramey,213
2003-10,2004,Rio Grande Valley,5414
2003-10,2004,San Diego,10426
2003-10,2004,Spokane,83
2003-10,2004,Swanton,177
2003-10,2004,Tucson,26530
2003-10,2004,Yuma,3033
2003-11,2004,Big Bend,710
2003-11,2004,Blaine,100
2003-11,2004,Buffalo,17
2003-11,2004,Del Rio,2372
2003-11,2004,Detroit,157
2003-11,2004,El Centro,3799
2003-11,2004,El Paso,5244
2003-11,2004,Grand Forks,89
2003-11,2004,Havre,48
2003-11,2004,Houlton,19
2003-11,2004,Laredo,4670
2003-11,2004,Livermore,225
2003-11,2004,Miami,321
2003-11,2004,New Orleans,244
2003-11,2004,Ramey,247
2003-11,2004,Rio Grande Valley,5053
2003-11,2004,San Diego,7996
2003-11,2004,Spokane,79
2003-11,2004,Swanton,82
2003-11,2004,Tucson,24890
2003-11,2004,Yuma,3160
2003-12,2004,Big Bend,824
2003-12,2004,Blaine,101
2003-12,2004,Buffalo,30
2003-12,2004,Del Rio,2307
2003-12,2004,Detroit,111
2003-12,2004,El Centro,2802
2003-12,2004,El Paso,4030
2003-12,2004,Grand Forks,85
2003-12,2004,Havre,90
2003-12,2004,Houlton,17
2003-12,2004,Laredo,3571
2003-12,2004,Livermore,220
2003-12,2004,Miami,367
2003-12,2004,New Orleans,184
2003-12,2004,Ramey,332
2003-12,2004,Rio Grande Valley,4636
2003-12,2004,San Diego,5849
2003-12,2004,Spokane,51
2003-12,2004,Swanton,107
2003-12,2004,Tucson,17349
2003-12,2004,Yuma,2246
2004-01,2004,Big Bend,696
2004-01,2004,Blaine,76
2004-01,2004,Buffalo,28
2004-01,2004,Del Rio,5044
2004-01,2004,Detroit,114
2004-01,2004,El Centro,7826
2004-01,2004,El Paso,8768
2004-01,2004,Grand Forks,105
2004-01,2004,Havre,84
2004-01,2004,Houlton,38
2004-01,2004,Laredo,6540
2004-01,2004,Livermore,172
2004-01,2004,Miami,522
2004-01,2004,New Orleans,293
2004-01,2004,Ramey,166
2004-01,2004,Rio Grande Valley,8102
2004-01,2004,San Diego,13405
2004-01,2004,Spokane,69
2004-01,2004,Swanton,224
2004-01,2004,Tucson,34913
2004-01,2004,Yuma,7227
2004-02,2004,Big Bend,907
2004-02,2004,Blaine,118
2004-02,2004,Buffalo,28
2004-02,2004,Del Rio,6561
2004-02,2004,Detroit,108
2004-02,2004,El Centro,8417
2004-02,2004,El Paso,10584
2004-02,2004,Grand Forks,70
2004-02,2004,Havre,62
2004-02,2004,Houlton,17
2004-02,2004,Laredo,8057
2004-02,2004,Livermore,184
2004-02,2004,Miami,418
2004-02,2004,New Orleans,226
2004-02,2004,Ramey,188
2004-02,2004,Rio Grande Valley,8732
2004-02,2004,San Diego,13252
2004-02,2004,Spokane,103
2004-02,2004,Swanton,182
2004-02,2004,Tucson,45312
2004-02,2004,Yuma,8847
2004-03,2004,Big Bend,1104
2004-03,2004,Blaine,145
2004-03,2004,Buffalo,84
2004-03,2004,Del Rio,7983
2004-03,2004,Detroit,202
2004-03,2004,El Centro,10761
2004-03,2004,El Paso,13483
2004-03,2004,Grand Forks,106
2004-03,2004,Havre,84
2004-03,2004,Houlton,15
2004-03,2004,Laredo,9686
2004-03,2004,Livermore,183
2004-03,2004,Miami,346
2004-03,2004,New Orleans,376
2004-03,2004,Ramey,31
2004-03,2004,Rio Grande Valley,10149
2004-03,2004,San Diego,17532
2004-03,2004,Spokane,101
2004-03,2004,Swanton,195
2004-03,2004,Tucson,72095
2004-03,2004,Yuma,12188
2004-04,2004,Big Bend,993
2004-04,2004,Blaine,132
2004-04,2004,Buffalo,60
2004-04,2004,Del Rio,4960
2004-04,2004,Detroit,149
2004-04,2004,El Centro,8327
2004-04,2004,El Paso,12632
2004-04,2004,Grand Forks,84
2004-04,2004,Havre,69
2004-04,2004,Houlton,17
2004-04,2004,Laredo,7069
2004-04,2004,Livermore,185
2004-04,2004,Miami,371
2004-04,2004,New Orleans,282
2004-04,2004,Ramey,178
2004-04,2004,Rio Grande Valley,9618
2004-04,2004,San Diego,15962
2004-04,2004,Spokane,52
2004-04,2004,Swanton,141
2004-04,2004,Tucson,64563
2004-04,2004,Yuma,11344
2004-05,2004,Big Bend,923
2004-05,2004,Blaine,136
2004-05,2004,Buffalo,84
2004-05,2004,Del Rio,5177
2004-05,2004,Detroit,173
2004-05,2004,El Centro,7616
2004-05,2004,El Paso,10343
2004-05,2004,Grand Forks,134
2004-05,2004,Havre,92
2004-05,2004,Houlton,22
2004-05,2004,Laredo,7421
2004-05,2004,Livermore,214
2004-05,2004,Miami,252
2004-05,2004,New Orleans,286
2004-05,2004,Ramey,87
2004-05,2004,Rio Grande Valley,8916
2004-05,2004,San Diego,14976
2004-05,2004,Spokane,58
2004-05,2004,Swanton,179
2004-05,2004,Tucson,53132
2004-05,2004,Yuma,10222
2004-06,2004,Big Bend,885
2004-06,2004,Blaine,106
2004-06,2004,Buffalo,85
2004-06,2004,Del Rio,3709
2004-06,2004,Detroit,148
2004-06,2004,El Centro,5611
2004-06,2004,El Paso,8432
2004-06,2004,Grand Forks,136
2004-06,2004,Havre,83
2004-06,2004,Houlton,17
2004-06,2004,Laredo,6149
2004-06,2004,Livermore,171
2004-06,2004,Miami,415
2004-06,2004,New Orleans,296
2004-06,2004,Ramey,99
2004-06,2004,Rio Grande Valley,7423
2004-06,2004,San Diego,11548
2004-06,2004,Spokane,84
2004-06,2004,Swanton,270
2004-06,2004,Tucson,42013
2004-06,2004,Yuma,8820
2004-07,2004,Big Bend,1068
2004-07,2004,Blaine,85
2004-07,2004,Buffalo,86
2004-07,2004,Del Rio,4242
2004-07,2004,Detroit,184
2004-07,2004,El Centro,4581
2004-07,2004,El Paso,8654
2004-07,2004,Grand Forks,122
2004-07,2004,Havre,108
2004-07,2004,Houlton,32
2004-07,2004,Laredo,5376
2004-07,2004,Livermore,0
2004-07,2004,Miami,344
2004-07,2004,New Orleans,98
2004-07,2004,Ramey,74
2004-07,2004,Rio Grande Valley,8826
2004-07,2004,San Diego,9530
2004-07,2004,Spokane,54
2004-07,2004,Swanton,526
2004-07,2004,Tucson,39114
2004-07,2004,Yuma,10774
2004-08,2004,Big Bend,930
2004-08,2004,Blaine,117
2004-08,2004,Buffalo,95
2004-08,2004,Del Rio,4573
2004-08,2004,Detroit,212
2004-08,2004,El Centro,5086
2004-08,2004,El Paso,8321
2004-08,2004,Grand Forks,105
2004-08,2004,Havre,106
2004-08,2004,Houlton,24
2004-08,2004,Laredo,6570
2004-08,2004,Livermore,0
2004-08,2004,Miami,494
2004-08,2004,New Orleans,158
2004-08,2004,Ramey,165
2004-08,2004,Rio Grande Valley,8542
2004-08,2004,San Diego,9716
2004-08,2004,Spokane,49
2004-08,2004,Swanton,374
2004-08,2004,Tucson,38740
2004-08,2004,Yuma,10768
2004-09,2004,Big Bend,783
2004-09,2004,Blaine,103
2004-09,2004,Buffalo,49
2004-09,2004,Del Rio,3953
2004-09,2004,Detroit,200
2004-09,2004,El Centro,4203
2004-09,2004,El Paso,7457
2004-09,2004,Grand Forks,97
2004-09,2004,Havre,79
2004-09,2004,Houlton,18
2004-09,2004,Laredo,5118
2004-09,2004,Livermore,0
2004-09,2004,Miami,315
2004-09,2004,New Orleans,162
2004-09,2004,Ramey,33
2004-09,2004,Rio Grande Valley,7536
2004-09,2004,San Diego,8416
2004-09,2004,Spokane,64
2004-09,2004,Swanton,244
2004-09,2004,Tucson,33120
2004-09,2004,Yuma,9431
2004-10,2005,Big Bend,844
2004-10,2005,Blaine,89
2004-10,2005,Buffalo,26
2004-10,2005,Del Rio,3856
2004-10,2005,Detroit,200
2004-10,2005,El Centro,3723
2004-10,2005,El Paso,7472
2004-10,2005,Grand Forks,109
2004-10,2005,Havre,83
2004-10,2005,Houlton,17
2004-10,2005,Laredo,4691
2004-10,2005,Livermore,51
2004-10,2005,Miami,541
2004-10,2005,New Orleans,140
2004-10,2005,Ramey,188
2004-10,2005,Rio Grande Valley,7813
2004-10,2005,San Diego,6702
2004-10,2005,Spokane,26
2004-10,2005,Swanton,193
2004-10,2005,Tucson,31940
2004-10,2005,Yuma,8872
2004-11,2005,Big Bend,713
2004-11,2005,Blaine,92
2004-11,2005,Buffalo,27
2004-11,2005,Del Rio,2795
2004-11,2005,Detroit,176
2004-11,2005,El Centro,2798
2004-11,2005,El Paso,5801
2004-11,2005,Grand Forks,72
2004-11,2005,Havre,106
2004-11,2005,Houlton,47
2004-11,2005,Laredo,3997
2004-11,2005,Livermore,26
2004-11,2005,Miami,460
2004-11,2005,New Orleans,129
2004-11,2005,Ramey,112
2004-11,2005,Rio Grande Valley,7512
2004-11,2005,San Diego,5428
2004-11,2005,Spokane,26
2004-11,2005,Swanton,186
2004-11,2005,Tucson,27673
2004-11,2005,Yuma,8418
2004-12,2005,Big Bend,722
2004-12,2005,Blaine,75
2004-12,2005,Buffalo,21
2004-12,2005,Del Rio,2768
2004-12,2005,Detroit,133
2004-12,2005,El Centro,1772
2004-12,2005,El Paso,4464
2004-12,2005,Grand Forks,73
2004-12,2005,Havre,57
2004-12,2005,Houlton,31
2004-12,2005,Laredo,3367
2004-12,2005,Livermore,6
2004-12,2005,Miami,489
2004-12,2005,New Orleans,135
2004-12,2005,Ramey,205
2004-12,2005,Rio Grande Valley,7214
2004-12,2005,San Diego,4632
2004-12,2005,Spokane,30
2004-12,2005,Swanton,141
2004-12,2005,Tucson,17631
2004-12,2005,Yuma,5836
2005-01,2005,Big Bend,802
2005-01,2005,Blaine,69
2005-01,2005,Buffalo,28
2005-01,2005,Del Rio,6120
2005-01,2005,Detroit,164
2005-01,2005,El Centro,4963
2005-01,2005,El Paso,9898
2005-01,2005,Grand Forks,98
2005-01,2005,Havre,73
2005-01,2005,Houlton,27
2005-01,2005,Laredo,6331
2005-01,2005,Livermore,3
2005-01,2005,Miami,641
2005-01,2005,New Orleans,155
2005-01,2005,Ramey,33
2005-01,2005,Rio Grande Valley,9136
2005-01,2005,San Diego,9390
2005-01,2005,Spokane,26
2005-01,2005,Swanton,95
2005-01,2005,Tucson,35873
2005-01,2005,Yuma,10507
2005-02,2005,Big Bend,1113
2005-02,2005,Blaine,93
2005-02,2005,Buffalo,29
2005-02,2005,Del Rio,7248
2005-02,2005,Detroit,205
2005-02,2005,El Centro,5926
2005-02,2005,El Paso,13033
2005-02,2005,Grand Forks,90
2005-02,2005,Havre,70
2005-02,2005,Houlton,26
2005-02,2005,Laredo,7530
2005-02,2005,Livermore,0
2005-02,2005,Miami,487
2005-02,2005,New Orleans,73
2005-02,2005,Ramey,106
2005-02,2005,Rio Grande Valley,10147
2005-02,2005,San Diego,10864
2005-02,2005,Spokane,7
2005-02,2005,Swanton,105
2005-02,2005,Tucson,45875
2005-02,2005,Yuma,12039
2005-03,2005,Big Bend,1364
2005-03,2005,Blaine,96
2005-03,2005,Buffalo,37
2005-03,2005,Del Rio,7935
2005-03,2005,Detroit,193
2005-03,2005,El Centro,6632
2005-03,2005,El Paso,13249
2005-03,2005,Grand Forks,61
2005-03,2005,Havre,85
2005-03,2005,Houlton,6
2005-03,2005,Laredo,8112
2005-03,2005,Livermore,7
2005-03,2005,Miami,574
2005-03,2005,New Orleans,100
2005-03,2005,Ramey,63
2005-03,2005,Rio Grande Valley,13176
2005-03,2005,San Diego,12750
2005-03,2005,Spokane,22
2005-03,2005,Swanton,152
2005-03,2005,Tucson,64096
2005-03,2005,Yuma,15734
2005-04,2005,Big Bend,1276
2005-04,2005,Blaine,68
2005-04,2005,Buffalo,40
2005-04,2005,Del Rio,7584
2005-04,2005,Detroit,132
2005-04,2005,El Centro,6010
2005-04,2005,El Paso,15274
2005-04,2005,Grand Forks,35
2005-04,2005,Havre,105
2005-04,2005,Houlton,19
2005-04,2005,Laredo,9043
2005-04,2005,Livermore,5
2005-04,2005,Miami,536
2005-04,2005,New Orleans,96
2005-04,2005,Ramey,163
2005-04,2005,Rio Grande Valley,14635
2005-04,2005,San Diego,16534
2005-04,2005,Spokane,33
2005-04,2005,Swanton,105
2005-04,2005,Tucson,52644
2005-04,2005,Yuma,17062
2005-05,2005,Big Bend,866
2005-05,2005,Blaine,88
2005-05,2005,Buffalo,53
2005-05,2005,Del Rio,6270
2005-05,2005,Detroit,113
2005-05,2005,El Centro,5352
2005-05,2005,El Paso,11041
2005-05,2005,Grand Forks,24
2005-05,2005,Havre,89
2005-05,2005,Houlton,10
2005-05,2005,Laredo,7569
2005-05,2005,Livermore,3
2005-05,2005,Miami,717
2005-05,2005,New Orleans,170
2005-05,2005,Ramey,67
2005-05,2005,Rio Grande Valley,14796
2005-05,2005,San Diego,15114
2005-05,2005,Spokane,30
2005-05,2005,Swanton,123
2005-05,2005,Tucson,40764
2005-05,2005,Yuma,14051
2005-06,2005,Big Bend,620
2005-06,2005,Blaine,93
2005-06,2005,Buffalo,19
2005-06,2005,Del Rio,4947
2005-06,2005,Detroit,122
2005-06,2005,El Centro,3829
2005-06,2005,El Paso,8445
2005-06,2005,Grand Forks,41
2005-06,2005,Havre,88
2005-06,2005,Houlton,11
2005-06,2005,Laredo,5699
2005-06,2005,Livermore,7
2005-06,2005,Miami,676
2005-06,2005,New Orleans,69
2005-06,2005,Ramey,103
2005-06,2005,Rio Grande Valley,13109
2005-06,2005,San Diego,10921
2005-06,2005,Spokane,41
2005-06,2005,Swanton,241
2005-06,2005,Tucson,31694
2005-06,2005,Yuma,11522
2005-07,2005,Big Bend,761
2005-07,2005,Blaine,85
2005-07,2005,Buffalo,34
2005-07,2005,Del Rio,5873
2005-07,2005,Detroit,107
2005-07,2005,El Centro,3712
2005-07,2005,El Paso,11568
2005-07,2005,Grand Forks,28
2005-07,2005,Havre,70
2005-07,2005,Houlton,18
2005-07,2005,Laredo,6623
2005-07,2005,Livermore,1
2005-07,2005,Miami,648
2005-07,2005,New Orleans,83
2005-07,2005,Ramey,101
2005-07,2005,Rio Grande Valley,12208
2005-07,2005,San Diego,10010
2005-07,2005,Spokane,18
2005-07,2005,Swanton,274
2005-07,2005,Tucson,32390
2005-07,2005,Yuma,11809
2005-08,2005,Big Bend,777
2005-08,2005,Blaine,72
2005-08,2005,Buffalo,45
2005-08,2005,Del Rio,6498
2005-08,2005,Detroit,132
2005-08,2005,El Centro,5047
2005-08,2005,El Paso,12099
2005-08,2005,Grand Forks,56
2005-08,2005,Havre,74
2005-08,2005,Houlton,8
2005-08,2005,Laredo,6635
2005-08,2005,Livermore,0
2005-08,2005,Miami,586
2005-08,2005,New Orleans,186
2005-08,2005,Ramey,156
2005-08,2005,Rio Grande Valley,12713
2005-08,2005,San Diego,11798
2005-08,2005,Spokane,14
2005-08,2005,Swanton,214
2005-08,2005,Tucson,29178
2005-08,2005,Yuma,11988
2005-09,2005,Big Bend,678
2005-09,2005,Blaine,81
2005-09,2005,Buffalo,41
2005-09,2005,Del Rio,6612
2005-09,2005,Detroit,116
2005-09,2005,El Centro,5958
2005-09,2005,El Paso,10335
2005-09,2005,Grand Forks,67
2005-09,2005,Havre,48
2005-09,2005,Houlton,13
2005-09,2005,Laredo,5749
2005-09,2005,Livermore,5
2005-09,2005,Miami,890
2005-09,2005,New Orleans,22
2005-09,2005,Ramey,322
2005-09,2005,Rio Grande Valley,11727
2005-09,2005,San Diego,12761
2005-09,2005,Spokane,6
2005-09,2005,Swanton,106
2005-09,2005,Tucson,29321
2005-09,2005,Yuma,10600
2005-10,2006,Big Bend,655
2005-10,2006,Blaine,71
2005-10,2006,Buffalo,120
2005-10,2006,Del Rio,4840
2005-10,2006,Detroit,120
2005-10,2006,El Centro,5072
2005-10,2006,El Paso,11027
2005-10,2006,Grand Forks,59
2005-10,2006,Havre,26
2005-10,2006,Houlton,17
2005-10,2006,Laredo,5014
2005-10,2006,Miami,438
2005-10,2006,New Orleans,48
2005-10,2006,Ramey,184
2005-10,2006,Rio Grande Valley,10060
2005-10,2006,San Diego,10145
2005-10,2006,Spokane,8
2005-10,2006,Swanton,107
2005-10,2006,Tucson,27316
2005-10,2006,Yuma,9428
2005-11,2006,Big Bend,590
2005-11,2006,Blaine,103
2005-11,2006,Buffalo,107
2005-11,2006,Del Rio,4016
2005-11,2006,Detroit,134
2005-11,2006,El Centro,3831
2005-11,2006,El Paso,8191
2005-11,2006,Grand Forks,48
2005-11,2006,Havre,58
2005-11,2006,Houlton,21
2005-11,2006,Laredo,4323
2005-11,2006,Miami,543
2005-11,2006,New Orleans,176
2005-11,2006,Ramey,119
2005-11,2006,Rio Grande Valley,9111
2005-11,2006,San Diego,7730
2005-11,2006,Spokane,23
2005-11,2006,Swanton,98
2005-11,2006,Tucson,24270
2005-11,2006,Yuma,8913
2005-12,2006,Big Bend,563
2005-12,2006,Blaine,49
2005-12,2006,Buffalo,71
2005-12,2006,Del Rio,2910
2005-12,2006,Detroit,130
2005-12,2006,El Centro,2998
2005-12,2006,El Paso,5668
2005-12,2006,Grand Forks,41
2005-12,2006,Havre,28
2005-12,2006,Houlton,15
2005-12,2006,Laredo,3544
2005-12,2006,Miami,693
2005-12,2006,New Orleans,214
2005-12,2006,Ramey,174
2005-12,2006,Rio Grande Valley,7128
2005-12,2006,San Diego,6531
2005-12,2006,Spokane,8
2005-12,2006,Swanton,89
2005-12,2006,Tucson,16447
2005-12,2006,Yuma,6884
2006-01,2006,Big Bend,739
2006-01,2006,Blaine,54
2006-01,2006,Buffalo,85
2006-01,2006,Del Rio,4839
2006-01,2006,Detroit,138
2006-01,2006,El Centro,5797
2006-01,2006,El Paso,11941
2006-01,2006,Grand Forks,56
2006-01,2006,Havre,40
2006-01,2006,Houlton,28
2006-01,2006,Laredo,7415
2006-01,2006,Miami,506
2006-01,2006,New Orleans,372
2006-01,2006,Ramey,60
2006-01,2006,Rio Grande Valley,9533
2006-01,2006,San Diego,13959
2006-01,2006,Spokane,10
2006-01,2006,Swanton,96
2006-01,2006,Tucson,33229
2006-01,2006,Yuma,13743
2006-02,2006,Big Bend,908
2006-02,2006,Blaine,54
2006-02,2006,Buffalo,96
2006-02,2006,Del Rio,5854
2006-02,2006,Detroit,92
2006-02,2006,El Centro,6399
2006-02,2006,El Paso,14457
2006-02,2006,Grand Forks,36
2006-02,2006,Havre,62
2006-02,2006,Houlton,10
2006-02,2006,Laredo,9554
2006-02,2006,Miami,452
2006-02,2006,New Orleans,300
2006-02,2006,Ramey,208
2006-02,2006,Rio Grande Valley,10444
2006-02,2006,San Diego,17160
2006-02,2006,Spokane,3
2006-02,2006,Swanton,75
2006-02,2006,Tucson,43153
2006-02,2006,Yuma,17117
2006-03,2006,Big Bend,910
2006-03,2006,Blaine,50
2006-03,2006,Buffalo,101
2006-03,2006,Del Rio,5636
2006-03,2006,Detroit,149
2006-03,2006,El Centro,9048
2006-03,2006,El Paso,18668
2006-03,2006,Grand Forks,18
2006-03,2006,Havre,32
2006-03,2006,Houlton,12
2006-03,2006,Laredo,10179
2006-03,2006,Miami,450
2006-03,2006,New Orleans,230
2006-03,2006,Ramey,136
2006-03,2006,Rio Grande Valley,13080
2006-03,2006,San Diego,18361
2006-03,2006,Spokane,12
2006-03,2006,Swanton,87
2006-03,2006,Tucson,63583
2006-03,2006,Yuma,21231
2006-04,2006,Big Bend,746
2006-04,2006,Blaine,83
2006-04,2006,Buffalo,111
2006-04,2006,Del Rio,4555
2006-04,2006,Detroit,83
2006-04,2006,El Centro,6847
2006-04,2006,El Paso,15238
2006-04,2006,Grand Forks,66
2006-04,2006,Havre,43
2006-04,2006,Houlton,11
2006-04,2006,Laredo,8530
2006-04,2006,Miami,592
2006-04,2006,New Orleans,136
2006-04,2006,Ramey,127
2006-04,2006,Rio Grande Valley,11264
2006-04,2006,San Diego,14736
2006-04,2006,Spokane,26
2006-04,2006,Swanton,83
2006-04,2006,Tucson,51588
2006-04,2006,Yuma,13034
2006-05,2006,Big Bend,711
2006-05,2006,Blaine,85
2006-05,2006,Buffalo,178
2006-05,2006,Del Rio,2633
2006-05,2006,Detroit,108
2006-05,2006,El Centro,6187
2006-05,2006,El Paso,12239
2006-05,2006,Grand Forks,49
2006-05,2006,Havre,63
2006-05,2006,Houlton,5
2006-05,2006,Laredo,6866
2006-05,2006,Miami,725
2006-05,2006,New Orleans,402
2006-05,2006,Ramey,149
2006-05,2006,Rio Grande Valley,11649
2006-05,2006,San Diego,13888
2006-05,2006,Spokane,6
2006-05,2006,Swanton,121
2006-05,2006,Tucson,40190
2006-05,2006,Yuma,11087
2006-06,2006,Big Bend,478
2006-06,2006,Blaine,64
2006-06,2006,Buffalo,154
2006-06,2006,Del Rio,2106
2006-06,2006,Detroit,78
2006-06,2006,El Centro,4112
2006-06,2006,El Paso,7664
2006-06,2006,Grand Forks,26
2006-06,2006,Havre,56
2006-06,2006,Houlton,22
2006-06,2006,Laredo,4815
2006-06,2006,Miami,523
2006-06,2006,New Orleans,238
2006-06,2006,Ramey,112
2006-06,2006,Rio Grande Valley,7516
2006-06,2006,San Diego,10597
2006-06,2006,Spokane,19
2006-06,2006,Swanton,155
2006-06,2006,Tucson,25049
2006-06,2006,Yuma,6029
2006-07,2006,Big Bend,392
2006-07,2006,Blaine,66
2006-07,2006,Buffalo,174
2006-07,2006,Del Rio,1947
2006-07,2006,Detroit,76
2006-07,2006,El Centro,3240
2006-07,2006,El Paso,6970
2006-07,2006,Grand Forks,31
2006-07,2006,Havre,47
2006-07,2006,Houlton,12
2006-07,2006,Laredo,4667
2006-07,2006,Miami,358
2006-07,2006,New Orleans,289
2006-07,2006,Ramey,46
2006-07,2006,Rio Grande Valley,7109
2006-07,2006,San Diego,8683
2006-07,2006,Spokane,6
2006-07,2006,Swanton,352
2006-07,2006,Tucson,21187
2006-07,2006,Yuma,5446
2006-08,2006,Big Bend,403
2006-08,2006,Blaine,64
2006-08,2006,Buffalo,148
2006-08,2006,Del Rio,1683
2006-08,2006,Detroit,97
2006-08,2006,El Centro,3705
2006-08,2006,El Paso,5027
2006-08,2006,Grand Forks,48
2006-08,2006,Havre,52
2006-08,2006,Houlton,16
2006-08,2006,Laredo,5525
2006-08,2006,Miami,295
2006-08,2006,New Orleans,325
2006-08,2006,Ramey,85
2006-08,2006,Rio Grande Valley,7020
2006-08,2006,San Diego,10009
2006-08,2006,Spokane,19
2006-08,2006,Swanton,201
2006-08,2006,Tucson,23256
2006-08,2006,Yuma,3123
2006-09,2006,Big Bend,425
2006-09,2006,Blaine,68
2006-09,2006,Buffalo,172
2006-09,2006,Del Rio,1617
2006-09,2006,Detroit,76
2006-09,2006,El Centro,4229
2006-09,2006,El Paso,5166
2006-09,2006,Grand Forks,40
2006-09,2006,Havre,61
2006-09,2006,Houlton,6
2006-09,2006,Laredo,4408
2006-09,2006,Miami,457
2006-09,2006,New Orleans,323
2006-09,2006,Ramey,36
2006-09,2006,Rio Grande Valley,6614
2006-09,2006,San Diego,10305
2006-09,2006,Spokane,45
2006-09,2006,Swanton,80
2006-09,2006,Tucson,22806
2006-09,2006,Yuma,2514
2006-10,2007,Big Bend,368
2006-10,2007,Blaine,61
2006-10,2007,Buffalo,141
2006-10,2007,Del Rio,1618
2006-10,2007,Detroit,106
2006-10,2007,El Centro,4379
2006-10,2007,El Paso,6183
2006-10,2007,Grand Forks,56
2006-10,2007,Havre,68
2006-10,2007,Houlton,7
2006-10,2007,Laredo,4286
2006-10,2007,Miami,669
2006-10,2007,New Orleans,379
2006-10,2007,Ramey,41
2006-10,2007,Rio Grande Valley,5772
2006-10,2007,San Diego,9494
2006-10,2007,Spokane,30
2006-10,2007,Swanton,73
2006-10,2007,Tucson,25135
2006-10,2007,Yuma,3478
2006-11,2007,Big Bend,442
2006-11,2007,Blaine,36
2006-11,2007,Buffalo,155
2006-11,2007,Del Rio,1701
2006-11,2007,Detroit,99
2006-11,2007,El Centro,3667
2006-11,2007,El Paso,5098
2006-11,2007,Grand Forks,32
2006-11,2007,Havre,56
2006-11,2007,Houlton,7
2006-11,2007,Laredo,3810
2006-11,2007,Miami,429
2006-11,2007,New Orleans,379
2006-11,2007,Ramey,61
2006-11,2007,Rio Grande Valley,4549
2006-11,2007,San Diego,7764
2006-11,2007,Spokane,18
2006-11,2007,Swanton,78
2006-11,2007,Tucson,21323
2006-11,2007,Yuma,3240
2006-12,2007,Big Bend,383
2006-12,2007,Blaine,62
2006-12,2007,Buffalo,104
2006-12,2007,Del Rio,1051
2006-12,2007,Detroit,83
2006-12,2007,El Centro,3037
2006-12,2007,El Paso,4189
2006-12,2007,Grand Forks,45
2006-12,2007,Havre,53
2006-12,2007,Houlton,4
2006-12,2007,Laredo,2890
2006-12,2007,Miami,405
2006-12,2007,New Orleans,222
2006-12,2007,Ramey,117
2006-12,2007,Rio Grande Valley,3649
2006-12,2007,San Diego,6591
2006-12,2007,Spokane,23
2006-12,2007,Swanton,80
2006-12,2007,Tucson,16136
2006-12,2007,Yuma,2601
2007-01,2007,Big Bend,556
2007-01,2007,Blaine,61
2007-01,2007,Buffalo,123
2007-01,2007,Del Rio,2044
2007-01,2007,Detroit,77
2007-01,2007,El Centro,4983
2007-01,2007,El Paso,6570
2007-01,2007,Grand Forks,25
2007-01,2007,Havre,41
2007-01,2007,Houlton,6
2007-01,2007,Laredo,4678
2007-01,2007,Miami,751
2007-01,2007,New Orleans,327
2007-01,2007,Ramey,39
2007-01,2007,Rio Grande Valley,5798
2007-01,2007,San Diego,12489
2007-01,2007,Spokane,30
2007-01,2007,Swanton,75
2007-01,2007,Tucson,29459
2007-01,2007,Yuma,5357
2007-02,2007,Big Bend,532
2007-02,2007,Blaine,59
2007-02,2007,Buffalo,125
2007-02,2007,Del Rio,2421
2007-02,2007,Detroit,56
2007-02,2007,El Centro,5187
2007-02,2007,El Paso,7482
2007-02,2007,Grand Forks,40
2007-02,2007,Havre,60
2007-02,2007,Houlton,12
2007-02,2007,Laredo,5855
2007-02,2007,Miami,531
2007-02,2007,New Orleans,398
2007-02,2007,Ramey,71
2007-02,2007,Rio Grande Valley,6172
2007-02,2007,San Diego,12997
2007-02,2007,Spokane,22
2007-02,2007,Swanton,68
2007-02,2007,Tucson,34148
2007-02,2007,Yuma,4474
2007-03,2007,Big Bend,677
2007-03,2007,Blaine,87
2007-03,2007,Buffalo,170
2007-03,2007,Del Rio,3314
2007-03,2007,Detroit,83
2007-03,2007,El Centro,7198
2007-03,2007,El Paso,10537
2007-03,2007,Grand Forks,48
2007-03,2007,Havre,40
2007-03,2007,Houlton,2
2007-03,2007,Laredo,7673
2007-03,2007,Miami,475
2007-03,2007,New Orleans,492
2007-03,2007,Ramey,37
2007-03,2007,Rio Grande Valley,8431
2007-03,2007,San Diego,18044
2007-03,2007,Spokane,37
2007-03,2007,Swanton,75
2007-03,2007,Tucson,52692
2007-03,2007,Yuma,5571
2007-04,2007,Big Bend,602
2007-04,2007,Blaine,50
2007-04,2007,Buffalo,167
2007-04,2007,Del Rio,2699
2007-04,2007,Detroit,85
2007-04,2007,El Centro,6983
2007-04,2007,El Paso,8957
2007-04,2007,Grand Forks,49
2007-04,2007,Havre,27
2007-04,2007,Houlton,3
2007-04,2007,Laredo,6428
2007-04,2007,Miami,477
2007-04,2007,New Orleans,336
2007-04,2007,Ramey,51
2007-04,2007,Rio Grande Valley,7645
2007-04,2007,San Diego,17999
2007-04,2007,Spokane,24
2007-04,2007,Swanton,91
2007-04,2007,Tucson,49044
2007-04,2007,Yuma,4108
2007-05,2007,Big Bend,407
2007-05,2007,Blaine,67
2007-05,2007,Buffalo,178
2007-05,2007,Del Rio,1858
2007-05,2007,Detroit,76
2007-05,2007,El Centro,5747
2007-05,2007,El Paso,6741
2007-05,2007,Grand Forks,33
2007-05,2007,Havre,27
2007-05,2007,Houlton,6
2007-05,2007,Laredo,4928
2007-05,2007,Miami,573
2007-05,2007,New Orleans,336
2007-05,2007,Ramey,48
2007-05,2007,Rio Grande Valley,7736
2007-05,2007,San Diego,16136
2007-05,2007,Spokane,29
2007-05,2007,Swanton,105
2007-05,2007,Tucson,41789
2007-05,2007,Yuma,3162
2007-06,2007,Big Bend,362
2007-06,2007,Blaine,82
2007-06,2007,Buffalo,219
2007-06,2007,Del Rio,1579
2007-06,2007,Detroit,51
2007-06,2007,El Centro,3842
2007-06,2007,El Paso,5632
2007-06,2007,Grand Forks,35
2007-06,2007,Havre,31
2007-06,2007,Houlton,5
2007-06,2007,Laredo,4595
2007-06,2007,Miami,905
2007-06,2007,New Orleans,340
2007-06,2007,Ramey,32
2007-06,2007,Rio Grande Valley,5791
2007-06,2007,San Diego,13283
2007-06,2007,Spokane,42
2007-06,2007,Swanton,74
2007-06,2007,Tucson,34103
2007-06,2007,Yuma,2151
2007-07,2007,Big Bend,439
2007-07,2007,Blaine,67
2007-07,2007,Buffalo,223
2007-07,2007,Del Rio,1862
2007-07,2007,Detroit,52
2007-07,2007,El Centro,3835
2007-07,2007,El Paso,5109
2007-07,2007,Grand Forks,40
2007-07,2007,Havre,17
2007-07,2007,Houlton,22
2007-07,2007,Laredo,4338
2007-07,2007,Miami,648
2007-07,2007,New Orleans,354
2007-07,2007,Ramey,13
2007-07,2007,Rio Grande Valley,6225
2007-07,2007,San Diego,12941
2007-07,2007,Spokane,47
2007-07,2007,Swanton,101
2007-07,2007,Tucson,30373
2007-07,2007,Yuma,1660
2007-08,2007,Big Bend,403
2007-08,2007,Blaine,60
2007-08,2007,Buffalo,233
2007-08,2007,Del Rio,1440
2007-08,2007,Detroit,66
2007-08,2007,El Centro,3789
2007-08,2007,El Paso,4969
2007-08,2007,Grand Forks,54
2007-08,2007,Havre,31
2007-08,2007,Houlton,6
2007-08,2007,Laredo,3858
2007-08,2007,Miami,651
2007-08,2007,New Orleans,155
2007-08,2007,Ramey,28
2007-08,2007,Rio Grande Valley,6331
2007-08,2007,San Diego,13312
2007-08,2007,Spokane,27
2007-08,2007,Swanton,183
2007-08,2007,Tucson,24388
2007-08,2007,Yuma,1305
2007-09,2007,Big Bend,365
2007-09,2007,Blaine,57
2007-09,2007,Buffalo,353
2007-09,2007,Del Rio,1333
2007-09,2007,Detroit,68
2007-09,2007,El Centro,3236
2007-09,2007,El Paso,3997
2007-09,2007,Grand Forks,40
2007-09,2007,Havre,35
2007-09,2007,Houlton,15
2007-09,2007,Laredo,3375
2007-09,2007,Miami,606
2007-09,2007,New Orleans,300
2007-09,2007,Ramey,10
2007-09,2007,Rio Grande Valley,5331
2007-09,2007,San Diego,11410
2007-09,2007,Spokane,12
2007-09,2007,Swanton,116
2007-09,2007,Tucson,19649
2007-09,2007,Yuma,885
2007-10,2008,Big Bend,386
2007-10,2008,Blaine,52
2007-10,2008,Buffalo,382
2007-10,2008,Del Rio,1679
2007-10,2008,Detroit,100
2007-10,2008,El Centro,3230
2007-10,2008,El Paso,3605
2007-10,2008,Grand Forks,67
2007-10,2008,Havre,63
2007-10,2008,Houlton,15
2007-10,2008,Laredo,3825
2007-10,2008,Miami,553
2007-10,2008,New Orleans,382
2007-10,2008,Ramey,90
2007-10,2008,Rio Grande Valley,5989
2007-10,2008,San Diego,9801
2007-10,2008,Spokane,30
2007-10,2008,Swanton,106
2007-10,2008,Tucson,21730
2007-10,2008,Yuma,1094
2007-11,2008,Big Bend,388
2007-11,2008,Blaine,75
2007-11,2008,Buffalo,290
2007-11,2008,Del Rio,1059
2007-11,2008,Detroit,63
2007-11,2008,El Centro,2412
2007-11,2008,El Paso,2648
2007-11,2008,Grand Forks,91
2007-11,2008,Havre,121
2007-11,2008,Houlton,5
2007-11,2008,Laredo,2658
2007-11,2008,Miami,496
2007-11,2008,New Orleans,429
2007-11,2008,Ramey,40
2007-11,2008,Rio Grande Valley,4695
2007-11,2008,San Diego,9163
2007-11,2008,Spokane,40
2007-11,2008,Swanton,126
2007-11,2008,Tucson,18231
2007-11,2008,Yuma,955
2007-12,2008,Big Bend,451
2007-12,2008,Blaine,40
2007-12,2008,Buffalo,295
2007-12,2008,Del Rio,945
2007-12,2008,Detroit,68
2007-12,2008,El Centro,2000
2007-12,2008,El Paso,2015
2007-12,2008,Grand Forks,41
2007-12,2008,Havre,13
2007-12,2008,Houlton,2
2007-12,2008,Laredo,1969
2007-12,2008,Miami,685
2007-12,2008,New Orleans,329
2007-12,2008,Ramey,20
2007-12,2008,Rio Grande Valley,3974
2007-12,2008,San Diego,7773
2007-12,2008,Spokane,17
2007-12,2008,Swanton,64
2007-12,2008,Tucson,11721
2007-12,2008,Yuma,954
2008-01,2008,Big Bend,350
2008-01,2008,Blaine,91
2008-01,2008,Buffalo,228
2008-01,2008,Del Rio,1961
2008-01,2008,Detroit,79
2008-01,2008,El Centro,3839
2008-01,2008,El Paso,3470
2008-01,2008,Grand Forks,24
2008-01,2008,Havre,33
2008-01,2008,Houlton,17
2008-01,2008,Laredo,3907
2008-01,2008,Miami,456
2008-01,2008,New Orleans,650
2008-01,2008,Ramey,52
2008-01,2008,Rio Grande Valley,5216
2008-01,2008,San Diego,12877
2008-01,2008,Spokane,18
2008-01,2008,Swanton,74
2008-01,2008,Tucson,26347
2008-01,2008,Yuma,1061
2008-02,2008,Big Bend,612
2008-02,2008,Blaine,69
2008-02,2008,Buffalo,260
2008-02,2008,Del Rio,2462
2008-02,2008,Detroit,71
2008-02,2008,El Centro,4095
2008-02,2008,El Paso,3944
2008-02,2008,Grand Forks,38
2008-02,2008,Havre,19
2008-02,2008,Houlton,2
2008-02,2008,Laredo,5001
2008-02,2008,Miami,539
2008-02,2008,New Orleans,305
2008-02,2008,Ramey,12
2008-02,2008,Rio Grande Valley,6880
2008-02,2008,San Diego,15091
2008-02,2008,Spokane,27
2008-02,2008,Swanton,85
2008-02,2008,Tucson,34309
2008-02,2008,Yuma,1089
2008-03,2008,Big Bend,613
2008-03,2008,Blaine,108
2008-03,2008,Buffalo,304
2008-03,2008,Del Rio,2667
2008-03,2008,Detroit,95
2008-03,2008,El Centro,4604
2008-03,2008,El Paso,3129
2008-03,2008,Grand Forks,22
2008-03,2008,Havre,3
2008-03,2008,Houlton,0
2008-03,2008,Laredo,5355
2008-03,2008,Miami,699
2008-03,2008,New Orleans,365
2008-03,2008,Ramey,55
2008-03,2008,Rio Grande Valley,8543
2008-03,2008,San Diego,18869
2008-03,2008,Spokane,15
2008-03,2008,Swanton,87
2008-03,2008,Tucson,45239
2008-03,2008,Yuma,751
2008-04,2008,Big Bend,527
2008-04,2008,Blaine,101
2008-04,2008,Buffalo,233
2008-04,2008,Del Rio,2286
2008-04,2008,Detroit,64
2008-04,2008,El Centro,5090
2008-04,2008,El Paso,2808
2008-04,2008,Grand Forks,41
2008-04,2008,Havre,23
2008-04,2008,Houlton,5
2008-04,2008,Laredo,4904
2008-04,2008,Miami,634
2008-04,2008,New Orleans,462
2008-04,2008,Ramey,48
2008-04,2008,Rio Grande Valley,9417
2008-04,2008,San Diego,20569
2008-04,2008,Spokane,20
2008-04,2008,Swanton,72
2008-04,2008,Tucson,45442
2008-04,2008,Yuma,523
2008-05,2008,Big Bend,586
2008-05,2008,Blaine,67
2008-05,2008,Buffalo,222
2008-05,2008,Del Rio,1745
2008-05,2008,Detroit,113
2008-05,2008,El Centro,3860
2008-05,2008,El Paso,2035
2008-05,2008,Grand Forks,30
2008-05,2008,Havre,28
2008-05,2008,Houlton,3
2008-05,2008,Laredo,3733
2008-05,2008,Miami,433
2008-05,2008,New Orleans,318
2008-05,2008,Ramey,33
2008-05,2008,Rio Grande Valley,7967
2008-05,2008,San Diego,16015
2008-05,2008,Spokane,10
2008-05,2008,Swanton,92
2008-05,2008,Tucson,32845
2008-05,2008,Yuma,447
2008-06,2008,Big Bend,369
2008-06,2008,Blaine,75
2008-06,2008,Buffalo,260
2008-06,2008,Del Rio,1708
2008-06,2008,Detroit,83
2008-06,2008,El Centro,3161
2008-06,2008,El Paso,1811
2008-06,2008,Grand Forks,52
2008-06,2008,Havre,33
2008-06,2008,Houlton,1
2008-06,2008,Laredo,3432
2008-06,2008,Miami,519
2008-06,2008,New Orleans,439
2008-06,2008,Ramey,53
2008-06,2008,Rio Grande Valley,6308
2008-06,2008,San Diego,12395
2008-06,2008,Spokane,34
2008-06,2008,Swanton,148
2008-06,2008,Tucson,24289
2008-06,2008,Yuma,381
2008-07,2008,Big Bend,416
2008-07,2008,Blaine,88
2008-07,2008,Buffalo,259
2008-07,2008,Del Rio,1482
2008-07,2008,Detroit,73
2008-07,2008,El Centro,2726
2008-07,2008,El Paso,1634
2008-07,2008,Grand Forks,41
2008-07,2008,Havre,21
2008-07,2008,Houlton,7
2008-07,2008,Laredo,3066
2008-07,2008,Miami,277
2008-07,2008,New Orleans,296
2008-07,2008,Ramey,28
2008-07,2008,Rio Grande Valley,5562
2008-07,2008,San Diego,13127
2008-07,2008,Spokane,38
2008-07,2008,Swanton,195
2008-07,2008,Tucson,21093
2008-07,2008,Yuma,366
2008-08,2008,Big Bend,415
2008-08,2008,Blaine,82
2008-08,2008,Buffalo,291
2008-08,2008,Del Rio,1618
2008-08,2008,Detroit,84
2008-08,2008,El Centro,2995
2008-08,2008,El Paso,1615
2008-08,2008,Grand Forks,38
2008-08,2008,Havre,38
2008-08,2008,Houlton,14
2008-08,2008,Laredo,3310
2008-08,2008,Miami,335
2008-08,2008,New Orleans,251
2008-08,2008,Ramey,50
2008-08,2008,Rio Grande Valley,6103
2008-08,2008,San Diego,13734
2008-08,2008,Spokane,34
2008-08,2008,Swanton,159
2008-08,2008,Tucson,18406
2008-08,2008,Yuma,345
2008-09,2008,Big Bend,278
2008-09,2008,Blaine,106
2008-09,2008,Buffalo,315
2008-09,2008,Del Rio,1149
2008-09,2008,Detroit,68
2008-09,2008,El Centro,2949
2008-09,2008,El Paso,1598
2008-09,2008,Grand Forks,56
2008-09,2008,Havre,32
2008-09,2008,Houlton,10
2008-09,2008,Laredo,2498
2008-09,2008,Miami,394
2008-09,2008,New Orleans,77
2008-09,2008,Ramey,91
2008-09,2008,Rio Grande Valley,4819
2008-09,2008,San Diego,12976
2008-09,2008,Spokane,57
2008-09,2008,Swanton,74
2008-09,2008,Tucson,18044
2008-09,2008,Yuma,397
2008-10,2009,Big Bend,539
2008-10,2009,Blaine,103
2008-10,2009,Buffalo,254
2008-10,2009,Del Rio,1321
2008-10,2009,Detroit,120
2008-10,2009,El Centro,2619
2008-10,2009,El Paso,1469
2008-10,2009,Grand Forks,52
2008-10,2009,Havre,31
2008-10,2009,Houlton,1
2008-10,2009,Laredo,2709
2008-10,2009,Miami,342
2008-10,2009,New Orleans,386
2008-10,2009,Ramey,114
2008-10,2009,Rio Grande Valley,5092
2008-10,2009,San Diego,10036
2008-10,2009,Spokane,32
2008-10,2009,Swanton,65
2008-10,2009,Tucson,18814
2008-10,2009,Yuma,339
2008-11,2009,Big Bend,459
2008-11,2009,Blaine,93
2008-11,2009,Buffalo,210
2008-11,2009,Del Rio,1064
2008-11,2009,Detroit,62
2008-11,2009,El Centro,2176
2008-11,2009,El Paso,1153
2008-11,2009,Grand Forks,53
2008-11,2009,Havre,21
2008-11,2009,Houlton,8
2008-11,2009,Laredo,2465
2008-11,2009,Miami,302
2008-11,2009,New Orleans,267
2008-11,2009,Ramey,34
2008-11,2009,Rio Grande Valley,4259
2008-11,2009,San Diego,7954
2008-11,2009,Spokane,44
2008-11,2009,Swanton,80
2008-11,2009,Tucson,12844
2008-11,2009,Yuma,406
2008-12,2009,Big Bend,472
2008-12,2009,Blaine,68
2008-12,2009,Buffalo,201
2008-12,2009,Del Rio,872
2008-12,2009,Detroit,63
2008-12,2009,El Centro,1691
2008-12,2009,El Paso,866
2008-12,2009,Grand Forks,37
2008-12,2009,Havre,11
2008-12,2009,Houlton,13
2008-12,2009,Laredo,1932
2008-12,2009,Miami,317
2008-12,2009,New Orleans,309
2008-12,2009,Ramey,27
2008-12,2009,Rio Grande Valley,3341
2008-12,2009,San Diego,6552
2008-12,2009,Spokane,22
2008-12,2009,Swanton,106
2008-12,2009,Tucson,9862
2008-12,2009,Yuma,359
2009-01,2009,Big Bend,533
2009-01,2009,Blaine,96
2009-01,2009,Buffalo,176
2009-01,2009,Del Rio,1604
2009-01,2009,Detroit,78
2009-01,2009,El Centro,2969
2009-01,2009,El Paso,1344
2009-01,2009,Grand Forks,29
2009-01,2009,Havre,29
2009-01,2009,Houlton,3
2009-01,2009,Laredo,3970
2009-01,2009,Miami,401
2009-01,2009,New Orleans,259
2009-01,2009,Ramey,27
2009-01,2009,Rio Grande Valley,4575
2009-01,2009,San Diego,10246
2009-01,2009,Spokane,20
2009-01,2009,Swanton,36
2009-01,2009,Tucson,18649
2009-01,2009,Yuma,612
2009-02,2009,Big Bend,689
2009-02,2009,Blaine,68
2009-02,2009,Buffalo,194
2009-02,2009,Del Rio,1908
2009-02,2009,Detroit,118
2009-02,2009,El Centro,2904
2009-02,2009,El Paso,1435
2009-02,2009,Grand Forks,26
2009-02,2009,Havre,30
2009-02,2009,Houlton,0
2009-02,2009,Laredo,3718
2009-02,2009,Miami,383
2009-02,2009,New Orleans,282
2009-02,2009,Ramey,21
2009-02,2009,Rio Grande Valley,5207
2009-02,2009,San Diego,11678
2009-02,2009,Spokane,18
2009-02,2009,Swanton,77
2009-02,2009,Tucson,20941
2009-02,2009,Yuma,731
2009-03,2009,Big Bend,590
2009-03,2009,Blaine,85
2009-03,2009,Buffalo,220
2009-03,2009,Del Rio,2231
2009-03,2009,Detroit,99
2009-03,2009,El Centro,4141
2009-03,2009,El Paso,1508
2009-03,2009,Grand Forks,29
2009-03,2009,Havre,23
2009-03,2009,Houlton,4
2009-03,2009,Laredo,4538
2009-03,2009,Miami,382
2009-03,2009,New Orleans,429
2009-03,2009,Ramey,42
2009-03,2009,Rio Grande Valley,5479
2009-03,2009,San Diego,16472
2009-03,2009,Spokane,14
2009-03,2009,Swanton,71
2009-03,2009,Tucson,31432
2009-03,2009,Yuma,951
2009-04,2009,Big Bend,458
2009-04,2009,Blaine,61
2009-04,2009,Buffalo,225
2009-04,2009,Del Rio,1619
2009-04,2009,Detroit,97
2009-04,2009,El Centro,3314
2009-04,2009,El Paso,1344
2009-04,2009,Grand Forks,22
2009-04,2009,Havre,30
2009-04,2009,Houlton,4
2009-04,2009,Laredo,4168
2009-04,2009,Miami,407
2009-04,2009,New Orleans,317
2009-04,2009,Ramey,26
2009-04,2009,Rio Grande Valley,6107
2009-04,2009,San Diego,12618
2009-04,2009,Spokane,15
2009-04,2009,Swanton,74
2009-04,2009,Tucson,28072
2009-04,2009,Yuma,793
2009-05,2009,Big Bend,511
2009-05,2009,Blaine,65
2009-05,2009,Buffalo,263
2009-05,2009,Del Rio,1426
2009-05,2009,Detroit,91
2009-05,2009,El Centro,2955
2009-05,2009,El Paso,1238
2009-05,2009,Grand Forks,41
2009-05,2009,Havre,21
2009-05,2009,Houlton,4
2009-05,2009,Laredo,3722
2009-05,2009,Miami,314
2009-05,2009,New Orleans,257
2009-05,2009,Ramey,11
2009-05,2009,Rio Grande Valley,5293
2009-05,2009,San Diego,11000
2009-05,2009,Spokane,16
2009-05,2009,Swanton,111
2009-05,2009,Tucson,24083
2009-05,2009,Yuma,656
2009-06,2009,Big Bend,569
2009-06,2009,Blaine,39
2009-06,2009,Buffalo,250
2009-06,2009,Del Rio,1304
2009-06,2009,Detroit,80
2009-06,2009,El Centro,2811
2009-06,2009,El Paso,1208
2009-06,2009,Grand Forks,35
2009-06,2009,Havre,31
2009-06,2009,Houlton,2
2009-06,2009,Laredo,3283
2009-06,2009,Miami,343
2009-06,2009,New Orleans,264
2009-06,2009,Ramey,50
2009-06,2009,Rio Grande Valley,5094
2009-06,2009,San Diego,10278
2009-06,2009,Spokane,17
2009-06,2009,Swanton,99
2009-06,2009,Tucson,20842
2009-06,2009,Yuma,655
2009-07,2009,Big Bend,484
2009-07,2009,Blaine,49
2009-07,2009,Buffalo,198
2009-07,2009,Del Rio,1383
2009-07,2009,Detroit,117
2009-07,2009,El Centro,2449
2009-07,2009,El Paso,1160
2009-07,2009,Grand Forks,50
2009-07,2009,Havre,22
2009-07,2009,Houlton,8
2009-07,2009,Laredo,3512
2009-07,2009,Miami,413
2009-07,2009,New Orleans,253
2009-07,2009,Ramey,5
2009-07,2009,Rio Grande Valley,5509
2009-07,2009,San Diego,8655
2009-07,2009,Spokane,19
2009-07,2009,Swanton,125
2009-07,2009,Tucson,20146
2009-07,2009,Yuma,545
2009-08,2009,Big Bend,575
2009-08,2009,Blaine,67
2009-08,2009,Buffalo,240
2009-08,2009,Del Rio,1321
2009-08,2009,Detroit,122
2009-08,2009,El Centro,2767
2009-08,2009,El Paso,1181
2009-08,2009,Grand Forks,49
2009-08,2009,Havre,18
2009-08,2009,Houlton,4
2009-08,2009,Laredo,3671
2009-08,2009,Miami,358
2009-08,2009,New Orleans,271
2009-08,2009,Ramey,58
2009-08,2009,Rio Grande Valley,6025
2009-08,2009,San Diego,6743
2009-08,2009,Spokane,38
2009-08,2009,Swanton,104
2009-08,2009,Tucson,20810
2009-08,2009,Yuma,429
2009-09,2009,Big Bend,481
2009-09,2009,Blaine,49
2009-09,2009,Buffalo,241
2009-09,2009,Del Rio,1029
2009-09,2009,Detroit,110
2009-09,2009,El Centro,2725
2009-09,2009,El Paso,1093
2009-09,2009,Grand Forks,49
2009-09,2009,Havre,16
2009-09,2009,Houlton,8
2009-09,2009,Laredo,2881
2009-09,2009,Miami,463
2009-09,2009,New Orleans,233
2009-09,2009,Ramey,3
2009-09,2009,Rio Grande Valley,5008
2009-09,2009,San Diego,6489
2009-09,2009,Spokane,22
2009-09,2009,Swanton,95
2009-09,2009,Tucson,15178
2009-09,2009,Yuma,475
2009-10,2010,Big Bend,530
2009-10,2010,Blaine,50
2009-10,2010,Buffalo,241
2009-10,2010,Del Rio,1119
2009-10,2010,Detroit,168
2009-10,2010,El Centro,2589
2009-10,2010,El Paso,1007
2009-10,2010,Grand Forks,55
2009-10,2010,Havre,31
2009-10,2010,Houlton,3
2009-10,2010,Laredo,2613
2009-10,2010,Miami,463
2009-10,2010,New Orleans,247
2009-10,2010,Ramey,41
2009-10,2010,Rio Grande Valley,4236
2009-10,2010,San Diego,5017
2009-10,2010,Spokane,35
2009-10,2010,Swanton,71
2009-10,2010,Tucson,23197
2009-10,2010,Yuma,582
2009-11,2010,Big Bend,421
2009-11,2010,Blaine,69
2009-11,2010,Buffalo,214
2009-11,2010,Del Rio,897
2009-11,2010,Detroit,154
2009-11,2010,El Centro,2412
2009-11,2010,El Paso,894
2009-11,2010,Grand Forks,47
2009-11,2010,Havre,23
2009-11,2010,Houlton,2
2009-11,2010,Laredo,2130
2009-11,2010,Miami,478
2009-11,2010,New Orleans,179
2009-11,2010,Ramey,20
2009-11,2010,Rio Grande Valley,3688
2009-11,2010,San Diego,4738
2009-11,2010,Spokane,21
2009-11,2010,Swanton,101
2009-11,2010,Tucson,16986
2009-11,2010,Yuma,649
2009-12,2010,Big Bend,373
2009-12,2010,Blaine,52
2009-12,2010,Buffalo,207
2009-12,2010,Del Rio,697
2009-12,2010,Detroit,157
2009-12,2010,El Centro,2196
2009-12,2010,El Paso,725
2009-12,2010,Grand Forks,36
2009-12,2010,Havre,17
2009-12,2010,Houlton,0
2009-12,2010,Laredo,1802
2009-12,2010,Miami,416
2009-12,2010,New Orleans,173
2009-12,2010,Ramey,10
2009-12,2010,Rio Grande Valley,2987
2009-12,2010,San Diego,4636
2009-12,2010,Spokane,14
2009-12,2010,Swanton,68
2009-12,2010,Tucson,10907
2009-12,2010,Yuma,711
2010-01,2010,Big Bend,433
2010-01,2010,Blaine,59
2010-01,2010,Buffalo,168
2010-01,2010,Del Rio,1234
2010-01,2010,Detroit,129
2010-01,2010,El Centro,2688
2010-01,2010,El Paso,1124
2010-01,2010,Grand Forks,26
2010-01,2010,Havre,11
2010-01,2010,Houlton,0
2010-01,2010,Laredo,2526
2010-01,2010,Miami,265
2010-01,2010,New Orleans,303
2010-01,2010,Ramey,8
2010-01,2010,Rio Grande Valley,3658
2010-01,2010,San Diego,6413
2010-01,2010,Spokane,19
2010-01,2010,Swanton,58
2010-01,2010,Tucson,16122
2010-01,2010,Yuma,586
2010-02,2010,Big Bend,484
2010-02,2010,Blaine,57
2010-02,2010,Buffalo,216
2010-02,2010,Del Rio,1245
2010-02,2010,Detroit,126
2010-02,2010,El Centro,2836
2010-02,2010,El Paso,1140
2010-02,2010,Grand Forks,37
2010-02,2010,Havre,18
2010-02,2010,Houlton,0
2010-02,2010,Laredo,3173
2010-02,2010,Miami,335
2010-02,2010,New Orleans,303
2010-02,2010,Ramey,23
2010-02,2010,Rio Grande Valley,4845
2010-02,2010,San Diego,6982
2010-02,2010,Spokane,15
2010-02,2010,Swanton,128
2010-02,2010,Tucson,21266
2010-02,2010,Yuma,819
2010-03,2010,Big Bend,660
2010-03,2010,Blaine,58
2010-03,2010,Buffalo,252
2010-03,2010,Del Rio,1874
2010-03,2010,Detroit,122
2010-03,2010,El Centro,4408
2010-03,2010,El Paso,1528
2010-03,2010,Grand Forks,45
2010-03,2010,Havre,54
2010-03,2010,Houlton,12
2010-03,2010,Laredo,4433
2010-03,2010,Miami,326
2010-03,2010,New Orleans,394
2010-03,2010,Ramey,32
2010-03,2010,Rio Grande Valley,7141
2010-03,2010,San Diego,9061
2010-03,2010,Spokane,27
2010-03,2010,Swanton,132
2010-03,2010,Tucson,31197
2010-03,2010,Yuma,1059
2010-04,2010,Big Bend,575
2010-04,2010,Blaine,54
2010-04,2010,Buffalo,207
2010-04,2010,Del Rio,1791
2010-04,2010,Detroit,110
2010-04,2010,El Centro,3419
2010-04,2010,El Paso,1359
2010-04,2010,Grand Forks,39
2010-04,2010,Havre,30
2010-04,2010,Houlton,5
2010-04,2010,Laredo,4528
2010-04,2010,Miami,370
2010-04,2010,New Orleans,404
2010-04,2010,Ramey,40
2010-04,2010,Rio Grande Valley,7139
2010-04,2010,San Diego,7115
2010-04,2010,Spokane,25
2010-04,2010,Swanton,97
2010-04,2010,Tucson,28579
2010-04,2010,Yuma,732
2010-05,2010,Big Bend,493
2010-05,2010,Blaine,44
2010-05,2010,Buffalo,231
2010-05,2010,Del Rio,1718
2010-05,2010,Detroit,98
2010-05,2010,El Centro,3126
2010-05,2010,El Paso,1380
2010-05,2010,Grand Forks,80
2010-05,2010,Havre,32
2010-05,2010,Houlton,10
2010-05,2010,Laredo,3813
2010-05,2010,Miami,427
2010-05,2010,New Orleans,218
2010-05,2010,Ramey,44
2010-05,2010,Rio Grande Valley,7477
2010-05,2010,San Diego,5858
2010-05,2010,Spokane,34
2010-05,2010,Swanton,136
2010-05,2010,Tucson,22572
2010-05,2010,Yuma,608
2010-06,2010,Big Bend,415
2010-06,2010,Blaine,53
2010-06,2010,Buffalo,189
2010-06,2010,Del Rio,1326
2010-06,2010,Detroit,128
2010-06,2010,El Centro,2440
2010-06,2010,El Paso,1005
2010-06,2010,Grand Forks,23
2010-06,2010,Havre,20
2010-06,2010,Houlton,6
2010-06,2010,Laredo,3475
2010-06,2010,Miami,442
2010-06,2010,New Orleans,223
2010-06,2010,Ramey,25
2010-06,2010,Rio Grande Valley,5595
2010-06,2010,San Diego,5092
2010-06,2010,Spokane,33
2010-06,2010,Swanton,124
2010-06,2010,Tucson,13160
2010-06,2010,Yuma,447
2010-07,2010,Big Bend,280
2010-07,2010,Blaine,65
2010-07,2010,Buffalo,135
2010-07,2010,Del Rio,767
2010-07,2010,Detroit,113
2010-07,2010,El Centro,2331
2010-07,2010,El Paso,725
2010-07,2010,Grand Forks,34
2010-07,2010,Havre,12
2010-07,2010,Houlton,12
2010-07,2010,Laredo,1857
2010-07,2010,Miami,367
2010-07,2010,New Orleans,204
2010-07,2010,Ramey,4
2010-07,2010,Rio Grande Valley,3832
2010-07,2010,San Diego,5113
2010-07,2010,Spokane,42
2010-07,2010,Swanton,233
2010-07,2010,Tucson,10303
2010-07,2010,Yuma,401
2010-08,2010,Big Bend,295
2010-08,2010,Blaine,70
2010-08,2010,Buffalo,180
2010-08,2010,Del Rio,1095
2010-08,2010,Detroit,165
2010-08,2010,El Centro,2075
2010-08,2010,El Paso,732
2010-08,2010,Grand Forks,74
2010-08,2010,Havre,20
2010-08,2010,Houlton,6
2010-08,2010,Laredo,2819
2010-08,2010,Miami,427
2010-08,2010,New Orleans,244
2010-08,2010,Ramey,94
2010-08,2010,Rio Grande Valley,5329
2010-08,2010,San Diego,4528
2010-08,2010,Spokane,51
2010-08,2010,Swanton,197
2010-08,2010,Tucson,9280
2010-08,2010,Yuma,262
2010-09,2010,Big Bend,329
2010-09,2010,Blaine,42
2010-09,2010,Buffalo,182
2010-09,2010,Del Rio,931
2010-09,2010,Detroit,199
2010-09,2010,El Centro,2042
2010-09,2010,El Paso,632
2010-09,2010,Grand Forks,47
2010-09,2010,Havre,22
2010-09,2010,Houlton,0
2010-09,2010,Laredo,2118
2010-09,2010,Miami,335
2010-09,2010,New Orleans,279
2010-09,2010,Ramey,57
2010-09,2010,Rio Grande Valley,3839
2010-09,2010,San Diego,4012
2010-09,2010,Spokane,40
2010-09,2010,Swanton,77
2010-09,2010,Tucson,8633
2010-09,2010,Yuma,260
2010-10,2011,Big Bend,375
2010-10,2011,Blaine,68
2010-10,2011,Buffalo,231
2010-10,2011,Del Rio,1043
2010-10,2011,Detroit,177
2010-10,2011,El Centro,2201
2010-10,2011,El Paso,732
2010-10,2011,Grand Forks,47
2010-10,2011,Havre,46
2010-10,2011,Houlton,4
2010-10,2011,Laredo,2286
2010-10,2011,Miami,401
2010-10,2011,New Orleans,231
2010-10,2011,Ramey,55
2010-10,2011,Rio Grande Valley,3628
2010-10,2011,San Diego,4344
2010-10,2011,Spokane,32
2010-10,2011,Swanton,78
2010-10,2011,Tucson,11165
2010-10,2011,Yuma,391
2010-11,2011,Big Bend,290
2010-11,2011,Blaine,42
2010-11,2011,Buffalo,190
2010-11,2011,Del Rio,837
2010-11,2011,Detroit,143
2010-11,2011,El Centro,1851
2010-11,2011,El Paso,660
2010-11,2011,Grand Forks,34
2010-11,2011,Havre,23
2010-11,2011,Houlton,4
2010-11,2011,Laredo,2174
2010-11,2011,Miami,441
2010-11,2011,New Orleans,144
2010-11,2011,Ramey,25
2010-11,2011,Rio Grande Valley,3625
2010-11,2011,San Diego,3480
2010-11,2011,Spokane,28
2010-11,2011,Swanton,74
2010-11,2011,Tucson,9097
2010-11,2011,Yuma,391
2010-12,2011,Big Bend,282
2010-12,2011,Blaine,37
2010-12,2011,Buffalo,139
2010-12,2011,Del Rio,704
2010-12,2011,Detroit,110
2010-12,2011,El Centro,1734
2010-12,2011,El Paso,622
2010-12,2011,Grand Forks,32
2010-12,2011,Havre,16
2010-12,2011,Houlton,0
2010-12,2011,Laredo,1797
2010-12,2011,Miami,349
2010-12,2011,New Orleans,121
2010-12,2011,Ramey,59
2010-12,2011,Rio Grande Valley,3349
2010-12,2011,San Diego,3233
2010-12,2011,Spokane,20
2010-12,2011,Swanton,37
2010-12,2011,Tucson,7354
2010-12,2011,Yuma,354
2011-01,2011,Big Bend,332
2011-01,2011,Blaine,54
2011-01,2011,Buffalo,161
2011-01,2011,Del Rio,899
2011-01,2011,Detroit,133
2011-01,2011,El Centro,2135
2011-01,2011,El Paso,779
2011-01,2011,Grand Forks,24
2011-01,2011,Havre,24
2011-01,2011,Houlton,1
2011-01,2011,Laredo,2285
2011-01,2011,Miami,447
2011-01,2011,New Orleans,156
2011-01,2011,Ramey,47
2011-01,2011,Rio Grande Valley,3485
2011-01,2011,San Diego,3379
2011-01,2011,Spokane,5
2011-01,2011,Swanton,67
2011-01,2011,Tucson,10131
2011-01,2011,Yuma,501
2011-02,2011,Big Bend,300
2011-02,2011,Blaine,31
2011-02,2011,Buffalo,148
2011-02,2011,Del Rio,1399
2011-02,2011,Detroit,121
2011-02,2011,El Centro,2569
2011-02,2011,El Paso,911
2011-02,2011,Grand Forks,37
2011-02,2011,Havre,21
2011-02,2011,Houlton,1
2011-02,2011,Laredo,2943
2011-02,2011,Miami,364
2011-02,2011,New Orleans,132
2011-02,2011,Ramey,44
2011-02,2011,Rio Grande Valley,4233
2011-02,2011,San Diego,3977
2011-02,2011,Spokane,26
2011-02,2011,Swanton,67
2011-02,2011,Tucson,11790
2011-02,2011,Yuma,664
2011-03,2011,Big Bend,457
2011-03,2011,Blaine,69
2011-03,2011,Buffalo,203
2011-03,2011,Del Rio,2132
2011-03,2011,Detroit,175
2011-03,2011,El Centro,3772
2011-03,2011,El Paso,1354
2011-03,2011,Grand Forks,56
2011-03,2011,Havre,17
2011-03,2011,Houlton,9
2011-03,2011,Laredo,4686
2011-03,2011,Miami,466
2011-03,2011,New Orleans,105
2011-03,2011,Ramey,54
2011-03,2011,Rio Grande Valley,6806
2011-03,2011,San Diego,4811
2011-03,2011,Spokane,28
2011-03,2011,Swanton,50
2011-03,2011,Tucson,17056
2011-03,2011,Yuma,940
2011-04,2011,Big Bend,512
2011-04,2011,Blaine,35
2011-04,2011,Buffalo,174
2011-04,2011,Del Rio,1977
2011-04,2011,Detroit,118
2011-04,2011,El Centro,3563
2011-04,2011,El Paso,1380
2011-04,2011,Grand Forks,20
2011-04,2011,Havre,32
2011-04,2011,Houlton,1
2011-04,2011,Laredo,3891
2011-04,2011,Miami,324
2011-04,2011,New Orleans,109
2011-04,2011,Ramey,46
2011-04,2011,Rio Grande Valley,6502
2011-04,2011,San Diego,4031
2011-04,2011,Spokane,20
2011-04,2011,Swanton,53
2011-04,2011,Tucson,13816
2011-04,2011,Yuma,579
2011-05,2011,Big Bend,350
2011-05,2011,Blaine,53
2011-05,2011,Buffalo,158
2011-05,2011,Del Rio,1499
2011-05,2011,Detroit,103
2011-05,2011,El Centro,3278
2011-05,2011,El Paso,904
2011-05,2011,Grand Forks,24
2011-05,2011,Havre,25
2011-05,2011,Houlton,1
2011-05,2011,Laredo,3168
2011-05,2011,Miami,325
2011-05,2011,New Orleans,124
2011-05,2011,Ramey,82
2011-05,2011,Rio Grande Valley,5953
2011-05,2011,San Diego,3474
2011-05,2011,Spokane,23
2011-05,2011,Swanton,53
2011-05,2011,Tucson,12088
2011-05,2011,Yuma,522
2011-06,2011,Big Bend,296
2011-06,2011,Blaine,46
2011-06,2011,Buffalo,176
2011-06,2011,Del Rio,1525
2011-06,2011,Detroit,110
2011-06,2011,El Centro,2904
2011-06,2011,El Paso,816
2011-06,2011,Grand Forks,49
2011-06,2011,Havre,4
2011-06,2011,Houlton,10
2011-06,2011,Laredo,3205
2011-06,2011,Miami,309
2011-06,2011,New Orleans,111
2011-06,2011,Ramey,42
2011-06,2011,Rio Grande Valley,5409
2011-06,2011,San Diego,3109
2011-06,2011,Spokane,24
2011-06,2011,Swanton,50
2011-06,2011,Tucson,9585
2011-06,2011,Yuma,317
2011-07,2011,Big Bend,235
2011-07,2011,Blaine,48
2011-07,2011,Buffalo,157
2011-07,2011,Del Rio,1386
2011-07,2011,Detroit,96
2011-07,2011,El Centro,2225
2011-07,2011,El Paso,794
2011-07,2011,Grand Forks,52
2011-07,2011,Havre,9
2011-07,2011,Houlton,5
2011-07,2011,Laredo,2913
2011-07,2011,Miami,330
2011-07,2011,New Orleans,63
2011-07,2011,Ramey,90
2011-07,2011,Rio Grande Valley,5276
2011-07,2011,San Diego,3016
2011-07,2011,Spokane,21
2011-07,2011,Swanton,121
2011-07,2011,Tucson,6923
2011-07,2011,Yuma,402
2011-08,2011,Big Bend,311
2011-08,2011,Blaine,64
2011-08,2011,Buffalo,188
2011-08,2011,Del Rio,1356
2011-08,2011,Detroit,126
2011-08,2011,El Centro,2074
2011-08,2011,El Paso,711
2011-08,2011,Grand Forks,44
2011-08,2011,Havre,31
2011-08,2011,Houlton,2
2011-08,2011,Laredo,3262
2011-08,2011,Miami,340
2011-08,2011,New Orleans,114
2011-08,2011,Ramey,38
2011-08,2011,Rio Grande Valley,5973
2011-08,2011,San Diego,2863
2011-08,2011,Spokane,41
2011-08,2011,Swanton,110
2011-08,2011,Tucson,7270
2011-08,2011,Yuma,346
2011-09,2011,Big Bend,296
2011-09,2011,Blaine,44
2011-09,2011,Buffalo,189
2011-09,2011,Del Rio,1387
2011-09,2011,Detroit,119
2011-09,2011,El Centro,1885
2011-09,2011,El Paso,682
2011-09,2011,Grand Forks,49
2011-09,2011,Havre,22
2011-09,2011,Houlton,3
2011-09,2011,Laredo,3443
2011-09,2011,Miami,305
2011-09,2011,New Orleans,99
2011-09,2011,Ramey,60
2011-09,2011,Rio Grande Valley,5004
2011-09,2011,San Diego,2730
2011-09,2011,Spokane,25
2011-09,2011,Swanton,55
2011-09,2011,Tucson,7010
2011-09,2011,Yuma,426
2011-10,2012,Big Bend,284
2011-10,2012,Blaine,50
2011-10,2012,Buffalo,118
2011-10,2012,Del Rio,1364
2011-10,2012,Detroit,127
2011-10,2012,El Centro,1946
2011-10,2012,El Paso,647
2011-10,2012,Grand Forks,58
2011-10,2012,Havre,21
2011-10,2012,Houlton,0
2011-10,2012,Laredo,2835
2011-10,2012,Miami,216
2011-10,2012,New Orleans,49
2011-10,2012,Ramey,72
2011-10,2012,Rio Grande Valley,6201
2011-10,2012,San Diego,2439
2011-10,2012,Spokane,34
2011-10,2012,Swanton,40
2011-10,2012,Tucson,9306
2011-10,2012,Yuma,590
2011-11,2012,Big Bend,317
2011-11,2012,Blaine,58
2011-11,2012,Buffalo,87
2011-11,2012,Del Rio,1289
2011-11,2012,Detroit,109
2011-11,2012,El Centro,1698
2011-11,2012,El Paso,662
2011-11,2012,Grand Forks,46
2011-11,2012,Havre,9
2011-11,2012,Houlton,3
2011-11,2012,Laredo,2846
2011-11,2012,Miami,293
2011-11,2012,New Orleans,48
2011-11,2012,Ramey,100
2011-11,2012,Rio Grande Valley,5513
2011-11,2012,San Diego,2185
2011-11,2012,Spokane,18
2011-11,2012,Swanton,43
2011-11,2012,Tucson,8361
2011-11,2012,Yuma,497
2011-12,2012,Big Bend,288
2011-12,2012,Blaine,47
2011-12,2012,Buffalo,56
2011-12,2012,Del Rio,871
2011-12,2012,Detroit,57
2011-12,2012,El Centro,1401
2011-12,2012,El Paso,534
2011-12,2012,Grand Forks,16
2011-12,2012,Havre,18
2011-12,2012,Houlton,2
2011-12,2012,Laredo,1853
2011-12,2012,Miami,195
2011-12,2012,New Orleans,39
2011-12,2012,Ramey,41
2011-12,2012,Rio Grande Valley,4285
2011-12,2012,San Diego,2136
2011-12,2012,Spokane,23
2011-12,2012,Swanton,43
2011-12,2012,Tucson,7100
2011-12,2012,Yuma,515
2012-01,2012,Big Bend,323
2012-01,2012,Blaine,41
2012-01,2012,Buffalo,78
2012-01,2012,Del Rio,1204
2012-01,2012,Detroit,62
2012-01,2012,El Centro,1655
2012-01,2012,El Paso,625
2012-01,2012,Grand Forks,29
2012-01,2012,Havre,4
2012-01,2012,Houlton,1
2012-01,2012,Laredo,3180
2012-01,2012,Miami,249
2012-01,2012,New Orleans,40
2012-01,2012,Ramey,51
2012-01,2012,Rio Grande Valley,5514
2012-01,2012,San Diego,2185
2012-01,2012,Spokane,24
2012-01,2012,Swanton,26
2012-01,2012,Tucson,10209
2012-01,2012,Yuma,819
2012-02,2012,Big Bend,423
2012-02,2012,Blaine,53
2012-02,2012,Buffalo,90
2012-02,2012,Del Rio,1788
2012-02,2012,Detroit,67
2012-02,2012,El Centro,2041
2012-02,2012,El Paso,812
2012-02,2012,Grand Forks,13
2012-02,2012,Havre,9
2012-02,2012,Houlton,0
2012-02,2012,Laredo,3855
2012-02,2012,Miami,180
2012-02,2012,New Orleans,42
2012-02,2012,Ramey,50
2012-02,2012,Rio Grande Valley,6709
2012-02,2012,San Diego,2439
2012-02,2012,Spokane,18
2012-02,2012,Swanton,51
2012-02,2012,Tucson,12836
2012-02,2012,Yuma,676
2012-03,2012,Big Bend,450
2012-03,2012,Blaine,51
2012-03,2012,Buffalo,100
2012-03,2012,Del Rio,2375
2012-03,2012,Detroit,95
2012-03,2012,El Centro,2857
2012-03,2012,El Paso,1151
2012-03,2012,Grand Forks,30
2012-03,2012,Havre,11
2012-03,2012,Houlton,1
2012-03,2012,Laredo,5154
2012-03,2012,Miami,156
2012-03,2012,New Orleans,24
2012-03,2012,Ramey,68
2012-03,2012,Rio Grande Valley,9622
2012-03,2012,San Diego,3064
2012-03,2012,Spokane,21
2012-03,2012,Swanton,48
2012-03,2012,Tucson,16559
2012-03,2012,Yuma,986
2012-04,2012,Big Bend,393
2012-04,2012,Blaine,42
2012-04,2012,Buffalo,89
2012-04,2012,Del Rio,2791
2012-04,2012,Detroit,111
2012-04,2012,El Centro,2805
2012-04,2012,El Paso,888
2012-04,2012,Grand Forks,33
2012-04,2012,Havre,9
2012-04,2012,Houlton,2
2012-04,2012,Laredo,5100
2012-04,2012,Miami,159
2012-04,2012,New Orleans,22
2012-04,2012,Ramey,41
2012-04,2012,Rio Grande Valley,11160
2012-04,2012,San Diego,2879
2012-04,2012,Spokane,35
2012-04,2012,Swanton,47
2012-04,2012,Tucson,14095
2012-04,2012,Yuma,517
2012-05,2012,Big Bend,304
2012-05,2012,Blaine,28
2012-05,2012,Buffalo,106
2012-05,2012,Del Rio,2480
2012-05,2012,Detroit,67
2012-05,2012,El Centro,2622
2012-05,2012,El Paso,823
2012-05,2012,Grand Forks,26
2012-05,2012,Havre,5
2012-05,2012,Houlton,1
2012-05,2012,Laredo,4478
2012-05,2012,Miami,226
2012-05,2012,New Orleans,58
2012-05,2012,Ramey,39
2012-05,2012,Rio Grande Valley,11583
2012-05,2012,San Diego,2787
2012-05,2012,Spokane,22
2012-05,2012,Swanton,52
2012-05,2012,Tucson,11343
2012-05,2012,Yuma,546
2012-06,2012,Big Bend,300
2012-06,2012,Blaine,40
2012-06,2012,Buffalo,61
2012-06,2012,Del Rio,2123
2012-06,2012,Detroit,82
2012-06,2012,El Centro,2107
2012-06,2012,El Paso,840
2012-06,2012,Grand Forks,36
2012-06,2012,Havre,5
2012-06,2012,Houlton,7
2012-06,2012,Laredo,4019
2012-06,2012,Miami,137
2012-06,2012,New Orleans,22
2012-06,2012,Ramey,123
2012-06,2012,Rio Grande Valley,10112
2012-06,2012,San Diego,2170
2012-06,2012,Spokane,25
2012-06,2012,Swanton,103
2012-06,2012,Tucson,8636
2012-06,2012,Yuma,362
2012-07,2012,Big Bend,303
2012-07,2012,Blaine,41
2012-07,2012,Buffalo,126
2012-07,2012,Del Rio,1942
2012-07,2012,Detroit,67
2012-07,2012,El Centro,1896
2012-07,2012,El Paso,793
2012-07,2012,Grand Forks,43
2012-07,2012,Havre,3
2012-07,2012,Houlton,4
2012-07,2012,Laredo,3670
2012-07,2012,Miami,249
2012-07,2012,New Orleans,12
2012-07,2012,Ramey,41
2012-07,2012,Rio Grande Valley,9023
2012-07,2012,San Diego,2165
2012-07,2012,Spokane,40
2012-07,2012,Swanton,120
2012-07,2012,Tucson,6856
2012-07,2012,Yuma,330
2012-08,2012,Big Bend,333
2012-08,2012,Blaine,41
2012-08,2012,Buffalo,104
2012-08,2012,Del Rio,1770
2012-08,2012,Detroit,55
2012-08,2012,El Centro,1411
2012-08,2012,El Paso,984
2012-08,2012,Grand Forks,32
2012-08,2012,Havre,4
2012-08,2012,Houlton,9
2012-08,2012,Laredo,4306
2012-08,2012,Miami,207
2012-08,2012,New Orleans,21
2012-08,2012,Ramey,33
2012-08,2012,Rio Grande Valley,9295
2012-08,2012,San Diego,2020
2012-08,2012,Spokane,34
2012-08,2012,Swanton,69
2012-08,2012,Tucson,7116
2012-08,2012,Yuma,332
2012-09,2012,Big Bend,246
2012-09,2012,Blaine,45
2012-09,2012,Buffalo,128
2012-09,2012,Del Rio,1723
2012-09,2012,Detroit,51
2012-09,2012,El Centro,1477
2012-09,2012,El Paso,919
2012-09,2012,Grand Forks,56
2012-09,2012,Havre,4
2012-09,2012,Houlton,11
2012-09,2012,Laredo,3576
2012-09,2012,Miami,242
2012-09,2012,New Orleans,97
2012-09,2012,Ramey,43
2012-09,2012,Rio Grande Valley,8745
2012-09,2012,San Diego,1992
2012-09,2012,Spokane,23
2012-09,2012,Swanton,60
2012-09,2012,Tucson,7583
2012-09,2012,Yuma,330
2012-10,2013,Big Bend,356
2012-10,2013,Blaine,37
2012-10,2013,Buffalo,106
2012-10,2013,Del Rio,1792
2012-10,2013,Detroit,65
2012-10,2013,El Centro,1527
2012-10,2013,El Paso,977
2012-10,2013,Grand Forks,32
2012-10,2013,Havre,4
2012-10,2013,Houlton,15
2012-10,2013,Laredo,3829
2012-10,2013,Miami,248
2012-10,2013,New Orleans,49
2012-10,2013,Ramey,24
2012-10,2013,Rio Grande Valley,8869
2012-10,2013,San Diego,1922
2012-10,2013,Spokane,33
2012-10,2013,Swanton,35
2012-10,2013,Tucson,9224
2012-10,2013,Yuma,433
2012-11,2013,Big Bend,238
2012-11,2013,Blaine,34
2012-11,2013,Buffalo,54
2012-11,2013,Del Rio,1715
2012-11,2013,Detroit,58
2012-11,2013,El Centro,1408
2012-11,2013,El Paso,860
2012-11,2013,Grand Forks,27
2012-11,2013,Havre,2
2012-11,2013,Houlton,1
2012-11,2013,Laredo,3537
2012-11,2013,Miami,134
2012-11,2013,New Orleans,74
2012-11,2013,Ramey,56
2012-11,2013,Rio Grande Valley,8352
2012-11,2013,San Diego,1924
2012-11,2013,Spokane,36
2012-11,2013,Swanton,21
2012-11,2013,Tucson,9185
2012-11,2013,Yuma,417
2012-12,2013,Big Bend,213
2012-12,2013,Blaine,33
2012-12,2013,Buffalo,60
2012-12,2013,Del Rio,1135
2012-12,2013,Detroit,64
2012-12,2013,El Centro,1101
2012-12,2013,El Paso,629
2012-12,2013,Grand Forks,12
2012-12,2013,Havre,0
2012-12,2013,Houlton,0
2012-12,2013,Laredo,2835
2012-12,2013,Miami,130
2012-12,2013,New Orleans,47
2012-12,2013,Ramey,45
2012-12,2013,Rio Grande Valley,6587
2012-12,2013,San Diego,1795
2012-12,2013,Spokane,17
2012-12,2013,Swanton,29
2012-12,2013,Tucson,8481
2012-12,2013,Yuma,467
2013-01,2013,Big Bend,340
2013-01,2013,Blaine,21
2013-01,2013,Buffalo,53
2013-01,2013,Del Rio,1617
2013-01,2013,Detroit,58
2013-01,2013,El Centro,1103
2013-01,2013,El Paso,776
2013-01,2013,Grand Forks,19
2013-01,2013,Havre,3
2013-01,2013,Houlton,0
2013-01,2013,Laredo,3280
2013-01,2013,Miami,135
2013-01,2013,New Orleans,32
2013-01,2013,Ramey,39
2013-01,2013,Rio Grande Valley,7190
2013-01,2013,San Diego,2150
2013-01,2013,Spokane,19
2013-01,2013,Swanton,17
2013-01,2013,Tucson,9871
2013-01,2013,Yuma,594
2013-02,2013,Big Bend,400
2013-02,2013,Blaine,32
2013-02,2013,Buffalo,47
2013-02,2013,Del Rio,2223
2013-02,2013,Detroit,44
2013-02,2013,El Centro,1340
2013-02,2013,El Paso,1030
2013-02,2013,Grand Forks,36
2013-02,2013,Havre,3
2013-02,2013,Houlton,1
2013-02,2013,Laredo,4628
2013-02,2013,Miami,89
2013-02,2013,New Orleans,49
2013-02,2013,Ramey,107
2013-02,2013,Rio Grande Valley,10828
2013-02,2013,San Diego,2227
2013-02,2013,Spokane,13
2013-02,2013,Swanton,41
2013-02,2013,Tucson,11831
2013-02,2013,Yuma,535
2013-03,2013,Big Bend,416
2013-03,2013,Blaine,31
2013-03,2013,Buffalo,47
2013-03,2013,Del Rio,2771
2013-03,2013,Detroit,50
2013-03,2013,El Centro,2098
2013-03,2013,El Paso,1176
2013-03,2013,Grand Forks,31
2013-03,2013,Havre,2
2013-03,2013,Houlton,2
2013-03,2013,Laredo,5903
2013-03,2013,Miami,92
2013-03,2013,New Orleans,27
2013-03,2013,Ramey,194
2013-03,2013,Rio Grande Valley,16115
2013-03,2013,San Diego,3062
2013-03,2013,Spokane,19
2013-03,2013,Swanton,50
2013-03,2013,Tucson,14990
2013-03,2013,Yuma,762
2013-04,2013,Big Bend,473
2013-04,2013,Blaine,24
2013-04,2013,Buffalo,73
2013-04,2013,Del Rio,2778
2013-04,2013,Detroit,49
2013-04,2013,El Centro,1972
2013-04,2013,El Paso,1217
2013-04,2013,Grand Forks,39
2013-04,2013,Havre,3
2013-04,2013,Houlton,2
2013-04,2013,Laredo,5621
2013-04,2013,Miami,157
2013-04,2013,New Orleans,46
2013-04,2013,Ramey,11
2013-04,2013,Rio Grande Valley,18455
2013-04,2013,San Diego,2833
2013-04,2013,Spokane,28
2013-04,2013,Swanton,53
2013-04,2013,Tucson,14051
2013-04,2013,Yuma,812
2013-05,2013,Big Bend,341
2013-05,2013,Blaine,26
2013-05,2013,Buffalo,54
2013-05,2013,Del Rio,2332
2013-05,2013,Detroit,43
2013-05,2013,El Centro,1513
2013-05,2013,El Paso,1163
2013-05,2013,Grand Forks,36
2013-05,2013,Havre,9
2013-05,2013,Houlton,0
2013-05,2013,Laredo,5338
2013-05,2013,Miami,92
2013-05,2013,New Orleans,28
2013-05,2013,Ramey,27
2013-05,2013,Rio Grande Valley,17522
2013-05,2013,San Diego,2854
2013-05,2013,Spokane,20
2013-05,2013,Swanton,57
2013-05,2013,Tucson,12119
2013-05,2013,Yuma,674
2013-06,2013,Big Bend,232
2013-06,2013,Blaine,34
2013-06,2013,Buffalo,78
2013-06,2013,Del Rio,1695
2013-06,2013,Detroit,42
2013-06,2013,El Centro,1222
2013-06,2013,El Paso,857
2013-06,2013,Grand Forks,52
2013-06,2013,Havre,9
2013-06,2013,Houlton,7
2013-06,2013,Laredo,4029
2013-06,2013,Miami,113
2013-06,2013,New Orleans,15
2013-06,2013,Ramey,99
2013-06,2013,Rio Grande Valley,14275
2013-06,2013,San Diego,2324
2013-06,2013,Spokane,26
2013-06,2013,Swanton,42
2013-06,2013,Tucson,9357
2013-06,2013,Yuma,445
2013-07,2013,Big Bend,219
2013-07,2013,Blaine,32
2013-07,2013,Buffalo,83
2013-07,2013,Del Rio,2039
2013-07,2013,Detroit,67
2013-07,2013,El Centro,1035
2013-07,2013,El Paso,852
2013-07,2013,Grand Forks,73
2013-07,2013,Havre,8
2013-07,2013,Houlton,1
2013-07,2013,Laredo,4212
2013-07,2013,Miami,212
2013-07,2013,New Orleans,30
2013-07,2013,Ramey,43
2013-07,2013,Rio Grande Valley,15217
2013-07,2013,San Diego,2313
2013-07,2013,Spokane,33
2013-07,2013,Swanton,72
2013-07,2013,Tucson,7014
2013-07,2013,Yuma,329
2013-08,2013,Big Bend,218
2013-08,2013,Blaine,25
2013-08,2013,Buffalo,58
2013-08,2013,Del Rio,1817
2013-08,2013,Detroit,59
2013-08,2013,El Centro,1056
2013-08,2013,El Paso,852
2013-08,2013,Grand Forks,55
2013-08,2013,Havre,21
2013-08,2013,Houlton,3
2013-08,2013,Laredo,3944
2013-08,2013,Miami,171
2013-08,2013,New Orleans,47
2013-08,2013,Ramey,164
2013-08,2013,Rio Grande Valley,16253
2013-08,2013,San Diego,2069
2013-08,2013,Spokane,34
2013-08,2013,Swanton,48
2013-08,2013,Tucson,7278
2013-08,2013,Yuma,310
2013-09,2013,Big Bend,238
2013-09,2013,Blaine,31
2013-09,2013,Buffalo,83
2013-09,2013,Del Rio,1596
2013-09,2013,Detroit,51
2013-09,2013,El Centro,931
2013-09,2013,El Paso,765
2013-09,2013,Grand Forks,57
2013-09,2013,Havre,24
2013-09,2013,Houlton,5
2013-09,2013,Laredo,3593
2013-09,2013,Miami,165
2013-09,2013,New Orleans,56
2013-09,2013,Ramey,115
2013-09,2013,Rio Grande Valley,14790
2013-09,2013,San Diego,2023
2013-09,2013,Spokane,21
2013-09,2013,Swanton,66
2013-09,2013,Tucson,7538
2013-09,2013,Yuma,328
2013-10,2014,Big Bend,316
2013-10,2014,Blaine,16
2013-10,2014,Buffalo,58
2013-10,2014,Del Rio,1587
2013-10,2014,Detroit,48
2013-10,2014,El Centro,1193
2013-10,2014,El Paso,885
2013-10,2014,Grand Forks,59
2013-10,2014,Havre,18
2013-10,2014,Houlton,3
2013-10,2014,Laredo,3638
2013-10,2014,Miami,131
2013-10,2014,New Orleans,58
2013-10,2014,Ramey,133
2013-10,2014,Rio Grande Valley,15192
2013-10,2014,San Diego,2218
2013-10,2014,Spokane,35
2013-10,2014,Swanton,44
2013-10,2014,Tucson,9785
2013-10,2014,Yuma,498
2013-11,2014,Big Bend,260
2013-11,2014,Blaine,22
2013-11,2014,Buffalo,39
2013-11,2014,Del Rio,1586
2013-11,2014,Detroit,53
2013-11,2014,El Centro,1077
2013-11,2014,El Paso,845
2013-11,2014,Grand Forks,45
2013-11,2014,Havre,10
2013-11,2014,Houlton,4
2013-11,2014,Laredo,3026
2013-11,2014,Miami,146
2013-11,2014,New Orleans,48
2013-11,2014,Ramey,120
2013-11,2014,Rio Grande Valley,14170
2013-11,2014,San Diego,2153
2013-11,2014,Spokane,24
2013-11,2014,Swanton,25
2013-11,2014,Tucson,8334
2013-11,2014,Yuma,445
2013-12,2014,Big Bend,241
2013-12,2014,Blaine,18
2013-12,2014,Buffalo,52
2013-12,2014,Del Rio,1360
2013-12,2014,Detroit,51
2013-12,2014,El Centro,987
2013-12,2014,El Paso,738
2013-12,2014,Grand Forks,36
2013-12,2014,Havre,2
2013-12,2014,Houlton,2
2013-12,2014,Laredo,2567
2013-12,2014,Miami,125
2013-12,2014,New Orleans,57
2013-12,2014,Ramey,48
2013-12,2014,Rio Grande Valley,13540
2013-12,2014,San Diego,2091
2013-12,2014,Spokane,15
2013-12,2014,Swanton,45
2013-12,2014,Tucson,7629
2013-12,2014,Yuma,375
2014-01,2014,Big Bend,278
2014-01,2014,Blaine,29
2014-01,2014,Buffalo,36
2014-01,2014,Del Rio,1514
2014-01,2014,Detroit,34
2014-01,2014,El Centro,1126
2014-01,2014,El Paso,813
2014-01,2014,Grand Forks,42
2014-01,2014,Havre,5
2014-01,2014,Houlton,3
2014-01,2014,Laredo,2756
2014-01,2014,Miami,228
2014-01,2014,New Orleans,55
2014-01,2014,Ramey,79
2014-01,2014,Rio Grande Valley,12255
2014-01,2014,San Diego,2548
2014-01,2014,Spokane,24
2014-01,2014,Swanton,30
2014-01,2014,Tucson,6825
2014-01,2014,Yuma,553
2014-02,2014,Big Bend,522
2014-02,2014,Blaine,26
2014-02,2014,Buffalo,47
2014-02,2014,Del Rio,2133
2014-02,2014,Detroit,55
2014-02,2014,El Centro,1365
2014-02,2014,El Paso,1060
2014-02,2014,Grand Forks,49
2014-02,2014,Havre,6
2014-02,2014,Houlton,3
2014-02,2014,Laredo,3838
2014-02,2014,Miami,178
2014-02,2014,New Orleans,90
2014-02,2014,Ramey,39
2014-02,2014,Rio Grande Valley,16808
2014-02,2014,San Diego,2469
2014-02,2014,Spokane,16
2014-02,2014,Swanton,21
2014-02,2014,Tucson,7566
2014-02,2014,Yuma,642
2014-03,2014,Big Bend,445
2014-03,2014,Blaine,19
2014-03,2014,Buffalo,87
2014-03,2014,Del Rio,2823
2014-03,2014,Detroit,35
2014-03,2014,El Centro,1502
2014-03,2014,El Paso,1278
2014-03,2014,Grand Forks,85
2014-03,2014,Havre,2
2014-03,2014,Houlton,1
2014-03,2014,Laredo,5087
2014-03,2014,Miami,113
2014-03,2014,New Orleans,103
2014-03,2014,Ramey,79
2014-03,2014,Rio Grande Valley,25398
2014-03,2014,San Diego,3378
2014-03,2014,Spokane,31
2014-03,2014,Swanton,17
2014-03,2014,Tucson,8925
2014-03,2014,Yuma,760
2014-04,2014,Big Bend,403
2014-04,2014,Blaine,36
2014-04,2014,Buffalo,64
2014-04,2014,Del Rio,2616
2014-04,2014,Detroit,40
2014-04,2014,El Centro,1441
2014-04,2014,El Paso,1244
2014-04,2014,Grand Forks,65
2014-04,2014,Havre,1
2014-04,2014,Houlton,2
2014-04,2014,Laredo,5117
2014-04,2014,Miami,151
2014-04,2014,New Orleans,114
2014-04,2014,Ramey,38
2014-04,2014,Rio Grande Valley,28624
2014-04,2014,San Diego,3035
2014-04,2014,Spokane,17
2014-04,2014,Swanton,31
2014-04,2014,Tucson,8473
2014-04,2014,Yuma,549
2014-05,2014,Big Bend,374
2014-05,2014,Blaine,27
2014-05,2014,Buffalo,81
2014-05,2014,Del Rio,3432
2014-05,2014,Detroit,49
2014-05,2014,El Centro,1353
2014-05,2014,El Paso,1371
2014-05,2014,Grand Forks,63
2014-05,2014,Havre,13
2014-05,2014,Houlton,13
2014-05,2014,Laredo,4737
2014-05,2014,Miami,199
2014-05,2014,New Orleans,88
2014-05,2014,Ramey,86
2014-05,2014,Rio Grande Valley,37510
2014-05,2014,San Diego,2863
2014-05,2014,Spokane,22
2014-05,2014,Swanton,33
2014-05,2014,Tucson,8407
2014-05,2014,Yuma,636
2014-06,2014,Big Bend,414
2014-06,2014,Blaine,19
2014-06,2014,Buffalo,54
2014-06,2014,Del Rio,2857
2014-06,2014,Detroit,86
2014-06,2014,El Centro,1203
2014-06,2014,El Paso,1221
2014-06,2014,Grand Forks,71
2014-06,2014,Havre,12
2014-06,2014,Houlton,1
2014-06,2014,Laredo,3946
2014-06,2014,Miami,213
2014-06,2014,New Orleans,86
2014-06,2014,Ramey,133
2014-06,2014,Rio Grande Valley,38446
2014-06,2014,San Diego,2438
2014-06,2014,Spokane,19
2014-06,2014,Swanton,57
2014-06,2014,Tucson,6867
2014-06,2014,Yuma,470
2014-07,2014,Big Bend,341
2014-07,2014,Blaine,28
2014-07,2014,Buffalo,79
2014-07,2014,Del Rio,1830
2014-07,2014,Detroit,66
2014-07,2014,El Centro,1250
2014-07,2014,El Paso,939
2014-07,2014,Grand Forks,81
2014-07,2014,Havre,3
2014-07,2014,Houlton,4
2014-07,2014,Laredo,3546
2014-07,2014,Miami,134
2014-07,2014,New Orleans,82
2014-07,2014,Ramey,77
2014-07,2014,Rio Grande Valley,24938
2014-07,2014,San Diego,2497
2014-07,2014,Spokane,19
2014-07,2014,Swanton,69
2014-07,2014,Tucson,5019
2014-07,2014,Yuma,348
2014-08,2014,Big Bend,302
2014-08,2014,Blaine,14
2014-08,2014,Buffalo,97
2014-08,2014,Del Rio,1279
2014-08,2014,Detroit,70
2014-08,2014,El Centro,1095
2014-08,2014,El Paso,948
2014-08,2014,Grand Forks,73
2014-08,2014,Havre,7
2014-08,2014,Houlton,8
2014-08,2014,Laredo,2960
2014-08,2014,Miami,217
2014-08,2014,New Orleans,72
2014-08,2014,Ramey,73
2014-08,2014,Rio Grande Valley,17273
2014-08,2014,San Diego,2132
2014-08,2014,Spokane,16
2014-08,2014,Swanton,64
2014-08,2014,Tucson,5105
2014-08,2014,Yuma,294
2014-09,2014,Big Bend,200
2014-09,2014,Blaine,18
2014-09,2014,Buffalo,47
2014-09,2014,Del Rio,1238
2014-09,2014,Detroit,60
2014-09,2014,El Centro,919
2014-09,2014,El Paso,997
2014-09,2014,Grand Forks,98
2014-09,2014,Havre,12
2014-09,2014,Houlton,1
2014-09,2014,Laredo,2831
2014-09,2014,Miami,199
2014-09,2014,New Orleans,97
2014-09,2014,Ramey,53
2014-09,2014,Rio Grande Valley,12239
2014-09,2014,San Diego,2089
2014-09,2014,Spokane,31
2014-09,2014,Swanton,70
2014-09,2014,Tucson,4980
2014-09,2014,Yuma,332
2014-10,2015,Big Bend,302
2014-10,2015,Blaine,37
2014-10,2015,Buffalo,28
2014-10,2015,Del Rio,1246
2014-10,2015,Detroit,75
2014-10,2015,El Centro,894
2014-10,2015,El Paso,904
2014-10,2015,Grand Forks,87
2014-10,2015,Havre,5
2014-10,2015,Houlton,1
2014-10,2015,Laredo,3276
2014-10,2015,Miami,90
2014-10,2015,New Orleans,115
2014-10,2015,Ramey,55
2014-10,2015,Rio Grande Valley,12031
2014-10,2015,San Diego,2133
2014-10,2015,Spokane,24
2014-10,2015,Swanton,26
2014-10,2015,Tucson,5261
2014-10,2015,Yuma,403
2014-11,2015,Big Bend,232
2014-11,2015,Blaine,47
2014-11,2015,Buffalo,34
2014-11,2015,Del Rio,985
2014-11,2015,Detroit,68
2014-11,2015,El Centro,842
2014-11,2015,El Paso,924
2014-11,2015,Grand Forks,78
2014-11,2015,Havre,3
2014-11,2015,Houlton,2
2014-11,2015,Laredo,2540
2014-11,2015,Miami,50
2014-11,2015,New Orleans,98
2014-11,2015,Ramey,76
2014-11,2015,Rio Grande Valley,11466
2014-11,2015,San Diego,1924
2014-11,2015,Spokane,15
2014-11,2015,Swanton,23
2014-11,2015,Tucson,5303
2014-11,2015,Yuma,425
2014-12,2015,Big Bend,336
2014-12,2015,Blaine,29
2014-12,2015,Buffalo,35
2014-12,2015,Del Rio,1051
2014-12,2015,Detroit,109
2014-12,2015,El Centro,980
2014-12,2015,El Paso,921
2014-12,2015,Grand Forks,72
2014-12,2015,Havre,3
2014-12,2015,Houlton,8
2014-12,2015,Laredo,2367
2014-12,2015,Miami,143
2014-12,2015,New Orleans,100
2014-12,2015,Ramey,32
2014-12,2015,Rio Grande Valley,11035
2014-12,2015,San Diego,2280
2014-12,2015,Spokane,10
2014-12,2015,Swanton,25
2014-12,2015,Tucson,5610
2014-12,2015,Yuma,439
2015-01,2015,Big Bend,233
2015-01,2015,Blaine,25
2015-01,2015,Buffalo,21
2015-01,2015,Del Rio,985
2015-01,2015,Detroit,42
2015-01,2015,El Centro,902
2015-01,2015,El Paso,874
2015-01,2015,Grand Forks,53
2015-01,2015,Havre,3
2015-01,2015,Houlton,4
2015-01,2015,Laredo,2776
2015-01,2015,Miami,121
2015-01,2015,New Orleans,79
2015-01,2015,Ramey,71
2015-01,2015,Rio Grande Valley,8425
2015-01,2015,San Diego,2111
2015-01,2015,Spokane,15
2015-01,2015,Swanton,6
2015-01,2015,Tucson,4869
2015-01,2015,Yuma,339
2015-02,2015,Big Bend,330
2015-02,2015,Blaine,20
2015-02,2015,Buffalo,19
2015-02,2015,Del Rio,1291
2015-02,2015,Detroit,35
2015-02,2015,El Centro,991
2015-02,2015,El Paso,859
2015-02,2015,Grand Forks,74
2015-02,2015,Havre,10
2015-02,2015,Houlton,6
2015-02,2015,Laredo,2864
2015-02,2015,Miami,79
2015-02,2015,New Orleans,78
2015-02,2015,Ramey,12
2015-02,2015,Rio Grande Valley,9557
2015-02,2015,San Diego,2466
2015-02,2015,Spokane,23
2015-02,2015,Swanton,19
2015-02,2015,Tucson,5553
2015-02,2015,Yuma,465
2015-03,2015,Big Bend,453
2015-03,2015,Blaine,16
2015-03,2015,Buffalo,20
2015-03,2015,Del Rio,1718
2015-03,2015,Detroit,30
2015-03,2015,El Centro,1355
2015-03,2015,El Paso,1455
2015-03,2015,Grand Forks,65
2015-03,2015,Havre,6
2015-03,2015,Houlton,0
2015-03,2015,Laredo,3093
2015-03,2015,Miami,116
2015-03,2015,New Orleans,35
2015-03,2015,Ramey,60
2015-03,2015,Rio Grande Valley,11817
2015-03,2015,San Diego,2876
2015-03,2015,Spokane,12
2015-03,2015,Swanton,27
2015-03,2015,Tucson,6256
2015-03,2015,Yuma,768
2015-04,2015,Big Bend,438
2015-04,2015,Blaine,14
2015-04,2015,Buffalo,15
2015-04,2015,Del Rio,2100
2015-04,2015,Detroit,44
2015-04,2015,El Centro,1244
2015-04,2015,El Paso,1516
2015-04,2015,Grand Forks,73
2015-04,2015,Havre,5
2015-04,2015,Houlton,3
2015-04,2015,Laredo,3497
2015-04,2015,Miami,101
2015-04,2015,New Orleans,39
2015-04,2015,Ramey,44
2015-04,2015,Rio Grande Valley,12602
2015-04,2015,San Diego,2284
2015-04,2015,Spokane,15
2015-04,2015,Swanton,14
2015-04,2015,Tucson,5543
2015-04,2015,Yuma,526
2015-05,2015,Big Bend,567
2015-05,2015,Blaine,19
2015-05,2015,Buffalo,16
2015-05,2015,Del Rio,2083
2015-05,2015,Detroit,36
2015-05,2015,El Centro,1295
2015-05,2015,El Paso,1335
2015-05,2015,Grand Forks,40
2015-05,2015,Havre,3
2015-05,2015,Houlton,0
2015-05,2015,Laredo,3127
2015-05,2015,Miami,110
2015-05,2015,New Orleans,75
2015-05,2015,Ramey,25
2015-05,2015,Rio Grande Valley,14103
2015-05,2015,San Diego,2308
2015-05,2015,Spokane,14
2015-05,2015,Swanton,16
2015-05,2015,Tucson,6105
2015-05,2015,Yuma,653
2015-06,2015,Big Bend,373
2015-06,2015,Blaine,17
2015-06,2015,Buffalo,18
2015-06,2015,Del Rio,1928
2015-06,2015,Detroit,72
2015-06,2015,El Centro,1063
2015-06,2015,El Paso,1410
2015-06,2015,Grand Forks,40
2015-06,2015,Havre,2
2015-06,2015,Houlton,0
2015-06,2015,Laredo,2958
2015-06,2015,Miami,203
2015-06,2015,New Orleans,71
2015-06,2015,Ramey,39
2015-06,2015,Rio Grande Valley,13750
2015-06,2015,San Diego,2081
2015-06,2015,Spokane,7
2015-06,2015,Swanton,35
2015-06,2015,Tucson,5081
2015-06,2015,Yuma,659
2015-07,2015,Big Bend,428
2015-07,2015,Blaine,23
2015-07,2015,Buffalo,40
2015-07,2015,Del Rio,1752
2015-07,2015,Detroit,32
2015-07,2015,El Centro,1072
2015-07,2015,El Paso,1417
2015-07,2015,Grand Forks,76
2015-07,2015,Havre,2
2015-07,2015,Houlton,4
2015-07,2015,Laredo,3110
2015-07,2015,Miami,168
2015-07,2015,New Orleans,72
2015-07,2015,Ramey,74
2015-07,2015,Rio Grande Valley,13719
2015-07,2015,San Diego,1985
2015-07,2015,Spokane,18
2015-07,2015,Swanton,39
2015-07,2015,Tucson,4071
2015-07,2015,Yuma,834
2015-08,2015,Big Bend,600
2015-08,2015,Blaine,23
2015-08,2015,Buffalo,27
2015-08,2015,Del Rio,1918
2015-08,2015,Detroit,54
2015-08,2015,El Centro,1058
2015-08,2015,El Paso,1436
2015-08,2015,Grand Forks,69
2015-08,2015,Havre,18
2015-08,2015,Houlton,2
2015-08,2015,Laredo,3072
2015-08,2015,Miami,346
2015-08,2015,New Orleans,32
2015-08,2015,Ramey,9
2015-08,2015,Rio Grande Valley,14750
2015-08,2015,San Diego,1883
2015-08,2015,Spokane,13
2015-08,2015,Swanton,68
2015-08,2015,Tucson,4733
2015-08,2015,Yuma,789
2015-09,2015,Big Bend,739
2015-09,2015,Blaine,12
2015-09,2015,Buffalo,18
2015-09,2015,Del Rio,1956
2015-09,2015,Detroit,40
2015-09,2015,El Centro,1124
2015-09,2015,El Paso,1444
2015-09,2015,Grand Forks,62
2015-09,2015,Havre,4
2015-09,2015,Houlton,2
2015-09,2015,Laredo,3208
2015-09,2015,Miami,225
2015-09,2015,New Orleans,55
2015-09,2015,Ramey,60
2015-09,2015,Rio Grande Valley,14002
2015-09,2015,San Diego,1959
2015-09,2015,Spokane,24
2015-09,2015,Swanton,43
2015-09,2015,Tucson,5012
2015-09,2015,Yuma,842
2015-10,2016,Big Bend,735
2015-10,2016,Blaine,27
2015-10,2016,Buffalo,15
2015-10,2016,Del Rio,1873
2015-10,2016,Detroit,55
2015-10,2016,El Centro,1214
2015-10,2016,El Paso,1639
2015-10,2016,Grand Forks,40
2015-10,2016,Havre,4
2015-10,2016,Houlton,6
2015-10,2016,Laredo,3146
2015-10,2016,Miami,271
2015-10,2016,New Orleans,74
2015-10,2016,Ramey,21
2015-10,2016,Rio Grande Valley,15036
2015-10,2016,San Diego,2081
2015-10,2016,Spokane,4
2015-10,2016,Swanton,25
2015-10,2016,Tucson,5899
2015-10,2016,Yuma,1101
2015-11,2016,Big Bend,637
2015-11,2016,Blaine,28
2015-11,2016,Buffalo,4
2015-11,2016,Del Rio,1798
2015-11,2016,Detroit,38
2015-11,2016,El Centro,1239
2015-11,2016,El Paso,1679
2015-11,2016,Grand Forks,40
2015-11,2016,Havre,5
2015-11,2016,Houlton,0
2015-11,2016,Laredo,3249
2015-11,2016,Miami,206
2015-11,2016,New Orleans,59
2015-11,2016,Ramey,57
2015-11,2016,Rio Grande Valley,15297
2015-11,2016,San Diego,2022
2015-11,2016,Spokane,16
2015-11,2016,Swanton,13
2015-11,2016,Tucson,5791
2015-11,2016,Yuma,1126
2015-12,2016,Big Bend,690
2015-12,2016,Blaine,13
2015-12,2016,Buffalo,7
2015-12,2016,Del Rio,2185
2015-12,2016,Detroit,58
2015-12,2016,El Centro,1253
2015-12,2016,El Paso,2187
2015-12,2016,Grand Forks,25
2015-12,2016,Havre,1
2015-12,2016,Houlton,1
2015-12,2016,Laredo,2995
2015-12,2016,Miami,337
2015-12,2016,New Orleans,48
2015-12,2016,Ramey,64
2015-12,2016,Rio Grande Valley,17736
2015-12,2016,San Diego,2196
2015-12,2016,Spokane,9
2015-12,2016,Swanton,25
2015-12,2016,Tucson,6263
2015-12,2016,Yuma,1509
2016-01,2016,Big Bend,388
2016-01,2016,Blaine,13
2016-01,2016,Buffalo,22
2016-01,2016,Del Rio,1531
2016-01,2016,Detroit,35
2016-01,2016,El Centro,1061
2016-01,2016,El Paso,1148
2016-01,2016,Grand Forks,48
2016-01,2016,Havre,4
2016-01,2016,Houlton,1
2016-01,2016,Laredo,2454
2016-01,2016,Miami,207
2016-01,2016,New Orleans,40
2016-01,2016,Ramey,28
2016-01,2016,Rio Grande Valley,9398
2016-01,2016,San Diego,2525
2016-01,2016,Spokane,4
2016-01,2016,Swanton,10
2016-01,2016,Tucson,4572
2016-01,2016,Yuma,681
2016-02,2016,Big Bend,458
2016-02,2016,Blaine,21
2016-02,2016,Buffalo,14
2016-02,2016,Del Rio,1780
2016-02,2016,Detroit,54
2016-02,2016,El Centro,1342
2016-02,2016,El Paso,1399
2016-02,2016,Grand Forks,26
2016-02,2016,Havre,1
2016-02,2016,Houlton,2
2016-02,2016,Laredo,2895
2016-02,2016,Miami,181
2016-02,2016,New Orleans,53
2016-02,2016,Ramey,68
2016-02,2016,Rio Grande Valley,9660
2016-02,2016,San Diego,2504
2016-02,2016,Spokane,6
2016-02,2016,Swanton,14
2016-02,2016,Tucson,5245
2016-02,2016,Yuma,789
2016-03,2016,Big Bend,616
2016-03,2016,Blaine,33
2016-03,2016,Buffalo,17
2016-03,2016,Del Rio,2022
2016-03,2016,Detroit,61
2016-03,2016,El Centro,1775
2016-03,2016,El Paso,2158
2016-03,2016,Grand Forks,49
2016-03,2016,Havre,2
2016-03,2016,Houlton,2
2016-03,2016,Laredo,3196
2016-03,2016,Miami,310
2016-03,2016,New Orleans,50
2016-03,2016,Ramey,63
2016-03,2016,Rio Grande Valley,13325
2016-03,2016,San Diego,3108
2016-03,2016,Spokane,11
2016-03,2016,Swanton,26
2016-03,2016,Tucson,6142
2016-03,2016,Yuma,974
2016-04,2016,Big Bend,739
2016-04,2016,Blaine,19
2016-04,2016,Buffalo,29
2016-04,2016,Del Rio,2224
2016-04,2016,Detroit,51
2016-04,2016,El Centro,2097
2016-04,2016,El Paso,2408
2016-04,2016,Grand Forks,35
2016-04,2016,Havre,9
2016-04,2016,Houlton,2
2016-04,2016,Laredo,3654
2016-04,2016,Miami,331
2016-04,2016,New Orleans,76
2016-04,2016,Ramey,61
2016-04,2016,Rio Grande Valley,16688
2016-04,2016,San Diego,3329
2016-04,2016,Spokane,18
2016-04,2016,Swanton,18
2016-04,2016,Tucson,5784
2016-04,2016,Yuma,1166
2016-05,2016,Big Bend,491
2016-05,2016,Blaine,20
2016-05,2016,Buffalo,21
2016-05,2016,Del Rio,2588
2016-05,2016,Detroit,78
2016-05,2016,El Centro,2000
2016-05,2016,El Paso,2481
2016-05,2016,Grand Forks,34
2016-05,2016,Havre,4
2016-05,2016,Houlton,7
2016-05,2016,Laredo,3403
2016-05,2016,Miami,266
2016-05,2016,New Orleans,57
2016-05,2016,Ramey,78
2016-05,2016,Rio Grande Valley,18291
2016-05,2016,San Diego,3118
2016-05,2016,Spokane,56
2016-05,2016,Swanton,14
2016-05,2016,Tucson,6574
2016-05,2016,Yuma,1391
2016-06,2016,Big Bend,292
2016-06,2016,Blaine,17
2016-06,2016,Buffalo,15
2016-06,2016,Del Rio,1918
2016-06,2016,Detroit,67
2016-06,2016,El Centro,1719
2016-06,2016,El Paso,2369
2016-06,2016,Grand Forks,34
2016-06,2016,Havre,2
2016-06,2016,Houlton,1
2016-06,2016,Laredo,2906
2016-06,2016,Miami,232
2016-06,2016,New Orleans,56
2016-06,2016,Ramey,72
2016-06,2016,Rio Grande Valley,15972
2016-06,2016,San Diego,2522
2016-06,2016,Spokane,20
2016-06,2016,Swanton,34
2016-06,2016,Tucson,5427
2016-06,2016,Yuma,1325
2016-07,2016,Big Bend,344
2016-07,2016,Blaine,28
2016-07,2016,Buffalo,37
2016-07,2016,Del Rio,1833
2016-07,2016,Detroit,64
2016-07,2016,El Centro,1669
2016-07,2016,El Paso,2503
2016-07,2016,Grand Forks,66
2016-07,2016,Havre,2
2016-07,2016,Houlton,2
2016-07,2016,Laredo,2647
2016-07,2016,Miami,286
2016-07,2016,New Orleans,96
2016-07,2016,Ramey,66
2016-07,2016,Rio Grande Valley,16519
2016-07,2016,San Diego,2555
2016-07,2016,Spokane,19
2016-07,2016,Swanton,35
2016-07,2016,Tucson,4364
2016-07,2016,Yuma,1289
2016-08,2016,Big Bend,326
2016-08,2016,Blaine,30
2016-08,2016,Buffalo,27
2016-08,2016,Del Rio,1445
2016-08,2016,Detroit,89
2016-08,2016,El Centro,2047
2016-08,2016,El Paso,2708
2016-08,2016,Grand Forks,62
2016-08,2016,Havre,7
2016-08,2016,Houlton,1
2016-08,2016,Laredo,2888
2016-08,2016,Miami,274
2016-08,2016,New Orleans,72
2016-08,2016,Ramey,43
2016-08,2016,Rio Grande Valley,19155
2016-08,2016,San Diego,2748
2016-08,2016,Spokane,20
2016-08,2016,Swanton,30
2016-08,2016,Tucson,4303
2016-08,2016,Yuma,1428
2016-09,2016,Big Bend,650
2016-09,2016,Blaine,22
2016-09,2016,Buffalo,18
2016-09,2016,Del Rio,1881
2016-09,2016,Detroit,66
2016-09,2016,El Centro,2032
2016-09,2016,El Paso,2955
2016-09,2016,Grand Forks,46
2016-09,2016,Havre,2
2016-09,2016,Houlton,0
2016-09,2016,Laredo,3129
2016-09,2016,Miami,304
2016-09,2016,New Orleans,83
2016-09,2016,Ramey,73
2016-09,2016,Rio Grande Valley,19753
2016-09,2016,San Diego,3183
2016-09,2016,Spokane,23
2016-09,2016,Swanton,47
2016-09,2016,Tucson,4527
2016-09,2016,Yuma,1391
2016-10,2017,Big Bend,697
2016-10,2017,Blaine,45
2016-10,2017,Buffalo,9
2016-10,2017,Del Rio,2106
2016-10,2017,Detroit,64
2016-10,2017,El Centro,2441
2016-10,2017,El Paso,3973
2016-10,2017,Grand Forks,19
2016-10,2017,Havre,1
2016-10,2017,Houlton,5
2016-10,2017,Laredo,3350
2016-10,2017,Miami,178
2016-10,2017,New Orleans,76
2016-10,2017,Ramey,77
2016-10,2017,Rio Grande Valley,22642
2016-10,2017,San Diego,2934
2016-10,2017,Spokane,16
2016-10,2017,Swanton,10
2016-10,2017,Tucson,5924
2016-10,2017,Yuma,2117
2016-11,2017,Big Bend,603
2016-11,2017,Blaine,36
2016-11,2017,Buffalo,19
2016-11,2017,Del Rio,1880
2016-11,2017,Detroit,30
2016-11,2017,El Centro,1850
2016-11,2017,El Paso,4105
2016-11,2017,Grand Forks,25
2016-11,2017,Havre,3
2016-11,2017,Houlton,0
2016-11,2017,Laredo,3194
2016-11,2017,Miami,186
2016-11,2017,New Orleans,98
2016-11,2017,Ramey,41
2016-11,2017,Rio Grande Valley,24686
2016-11,2017,San Diego,2947
2016-11,2017,Spokane,10
2016-11,2017,Swanton,22
2016-11,2017,Tucson,5912
2016-11,2017,Yuma,2034
2016-12,2017,Big Bend,477
2016-12,2017,Blaine,28
2016-12,2017,Buffalo,12
2016-12,2017,Del Rio,1817
2016-12,2017,Detroit,34
2016-12,2017,El Centro,1870
2016-12,2017,El Paso,3948
2016-12,2017,Grand Forks,23
2016-12,2017,Havre,2
2016-12,2017,Houlton,0
2016-12,2017,Laredo,2460
2016-12,2017,Miami,329
2016-12,2017,New Orleans,81
2016-12,2017,Ramey,62
2016-12,2017,Rio Grande Valley,23418
2016-12,2017,San Diego,3099
2016-12,2017,Spokane,7
2016-12,2017,Swanton,25
2016-12,2017,Tucson,4303
2016-12,2017,Yuma,1859
2017-01,2017,Big Bend,473
2017-01,2017,Blaine,20
2017-01,2017,Buffalo,24
2017-01,2017,Del Rio,1243
2017-01,2017,Detroit,43
2017-01,2017,El Centro,1796
2017-01,2017,El Paso,2779
2017-01,2017,Grand Forks,40
2017-01,2017,Havre,0
2017-01,2017,Houlton,1
2017-01,2017,Laredo,2265
2017-01,2017,Miami,161
2017-01,2017,New Orleans,121
2017-01,2017,Ramey,99
2017-01,2017,Rio Grande Valley,15580
2017-01,2017,San Diego,2927
2017-01,2017,Spokane,5
2017-01,2017,Swanton,19
2017-01,2017,Tucson,3357
2017-01,2017,Yuma,1156
2017-02,2017,Big Bend,383
2017-02,2017,Blaine,23
2017-02,2017,Buffalo,66
2017-02,2017,Del Rio,1104
2017-02,2017,Detroit,71
2017-02,2017,El Centro,1196
2017-02,2017,El Paso,1575
2017-02,2017,Grand Forks,48
2017-02,2017,Havre,4
2017-02,2017,Houlton,0
2017-02,2017,Laredo,1710
2017-02,2017,Miami,194
2017-02,2017,New Orleans,94
2017-02,2017,Ramey,15
2017-02,2017,Rio Grande Valley,7855
2017-02,2017,San Diego,1808
2017-02,2017,Spokane,18
2017-02,2017,Swanton,43
2017-02,2017,Tucson,2589
2017-02,2017,Yuma,534
2017-03,2017,Big Bend,357
2017-03,2017,Blaine,21
2017-03,2017,Buffalo,16
2017-03,2017,Del Rio,746
2017-03,2017,Detroit,143
2017-03,2017,El Centro,871
2017-03,2017,El Paso,978
2017-03,2017,Grand Forks,56
2017-03,2017,Havre,0
2017-03,2017,Houlton,1
2017-03,2017,Laredo,1256
2017-03,2017,Miami,150
2017-03,2017,New Orleans,88
2017-03,2017,Ramey,15
2017-03,2017,Rio Grande Valley,4147
2017-03,2017,San Diego,1356
2017-03,2017,Spokane,22
2017-03,2017,Swanton,43
2017-03,2017,Tucson,2148
2017-03,2017,Yuma,336
2017-04,2017,Big Bend,413
2017-04,2017,Blaine,16
2017-04,2017,Buffalo,33
2017-04,2017,Del Rio,589
2017-04,2017,Detroit,119
2017-04,2017,El Centro,849
2017-04,2017,El Paso,906
2017-04,2017,Grand Forks,57
2017-04,2017,Havre,4
2017-04,2017,Houlton,0
2017-04,2017,Laredo,1304
2017-04,2017,Miami,193
2017-04,2017,New Orleans,50
2017-04,2017,Ramey,39
2017-04,2017,Rio Grande Valley,3942
2017-04,2017,San Diego,1392
2017-04,2017,Spokane,14
2017-04,2017,Swanton,25
2017-04,2017,Tucson,1487
2017-04,2017,Yuma,245
2017-05,2017,Big Bend,552
2017-05,2017,Blaine,12
2017-05,2017,Buffalo,76
2017-05,2017,Del Rio,740
2017-05,2017,Detroit,112
2017-05,2017,El Centro,1134
2017-05,2017,El Paso,1032
2017-05,2017,Grand Forks,44
2017-05,2017,Havre,6
2017-05,2017,Houlton,5
2017-05,2017,Laredo,1722
2017-05,2017,Miami,221
2017-05,2017,New Orleans,105
2017-05,2017,Ramey,17
2017-05,2017,Rio Grande Valley,4882
2017-05,2017,San Diego,1724
2017-05,2017,Spokane,14
2017-05,2017,Swanton,41
2017-05,2017,Tucson,2199
2017-05,2017,Yuma,534
2017-06,2017,Big Bend,378
2017-06,2017,Blaine,23
2017-06,2017,Buffalo,48
2017-06,2017,Del Rio,761
2017-06,2017,Detroit,118
2017-06,2017,El Centro,1280
2017-06,2017,El Paso,1180
2017-06,2017,Grand Forks,42
2017-06,2017,Havre,4
2017-06,2017,Houlton,1
2017-06,2017,Laredo,1839
2017-06,2017,Miami,173
2017-06,2017,New Orleans,57
2017-06,2017,Ramey,0
2017-06,2017,Rio Grande Valley,5817
2017-06,2017,San Diego,1652
2017-06,2017,Spokane,50
2017-06,2017,Swanton,51
2017-06,2017,Tucson,2632
2017-06,2017,Yuma,548
2017-07,2017,Big Bend,492
2017-07,2017,Blaine,27
2017-07,2017,Buffalo,55
2017-07,2017,Del Rio,760
2017-07,2017,Detroit,113
2017-07,2017,El Centro,1478
2017-07,2017,El Paso,1395
2017-07,2017,Grand Forks,51
2017-07,2017,Havre,7
2017-07,2017,Houlton,5
2017-07,2017,Laredo,2120
2017-07,2017,Miami,195
2017-07,2017,New Orleans,52
2017-07,2017,Ramey,8
2017-07,2017,Rio Grande Valley,7107
2017-07,2017,San Diego,1764
2017-07,2017,Spokane,19
2017-07,2017,Swanton,63
2017-07,2017,Tucson,2177
2017-07,2017,Yuma,894
2017-08,2017,Big Bend,563
2017-08,2017,Blaine,27
2017-08,2017,Buffalo,37
2017-08,2017,Del Rio,798
2017-08,2017,Detroit,132
2017-08,2017,El Centro,1880
2017-08,2017,El Paso,1782
2017-08,2017,Grand Forks,58
2017-08,2017,Havre,7
2017-08,2017,Houlton,8
2017-08,2017,Laredo,2143
2017-08,2017,Miami,196
2017-08,2017,New Orleans,74
2017-08,2017,Ramey,15
2017-08,2017,Rio Grande Valley,8650
2017-08,2017,San Diego,2241
2017-08,2017,Spokane,17
2017-08,2017,Swanton,73
2017-08,2017,Tucson,2913
2017-08,2017,Yuma,1318
2017-09,2017,Big Bend,614
2017-09,2017,Blaine,10
2017-09,2017,Buffalo,52
2017-09,2017,Del Rio,932
2017-09,2017,Detroit,91
2017-09,2017,El Centro,1988
2017-09,2017,El Paso,1540
2017-09,2017,Grand Forks,33
2017-09,2017,Havre,1
2017-09,2017,Houlton,4
2017-09,2017,Laredo,2097
2017-09,2017,Miami,104
2017-09,2017,New Orleans,24
2017-09,2017,Ramey,0
2017-09,2017,Rio Grande Valley,8836
2017-09,2017,San Diego,2242
2017-09,2017,Spokane,16
2017-09,2017,Swanton,34
2017-09,2017,Tucson,3016
2017-09,2017,Yuma,1272
2017-10,2018,Big Bend,819
2017-10,2018,Blaine,19
2017-10,2018,Buffalo,48
2017-10,2018,Del Rio,1046
2017-10,2018,Detroit,119
2017-10,2018,El Centro,2194
2017-10,2018,El Paso,1489
2017-10,2018,Grand Forks,48
2017-10,2018,Havre,10
2017-10,2018,Houlton,0
2017-10,2018,Laredo,2451
2017-10,2018,Miami,196
2017-10,2018,New Orleans,46
2017-10,2018,Ramey,7
2017-10,2018,Rio Grande Valley,9722
2017-10,2018,San Diego,2377
2017-10,2018,Spokane,30
2017-10,2018,Swanton,28
2017-10,2018,Tucson,3854
2017-10,2018,Yuma,1536
2017-11,2018,Big Bend,828
2017-11,2018,Blaine,22
2017-11,2018,Buffalo,23
2017-11,2018,Del Rio,1186
2017-11,2018,Detroit,150
2017-11,2018,El Centro,2123
2017-11,2018,El Paso,1647
2017-11,2018,Grand Forks,40
2017-11,2018,Havre,13
2017-11,2018,Houlton,2
2017-11,2018,Laredo,2283
2017-11,2018,Miami,168
2017-11,2018,New Orleans,62
2017-11,2018,Ramey,17
2017-11,2018,Rio Grande Valley,11726
2017-11,2018,San Diego,2760
2017-11,2018,Spokane,16
2017-11,2018,Swanton,29
2017-11,2018,Tucson,4562
2017-11,2018,Yuma,1970
2017-12,2018,Big Bend,802
2017-12,2018,Blaine,22
2017-12,2018,Buffalo,17
2017-12,2018,Del Rio,1113
2017-12,2018,Detroit,86
2017-12,2018,El Centro,2110
2017-12,2018,El Paso,1713
2017-12,2018,Grand Forks,38
2017-12,2018,Havre,2
2017-12,2018,Houlton,5
2017-12,2018,Laredo,1982
2017-12,2018,Miami,164
2017-12,2018,New Orleans,27
2017-12,2018,Ramey,14
2017-12,2018,Rio Grande Valley,11668
2017-12,2018,San Diego,2764
2017-12,2018,Spokane,17
2017-12,2018,Swanton,32
2017-12,2018,Tucson,4400
2017-12,2018,Yuma,2443
2018-01,2018,Big Bend,543
2018-01,2018,Blaine,15
2018-01,2018,Buffalo,25
2018-01,2018,Del Rio,1083
2018-01,2018,Detroit,193
2018-01,2018,El Centro,2052
2018-01,2018,El Paso,1607
2018-01,2018,Grand Forks,21
2018-01,2018,Havre,0
2018-01,2018,Houlton,3
2018-01,2018,Laredo,2296
2018-01,2018,Miami,189
2018-01,2018,New Orleans,86
2018-01,2018,Ramey,77
2018-01,2018,Rio Grande Valley,9484
2018-01,2018,San Diego,3171
2018-01,2018,Spokane,22
2018-01,2018,Swanton,30
2018-01,2018,Tucson,3925
2018-01,2018,Yuma,1814
2018-02,2018,Big Bend,838
2018-02,2018,Blaine,10
2018-02,2018,Buffalo,16
2018-02,2018,Del Rio,1306
2018-02,2018,Detroit,159
2018-02,2018,El Centro,1954
2018-02,2018,El Paso,1737
2018-02,2018,Grand Forks,30
2018-02,2018,Havre,2
2018-02,2018,Houlton,3
2018-02,2018,Laredo,2671
2018-02,2018,Miami,189
2018-02,2018,New Orleans,63
2018-02,2018,Ramey,18
2018-02,2018,Rio Grande Valley,9611
2018-02,2018,San Diego,3107
2018-02,2018,Spokane,19
2018-02,2018,Swanton,47
2018-02,2018,Tucson,3824
2018-02,2018,Yuma,1618
2018-03,2018,Big Bend,703
2018-03,2018,Blaine,54
2018-03,2018,Buffalo,29
2018-03,2018,Del Rio,1466
2018-03,2018,Detroit,175
2018-03,2018,El Centro,2697
2018-03,2018,El Paso,2782
2018-03,2018,Grand Forks,41
2018-03,2018,Havre,1
2018-03,2018,Houlton,6
2018-03,2018,Laredo,3652
2018-03,2018,Miami,202
2018-03,2018,New Orleans,54
2018-03,2018,Ramey,21
2018-03,2018,Rio Grande Valley,14140
2018-03,2018,San Diego,4101
2018-03,2018,Spokane,36
2018-03,2018,Swanton,66
2018-03,2018,Tucson,5785
2018-03,2018,Yuma,2064
2018-04,2018,Big Bend,808
2018-04,2018,Blaine,40
2018-04,2018,Buffalo,32
2018-04,2018,Del Rio,1451
2018-04,2018,Detroit,166
2018-04,2018,El Centro,2790
2018-04,2018,El Paso,2671
2018-04,2018,Grand Forks,31
2018-04,2018,Havre,1
2018-04,2018,Houlton,9
2018-04,2018,Laredo,3370
2018-04,2018,Miami,205
2018-04,2018,New Orleans,63
2018-04,2018,Ramey,9
2018-04,2018,Rio Grande Valley,15993
2018-04,2018,San Diego,3644
2018-04,2018,Spokane,27
2018-04,2018,Swanton,36
2018-04,2018,Tucson,5012
2018-04,2018,Yuma,2504
2018-05,2018,Big Bend,743
2018-05,2018,Blaine,35
2018-05,2018,Buffalo,46
2018-05,2018,Del Rio,1486
2018-05,2018,Detroit,158
2018-05,2018,El Centro,2683
2018-05,2018,El Paso,3510
2018-05,2018,Grand Forks,41
2018-05,2018,Havre,0
2018-05,2018,Houlton,3
2018-05,2018,Laredo,3210
2018-05,2018,Miami,172
2018-05,2018,New Orleans,35
2018-05,2018,Ramey,36
2018-05,2018,Rio Grande Valley,17491
2018-05,2018,San Diego,3418
2018-05,2018,Spokane,32
2018-05,2018,Swanton,66
2018-05,2018,Tucson,4760
2018-05,2018,Yuma,3038
2018-06,2018,Big Bend,375
2018-06,2018,Blaine,27
2018-06,2018,Buffalo,55
2018-06,2018,Del Rio,1462
2018-06,2018,Detroit,280
2018-06,2018,El Centro,2327
2018-06,2018,El Paso,3560
2018-06,2018,Grand Forks,38
2018-06,2018,Havre,6
2018-06,2018,Houlton,4
2018-06,2018,Laredo,2586
2018-06,2018,Miami,130
2018-06,2018,New Orleans,115
2018-06,2018,Ramey,5
2018-06,2018,Rio Grande Valley,14703
2018-06,2018,San Diego,3014
2018-06,2018,Spokane,29
2018-06,2018,Swanton,105
2018-06,2018,Tucson,4146
2018-06,2018,Yuma,1916
2018-07,2018,Big Bend,456
2018-07,2018,Blaine,22
2018-07,2018,Buffalo,33
2018-07,2018,Del Rio,1365
2018-07,2018,Detroit,168
2018-07,2018,El Centro,2531
2018-07,2018,El Paso,2890
2018-07,2018,Grand Forks,41
2018-07,2018,Havre,4
2018-07,2018,Houlton,6
2018-07,2018,Laredo,2600
2018-07,2018,Miami,244
2018-07,2018,New Orleans,43
2018-07,2018,Ramey,20
2018-07,2018,Rio Grande Valley,13238
2018-07,2018,San Diego,3098
2018-07,2018,Spokane,39
2018-07,2018,Swanton,92
2018-07,2018,Tucson,3241
2018-07,2018,Yuma,1880
2018-08,2018,Big Bend,585
2018-08,2018,Blaine,43
2018-08,2018,Buffalo,28
2018-08,2018,Del Rio,1506
2018-08,2018,Detroit,127
2018-08,2018,El Centro,2821
2018-08,2018,El Paso,3585
2018-08,2018,Grand Forks,55
2018-08,2018,Havre,6
2018-08,2018,Houlton,3
2018-08,2018,Laredo,2785
2018-08,2018,Miami,173
2018-08,2018,New Orleans,102
2018-08,2018,Ramey,53
2018-08,2018,Rio Grande Valley,16744
2018-08,2018,San Diego,3507
2018-08,2018,Spokane,52
2018-08,2018,Swanton,67
2018-08,2018,Tucson,3627
2018-08,2018,Yuma,2364
2018-09,2018,Big Bend,545
2018-09,2018,Blaine,50
2018-09,2018,Buffalo,32
2018-09,2018,Del Rio,1363
2018-09,2018,Detroit,149
2018-09,2018,El Centro,2948
2018-09,2018,El Paso,4370
2018-09,2018,Grand Forks,37
2018-09,2018,Havre,2
2018-09,2018,Houlton,8
2018-09,2018,Laredo,2755
2018-09,2018,Miami,137
2018-09,2018,New Orleans,102
2018-09,2018,Ramey,3
2018-09,2018,Rio Grande Valley,17742
2018-09,2018,San Diego,3630
2018-09,2018,Spokane,28
2018-09,2018,Swanton,138
2018-09,2018,Tucson,5036
2018-09,2018,Yuma,3097
2018-10,2019,Big Bend,555
2018-10,2019,Blaine,53
2018-10,2019,Buffalo,40
2018-10,2019,Del Rio,2002
2018-10,2019,Detroit,188
2018-10,2019,El Centro,3242
2018-10,2019,El Paso,7334
2018-10,2019,Grand Forks,24
2018-10,2019,Havre,7
2018-10,2019,Houlton,2
2018-10,2019,Laredo,3448
2018-10,2019,Miami,201
2018-10,2019,New Orleans,74
2018-10,2019,Ramey,21
2018-10,2019,Rio Grande Valley,20755
2018-10,2019,San Diego,4227
2018-10,2019,Spokane,38
2018-10,2019,Swanton,148
2018-10,2019,Tucson,5828
2018-10,2019,Yuma,3614
2018-11,2019,Big Bend,448
2018-11,2019,Blaine,35
2018-11,2019,Buffalo,29
2018-11,2019,Del Rio,2088
2018-11,2019,Detroit,107
2018-11,2019,El Centro,3189
2018-11,2019,El Paso,8867
2018-11,2019,Grand Forks,28
2018-11,2019,Havre,7
2018-11,2019,Houlton,3
2018-11,2019,Laredo,2669
2018-11,2019,Miami,136
2018-11,2019,New Orleans,82
2018-11,2019,Ramey,26
2018-11,2019,Rio Grande Valley,20713
2018-11,2019,San Diego,4577
2018-11,2019,Spokane,41
2018-11,2019,Swanton,68
2018-11,2019,Tucson,5062
2018-11,2019,Yuma,4244
2018-12,2019,Big Bend,621
2018-12,2019,Blaine,48
2018-12,2019,Buffalo,19
2018-12,2019,Del Rio,2024
2018-12,2019,Detroit,119
2018-12,2019,El Centro,2718
2018-12,2019,El Paso,9450
2018-12,2019,Grand Forks,29
2018-12,2019,Havre,5
2018-12,2019,Houlton,2
2018-12,2019,Laredo,2059
2018-12,2019,Miami,149
2018-12,2019,New Orleans,60
2018-12,2019,Ramey,36
2018-12,2019,Rio Grande Valley,18372
2018-12,2019,San Diego,5816
2018-12,2019,Spokane,23
2018-12,2019,Swanton,79
2018-12,2019,Tucson,4912
2018-12,2019,Yuma,4779
2019-01,2019,Big Bend,588
2019-01,2019,Blaine,41
2019-01,2019,Buffalo,26
2019-01,2019,Del Rio,2524
2019-01,2019,Detroit,107
2019-01,2019,El Centro,2461
2019-01,2019,El Paso,9137
2019-01,2019,Grand Forks,20
2019-01,2019,Havre,8
2019-01,2019,Houlton,0
2019-01,2019,Laredo,2632
2019-01,2019,Miami,172
2019-01,2019,New Orleans,100
2019-01,2019,Ramey,32
2019-01,2019,Rio Grande Valley,17713
2019-01,2019,San Diego,4122
2019-01,2019,Spokane,57
2019-01,2019,Swanton,40
2019-01,2019,Tucson,4096
2019-01,2019,Yuma,4706
2019-02,2019,Big Bend,845
2019-02,2019,Blaine,41
2019-02,2019,Buffalo,27
2019-02,2019,Del Rio,4013
2019-02,2019,Detroit,115
2019-02,2019,El Centro,3319
2019-02,2019,El Paso,14171
2019-02,2019,Grand Forks,24
2019-02,2019,Havre,0
2019-02,2019,Houlton,0
2019-02,2019,Laredo,3123
2019-02,2019,Miami,111
2019-02,2019,New Orleans,101
2019-02,2019,Ramey,20
2019-02,2019,Rio Grande Valley,25366
2019-02,2019,San Diego,5448
2019-02,2019,Spokane,42
2019-02,2019,Swanton,58
2019-02,2019,Tucson,4911
2019-02,2019,Yuma,5687
2019-03,2019,Big Bend,942
2019-03,2019,Blaine,54
2019-03,2019,Buffalo,43
2019-03,2019,Del Rio,5563
2019-03,2019,Detroit,118
2019-03,2019,El Centro,3561
2019-03,2019,El Paso,22224
2019-03,2019,Grand Forks,36
2019-03,2019,Havre,5
2019-03,2019,Houlton,4
2019-03,2019,Laredo,4192
2019-03,2019,Miami,184
2019-03,2019,New Orleans,94
2019-03,2019,Ramey,61
2019-03,2019,Rio Grande Valley,33763
2019-03,2019,San Diego,6881
2019-03,2019,Spokane,52
2019-03,2019,Swanton,109
2019-03,2019,Tucson,7257
2019-03,2019,Yuma,8450
2019-04,2019,Big Bend,941
2019-04,2019,Blaine,35
2019-04,2019,Buffalo,33
2019-04,2019,Del Rio,5848
2019-04,2019,Detroit,102
2019-04,2019,El Centro,3386
2019-04,2019,El Paso,27073
2019-04,2019,Grand Forks,48
2019-04,2019,Havre,7
2019-04,2019,Houlton,1
2019-04,2019,Laredo,3975
2019-04,2019,Miami,191
2019-04,2019,New Orleans,132
2019-04,2019,Ramey,15
2019-04,2019,Rio Grande Valley,36727
2019-04,2019,San Diego,6197
2019-04,2019,Spokane,37
2019-04,2019,Swanton,73
2019-04,2019,Tucson,5921
2019-04,2019,Yuma,9205
2019-05,2019,Big Bend,1557
2019-05,2019,Blaine,27
2019-05,2019,Buffalo,18
2019-05,2019,Del Rio,8563
2019-05,2019,Detroit,114
2019-05,2019,El Centro,3482
2019-05,2019,El Paso,38637
2019-05,2019,Grand Forks,41
2019-05,2019,Havre,3
2019-05,2019,Houlton,0
2019-05,2019,Laredo,4115
2019-05,2019,Miami,163
2019-05,2019,New Orleans,105
2019-05,2019,Ramey,64
2019-05,2019,Rio Grande Valley,49821
2019-05,2019,San Diego,5882
2019-05,2019,Spokane,46
2019-05,2019,Swanton,104
2019-05,2019,Tucson,6875
2019-05,2019,Yuma,13924
2019-06,2019,Big Bend,628
2019-06,2019,Blaine,53
2019-06,2019,Buffalo,55
2019-06,2019,Del Rio,8085
2019-06,2019,Detroit,95
2019-06,2019,El Centro,2885
2019-06,2019,El Paso,18882
2019-06,2019,Grand Forks,43
2019-06,2019,Havre,8
2019-06,2019,Houlton,4
2019-06,2019,Laredo,3819
2019-06,2019,Miami,140
2019-06,2019,New Orleans,100
2019-06,2019,Ramey,78
2019-06,2019,Rio Grande Valley,43207
2019-06,2019,San Diego,4684
2019-06,2019,Spokane,11
2019-06,2019,Swanton,87
2019-06,2019,Tucson,5517
2019-06,2019,Yuma,7195
2019-07,2019,Big Bend,799
2019-07,2019,Blaine,49
2019-07,2019,Buffalo,93
2019-07,2019,Del Rio,6686
2019-07,2019,Detroit,79
2019-07,2019,El Centro,2214
2019-07,2019,El Paso,11594
2019-07,2019,Grand Forks,31
2019-07,2019,Havre,14
2019-07,2019,Houlton,19
2019-07,2019,Laredo,2686
2019-07,2019,Miami,165
2019-07,2019,New Orleans,87
2019-07,2019,Ramey,27
2019-07,2019,Rio Grande Valley,36854
2019-07,2019,San Diego,3458
2019-07,2019,Spokane,19
2019-07,2019,Swanton,91
2019-07,2019,Tucson,4129
2019-07,2019,Yuma,3558
2019-08,2019,Big Bend,922
2019-08,2019,Blaine,38
2019-08,2019,Buffalo,123
2019-08,2019,Del Rio,5297
2019-08,2019,Detroit,80
2019-08,2019,El Centro,2327
2019-08,2019,El Paso,8078
2019-08,2019,Grand Forks,41
2019-08,2019,Havre,5
2019-08,2019,Houlton,8
2019-08,2019,Laredo,2421
2019-08,2019,Miami,179
2019-08,2019,New Orleans,105
2019-08,2019,Ramey,106
2019-08,2019,Rio Grande Valley,22355
2019-08,2019,San Diego,3321
2019-08,2019,Spokane,30
2019-08,2019,Swanton,80
2019-08,2019,Tucson,4080
2019-08,2019,Yuma,1883
2019-09,2019,Big Bend,791
2019-09,2019,Blaine,50
2019-09,2019,Buffalo,31
2019-09,2019,Del Rio,4576
2019-09,2019,Detroit,98
2019-09,2019,El Centro,2354
2019-09,2019,El Paso,6696
2019-09,2019,Grand Forks,47
2019-09,2019,Havre,8
2019-09,2019,Houlton,9
2019-09,2019,Laredo,3239
2019-09,2019,Miami,100
2019-09,2019,New Orleans,92
2019-09,2019,Ramey,76
2019-09,2019,Rio Grande Valley,13489
2019-09,2019,San Diego,3436
2019-09,2019,Spokane,32
2019-09,2019,Swanton,119
2019-09,2019,Tucson,4902
2019-09,2019,Yuma,1024
