level,code,state,population,foreign_born,pct_foreign_born,pct_naturalized,pct_recent,pct_latin_america,pct_asia,pct_europe,pct_africa,pct_limited_english,pct_bachelors,pct_poverty,median_income,vintage
metro,10100,,41925.0,1713.0,4.09,39.46,74.66,20.9,44.6,5.37,0.76,38.12,47.08,14.06,29703.0,2024
metro,10140,,77053.0,4294.0,5.57,39.08,27.08,63.3,19.42,11.48,1.7,60.19,12.13,21.91,32032.0,2024
metro,10180,,180408.0,10829.0,6.0,43.6,43.06,53.38,23.24,8.76,10.44,36.88,25.82,19.15,30280.0,2024
metro,10220,,38235.0,940.0,2.46,44.47,42.87,41.17,25.85,13.09,13.62,25.55,39.74,11.29,43125.0,2024
metro,10300,,98415.0,2128.0,2.16,52.82,26.22,44.41,17.81,23.97,1.93,30.87,25.45,15.8,37040.0,2024
metro,10420,,699820.0,38209.0,5.46,54.75,46.3,14.48,56.41,16.83,8.99,38.92,43.28,20.19,35585.0,2024
metro,10460,,68816.0,6649.0,9.66,42.47,33.4,74.51,11.39,11.07,0.74,52.96,13.33,25.02,26240.0,2024
metro,10480,,27718.0,1347.0,4.86,36.97,17.45,72.01,15.22,7.13,3.19,59.99,15.25,14.0,30121.0,2024
metro,10500,,146018.0,3838.0,2.63,49.43,33.06,44.82,31.5,10.4,9.87,38.72,32.85,20.87,35570.0,2024
metro,10540,,130706.0,5652.0,4.32,42.04,21.78,57.5,18.79,13.41,2.95,50.02,18.44,16.46,37006.0,2024
metro,10580,,906052.0,76838.0,8.48,58.94,39.92,27.28,43.08,19.09,7.6,27.09,49.09,13.65,44810.0,2024
metro,10620,,64651.0,2833.0,4.38,45.32,31.24,59.12,26.44,8.93,0.14,47.41,21.09,14.99,34391.0,2024
metro,10660,,30623.0,1294.0,4.23,59.58,20.02,33.93,51.31,6.34,2.78,63.26,8.08,21.91,26260.0,2024
metro,10700,,99748.0,6951.0,6.97,30.43,30.48,89.34,5.93,2.62,1.41,53.19,12.18,25.35,36018.0,2024
metro,10740,,921482.0,87053.0,9.45,47.85,26.34,64.06,21.44,8.69,3.96,45.65,28.21,19.88,32317.0,2024
metro,10760,,40938.0,797.0,1.95,31.62,36.76,51.44,29.23,15.56,2.51,36.26,27.81,27.24,35833.0,2024
metro,10780,,149622.0,4386.0,2.93,35.07,47.93,49.29,34.47,8.98,5.54,44.56,25.99,20.85,34318.0,2024
metro,10820,,39575.0,577.0,1.46,70.88,37.78,21.49,42.29,17.33,9.01,33.91,24.53,25.5,34527.0,2024
metro,10860,,45793.0,2401.0,5.24,53.89,24.03,90.0,7.41,2.46,0.0,60.38,14.03,26.04,27226.0,2024
metro,10900,,873603.0,96342.0,11.03,57.75,35.43,53.78,23.99,13.81,6.81,45.12,34.12,12.55,37879.0,2024
metro,10940,,41385.0,555.0,1.34,37.84,40.36,37.12,29.37,9.73,8.11,45.05,35.8,10.78,26058.0,2024
metro,10980,,28880.0,349.0,1.21,51.0,15.76,12.03,18.34,32.95,3.72,20.34,19.41,11.75,35724.0,2024
metro,11020,,121277.0,1837.0,1.51,46.76,50.63,24.88,43.44,21.01,8.66,39.58,42.89,19.67,34436.0,2024
metro,11060,,24678.0,1571.0,6.37,47.99,29.79,67.03,17.38,11.33,2.8,47.93,11.76,10.22,35399.0,2024
metro,11100,,271917.0,24756.0,9.1,44.39,30.43,60.66,23.5,3.32,11.19,44.19,19.51,23.39,32424.0,2024
metro,11140,,33574.0,1259.0,3.75,40.83,19.3,55.6,25.73,14.61,3.02,27.88,30.54,29.52,27734.0,2024
metro,11180,,127134.0,9037.0,7.11,36.97,58.18,14.92,60.89,9.51,12.23,28.54,76.86,24.58,28616.0,2024
metro,11200,,162028.0,13680.0,8.44,54.33,42.11,19.37,44.52,22.8,8.81,25.23,58.29,14.58,25372.0,2024
metro,11220,,49528.0,1416.0,2.86,75.56,20.48,42.3,23.31,31.21,1.2,31.75,28.98,19.12,30154.0,2024
metro,11260,,401964.0,34689.0,8.63,65.67,31.55,17.97,52.2,13.64,3.34,35.38,31.45,10.0,41481.0,2024
metro,11360,,139150.0,9089.0,6.53,42.77,26.96,71.46,12.01,9.72,4.73,43.33,14.24,11.06,39019.0,2024
metro,11380,,18610.0,2568.0,13.8,38.86,21.53,94.51,1.75,1.25,1.67,61.99,10.25,10.44,52222.0,2024
metro,11420,,34726.0,716.0,2.06,40.36,34.5,42.74,10.2,31.98,10.2,33.05,37.05,9.13,44474.0,2024
metro,11460,,369822.0,48262.0,13.05,49.81,44.23,15.09,56.96,16.3,7.42,28.71,70.89,17.04,49152.0,2024
metro,11500,,116090.0,3377.0,2.91,46.4,26.15,42.94,29.26,19.48,5.54,37.87,22.37,17.82,37453.0,2024
metro,11540,,245768.0,10406.0,4.23,53.64,30.68,35.55,44.49,8.53,6.74,37.28,35.73,9.49,42283.0,2024
metro,11580,,35386.0,4819.0,13.62,36.17,25.59,90.97,0.68,3.76,1.54,53.65,6.2,28.36,34645.0,2024
metro,11620,,48555.0,1523.0,3.14,47.08,32.63,49.31,34.14,12.08,1.64,49.02,25.62,16.66,39231.0,2024
metro,11660,,21125.0,400.0,1.89,32.5,16.75,60.0,18.0,19.75,0.0,28.46,25.57,27.25,24600.0,2024
metro,11680,,34411.0,1570.0,4.56,48.66,33.76,62.55,27.64,5.35,0.0,49.43,15.1,22.14,35599.0,2024
metro,11700,,414711.0,28629.0,6.9,42.66,30.14,57.65,14.63,20.96,3.15,48.07,28.37,18.59,31624.0,2024
metro,11740,,52256.0,617.0,1.18,49.76,40.19,19.45,30.15,18.31,0.81,22.85,47.28,35.95,50917.0,2024
metro,11820,,41363.0,1826.0,4.41,45.51,31.16,50.49,17.91,22.23,2.46,38.5,26.68,25.82,48938.0,2024
metro,11860,,16208.0,338.0,2.09,48.52,37.57,53.25,18.05,19.82,8.58,40.53,20.74,39.3,,2024
metro,11900,,61737.0,2299.0,3.72,34.41,70.55,8.96,59.63,13.53,14.7,30.67,78.85,31.9,22708.0,2024
metro,11940,,68227.0,1545.0,2.26,52.49,20.84,49.45,31.13,14.24,1.94,39.73,18.15,2.06,26514.0,2024
metro,11980,,84862.0,4656.0,5.49,41.69,18.77,72.42,12.84,9.97,1.44,49.56,13.14,15.52,32706.0,2024
metro,12020,,220197.0,17923.0,8.14,38.1,42.96,47.04,33.48,8.78,7.49,39.0,45.58,20.52,34952.0,2024
metro,12060,,6256377.0,950509.0,15.19,50.03,35.87,45.8,32.52,7.26,12.63,39.28,42.09,11.26,42127.0,2024
metro,12100,,371211.0,48249.0,13.0,56.52,30.91,45.98,34.59,13.27,4.92,52.69,27.47,16.88,31439.0,2024
metro,12140,,43807.0,662.0,1.51,65.41,29.0,27.79,32.78,14.65,17.82,21.0,20.89,3.34,32214.0,2024
metro,12180,,75102.0,1946.0,2.59,51.85,35.77,38.69,19.12,27.85,5.24,44.81,33.04,20.14,35256.0,2024
metro,12220,,199825.0,13050.0,6.53,30.35,56.7,34.44,48.0,11.06,4.93,47.32,55.7,15.73,36561.0,2024
metro,12260,,624181.0,27579.0,4.42,53.93,35.43,43.38,33.01,14.73,5.31,33.57,38.01,12.53,36238.0,2024
metro,12300,,126808.0,3096.0,2.44,56.14,38.44,12.02,35.27,23.58,6.27,21.54,46.52,12.93,34753.0,2024
metro,12380,,40343.0,4916.0,12.19,44.71,47.13,47.93,34.07,8.58,9.3,63.58,9.78,18.87,42877.0,2024
metro,12420,,2426592.0,396199.0,16.33,42.05,41.0,50.29,33.71,8.45,5.26,41.67,47.18,12.35,48472.0,2024
metro,12460,,29195.0,1083.0,3.71,30.66,13.57,78.95,12.65,4.99,3.42,51.8,16.88,10.73,36546.0,2024
metro,12520,,16840.0,332.0,1.97,71.99,38.55,37.35,5.12,18.07,29.82,18.07,14.89,22.92,20714.0,2024
metro,12540,,915075.0,185151.0,20.23,40.61,19.51,77.64,17.72,2.04,1.35,58.29,13.66,18.95,27891.0,2024
metro,12580,,2849436.0,330199.0,11.59,58.98,35.25,30.82,38.42,10.35,19.0,32.35,49.8,11.15,48025.0,2024
metro,12620,,154710.0,5190.0,3.35,50.44,36.76,14.22,24.39,16.59,10.02,15.08,49.1,10.15,40065.0,2024
metro,12660,,66009.0,2570.0,3.89,43.11,40.51,63.85,8.79,22.26,0.93,38.19,24.81,12.3,33220.0,2024
metro,12700,,231668.0,22931.0,9.9,54.39,39.25,55.24,12.08,23.95,4.16,30.47,37.68,10.02,44968.0,2024
metro,12740,,60017.0,1928.0,3.21,63.95,34.54,17.58,23.76,31.17,0.73,12.4,52.16,8.54,46887.0,2024
metro,12780,,53326.0,1889.0,3.54,52.94,36.16,40.07,42.77,11.43,2.49,38.54,36.55,16.99,33478.0,2024
metro,12860,,57787.0,1554.0,2.69,60.23,17.18,41.89,17.37,36.36,1.8,37.58,19.37,14.81,41523.0,2024
metro,12900,,38175.0,1516.0,3.97,28.63,6.79,71.17,11.74,11.61,0.0,54.55,10.34,35.19,31197.0,2024
metro,12940,,875313.0,46944.0,5.36,35.4,52.99,54.44,32.97,5.56,5.27,55.07,34.3,20.26,34748.0,2024
metro,12980,,133778.0,5502.0,4.11,45.38,39.95,30.95,51.45,12.54,1.96,46.55,27.6,7.94,33679.0,2024
metro,13020,,103008.0,1288.0,1.25,66.61,22.05,19.95,35.4,28.34,8.39,31.06,39.33,11.87,38590.0,2024
metro,13060,,36329.0,4282.0,11.79,29.99,40.66,72.89,12.75,9.41,4.55,62.34,17.85,16.12,31631.0,2024
metro,13100,,21629.0,289.0,1.34,81.66,24.57,60.9,28.37,10.73,0.0,59.86,7.61,2.08,49850.0,2024
metro,13140,,396827.0,34833.0,8.78,40.01,33.64,71.39,21.56,3.53,2.57,55.86,17.79,22.52,31823.0,2024
metro,13180,,88742.0,2173.0,2.45,42.38,40.31,56.7,19.05,20.43,1.7,50.93,17.76,11.25,39601.0,2024
metro,13220,,112714.0,1207.0,1.07,54.18,52.03,19.06,46.56,13.5,16.9,21.93,56.61,16.38,31140.0,2024
metro,13260,,45102.0,546.0,1.21,63.74,20.88,46.34,41.58,8.42,2.75,45.24,45.85,9.89,32415.0,2024
metro,13300,,31083.0,1388.0,4.47,41.21,26.66,83.79,10.01,1.66,2.59,55.55,13.07,26.39,15383.0,2024
metro,13340,,46089.0,728.0,1.58,47.66,22.25,32.69,33.24,22.39,6.59,33.79,35.69,0.41,49223.0,2024
metro,13380,,230503.0,22902.0,9.94,55.93,25.18,25.1,33.43,14.92,1.89,26.15,33.06,13.03,41290.0,2024
metro,13420,,46512.0,669.0,1.44,53.96,38.12,12.56,28.85,8.97,30.79,23.02,43.2,11.03,38452.0,2024
metro,13460,,257814.0,12701.0,4.93,45.53,27.3,52.91,13.9,20.84,2.54,35.8,31.22,9.88,40427.0,2024
metro,13540,,37269.0,1014.0,2.72,63.91,32.94,17.75,33.04,34.91,7.59,18.85,60.41,17.71,53438.0,2024
metro,13660,,41242.0,837.0,2.03,45.64,37.04,32.38,26.64,23.3,1.31,22.1,36.01,35.83,29583.0,2024
metro,13700,,32290.0,3173.0,9.83,19.63,38.64,86.86,7.22,4.0,0.95,68.93,11.45,16.73,31740.0,2024
metro,13740,,189255.0,3434.0,1.81,48.34,32.35,17.12,25.48,30.29,11.01,25.42,35.5,15.34,35278.0,2024
metro,13780,,245242.0,14598.0,5.95,53.18,37.68,23.57,50.6,16.96,5.42,33.34,42.93,23.34,30762.0,2024
metro,13820,,1184613.0,53481.0,4.51,37.22,38.99,56.59,26.32,7.19,7.25,46.14,33.55,16.92,38044.0,2024
metro,13860,,18739.0,1483.0,7.91,40.53,21.17,61.56,14.16,10.52,0.0,21.4,20.38,14.51,33508.0,2024
metro,13900,,136216.0,3736.0,2.74,40.23,57.31,16.68,27.62,18.15,25.21,24.06,39.23,24.29,33610.0,2024
metro,13940,,49664.0,2814.0,5.67,45.2,8.42,86.57,2.45,5.47,0.36,59.1,6.23,9.83,39428.0,2024
metro,13980,,181664.0,11019.0,6.07,37.42,54.19,19.24,51.74,16.26,8.61,21.0,64.6,24.81,34893.0,2024
metro,14010,,171556.0,13043.0,7.6,39.83,47.39,23.51,53.21,6.87,14.67,28.54,57.66,16.34,57352.0,2024
metro,14020,,162569.0,12232.0,7.52,37.29,58.2,17.47,60.08,14.95,4.73,28.38,71.13,27.17,32415.0,2024
metro,14100,,65362.0,1811.0,2.77,68.8,28.66,41.97,23.52,32.3,0.28,19.6,48.97,6.68,34895.0,2024
metro,14140,,98187.0,869.0,0.89,68.24,16.0,19.1,36.48,34.41,1.84,15.65,42.98,26.49,32083.0,2024
metro,14180,,39126.0,979.0,2.5,38.3,46.27,63.33,17.98,3.68,13.48,45.86,25.0,21.65,26049.0,2024
metro,14220,,45120.0,293.0,0.65,54.27,30.38,56.31,20.82,0.34,0.0,41.3,13.91,38.19,28147.0,2024
metro,14260,,811115.0,56785.0,7.0,48.91,31.96,48.95,23.26,17.14,5.58,46.34,26.42,13.66,37298.0,2024
metro,14300,,37326.0,1839.0,4.93,40.67,25.56,81.29,9.95,4.89,0.0,51.39,10.65,5.47,40557.0,2024
metro,14380,,55123.0,1906.0,3.46,39.03,35.62,54.14,18.1,19.05,1.68,41.82,50.77,21.63,26890.0,2024
metro,14420,,20184.0,1387.0,6.87,41.53,15.72,92.57,2.45,3.24,0.22,51.26,4.86,30.41,21599.0,2024
metro,14460,,4953354.0,991133.0,20.01,53.52,39.89,41.0,32.45,15.02,9.08,42.91,44.25,12.63,47042.0,2024
metro,14500,,328961.0,33259.0,10.11,52.14,33.58,31.04,34.25,25.96,2.57,26.07,57.72,10.62,50704.0,2024
metro,14540,,186959.0,15313.0,8.19,37.05,55.78,26.77,38.07,15.73,14.09,65.23,15.81,27.78,32394.0,2024
metro,14580,,124074.0,5075.0,4.09,47.8,36.37,29.48,24.75,31.41,3.13,20.21,48.34,8.21,39883.0,2024
metro,14620,,39904.0,601.0,1.51,42.76,25.12,42.6,32.28,16.81,4.99,28.79,29.56,21.13,37500.0,2024
metro,14660,,98678.0,1317.0,1.33,67.2,23.01,13.14,24.91,36.37,6.45,18.08,31.19,17.31,33287.0,2024
metro,14700,,56529.0,1812.0,3.21,52.26,37.97,50.72,24.61,19.04,4.75,45.81,28.66,12.47,27733.0,2024
metro,14710,,45923.0,1333.0,2.9,65.12,23.41,17.7,24.08,45.84,3.6,7.65,55.9,7.88,38860.0,2024
metro,14720,,38397.0,3565.0,9.28,24.96,43.81,74.03,9.93,6.68,0.42,48.28,30.01,19.03,46689.0,2024
metro,14740,,277881.0,19923.0,7.17,60.86,27.22,23.28,49.41,16.27,2.72,29.02,38.15,7.5,42346.0,2024
metro,14780,,36647.0,2631.0,7.18,49.94,39.07,68.03,19.46,10.15,0.72,49.33,27.33,11.52,31887.0,2024
metro,14820,,33691.0,1435.0,4.26,41.46,45.57,56.38,14.56,23.21,3.83,24.79,32.94,28.18,32441.0,2024
metro,14860,,956330.0,223132.0,23.33,50.8,31.45,59.78,17.27,17.72,3.14,44.59,36.31,11.48,42495.0,2024
metro,14940,,66014.0,2187.0,3.31,40.92,33.1,73.21,4.12,11.02,1.65,52.63,19.97,12.32,35761.0,2024
metro,15020,,34877.0,279.0,0.8,58.42,30.47,9.32,54.48,31.54,0.0,34.77,32.79,9.78,,2024
metro,15060,,23381.0,1378.0,5.89,71.04,10.09,31.28,16.33,42.31,2.76,18.8,16.9,4.51,33922.0,2024
metro,15100,,35353.0,2184.0,6.18,27.01,68.41,17.08,46.25,18.82,14.97,17.99,77.37,24.16,23487.0,2024
metro,15180,,426120.0,98730.0,23.17,38.68,23.91,95.36,2.66,1.17,0.17,65.78,16.17,30.14,21658.0,2024
metro,15220,,38347.0,1553.0,4.05,45.52,22.86,78.04,8.56,5.28,0.64,44.8,15.53,15.76,26986.0,2024
metro,15260,,115074.0,5829.0,5.07,49.56,32.08,53.17,21.51,17.46,2.61,38.55,32.14,20.24,29577.0,2024
metro,15340,,41711.0,515.0,1.23,31.07,61.94,18.25,69.32,8.93,2.14,59.03,23.31,8.41,39531.0,2024
metro,15380,,1161343.0,80407.0,6.92,58.88,44.68,14.47,51.23,17.44,9.51,37.54,39.32,22.89,33170.0,2024
metro,15420,,47691.0,5239.0,10.99,41.42,22.87,92.54,1.55,3.95,0.78,60.88,5.43,20.94,40826.0,2024
metro,15460,,44680.0,936.0,2.09,35.9,73.61,27.03,44.44,14.74,6.09,36.97,46.24,7.38,55094.0,2024
metro,15500,,176893.0,16841.0,9.52,39.07,31.09,70.98,14.92,5.99,6.6,49.77,21.19,14.65,33673.0,2024
metro,15540,,227846.0,14738.0,6.47,66.14,38.88,9.29,42.81,23.14,9.49,24.82,51.48,11.16,50682.0,2024
metro,15580,,35785.0,439.0,1.23,54.44,51.48,1.37,67.88,22.1,1.37,29.61,18.98,7.73,55781.0,2024
metro,15620,,49284.0,859.0,1.74,53.9,34.46,30.5,20.72,34.34,7.57,36.9,20.31,9.74,37137.0,2024
metro,15660,,59100.0,4675.0,7.91,45.24,18.01,82.33,10.18,2.48,1.88,55.61,18.25,17.04,41364.0,2024
metro,15700,,32754.0,1468.0,4.48,40.94,28.61,59.6,19.14,11.72,9.33,39.1,19.07,14.14,35236.0,2024
metro,15740,,38223.0,328.0,0.86,46.65,16.77,33.54,48.48,14.94,0.0,11.28,24.21,6.4,,2024
metro,15780,,26789.0,247.0,0.92,41.3,15.38,72.87,12.15,8.5,3.64,34.01,19.34,8.23,28819.0,2024
metro,15820,,37766.0,405.0,1.07,43.95,37.28,21.73,29.38,15.8,27.9,4.94,44.24,23.4,38950.0,2024
metro,15860,,49634.0,1134.0,2.28,49.38,18.78,36.24,17.81,30.69,8.38,35.98,18.17,15.94,30053.0,2024
metro,15900,,33020.0,391.0,1.18,40.66,26.09,65.22,21.99,12.28,0.51,33.5,14.66,6.2,16091.0,2024
metro,15940,,400372.0,8142.0,2.03,56.15,31.85,22.25,34.4,29.4,5.66,28.28,33.0,13.54,33878.0,2024
metro,15980,,817666.0,154309.0,18.87,49.22,40.58,76.2,7.38,10.46,1.14,50.15,22.37,15.89,32801.0,2024
metro,16020,,98169.0,2114.0,2.15,32.78,53.31,12.72,48.3,21.95,8.94,39.43,51.38,13.59,37011.0,2024
metro,16060,,53064.0,3012.0,5.68,32.97,58.73,19.56,63.15,11.92,3.15,31.26,68.46,34.15,23683.0,2024
metro,16100,,61105.0,4683.0,7.66,32.84,39.23,88.64,5.77,3.48,1.39,60.78,13.77,15.3,35924.0,2024
metro,16140,,20594.0,323.0,1.57,47.99,50.46,78.02,11.46,0.93,0.62,26.01,9.21,0.32,54375.0,2024
metro,16180,,58384.0,7274.0,12.46,48.25,24.7,75.06,15.77,6.23,0.04,44.84,12.88,8.86,34187.0,2024
metro,16220,,79977.0,1849.0,2.31,57.71,25.58,45.05,20.44,19.2,2.38,32.07,32.72,8.13,37007.0,2024
metro,16260,,62252.0,2705.0,4.35,49.28,44.29,61.15,13.6,13.23,2.33,35.53,37.28,14.17,30372.0,2024
metro,16300,,276624.0,13395.0,4.84,54.22,51.93,20.52,39.37,7.92,30.4,37.93,39.2,12.74,40836.0,2024
metro,16340,,43785.0,2686.0,6.13,21.11,21.59,83.51,12.99,2.23,1.27,56.66,6.02,21.94,35180.0,2024
metro,16380,,42484.0,738.0,1.74,21.95,35.5,58.67,26.56,6.37,0.0,11.11,60.85,4.65,43194.0,2024
metro,16460,,37000.0,551.0,1.49,51.0,33.76,46.1,34.3,17.42,1.27,47.55,30.7,4.74,43060.0,2024
metro,16500,,85154.0,4526.0,5.32,44.87,20.79,58.48,19.07,11.89,1.57,43.7,23.95,13.78,31398.0,2024
metro,16540,,157379.0,5868.0,3.73,45.62,43.22,58.08,17.81,14.43,6.03,38.43,23.9,8.63,41651.0,2024
metro,16580,,238842.0,30293.0,12.68,32.63,58.5,21.78,55.72,8.86,11.9,39.42,62.41,27.77,35206.0,2024
metro,16620,,205398.0,3629.0,1.77,58.83,38.47,21.63,50.65,15.79,3.09,12.95,71.37,7.23,49479.0,2024
metro,16660,,46777.0,1298.0,2.77,54.85,54.85,28.35,44.99,19.57,5.08,24.73,33.99,15.57,36375.0,2024
metro,16700,,834267.0,54075.0,6.48,45.23,43.22,50.67,24.2,16.3,4.91,40.44,38.04,13.26,40370.0,2024
metro,16740,,2768407.0,328237.0,11.86,40.89,41.61,51.67,27.8,10.11,8.33,45.99,38.19,13.18,40822.0,2024
metro,16820,,224335.0,19865.0,8.86,44.28,43.47,32.22,41.69,17.13,4.92,34.87,52.26,15.61,40859.0,2024
metro,16860,,575812.0,28814.0,5.0,38.61,43.14,55.94,23.96,11.15,6.42,51.39,33.11,18.46,35018.0,2024
metro,16940,,101060.0,3313.0,3.28,60.16,21.76,45.0,23.27,22.12,4.11,30.0,36.69,10.08,42750.0,2024
metro,16980,,9371595.0,1744561.0,18.62,53.21,25.64,44.89,29.6,20.21,4.05,47.96,35.52,12.08,41565.0,2024
metro,17020,,207929.0,17789.0,8.56,51.21,26.33,47.97,35.09,11.24,1.22,49.14,26.82,22.37,31316.0,2024
metro,17060,,76492.0,766.0,1.0,60.44,36.42,22.06,47.91,17.1,12.92,29.77,37.34,7.55,44877.0,2024
metro,17140,,2270706.0,131454.0,5.79,45.99,48.41,27.57,41.49,12.16,15.4,38.92,48.23,12.7,44879.0,2024
metro,17220,,89182.0,971.0,1.09,68.8,24.82,19.36,47.06,17.92,10.81,17.71,55.01,13.98,36009.0,2024
metro,17260,,20540.0,367.0,1.79,5.45,89.37,86.38,11.72,0.0,1.91,91.83,0.0,54.77,,2024
metro,17300,,334564.0,18993.0,5.68,48.08,37.25,38.19,28.56,13.4,13.13,29.89,30.31,8.55,40404.0,2024
metro,17340,,68152.0,6733.0,9.88,43.28,23.75,74.41,12.15,9.07,0.83,46.26,13.01,17.5,33959.0,2024
metro,17380,,29534.0,504.0,1.71,50.4,36.31,20.63,43.25,17.66,18.45,32.52,52.28,2.56,31500.0,2024
metro,17410,,2171526.0,128590.0,5.92,62.64,35.36,18.03,36.86,33.66,8.69,36.38,44.34,14.75,40839.0,2024
metro,17420,,128963.0,6725.0,5.21,50.53,35.97,51.17,20.09,19.26,5.09,48.42,29.77,15.43,34498.0,2024
metro,17500,,54945.0,14108.0,25.68,40.95,28.58,93.78,3.84,1.73,0.0,58.4,9.37,28.0,28093.0,2024
metro,17540,,46268.0,936.0,2.02,67.84,33.23,27.67,34.62,16.99,19.12,29.17,34.29,18.7,48655.0,2024
metro,17580,,66566.0,6317.0,9.49,32.91,28.75,86.86,8.79,2.87,0.89,43.38,8.8,18.28,37910.0,2024
metro,17650,,30449.0,555.0,1.82,67.03,29.55,29.73,14.23,23.6,6.13,12.25,31.44,23.64,27128.0,2024
metro,17660,,181996.0,4108.0,2.26,67.58,17.33,17.58,26.44,31.99,4.53,17.36,33.39,10.97,35910.0,2024
metro,17740,,45300.0,1779.0,3.93,40.02,43.45,55.31,36.93,5.23,0.11,61.32,22.87,31.15,34535.0,2024
metro,17780,,278335.0,33141.0,11.91,34.67,45.17,56.87,32.31,5.56,3.7,44.37,40.84,20.26,35089.0,2024
metro,17820,,767824.0,54058.0,7.04,57.7,29.93,41.45,26.02,21.03,6.78,29.86,35.01,9.7,41598.0,2024
metro,17860,,215014.0,12284.0,5.71,49.82,49.7,19.11,60.71,7.39,11.84,31.26,65.36,16.52,45457.0,2024
metro,17900,,849181.0,49166.0,5.79,45.7,41.08,47.32,31.81,11.98,6.14,37.01,39.11,14.81,36426.0,2024
metro,17980,,325615.0,13979.0,4.29,58.72,31.84,43.31,33.32,14.76,6.11,32.16,35.47,17.64,38810.0,2024
metro,18020,,83536.0,9326.0,11.16,25.68,56.74,33.08,55.66,5.33,4.98,28.93,60.46,9.68,64626.0,2024
metro,18060,,67863.0,1442.0,2.12,45.7,54.51,18.93,45.56,15.19,13.94,24.47,44.72,5.92,45047.0,2024
metro,18100,,45357.0,7325.0,16.15,30.02,52.57,91.88,1.47,1.01,5.46,72.78,6.54,16.66,40274.0,2024
metro,18140,,2175788.0,217546.0,10.0,50.73,47.51,23.04,39.79,7.59,27.5,40.26,41.9,15.91,40329.0,2024
metro,18180,,155967.0,6789.0,4.35,67.09,27.07,10.46,24.82,33.01,17.91,23.3,40.73,7.16,41944.0,2024
metro,18220,,23334.0,366.0,1.57,52.19,35.25,66.39,4.64,21.04,6.28,57.65,16.67,15.3,50148.0,2024
metro,18260,,145812.0,5206.0,3.57,43.08,39.09,59.7,19.67,9.26,7.61,33.82,27.39,34.88,32274.0,2024
metro,18300,,64827.0,2565.0,3.96,53.1,28.69,45.42,20.31,17.78,2.46,29.71,18.89,12.26,30976.0,2024
metro,18340,,149689.0,1356.0,0.91,48.45,38.05,38.35,36.65,13.86,5.46,36.8,12.35,27.23,22138.0,2024
metro,18380,,19790.0,616.0,3.11,51.95,37.99,71.43,21.1,7.47,0.0,38.47,28.0,7.39,39531.0,2024
metro,18420,,34289.0,992.0,2.89,27.02,56.65,72.58,19.46,6.55,0.2,44.96,15.75,3.94,24778.0,2024
metro,18460,,47793.0,4477.0,9.37,26.62,30.06,75.14,18.72,4.4,1.01,58.61,12.67,23.3,34186.0,2024
metro,18500,,92588.0,2877.0,3.11,53.95,36.5,12.69,43.97,29.09,6.78,27.12,61.04,7.72,51523.0,2024
metro,18580,,448012.0,35966.0,8.03,39.13,33.97,71.98,18.82,5.96,1.47,41.09,25.04,15.52,32147.0,2024
metro,18620,,54711.0,7042.0,12.87,35.74,15.78,88.37,5.04,1.35,0.27,58.12,7.08,16.25,30804.0,2024
metro,18660,,46246.0,1313.0,2.84,70.91,24.83,24.75,28.1,30.24,8.99,24.54,46.71,26.08,31503.0,2024
metro,18700,,96303.0,9567.0,9.93,40.56,45.6,21.76,51.17,17.92,3.26,32.93,59.41,29.03,32719.0,2024
metro,18740,,36744.0,173.0,0.47,53.18,42.2,0.0,61.27,23.7,0.0,26.01,57.58,40.59,20139.0,2024
metro,18820,,38312.0,1261.0,3.29,39.89,25.3,68.12,14.75,8.64,7.61,45.52,29.53,21.1,44129.0,2024
metro,18860,,27107.0,1851.0,6.83,52.19,25.88,54.24,28.96,8.21,2.32,51.39,25.69,11.71,38068.0,2024
metro,18880,,299547.0,26063.0,8.7,48.33,41.2,50.54,22.11,22.81,1.43,39.91,28.34,13.1,34940.0,2024
metro,18900,,63553.0,1681.0,2.65,54.13,45.45,42.65,25.22,20.05,3.21,42.71,14.02,21.95,33106.0,2024
metro,18980,,90566.0,2044.0,2.26,33.17,24.32,77.89,8.12,8.56,0.0,49.45,18.92,16.06,37270.0,2024
metro,19060,,94306.0,1523.0,1.61,54.76,29.81,24.29,44.71,22.78,3.48,30.78,36.09,23.33,34138.0,2024
metro,19100,,7985590.0,1550131.0,19.41,41.71,37.2,53.0,32.3,4.29,8.99,47.83,35.8,12.46,40463.0,2024
metro,19140,,144160.0,21978.0,15.25,38.11,23.44,92.19,5.11,0.77,0.74,63.25,11.06,18.04,33717.0,2024
metro,19180,,72386.0,1300.0,1.8,73.08,24.31,48.77,33.85,11.77,1.38,60.92,27.97,14.23,40237.0,2024
metro,19220,,55445.0,947.0,1.71,49.52,41.82,51.53,23.13,17.0,2.96,34.95,35.43,34.08,25813.0,2024
metro,19260,,102070.0,2486.0,2.44,40.63,43.4,62.31,26.19,7.64,3.38,50.51,21.79,12.86,38361.0,2024
metro,19300,,246989.0,10220.0,4.14,46.88,41.47,51.56,19.08,20.07,2.86,34.99,34.19,15.08,39071.0,2024
metro,19340,,381503.0,21781.0,5.71,50.64,37.87,33.59,32.89,7.39,24.13,47.88,33.88,19.43,38757.0,2024
metro,19430,,816080.0,39699.0,4.86,53.67,41.95,21.19,45.54,15.13,15.15,35.38,42.01,18.76,37723.0,2024
metro,19460,,157747.0,7314.0,4.64,26.14,35.82,75.66,17.35,3.96,1.05,59.51,10.91,19.15,31214.0,2024
metro,19500,,101849.0,2799.0,2.75,47.27,35.48,30.55,42.27,18.51,7.04,35.4,35.12,13.68,43804.0,2024
metro,19540,,36227.0,574.0,1.58,40.77,51.39,35.19,47.74,5.23,0.0,46.51,19.16,32.93,26445.0,2024
metro,19580,,38343.0,364.0,0.95,46.98,54.67,65.11,17.31,14.84,0.0,52.75,26.06,29.67,36520.0,2024
metro,19620,,47741.0,9490.0,19.88,50.82,25.66,94.06,2.21,1.91,1.82,62.16,14.62,20.4,27347.0,2024
metro,19660,,706150.0,67289.0,9.53,63.61,27.15,48.71,18.64,22.63,3.91,27.05,33.59,13.24,33558.0,2024
metro,19700,,25611.0,4139.0,16.16,43.42,21.53,93.94,4.52,1.55,0.0,72.72,4.65,34.29,17568.0,2024
metro,19740,,3002721.0,374111.0,12.46,46.93,33.21,50.11,25.25,11.79,9.63,45.35,33.78,12.2,44240.0,2024
metro,19760,,36676.0,399.0,1.09,63.91,14.54,32.58,39.35,24.06,0.25,33.33,10.78,11.31,29464.0,2024
metro,19780,,731120.0,64379.0,8.81,47.06,42.0,32.83,35.75,10.35,19.68,49.35,28.87,16.37,38778.0,2024
metro,19810,,35343.0,408.0,1.15,55.15,20.59,14.46,29.17,20.34,9.56,18.87,26.22,24.23,18969.0,2024
metro,19820,,4376828.0,467634.0,10.68,61.0,37.7,14.23,58.89,17.8,4.17,40.45,44.83,15.48,41397.0,2024
metro,19860,,38366.0,1484.0,3.87,42.52,43.33,36.52,22.51,13.48,25.07,38.47,42.93,14.54,58651.0,2024
metro,19940,,33869.0,758.0,2.24,37.47,29.55,48.55,29.82,19.26,1.32,49.21,40.18,8.33,38445.0,2024
metro,19980,,34074.0,8537.0,25.05,30.97,34.13,92.96,2.76,0.76,3.5,74.56,6.08,20.47,40965.0,2024
metro,20020,,152674.0,4071.0,2.67,41.66,34.73,63.01,25.55,8.33,1.5,35.57,28.99,21.06,32490.0,2024
metro,20060,,51684.0,4190.0,8.11,24.92,31.36,91.19,5.73,2.39,0.31,58.74,5.9,27.16,30532.0,2024
metro,20100,,187604.0,13883.0,7.4,62.16,34.07,37.2,25.61,10.89,24.03,35.75,38.25,8.52,41157.0,2024
metro,20140,,58988.0,1671.0,2.83,30.22,60.62,35.37,25.31,32.79,1.5,37.17,31.71,23.74,35903.0,2024
metro,20180,,78635.0,1544.0,1.96,30.31,28.04,44.43,24.94,20.79,4.86,37.81,16.91,23.7,21968.0,2024
metro,20220,,99030.0,3252.0,3.28,36.22,42.44,24.85,36.19,17.13,6.27,32.39,33.68,14.64,38297.0,2024
metro,20260,,280870.0,5331.0,1.9,55.28,31.93,19.88,33.0,22.38,14.09,30.56,39.71,15.35,33446.0,2024
metro,20300,,21373.0,6428.0,30.08,22.29,40.59,80.2,7.22,0.23,11.43,72.55,8.09,24.83,36087.0,2024
metro,20340,,43551.0,1166.0,2.68,48.71,29.93,60.38,19.81,9.95,5.49,55.15,16.94,28.02,23608.0,2024
metro,20420,,56331.0,1748.0,3.1,53.26,34.44,42.79,11.96,21.8,2.4,14.01,37.25,10.71,46800.0,2024
metro,20460,,48253.0,1243.0,2.58,30.17,30.17,65.25,20.11,10.06,1.29,39.66,20.22,16.48,36292.0,2024
metro,20500,,601724.0,80193.0,13.33,40.0,39.7,49.03,28.57,10.95,8.92,44.1,47.17,15.67,41356.0,2024
metro,20540,,36508.0,744.0,2.04,40.32,16.94,64.11,20.03,5.78,10.08,49.33,23.66,8.2,,2024
metro,20580,,58082.0,17638.0,30.37,46.41,24.67,98.75,0.95,0.05,0.0,74.13,13.61,25.16,23202.0,2024
metro,20660,,37917.0,3023.0,7.97,43.6,32.85,60.87,13.83,21.83,1.72,46.96,33.74,9.47,47326.0,2024
metro,20700,,167515.0,18819.0,11.23,73.8,16.02,50.26,17.45,25.2,6.18,31.18,27.28,10.09,41220.0,2024
metro,20740,,173915.0,4529.0,2.6,53.32,34.93,28.79,49.26,10.97,7.09,35.98,34.28,17.84,35422.0,2024
metro,20780,,55135.0,9051.0,16.42,46.99,21.7,76.99,6.52,9.62,3.18,46.17,27.9,9.74,42157.0,2024
metro,20820,,44856.0,581.0,1.3,45.61,44.06,49.91,26.16,13.43,1.55,49.57,34.57,11.38,35781.0,2024
metro,20900,,41794.0,3563.0,8.53,39.69,28.63,91.97,2.5,1.18,3.14,62.76,5.98,18.15,38147.0,2024
metro,20940,,180202.0,56995.0,31.63,52.9,25.7,96.49,2.72,0.26,0.34,69.11,13.95,18.24,23252.0,2024
metro,20980,,37900.0,1137.0,3.0,44.33,19.35,58.05,18.29,17.59,2.55,38.7,19.21,22.57,26544.0,2024
metro,21020,,40834.0,1063.0,2.6,54.56,35.47,41.11,37.44,12.42,6.96,40.73,32.25,2.2,38118.0,2024
metro,21060,,127049.0,5086.0,4.0,55.31,32.15,28.04,38.32,29.04,1.65,31.2,24.09,12.34,33417.0,2024
metro,21120,,22148.0,819.0,3.7,35.53,20.15,63.74,25.03,8.3,0.0,33.58,26.77,4.7,50348.0,2024
metro,21140,,207132.0,20001.0,9.66,37.15,32.69,81.9,7.14,5.64,3.27,49.79,15.78,15.26,38801.0,2024
metro,21180,,27576.0,130.0,0.47,80.77,25.38,42.31,0.77,50.77,0.0,20.77,65.05,0.0,60327.0,2024
metro,21220,,55632.0,4637.0,8.34,40.0,24.71,79.12,9.96,4.38,1.96,42.78,19.29,6.31,33278.0,2024
metro,21260,,47172.0,2268.0,4.81,45.24,29.1,54.98,19.93,12.04,3.09,25.86,22.14,22.29,38726.0,2024
metro,21300,,82147.0,2866.0,3.49,53.59,29.13,29.9,37.3,18.49,3.98,32.94,47.07,12.1,43200.0,2024
metro,21340,,874182.0,202154.0,23.12,53.18,22.99,92.22,3.8,2.15,1.2,62.52,19.14,23.17,23489.0,2024
metro,21380,,34747.0,3635.0,10.46,33.56,26.16,81.98,14.42,2.23,0.96,56.78,13.23,9.73,35162.0,2024
metro,21420,,62146.0,3934.0,6.33,36.27,30.53,55.39,12.46,1.86,1.09,57.51,4.51,9.69,34498.0,2024
metro,21460,,54920.0,2545.0,4.63,40.98,35.36,52.61,16.58,25.3,0.24,46.44,11.68,19.86,27889.0,2024
metro,21500,,269052.0,13084.0,4.86,54.58,49.42,11.16,44.89,28.1,13.15,40.1,36.11,21.47,31954.0,2024
metro,21540,,36813.0,354.0,0.96,55.08,42.66,9.89,44.63,39.27,2.26,30.51,30.92,32.11,36298.0,2024
metro,21580,,40070.0,2505.0,6.25,25.31,26.47,85.39,8.02,5.11,1.0,57.66,12.08,20.28,26087.0,2024
metro,21640,,26907.0,804.0,2.99,25.5,43.16,75.75,15.92,5.22,0.37,44.28,6.23,25.26,29375.0,2024
metro,21660,,384207.0,20842.0,5.42,50.19,28.8,40.69,31.01,15.71,5.05,34.18,37.64,15.0,36333.0,2024
metro,21700,,134541.0,8284.0,6.16,56.75,20.01,44.66,30.72,18.29,1.42,43.49,28.42,21.37,32160.0,2024
metro,21740,,23275.0,543.0,2.33,57.27,27.26,81.03,9.02,5.34,1.1,42.7,26.74,17.13,62125.0,2024
metro,21780,,270494.0,8753.0,3.24,43.64,43.2,42.81,35.86,8.81,2.92,35.1,34.96,12.79,33989.0,2024
metro,21820,,95460.0,5347.0,5.6,55.0,41.11,16.21,38.73,19.69,14.08,23.92,38.99,6.66,42955.0,2024
metro,21860,,19780.0,489.0,2.47,35.38,39.67,68.1,18.81,6.54,6.34,56.49,39.25,17.15,42628.0,2024
metro,21900,,55909.0,475.0,0.85,37.26,37.89,26.53,36.84,33.26,3.37,6.74,29.5,10.31,39167.0,2024
metro,21980,,25805.0,1372.0,5.32,72.38,20.12,53.57,33.6,5.17,0.0,19.61,14.14,1.92,37424.0,2024
metro,22020,,259459.0,17650.0,6.8,44.17,59.74,7.68,37.94,6.41,44.86,28.41,45.15,20.09,36554.0,2024
metro,22060,,67917.0,5875.0,8.65,36.22,61.94,39.81,13.07,4.56,41.14,55.03,15.58,20.08,34614.0,2024
metro,22100,,66999.0,1014.0,1.51,50.3,40.24,15.38,22.78,28.21,29.78,7.99,22.57,44.8,,2024
metro,22140,,120942.0,3692.0,3.05,42.66,21.7,70.1,20.48,6.64,1.33,52.88,24.81,16.99,34401.0,2024
metro,22180,,392380.0,26371.0,6.72,53.81,39.49,50.28,25.79,12.11,9.85,31.28,32.18,16.16,33819.0,2024
metro,22190,,35946.0,753.0,2.09,53.39,18.46,36.39,20.58,30.28,2.92,24.57,11.22,26.72,25104.0,2024
metro,22220,,577726.0,70790.0,12.25,30.2,37.99,63.87,20.15,3.98,2.43,48.1,26.31,10.5,38505.0,2024
metro,22260,,60475.0,1822.0,3.01,53.18,43.41,61.2,14.82,9.71,10.32,55.34,21.36,32.69,32911.0,2024
metro,22300,,74866.0,2505.0,3.35,38.04,50.94,21.12,52.46,13.45,9.1,37.17,50.7,12.45,50455.0,2024
metro,22340,,17089.0,468.0,2.74,20.73,32.48,62.18,28.63,5.98,3.21,44.87,11.61,9.19,30100.0,2024
metro,22380,,144508.0,7173.0,4.96,46.48,32.05,49.1,23.94,14.08,4.82,25.72,41.09,14.19,39449.0,2024
metro,22420,,403305.0,11496.0,2.85,61.52,34.72,23.01,42.54,13.84,10.88,36.4,43.08,22.6,35709.0,2024
metro,22500,,199675.0,5252.0,2.63,44.99,37.38,45.62,37.53,10.49,5.46,32.94,43.11,14.06,35231.0,2024
metro,22520,,153852.0,3430.0,2.23,34.81,39.59,62.89,21.49,7.03,3.27,47.2,41.38,28.01,34167.0,2024
metro,22540,,104137.0,3861.0,3.71,44.76,41.16,52.73,27.14,13.18,5.54,52.86,26.13,3.84,42219.0,2024
metro,22580,,64930.0,2043.0,3.15,49.83,24.67,72.39,14.68,8.57,1.52,46.26,26.0,12.75,38180.0,2024
metro,22620,,22400.0,492.0,2.2,15.24,45.93,65.85,7.72,3.86,21.54,50.41,14.07,54.47,24097.0,2024
metro,22660,,367368.0,20330.0,5.53,52.12,31.03,42.13,29.28,18.64,4.67,30.1,47.39,12.39,43963.0,2024
metro,22700,,36886.0,1119.0,3.03,19.12,67.38,53.08,35.48,2.86,8.58,49.9,52.55,27.49,21827.0,2024
metro,22780,,53894.0,2610.0,4.84,56.9,54.75,38.28,34.21,14.37,9.96,31.06,28.64,11.57,31230.0,2024
metro,22800,,32893.0,634.0,1.93,51.58,42.59,33.75,28.39,29.81,6.78,34.54,6.21,8.94,46113.0,2024
metro,22820,,29520.0,3546.0,12.01,36.35,24.53,88.3,5.02,0.34,6.35,70.4,12.03,15.01,36591.0,2024
metro,22840,,72269.0,5657.0,7.83,19.9,30.71,93.25,2.19,3.55,0.11,64.76,5.15,41.84,24106.0,2024
metro,22900,,229899.0,15076.0,6.56,47.54,21.92,66.15,27.06,3.39,1.66,55.61,14.19,17.41,32328.0,2024
metro,23060,,455416.0,31426.0,6.9,49.07,40.15,37.12,47.56,6.76,5.88,46.0,25.02,15.76,35733.0,2024
metro,23140,,32944.0,2994.0,9.09,19.91,36.81,93.12,4.71,1.84,0.0,62.2,4.55,10.45,36152.0,2024
metro,23180,,76195.0,2473.0,3.25,37.12,55.36,39.47,38.66,9.95,10.8,41.04,45.94,8.02,33073.0,2024
metro,23190,,19972.0,351.0,1.76,30.48,61.54,85.75,6.84,3.42,2.56,64.39,17.95,31.74,33854.0,2024
metro,23240,,27524.0,1648.0,5.99,39.68,39.56,79.19,6.49,6.07,1.64,50.83,15.15,9.21,43055.0,2024
metro,23300,,43768.0,1125.0,2.57,45.16,34.22,46.4,26.4,23.82,1.07,32.49,27.17,4.74,35215.0,2024
metro,23340,,37351.0,2834.0,7.59,31.62,33.63,86.84,4.38,4.27,3.39,74.51,4.73,20.19,42687.0,2024
metro,23380,,58778.0,1122.0,1.91,52.76,45.72,65.95,20.68,8.11,0.0,29.32,17.53,16.53,37350.0,2024
metro,23420,,1177665.0,235768.0,20.02,46.26,19.45,68.38,27.35,2.21,1.15,60.19,16.15,20.79,30396.0,2024
metro,23460,,103105.0,2523.0,2.45,33.06,27.11,62.23,22.75,9.75,1.59,47.96,18.36,25.6,29737.0,2024
metro,23500,,56647.0,1788.0,3.16,34.45,42.39,65.66,18.74,7.16,4.92,59.37,33.08,20.48,30361.0,2024
metro,23540,,349923.0,35490.0,10.14,54.16,41.87,39.5,36.89,15.0,5.01,21.96,64.63,19.39,41611.0,2024
metro,23580,,212705.0,35918.0,16.89,33.27,26.86,83.38,10.38,3.27,1.88,65.52,12.73,12.39,36225.0,2024
metro,23620,,43046.0,3011.0,6.99,27.0,31.65,88.14,4.82,4.12,1.69,60.31,10.75,22.43,31389.0,2024
metro,23660,,49046.0,1562.0,3.18,32.84,50.77,35.02,32.97,12.42,18.57,39.5,13.58,28.81,26136.0,2024
metro,23680,,29068.0,346.0,1.19,77.17,49.71,1.45,53.76,37.86,0.29,10.12,47.84,6.74,31397.0,2024
metro,23700,,70431.0,1711.0,2.43,39.57,43.54,45.06,45.65,6.78,1.81,32.37,39.32,15.7,46602.0,2024
metro,23780,,38084.0,9111.0,23.92,45.14,30.94,77.98,13.57,0.55,7.43,71.07,8.08,14.09,40499.0,2024
metro,23820,,51239.0,3183.0,6.21,66.79,20.67,42.29,25.6,21.9,0.5,33.05,27.82,8.34,49880.0,2024
metro,23900,,106115.0,3942.0,3.71,44.19,35.13,53.7,21.59,19.89,3.83,48.32,23.06,18.5,39111.0,2024
metro,23940,,47240.0,1660.0,3.51,43.25,35.9,73.13,17.23,6.87,2.77,57.23,11.98,22.77,40617.0,2024
metro,23980,,55363.0,1377.0,2.49,35.15,47.93,59.19,23.75,12.64,2.25,53.53,12.97,25.25,30648.0,2024
metro,24020,,126039.0,4063.0,3.22,51.64,37.21,32.76,23.78,28.57,3.3,28.29,35.32,10.37,44389.0,2024
metro,24100,,52487.0,1226.0,2.34,58.81,30.02,23.9,41.84,24.71,0.0,30.63,30.53,4.66,42892.0,2024
metro,24140,,118652.0,9407.0,7.93,27.27,37.91,78.64,13.62,6.15,0.84,66.7,11.76,25.88,30099.0,2024
metro,24180,,65894.0,2873.0,4.36,36.48,32.34,69.75,11.97,11.1,2.54,50.37,16.33,9.05,39808.0,2024
metro,24220,,103628.0,5546.0,5.35,36.4,63.54,17.22,35.77,11.77,27.37,28.05,51.14,21.39,33291.0,2024
metro,24260,,76794.0,10830.0,14.1,36.39,43.72,83.35,5.53,1.06,9.88,65.78,11.06,20.42,38776.0,2024
metro,24300,,158601.0,6426.0,4.05,45.47,17.91,52.61,18.33,15.5,3.13,29.71,25.4,12.79,36619.0,2024
metro,24330,,45275.0,417.0,0.92,45.56,37.65,30.94,30.46,20.14,7.43,23.5,26.84,6.52,33056.0,2024
metro,24340,,1162152.0,78597.0,6.76,45.28,38.56,42.35,29.82,12.01,11.98,46.93,29.05,13.33,38111.0,2024
metro,24420,,88179.0,3389.0,3.84,55.36,17.67,34.52,14.78,31.99,5.81,30.69,21.45,18.91,30564.0,2024
metro,24460,,25097.0,1243.0,4.95,41.35,14.24,92.76,1.69,2.98,1.61,59.43,9.35,29.2,29146.0,2024
metro,24500,,84606.0,1933.0,2.28,58.1,42.16,10.55,36.32,30.94,4.5,20.65,36.15,7.41,40265.0,2024
metro,24540,,350396.0,31839.0,9.09,42.46,27.75,76.27,10.49,6.87,3.82,55.23,16.19,15.45,40710.0,2024
metro,24580,,331145.0,15636.0,4.72,42.59,35.28,50.95,30.96,8.06,6.09,48.62,28.55,20.58,37601.0,2024
metro,24600,,37280.0,887.0,2.38,48.82,49.83,32.02,41.6,13.98,6.65,20.41,38.62,5.71,36735.0,2024
metro,24620,,71628.0,1443.0,2.01,55.3,16.15,48.09,21.41,23.56,0.28,32.64,10.86,17.58,32373.0,2024
metro,24640,,70944.0,3541.0,4.99,51.82,35.67,26.91,34.0,28.72,2.4,39.18,48.22,18.88,35625.0,2024
metro,24660,,786419.0,77591.0,9.87,44.34,37.39,43.28,30.14,8.03,16.89,46.8,31.28,17.84,35758.0,2024
metro,24700,,26422.0,278.0,1.05,17.27,39.93,63.31,0.72,28.06,2.16,53.24,0.0,13.31,34900.0,2024
metro,24740,,42765.0,306.0,0.72,67.32,21.57,31.7,38.56,29.74,0.0,20.59,61.57,0.0,50250.0,2024
metro,24780,,177193.0,10250.0,5.78,37.99,38.88,53.44,25.14,10.54,6.84,45.36,32.35,16.95,36942.0,2024
metro,24820,,51594.0,509.0,0.99,35.36,45.58,24.56,65.03,4.13,0.79,23.32,25.54,33.4,35650.0,2024
metro,24860,,961939.0,63466.0,6.6,43.83,35.87,58.02,21.87,13.66,3.24,44.61,35.28,15.94,35792.0,2024
metro,24900,,36827.0,517.0,1.4,58.22,12.77,55.9,26.11,1.55,10.83,16.63,18.04,3.73,21795.0,2024
metro,24940,,93909.0,2871.0,3.06,40.23,32.36,54.27,29.22,8.01,2.3,28.73,22.82,11.95,42304.0,2024
metro,24980,,30819.0,209.0,0.68,3.35,77.51,19.14,65.55,15.31,0.0,22.01,76.65,0.0,23741.0,2024
metro,25060,,421201.0,15886.0,3.77,54.97,34.87,47.77,37.23,11.5,1.26,44.77,25.12,24.77,31224.0,2024
metro,25100,,20774.0,4806.0,23.13,24.12,43.57,82.04,6.51,1.5,9.26,63.86,18.48,13.61,37375.0,2024
metro,25180,,302649.0,16992.0,5.61,55.69,30.44,50.69,16.53,12.08,15.15,32.48,29.8,11.38,45679.0,2024
metro,25200,,31433.0,4302.0,13.69,41.91,17.06,78.94,7.37,7.46,0.46,52.93,11.86,6.74,42653.0,2024
metro,25220,,136738.0,3528.0,2.58,33.33,51.64,69.3,21.2,7.31,1.62,62.33,16.25,20.56,26982.0,2024
metro,25260,,153298.0,29420.0,19.19,34.14,23.14,83.8,10.8,3.17,1.24,64.35,8.56,14.96,30226.0,2024
metro,25300,,38885.0,184.0,0.47,35.33,33.15,22.28,57.61,14.67,0.0,19.57,21.74,29.38,,2024
metro,25420,,604155.0,49351.0,8.17,53.23,47.41,20.74,53.14,11.51,13.07,39.33,39.97,11.23,42002.0,2024
metro,25460,,45250.0,562.0,1.24,44.66,31.67,36.3,29.0,27.76,0.0,29.72,24.76,27.58,19415.0,2024
metro,25500,,136992.0,14462.0,10.56,40.83,42.77,56.99,19.46,15.4,7.34,58.76,23.25,17.04,34322.0,2024
metro,25540,,1153112.0,163347.0,14.17,59.78,32.71,38.83,29.31,24.02,5.41,32.8,38.83,10.36,44873.0,2024
metro,25580,,40507.0,1970.0,4.86,37.46,23.15,80.66,14.52,2.49,0.66,61.28,14.51,14.46,29718.0,2024
metro,25620,,155434.0,4255.0,2.74,38.71,44.54,43.55,32.34,11.63,6.51,34.87,35.1,25.7,30093.0,2024
metro,25700,,28920.0,700.0,2.42,33.29,52.71,43.14,39.57,7.14,8.86,22.71,49.53,22.73,50658.0,2024
metro,25720,,79612.0,7007.0,8.8,41.76,35.09,64.38,12.23,15.08,1.17,37.51,40.28,7.17,42576.0,2024
metro,25740,,93906.0,1564.0,1.67,63.81,22.7,24.3,21.74,36.0,0.51,7.16,36.88,7.96,43174.0,2024
metro,25770,,60621.0,4997.0,8.24,75.97,15.53,32.08,15.37,47.65,2.56,33.26,41.43,9.6,43399.0,2024
metro,25775,,57122.0,1117.0,1.96,30.26,44.94,77.53,10.38,7.97,0.0,64.05,6.73,11.1,29120.0,2024
metro,25780,,42322.0,2431.0,5.74,36.32,33.85,73.1,15.22,2.76,7.77,44.23,33.71,24.77,35217.0,2024
metro,25820,,18460.0,3170.0,17.17,22.87,24.7,99.56,0.03,0.41,0.0,64.32,5.46,12.07,37849.0,2024
metro,25840,,92240.0,10954.0,11.88,29.63,24.98,91.66,3.36,2.39,1.33,59.96,8.15,12.74,36427.0,2024
metro,25850,,109257.0,1933.0,1.77,70.72,25.19,22.92,31.76,34.87,2.22,25.65,27.82,13.15,32911.0,2024
metro,25860,,368316.0,19552.0,5.31,48.06,23.32,62.64,25.33,10.32,0.14,47.1,18.85,20.47,35489.0,2024
metro,25880,,45654.0,663.0,1.45,56.41,31.07,46.15,23.83,12.97,5.13,20.21,43.44,8.84,25391.0,2024
metro,25900,,205769.0,24284.0,11.8,49.62,30.91,8.12,56.88,10.59,1.96,43.99,29.41,17.73,34633.0,2024
metro,25940,,227455.0,18721.0,8.23,37.12,32.8,65.92,11.28,14.76,2.07,41.06,26.33,14.63,36401.0,2024
metro,25980,,85771.0,5186.0,6.05,58.23,35.29,49.4,18.8,16.31,11.16,30.45,22.6,20.26,35083.0,2024
metro,26020,,73733.0,13490.0,18.3,21.73,39.1,95.18,2.86,1.23,0.33,64.0,5.9,20.07,32872.0,2024
metro,26090,,121456.0,4234.0,3.49,43.41,24.56,55.86,21.85,14.48,4.04,45.47,21.25,8.47,40922.0,2024
metro,26140,,162472.0,9049.0,5.57,73.14,17.04,37.34,20.78,25.37,8.3,21.33,27.98,15.01,33222.0,2024
metro,26220,,23905.0,3217.0,13.46,34.5,17.03,84.83,3.79,7.34,0.31,62.82,14.11,7.44,38212.0,2024
metro,26300,,100035.0,3998.0,4.0,45.72,25.81,54.73,19.31,20.94,1.18,50.65,16.21,16.55,32978.0,2024
metro,26340,,39826.0,2039.0,5.12,30.36,63.56,5.93,59.83,19.62,8.73,31.61,74.51,19.84,24349.0,2024
metro,26380,,202438.0,5672.0,2.8,31.88,41.1,67.24,20.22,6.59,4.39,45.5,20.15,13.02,40886.0,2024
metro,26420,,7442788.0,1805510.0,24.26,43.24,37.71,61.8,25.85,4.39,6.69,52.5,32.73,16.37,35843.0,2024
metro,26460,,61100.0,4512.0,7.38,57.49,24.98,33.64,19.57,32.89,8.0,27.42,44.83,13.04,39340.0,2024
metro,26500,,43653.0,399.0,0.91,55.89,12.28,28.57,41.85,16.79,6.27,19.3,25.0,1.98,23156.0,2024
metro,26540,,36798.0,547.0,1.49,36.01,52.1,28.52,40.4,16.82,7.68,38.39,25.2,22.91,24583.0,2024
metro,26580,,370729.0,4610.0,1.24,48.22,39.52,26.07,48.11,15.01,5.57,29.37,49.5,13.19,26628.0,2024
metro,26620,,516951.0,28743.0,5.56,47.91,38.88,42.4,32.46,14.35,5.86,36.82,44.78,12.78,40148.0,2024
metro,26660,,80209.0,6114.0,7.62,44.11,35.35,67.8,8.68,2.52,19.69,44.72,17.27,13.21,39660.0,2024
metro,26700,,19309.0,2329.0,12.06,41.52,50.79,35.81,61.4,1.93,0.47,58.32,16.77,21.17,26556.0,2024
metro,26740,,61553.0,1382.0,2.25,35.89,16.86,66.28,13.89,13.46,0.0,38.21,6.1,6.08,42077.0,2024
metro,26780,,36798.0,1469.0,3.99,50.92,31.11,70.73,13.41,6.33,6.6,44.72,15.68,12.43,44545.0,2024
metro,26820,,165361.0,6711.0,4.06,42.12,20.35,72.95,8.49,8.49,1.19,43.38,19.8,11.04,35659.0,2024
metro,26860,,83042.0,2017.0,2.43,38.72,54.29,17.3,40.21,11.3,25.68,23.78,48.85,29.76,26429.0,2024
metro,26900,,2130055.0,195701.0,9.19,39.71,49.45,41.17,32.8,6.33,18.46,47.31,36.51,14.04,39259.0,2024
metro,26980,,179200.0,16102.0,8.99,46.68,53.3,18.66,40.34,7.95,29.11,38.01,50.45,19.27,33379.0,2024
metro,27020,,30600.0,439.0,1.43,56.49,20.73,26.42,20.5,24.6,24.83,36.99,39.81,4.37,29712.0,2024
metro,27060,,104537.0,13534.0,12.95,34.59,55.56,11.76,50.59,24.49,5.41,23.94,75.5,21.09,41391.0,2024
metro,27100,,160060.0,3474.0,2.17,44.39,43.03,23.32,35.49,24.29,7.6,26.54,41.28,11.24,35886.0,2024
metro,27140,,611324.0,16750.0,2.74,35.93,46.17,51.98,33.13,6.75,6.55,46.73,36.46,15.99,37160.0,2024
metro,27180,,181719.0,5721.0,3.15,37.9,39.92,60.37,20.26,9.53,6.8,42.14,30.18,12.14,36290.0,2024
metro,27220,,35821.0,4533.0,12.65,32.19,35.47,68.61,7.41,18.11,0.26,53.39,29.96,9.7,48246.0,2024
metro,27260,,1683960.0,173950.0,10.33,60.1,36.07,44.55,31.92,16.19,4.98,36.17,40.56,11.97,40071.0,2024
metro,27300,,37958.0,391.0,1.03,61.38,52.43,34.27,52.94,9.21,1.53,32.48,33.72,4.85,,2024
metro,27340,,207906.0,8824.0,4.24,65.68,32.54,51.55,29.31,10.12,5.53,31.31,17.83,12.92,29417.0,2024
metro,27380,,51886.0,4869.0,9.38,24.19,16.37,92.63,3.78,1.83,1.23,66.26,6.69,25.38,32604.0,2024
metro,27420,,21549.0,563.0,2.61,47.25,38.37,11.9,16.52,19.18,31.62,17.41,41.72,4.31,37235.0,2024
metro,27460,,125544.0,3260.0,2.6,52.09,28.1,46.1,20.09,24.08,0.43,40.36,30.46,16.62,29050.0,2024
metro,27500,,164350.0,7554.0,4.6,41.71,17.59,73.06,13.13,8.23,2.91,41.1,23.48,6.01,43141.0,2024
metro,27540,,43614.0,2523.0,5.78,35.83,47.48,80.54,8.36,5.91,2.34,68.27,23.62,14.24,41706.0,2024
metro,27600,,84757.0,6155.0,7.26,61.09,29.49,53.55,21.51,15.91,6.56,35.01,22.26,5.59,40243.0,2024
metro,27620,,150437.0,3119.0,2.07,50.88,47.35,39.53,31.55,10.64,17.54,39.31,49.19,11.04,39325.0,2024
metro,27700,,30949.0,1260.0,4.07,22.86,38.41,65.71,29.52,4.05,0.71,55.71,23.82,50.85,25053.0,2024
metro,27740,,210729.0,5993.0,2.84,44.15,37.96,41.5,25.0,14.55,15.68,32.15,41.73,20.02,32788.0,2024
metro,27780,,131538.0,1486.0,1.13,59.29,41.12,23.35,48.72,22.01,2.15,28.81,45.2,29.1,36597.0,2024
metro,27860,,135792.0,4496.0,3.31,33.99,29.8,63.43,24.44,6.67,3.58,54.89,30.46,20.39,29888.0,2024
metro,27900,,203626.0,7888.0,3.87,36.46,34.13,54.54,20.72,11.12,1.58,55.56,18.83,16.68,33089.0,2024
metro,27940,,31794.0,2444.0,7.69,64.08,29.75,16.73,57.61,10.8,0.49,40.57,32.56,15.23,42188.0,2024
metro,27980,,164589.0,28103.0,17.07,56.28,27.03,9.52,70.92,7.42,1.33,42.08,26.65,7.07,40698.0,2024
metro,28020,,262375.0,15204.0,5.79,48.9,45.19,22.59,48.41,12.08,14.35,25.02,56.76,10.71,45417.0,2024
metro,28060,,110695.0,3114.0,2.81,61.37,26.78,14.23,22.64,30.86,4.82,13.29,42.77,7.46,39711.0,2024
metro,28100,,106635.0,6116.0,5.74,49.97,22.79,76.49,14.9,5.76,1.65,44.25,19.37,9.83,38409.0,2024
metro,28140,,2218142.0,162114.0,7.31,47.68,37.41,47.14,30.56,8.06,11.42,44.25,34.42,13.1,40303.0,2024
metro,28180,,73731.0,10617.0,14.4,56.04,25.22,4.99,76.83,6.5,1.0,49.85,24.44,7.8,37182.0,2024
metro,28260,,57292.0,2551.0,4.45,44.37,41.2,49.51,28.81,3.72,14.9,45.0,23.99,10.65,44322.0,2024
metro,28300,,77297.0,2233.0,2.89,57.23,31.21,8.69,31.08,33.41,8.91,13.19,51.01,5.17,45542.0,2024
metro,28340,,47495.0,2872.0,6.05,40.67,25.31,73.47,21.48,2.33,2.54,62.57,15.87,16.26,36047.0,2024
metro,28380,,27493.0,800.0,2.91,22.0,18.62,87.12,4.88,0.25,3.62,69.62,7.11,22.73,31944.0,2024
metro,28420,,311807.0,44947.0,14.42,39.43,26.47,73.73,13.29,7.62,3.11,54.34,17.64,16.42,35664.0,2024
metro,28450,,168438.0,12422.0,7.37,52.7,22.27,50.77,17.65,24.03,5.4,47.69,27.34,16.98,42047.0,2024
metro,28500,,53489.0,4106.0,7.68,50.39,24.91,71.36,14.42,6.94,3.87,47.09,17.53,6.23,35972.0,2024
metro,28540,,13768.0,1105.0,8.03,63.53,38.46,7.06,86.15,1.09,1.27,23.53,27.66,0.81,43167.0,2024
metro,28580,,81860.0,16212.0,19.8,59.43,29.89,72.33,7.64,15.99,0.73,40.62,27.59,12.93,36561.0,2024
metro,28620,,37875.0,1785.0,4.71,40.22,29.08,62.3,13.28,18.54,0.17,42.07,31.29,15.8,31566.0,2024
metro,28660,,494360.0,39509.0,7.99,52.17,33.2,51.75,25.24,13.62,6.84,38.01,22.46,11.81,34915.0,2024
metro,28680,,56970.0,1673.0,2.94,62.28,34.13,33.29,39.45,13.99,8.49,26.47,29.08,17.42,34297.0,2024
metro,28700,,310842.0,4841.0,1.56,48.98,33.44,36.96,34.25,18.05,4.15,28.07,32.6,18.75,31970.0,2024
metro,28740,,182601.0,14817.0,8.11,60.17,27.79,48.5,18.98,26.17,2.64,28.95,37.44,17.35,42162.0,2024
metro,28780,,30579.0,1753.0,5.73,36.34,35.65,59.21,30.86,4.62,3.42,50.37,19.32,25.32,20698.0,2024
metro,28820,,54919.0,2400.0,4.37,32.96,26.46,72.67,16.08,7.21,3.71,57.63,16.03,24.74,29391.0,2024
metro,28860,,29339.0,1409.0,4.8,21.58,70.69,12.63,27.89,5.61,52.8,58.91,67.12,4.55,55208.0,2024
metro,28880,,704836.0,90554.0,12.85,57.59,26.41,57.72,19.23,17.03,3.89,36.84,32.74,10.51,43880.0,2024
metro,28900,,70247.0,3301.0,4.7,51.35,18.84,65.25,10.36,14.09,3.42,39.62,15.63,21.13,30126.0,2024
metro,28940,,932241.0,45026.0,4.83,43.39,40.4,44.55,30.42,13.72,7.89,41.5,39.13,15.53,35884.0,2024
metro,29020,,83752.0,1583.0,1.89,60.45,30.45,27.1,53.63,9.22,5.62,35.94,27.04,8.78,40428.0,2024
metro,29060,,64659.0,1807.0,2.79,72.44,12.12,4.65,26.34,50.58,0.77,11.9,46.25,2.45,58545.0,2024
metro,29100,,170190.0,4344.0,2.55,74.88,21.71,17.33,60.54,16.3,3.78,25.33,42.05,8.04,45164.0,2024
metro,29180,,413428.0,16244.0,3.93,37.36,55.71,55.13,31.38,5.87,5.6,56.78,33.77,19.4,34987.0,2024
metro,29200,,226805.0,23950.0,10.56,30.89,59.12,39.09,47.72,6.93,4.57,34.79,55.97,22.78,31532.0,2024
metro,29260,,26144.0,1036.0,3.96,40.15,30.5,35.14,18.05,5.31,2.99,22.39,22.68,25.0,24167.0,2024
metro,29300,,104522.0,3891.0,3.72,27.06,55.85,54.61,36.55,5.78,1.13,52.28,43.83,12.04,33607.0,2024
metro,29340,,244027.0,7712.0,3.16,39.9,42.78,55.07,28.16,9.8,3.93,43.17,27.47,23.27,32103.0,2024
metro,29380,,71789.0,3398.0,4.73,52.3,29.84,67.51,14.86,9.71,4.24,40.39,20.21,32.7,23309.0,2024
metro,29420,,220517.0,13467.0,6.11,59.7,15.78,57.55,16.4,14.17,1.28,34.4,17.01,18.7,30709.0,2024
metro,29460,,790694.0,99373.0,12.57,46.61,35.55,77.97,10.32,6.11,2.33,45.52,22.14,15.56,32770.0,2024
metro,29470,,37822.0,1916.0,5.07,61.95,30.64,38.83,16.34,28.44,15.4,31.61,33.33,5.56,60079.0,2024
metro,29540,,557931.0,32433.0,5.81,62.67,39.84,36.77,31.75,16.37,12.47,43.86,32.98,10.05,40304.0,2024
metro,29620,,472669.0,33308.0,7.05,47.09,50.3,18.61,54.85,9.99,13.05,32.71,54.11,17.68,34831.0,2024
metro,29660,,38249.0,2840.0,7.43,26.55,56.94,14.33,42.18,31.62,6.83,24.45,70.96,19.28,44042.0,2024
metro,29700,,269294.0,68115.0,25.29,33.67,27.71,97.5,1.95,0.38,0.11,73.98,17.15,22.13,26179.0,2024
metro,29740,,224266.0,33043.0,14.73,46.5,20.41,86.07,7.17,3.86,2.1,57.82,20.79,26.57,21398.0,2024
metro,29780,,30999.0,707.0,2.28,45.83,28.57,70.16,10.04,7.78,12.02,34.65,21.57,37.8,15300.0,2024
metro,29820,,2329548.0,509336.0,21.86,54.09,24.63,52.56,33.89,7.31,3.73,48.71,24.55,12.72,36457.0,2024
metro,29860,,82531.0,1999.0,2.42,20.96,36.77,78.69,12.71,5.65,2.45,65.23,10.96,29.14,23487.0,2024
metro,29900,,33590.0,1170.0,3.48,62.82,38.89,39.23,34.36,20.77,3.5,37.33,34.27,24.63,31832.0,2024
metro,29940,,120302.0,7248.0,6.02,40.59,54.04,21.83,56.62,10.32,7.44,41.6,63.73,17.72,36051.0,2024
metro,29980,,45385.0,647.0,1.43,55.64,26.12,63.06,19.78,14.84,2.32,22.41,18.31,6.18,42129.0,2024
metro,30020,,127310.0,7114.0,5.59,53.11,30.57,28.14,34.68,22.58,8.07,28.31,27.2,16.47,32243.0,2024
metro,30060,,36390.0,537.0,1.48,49.35,30.73,14.9,38.73,34.45,9.87,29.98,8.87,9.52,27295.0,2024
metro,30140,,144186.0,6272.0,4.35,63.47,34.57,47.8,30.5,13.68,5.64,42.51,25.0,9.04,33525.0,2024
metro,30150,,223586.0,8572.0,3.83,59.54,31.4,11.62,33.55,37.61,4.34,12.53,63.35,8.39,55660.0,2024
metro,30180,,25747.0,959.0,3.72,43.9,53.28,44.94,11.16,5.01,33.26,62.04,20.2,0.63,51855.0,2024
metro,30260,,42456.0,1637.0,3.86,30.97,34.7,45.45,36.41,10.81,3.79,30.91,33.75,5.22,42825.0,2024
metro,30280,,36049.0,1166.0,3.23,45.54,10.03,72.3,16.55,10.21,0.17,61.66,8.61,17.32,35319.0,2024
metro,30300,,65164.0,1316.0,2.02,55.4,38.07,18.16,45.52,12.01,10.41,29.48,31.1,10.4,43788.0,2024
metro,30340,,113423.0,6351.0,5.6,41.8,65.06,8.39,17.59,7.48,55.36,43.54,28.98,26.65,24738.0,2024
metro,30380,,46041.0,560.0,1.22,56.61,38.21,13.04,29.11,22.14,31.61,17.68,39.96,4.74,39364.0,2024
metro,30420,,26242.0,5491.0,20.92,52.9,39.7,77.89,5.9,0.58,15.1,76.63,9.88,16.44,43493.0,2024
metro,30460,,522560.0,46580.0,8.91,36.28,53.15,38.52,31.31,10.83,17.05,48.24,41.67,18.07,33447.0,2024
metro,30500,,209439.0,8747.0,4.18,65.1,29.75,23.59,39.9,21.72,10.17,26.38,47.2,6.29,50530.0,2024
metro,30580,,21486.0,6290.0,29.27,44.53,18.06,89.92,5.61,0.54,3.59,72.25,5.03,6.29,48093.0,2024
metro,30620,,101348.0,2394.0,2.36,55.26,43.61,34.21,34.88,10.78,16.92,31.62,46.57,13.85,37529.0,2024
metro,30660,,27713.0,405.0,1.46,48.15,33.83,40.49,21.73,23.21,0.0,11.85,13.01,8.3,25340.0,2024
metro,30700,,344337.0,28641.0,8.32,51.44,49.58,27.11,51.48,11.13,8.85,44.05,38.96,18.3,33519.0,2024
metro,30780,,758629.0,36531.0,4.82,34.69,42.18,56.63,27.88,9.39,3.84,44.92,34.21,17.14,36787.0,2024
metro,30820,,37798.0,541.0,1.43,59.15,20.33,23.66,34.2,30.13,6.47,20.15,54.08,14.09,46973.0,2024
metro,30860,,155102.0,9261.0,5.97,41.86,35.88,63.92,19.26,5.53,4.03,42.68,24.96,17.24,36588.0,2024
metro,30900,,37680.0,3855.0,10.23,41.45,34.5,86.87,11.31,1.22,0.6,57.89,12.17,9.36,36778.0,2024
metro,30980,,291044.0,18744.0,6.44,34.82,25.43,78.99,11.32,6.4,2.28,53.48,12.89,20.43,34098.0,2024
metro,31020,,112360.0,4803.0,4.27,43.99,27.27,55.4,21.09,10.58,0.15,52.52,15.35,17.87,31009.0,2024
metro,31060,,19435.0,1829.0,9.41,61.02,43.63,12.47,50.03,33.35,0.82,24.11,83.08,4.54,101483.0,2024
metro,31080,,12974487.0,4241527.0,32.69,55.67,20.42,51.23,40.07,5.34,1.88,55.29,30.04,14.26,35358.0,2024
metro,31140,,1372558.0,96638.0,7.04,41.15,53.92,48.37,26.86,8.49,14.27,53.07,34.11,19.1,34873.0,2024
metro,31180,,358708.0,22693.0,6.33,39.29,43.47,54.09,26.79,5.47,9.69,41.28,39.41,18.45,36061.0,2024
metro,31220,,29207.0,484.0,1.66,42.56,38.43,38.43,28.72,23.14,0.0,48.55,21.29,12.81,30156.0,2024
metro,31260,,87275.0,6981.0,8.0,36.61,17.43,83.68,9.71,3.15,3.22,49.99,9.89,19.21,27076.0,2024
metro,31300,,116902.0,6446.0,5.51,24.54,37.85,81.4,13.47,2.92,1.5,57.89,10.83,28.08,32491.0,2024
metro,31340,,263798.0,8847.0,3.35,47.68,36.93,33.85,32.47,12.06,16.39,31.6,41.5,16.69,34572.0,2024
metro,31380,,26920.0,714.0,2.65,35.15,59.38,24.23,52.1,5.04,15.27,28.85,60.71,16.98,47091.0,2024
metro,31420,,234943.0,7307.0,3.11,45.41,37.12,44.04,37.31,7.36,5.72,38.27,40.33,19.55,30833.0,2024
metro,31500,,32998.0,459.0,1.39,31.15,43.36,39.22,44.23,9.8,0.65,57.73,45.43,24.24,36250.0,2024
metro,31540,,691830.0,53780.0,7.77,42.31,44.21,32.12,43.43,12.82,8.69,30.51,55.07,16.51,45075.0,2024
metro,31580,,45119.0,920.0,2.04,27.72,61.09,52.93,23.91,17.93,0.65,44.72,26.21,24.78,33979.0,2024
metro,31620,,22349.0,362.0,1.62,19.34,44.75,66.57,7.73,5.8,17.96,55.3,24.05,0.73,31455.0,2024
metro,31680,,33180.0,442.0,1.33,70.81,20.14,74.43,8.82,16.74,0.0,25.34,3.72,5.2,80602.0,2024
metro,31700,,426378.0,44102.0,10.34,56.92,40.05,34.4,33.11,16.23,8.68,37.73,41.37,9.11,48546.0,2024
metro,31740,,133965.0,8165.0,6.09,44.3,50.94,37.17,39.02,11.92,9.14,31.92,46.19,26.16,31774.0,2024
metro,31820,,81406.0,2392.0,2.94,45.69,33.61,49.08,35.16,11.79,0.96,47.76,17.4,11.5,42071.0,2024
metro,31860,,104282.0,5316.0,5.1,56.0,41.2,16.59,26.24,10.25,42.74,34.11,28.48,21.28,32755.0,2024
metro,31900,,125099.0,2061.0,1.65,64.34,27.17,24.75,33.82,29.4,2.77,28.09,33.58,12.42,25601.0,2024
metro,31930,,58978.0,732.0,1.24,59.84,24.86,25.41,45.49,19.4,1.5,27.6,52.07,7.36,37847.0,2024
metro,31940,,65293.0,1102.0,1.69,46.91,27.13,43.19,11.98,31.31,2.9,45.28,26.52,7.38,29858.0,2024
metro,31980,,66295.0,1828.0,2.76,38.79,48.63,44.75,25.0,9.68,9.9,30.91,23.22,27.78,27537.0,2024
metro,32000,,44817.0,1426.0,3.18,29.38,32.4,66.76,21.88,9.05,0.07,56.77,20.19,39.14,34346.0,2024
metro,32020,,65020.0,983.0,1.51,65.92,14.24,27.87,47.71,18.31,6.1,35.91,16.96,30.33,15944.0,2024
metro,32060,,66876.0,1327.0,1.98,52.3,27.88,29.62,46.8,12.13,9.87,21.4,29.18,17.2,48030.0,2024
metro,32100,,67112.0,1429.0,2.13,66.06,28.34,11.97,23.93,45.98,2.8,19.38,37.72,16.74,26719.0,2024
metro,32140,,25503.0,1562.0,6.12,45.58,44.17,50.06,36.94,3.59,8.39,59.22,16.32,19.07,36795.0,2024
metro,32180,,23231.0,1357.0,5.84,35.67,54.02,71.04,7.89,10.61,0.74,58.95,11.16,9.13,37721.0,2024
metro,32260,,40114.0,5856.0,14.6,35.71,41.19,64.57,23.36,2.37,8.13,70.04,8.94,14.32,40030.0,2024
metro,32280,,33016.0,921.0,2.79,40.07,45.39,38.0,42.35,15.64,0.0,45.06,28.14,4.33,36856.0,2024
metro,32300,,63638.0,2323.0,3.65,37.15,33.62,59.75,24.75,10.29,5.08,43.61,8.73,33.48,27194.0,2024
metro,32340,,20774.0,435.0,2.09,19.31,80.23,12.64,68.28,9.43,7.82,39.91,76.77,64.89,21318.0,2024
metro,32380,,49982.0,1160.0,2.32,40.78,36.21,30.09,32.67,10.26,9.57,28.02,22.74,7.77,48417.0,2024
metro,32390,,107226.0,3935.0,3.67,52.07,34.87,22.52,28.18,18.73,4.04,16.3,50.98,12.19,29848.0,2024
metro,32460,,36630.0,1034.0,2.82,51.45,26.98,79.01,9.09,5.13,5.13,27.08,17.25,45.72,31447.0,2024
metro,32540,,43561.0,583.0,1.34,43.57,14.58,58.32,9.61,25.21,0.69,44.94,17.7,21.14,36216.0,2024
metro,32580,,891977.0,232467.0,26.06,31.9,24.36,95.71,3.25,0.32,0.39,69.18,14.65,30.96,20916.0,2024
metro,32620,,53441.0,467.0,0.87,26.34,29.55,61.88,27.84,10.28,0.0,46.47,20.73,27.85,24740.0,2024
metro,32660,,42166.0,1530.0,3.63,20.33,33.07,79.8,14.31,3.79,0.07,63.79,5.98,14.25,26452.0,2024
metro,32700,,30205.0,847.0,2.8,35.66,41.32,44.27,25.86,10.51,12.75,37.9,32.14,36.8,35947.0,2024
metro,32740,,82716.0,993.0,1.2,65.16,27.59,24.17,39.17,25.48,3.52,20.24,36.61,14.22,16588.0,2024
metro,32780,,222645.0,11820.0,5.31,49.1,24.88,57.53,16.14,16.83,1.13,34.85,30.73,11.27,40126.0,2024
metro,32820,,1341924.0,84595.0,6.3,36.58,44.14,54.55,28.67,6.23,8.86,46.18,36.78,17.61,39985.0,2024
metro,32860,,45527.0,1019.0,2.24,55.74,36.7,30.32,52.99,8.93,3.43,49.75,40.73,13.02,32155.0,2024
metro,32900,,290201.0,74255.0,25.59,42.02,17.2,76.88,16.19,5.65,0.5,64.28,9.51,17.94,31761.0,2024
metro,32940,,86818.0,1384.0,1.59,46.75,34.9,40.61,48.55,6.14,4.7,43.3,26.62,36.96,21917.0,2024
metro,33020,,24548.0,342.0,1.39,58.77,33.33,53.22,35.38,5.26,3.8,23.68,38.36,28.7,35474.0,2024
metro,33060,,30341.0,805.0,2.65,29.94,32.55,54.78,15.03,12.17,2.61,56.71,8.14,23.54,28558.0,2024
metro,33100,,6249291.0,2647328.0,42.36,59.4,36.48,86.72,5.24,5.7,0.94,50.39,31.95,14.55,33057.0,2024
metro,33140,,111917.0,3823.0,3.42,45.83,22.78,57.28,16.9,18.41,4.89,49.07,17.8,15.37,41225.0,2024
metro,33180,,23509.0,98.0,0.42,67.35,52.04,19.39,48.98,20.41,11.22,13.27,68.35,20.41,26250.0,2024
metro,33220,,83757.0,2677.0,3.2,66.34,32.61,20.47,52.78,14.49,2.47,21.69,69.77,7.55,77228.0,2024
metro,33260,,180019.0,22829.0,12.68,43.3,41.13,75.57,14.77,1.89,4.28,49.13,22.94,15.16,46620.0,2024
metro,33300,,43642.0,1440.0,3.3,49.38,30.28,47.71,27.64,10.35,14.31,33.4,43.2,30.32,50250.0,2024
metro,33340,,1568938.0,122706.0,7.82,48.99,34.26,41.18,34.66,14.49,7.66,43.59,35.62,15.55,40822.0,2024
metro,33380,,35820.0,363.0,1.01,52.07,37.74,52.89,30.58,8.82,0.0,40.77,8.19,8.01,20875.0,2024
metro,33420,,29295.0,1494.0,5.1,34.4,19.14,80.92,9.64,7.83,0.67,48.93,7.13,11.34,26692.0,2024
metro,33460,,3713668.0,404575.0,10.89,60.97,36.29,22.84,36.68,8.78,29.24,39.41,38.97,12.76,43706.0,2024
metro,33500,,76484.0,2736.0,3.58,43.31,52.96,18.82,33.55,11.04,20.21,14.95,32.48,20.85,39500.0,2024
metro,33540,,125631.0,3549.0,2.82,54.33,39.14,19.75,38.38,28.71,3.24,21.75,49.22,10.95,36049.0,2024
metro,33580,,25808.0,479.0,1.86,28.6,62.21,64.72,19.62,11.69,3.13,57.83,38.74,1.91,41283.0,2024
metro,33620,,24365.0,164.0,0.67,47.56,3.05,25.0,29.88,44.51,0.61,21.95,21.95,41.67,,2024
metro,33660,,412590.0,14193.0,3.44,56.76,32.95,32.53,47.25,10.86,7.41,38.87,32.31,12.69,33881.0,2024
metro,33700,,553990.0,116294.0,20.99,47.64,20.03,68.22,22.86,4.93,1.27,61.15,13.26,13.86,34208.0,2024
metro,33740,,223674.0,4408.0,1.97,40.63,54.24,54.76,26.36,11.93,5.74,47.55,34.64,25.35,30571.0,2024
metro,33780,,155505.0,3645.0,2.34,55.69,36.46,28.61,28.92,20.52,10.95,29.3,30.54,17.73,43704.0,2024
metro,33860,,386024.0,16081.0,4.17,36.78,47.95,35.53,42.42,10.49,9.4,44.3,40.93,13.89,40517.0,2024
metro,33900,,24717.0,1654.0,6.69,28.17,44.86,83.19,7.56,5.56,0.0,53.48,7.48,21.46,37379.0,2024
metro,33910,,79721.0,10335.0,12.96,50.07,32.49,56.76,13.61,25.12,1.78,42.44,26.67,14.48,36634.0,2024
metro,33940,,43807.0,2627.0,6.0,34.03,25.54,79.71,7.99,9.29,0.0,60.22,17.39,9.72,43375.0,2024
metro,33980,,69148.0,2022.0,2.92,58.26,23.19,52.87,16.72,22.21,0.69,31.06,29.37,14.8,41218.0,2024
metro,34020,,47828.0,2369.0,4.95,34.87,45.55,77.29,16.34,6.04,0.34,60.74,8.16,15.64,37726.0,2024
metro,34060,,141323.0,6270.0,4.44,45.82,51.63,15.81,53.92,17.35,8.77,28.63,72.24,18.43,43475.0,2024
metro,34100,,122533.0,6292.0,5.13,28.45,31.1,72.33,11.44,10.31,0.52,62.74,17.7,23.96,30363.0,2024
metro,34140,,41049.0,1598.0,3.89,44.81,53.38,6.07,45.87,24.72,12.39,26.73,59.03,35.09,31121.0,2024
metro,34180,,101799.0,16431.0,16.14,23.64,25.75,89.42,3.58,4.8,0.63,68.24,6.14,20.07,34601.0,2024
metro,34220,,46224.0,5115.0,11.07,25.36,45.65,92.98,4.13,2.4,0.33,63.98,3.12,35.24,27226.0,2024
metro,34260,,42407.0,874.0,2.06,72.31,10.18,42.68,12.36,39.82,0.0,27.57,7.01,24.22,20417.0,2024
metro,34300,,29321.0,2715.0,9.26,46.37,28.32,53.78,22.98,18.05,0.7,40.43,22.83,9.28,36614.0,2024
metro,34340,,71425.0,4358.0,6.1,36.87,30.75,77.1,11.04,6.45,0.16,59.79,13.51,21.89,32044.0,2024
metro,34380,,64565.0,2116.0,3.28,30.77,52.79,28.02,35.02,16.02,10.73,27.03,56.68,14.04,35254.0,2024
metro,34420,,56237.0,7858.0,13.97,31.09,21.2,92.84,2.98,1.6,1.67,63.02,6.54,16.71,32494.0,2024
metro,34460,,47476.0,414.0,0.87,37.68,20.53,53.38,19.57,14.01,7.25,49.03,20.98,7.73,33771.0,2024
metro,34500,,36550.0,680.0,1.86,54.41,29.71,42.06,40.74,7.35,5.44,43.53,20.35,4.27,33978.0,2024
metro,34540,,63142.0,859.0,1.36,28.64,62.17,29.1,43.54,22.47,1.4,48.2,25.62,2.64,19836.0,2024
metro,34580,,131328.0,11811.0,8.99,47.28,22.7,59.57,17.34,13.07,1.41,50.78,22.67,14.35,34915.0,2024
metro,34620,,112280.0,2791.0,2.49,39.05,55.86,21.5,51.81,9.28,14.69,39.08,57.97,24.49,27650.0,2024
metro,34660,,38224.0,1527.0,3.99,43.68,36.28,43.68,34.18,19.32,0.98,25.47,21.97,19.78,30965.0,2024
metro,34680,,64811.0,1719.0,2.65,60.73,24.96,42.29,14.78,26.29,12.1,35.43,40.43,12.13,40828.0,2024
metro,34700,,42559.0,2901.0,6.82,45.05,24.61,64.94,8.07,7.76,16.86,44.55,27.33,17.8,40251.0,2024
metro,34740,,175961.0,3366.0,1.91,52.76,22.01,47.33,26.0,17.02,3.62,29.18,21.85,6.98,37513.0,2024
metro,34780,,66444.0,1789.0,2.69,43.32,27.78,66.91,22.92,3.97,4.75,31.75,20.81,15.21,32213.0,2024
metro,34820,,383016.0,25571.0,6.68,50.21,33.06,53.22,16.01,21.69,4.33,31.81,26.34,17.36,30007.0,2024
metro,34860,,65162.0,5211.0,8.0,32.74,19.84,88.74,8.54,2.65,0.0,61.84,12.77,15.48,26744.0,2024
metro,34880,,14483.0,2290.0,15.81,53.23,27.03,47.6,12.4,32.05,5.46,45.76,35.7,1.09,67424.0,2024
metro,34900,,134869.0,29926.0,22.19,55.71,16.07,65.02,23.13,7.19,1.12,53.39,24.17,8.84,41927.0,2024
metro,34940,,398291.0,98114.0,24.63,49.57,35.79,72.39,5.67,16.38,0.83,45.5,24.69,13.74,35014.0,2024
metro,34980,,2079596.0,200017.0,9.62,39.32,45.22,48.78,25.51,7.07,15.03,50.38,34.87,15.26,40481.0,2024
metro,35020,,54045.0,1850.0,3.42,5.73,85.95,44.54,33.24,4.81,16.27,62.65,10.33,23.11,,2024
metro,35060,,36693.0,574.0,1.56,50.35,40.59,32.75,35.19,19.51,8.71,34.45,41.09,16.86,30313.0,2024
metro,35100,,124304.0,4861.0,3.91,59.27,25.8,39.6,34.31,21.09,2.41,40.73,25.68,18.36,32747.0,2024
metro,35140,,38435.0,1874.0,4.88,28.5,32.39,77.48,8.75,5.76,2.19,72.36,7.69,40.6,32289.0,2024
metro,35220,,48970.0,638.0,1.3,54.7,36.05,51.88,30.25,4.55,13.32,41.38,20.0,8.97,43208.0,2024
metro,35300,,570598.0,78358.0,13.73,52.8,34.78,41.97,27.92,18.4,8.93,39.86,42.19,12.53,44837.0,2024
metro,35340,,68599.0,1773.0,2.58,60.41,24.37,27.24,54.99,8.74,4.68,50.14,22.39,30.44,26910.0,2024
metro,35380,,981662.0,96296.0,9.81,43.08,42.93,66.03,23.39,5.23,4.2,51.98,27.39,22.19,29726.0,2024
metro,35420,,92385.0,2153.0,2.33,35.21,49.28,62.1,13.93,13.7,7.99,51.21,35.94,15.27,34738.0,2024
metro,35440,,50964.0,2907.0,5.7,49.6,14.83,49.33,15.79,22.67,6.98,44.22,22.51,17.13,35777.0,2024
metro,35460,,36813.0,438.0,1.19,61.64,32.65,45.43,26.71,19.63,0.0,56.62,24.63,5.29,30347.0,2024
metro,35580,,25800.0,747.0,2.9,61.31,29.32,41.77,14.46,23.29,16.6,50.94,17.2,9.75,33938.0,2024
metro,35620,,19798537.0,5952555.0,30.07,58.75,30.01,50.3,29.7,13.84,5.01,45.79,36.37,14.1,40652.0,2024
metro,35660,,153288.0,8375.0,5.46,48.47,37.53,41.48,29.31,17.3,8.49,26.25,53.41,15.28,36544.0,2024
metro,35700,,48926.0,16745.0,34.23,60.07,24.4,97.03,1.04,1.71,0.05,71.62,15.89,21.01,26524.0,2024
metro,35740,,48653.0,3062.0,6.29,36.02,44.15,77.6,11.82,3.79,6.07,58.07,13.54,21.7,31678.0,2024
metro,35820,,34575.0,964.0,2.79,41.49,41.29,49.59,20.23,10.37,19.29,36.0,3.5,2.63,35067.0,2024
metro,35840,,889339.0,121789.0,13.69,57.54,29.71,51.58,13.01,25.82,1.99,37.52,35.25,12.19,37985.0,2024
metro,35900,,65935.0,2463.0,3.74,22.9,29.48,72.23,16.2,8.04,2.8,47.23,17.01,21.14,32030.0,2024
metro,35940,,58319.0,977.0,1.68,28.25,53.12,59.98,24.97,8.5,5.22,51.92,20.66,26.19,31579.0,2024
metro,35980,,279971.0,24739.0,8.84,58.24,27.23,49.26,29.71,15.24,2.46,41.0,33.77,11.43,37411.0,2024
metro,36020,,86836.0,6957.0,8.01,64.98,26.06,18.08,47.71,18.94,3.23,29.27,33.92,7.28,42541.0,2024
metro,36100,,400078.0,37761.0,9.44,58.3,31.18,67.05,14.53,13.08,1.55,32.67,28.67,13.62,32038.0,2024
metro,36180,,53700.0,2525.0,4.7,50.73,28.95,32.51,27.84,35.25,3.64,30.06,44.53,14.35,40060.0,2024
metro,36220,,164654.0,27480.0,16.69,37.83,43.2,88.11,5.6,1.07,3.61,56.67,19.32,17.2,41777.0,2024
metro,36260,,653374.0,40012.0,6.12,49.05,27.76,61.12,19.47,11.31,1.62,36.15,22.46,10.94,42158.0,2024
metro,36340,,49801.0,419.0,0.84,56.32,34.13,15.75,42.0,33.89,3.82,27.68,32.05,19.41,32083.0,2024
metro,36380,,40816.0,5455.0,13.36,49.13,25.0,81.48,4.71,8.85,0.22,41.64,14.1,18.76,32544.0,2024
metro,36420,,1463267.0,121309.0,8.29,42.22,33.38,57.57,28.21,5.62,5.99,50.41,27.0,14.76,35481.0,2024
metro,36460,,76145.0,1327.0,1.74,66.47,31.27,30.37,30.9,19.29,0.0,19.32,42.44,9.85,31148.0,2024
metro,36500,,299067.0,24715.0,8.26,59.1,24.96,26.38,47.04,15.33,3.75,39.88,34.48,12.75,42198.0,2024
metro,36540,,982064.0,81632.0,8.31,41.12,46.13,47.98,31.99,7.31,10.71,49.75,28.84,14.53,39188.0,2024
metro,36580,,60108.0,2452.0,4.08,56.16,42.01,32.26,27.32,34.3,3.1,23.89,32.21,19.71,28582.0,2024
metro,36620,,58725.0,3726.0,6.34,37.55,14.81,87.28,2.93,5.96,0.0,61.12,7.98,8.66,34114.0,2024
metro,36660,,81670.0,1326.0,1.62,40.72,54.75,69.16,26.77,2.79,1.28,41.55,13.27,26.18,24630.0,2024
metro,36700,,83253.0,1842.0,2.21,52.28,38.6,34.96,33.01,20.74,7.87,28.59,40.14,15.31,33367.0,2024
metro,36740,,2793746.0,588966.0,21.08,51.57,42.94,73.26,14.71,7.31,2.89,41.9,36.81,13.89,34651.0,2024
metro,36780,,171769.0,5928.0,3.45,51.25,39.32,28.58,43.13,12.15,10.46,38.48,37.39,11.65,39971.0,2024
metro,36820,,22021.0,492.0,2.23,49.59,42.48,23.37,45.33,24.39,2.64,43.79,19.65,5.01,46386.0,2024
metro,36830,,20800.0,5087.0,24.46,19.44,24.89,97.25,1.77,0.12,0.0,77.94,4.59,25.12,28340.0,2024
metro,36837,,147181.0,5431.0,3.69,51.08,20.24,65.14,16.83,14.49,2.14,47.67,22.94,12.7,38872.0,2024
metro,36840,,26106.0,530.0,2.03,43.77,43.77,43.96,21.7,5.66,26.04,20.38,43.7,8.19,39326.0,2024
metro,36900,,35362.0,3510.0,9.93,37.29,51.42,54.22,14.25,2.02,14.9,63.16,18.88,12.25,40974.0,2024
metro,36940,,37439.0,1618.0,4.32,51.11,23.49,59.83,13.54,2.1,21.63,55.93,20.46,9.69,39127.0,2024
metro,36980,,112762.0,4046.0,3.59,33.56,51.63,40.01,45.48,7.49,4.5,56.76,33.87,17.34,36725.0,2024
metro,37020,,67991.0,781.0,1.15,65.43,25.74,30.73,28.55,32.01,5.12,33.03,31.31,7.68,43636.0,2024
metro,37060,,70746.0,1966.0,2.78,36.01,63.17,20.75,39.67,21.16,15.11,30.97,64.05,20.5,32840.0,2024
metro,37100,,837469.0,186177.0,22.23,53.54,17.88,65.19,24.1,7.06,1.36,54.23,26.41,9.93,36691.0,2024
metro,37120,,49599.0,1749.0,3.53,58.78,19.61,42.82,26.19,23.38,1.72,36.61,20.48,23.34,29714.0,2024
metro,37140,,102748.0,1786.0,1.74,54.98,39.19,30.01,30.57,13.27,17.13,31.67,39.35,22.6,27237.0,2024
metro,37220,,54344.0,4424.0,8.14,53.19,11.98,63.95,17.68,14.08,0.79,48.15,11.21,13.75,29379.0,2024
metro,37260,,75164.0,3562.0,4.74,38.04,29.7,66.09,9.52,14.91,0.51,55.0,15.9,29.99,24038.0,2024
metro,37300,,58439.0,3789.0,6.48,39.85,27.42,67.75,7.1,6.36,18.29,53.63,10.12,16.01,31750.0,2024
metro,37340,,632780.0,61540.0,9.73,69.03,26.29,55.47,19.38,17.79,2.95,25.18,36.6,12.72,34565.0,2024
metro,37420,,21877.0,2386.0,10.91,26.28,22.46,85.46,10.56,1.42,0.92,58.89,4.46,22.78,29738.0,2024
metro,37460,,211922.0,16729.0,7.89,45.9,52.15,60.17,17.63,15.28,3.75,39.87,33.34,15.93,35072.0,2024
metro,37500,,46432.0,639.0,1.38,41.47,41.16,48.98,21.91,12.83,8.92,40.85,31.39,35.44,39773.0,2024
metro,37540,,32412.0,492.0,1.52,72.76,13.01,13.41,35.57,12.8,17.28,7.32,28.9,13.24,32500.0,2024
metro,37580,,62280.0,2620.0,4.21,54.62,26.95,72.18,12.44,7.67,2.37,46.82,13.66,14.27,37264.0,2024
metro,37620,,88460.0,870.0,0.98,67.59,22.07,21.38,40.69,24.83,9.31,22.18,51.06,14.05,51985.0,2024
metro,37740,,53795.0,1914.0,3.56,67.5,9.4,44.57,19.7,19.49,6.17,21.73,35.29,14.43,30101.0,2024
metro,37800,,33642.0,701.0,2.08,62.91,35.38,21.68,47.79,21.54,0.0,24.24,52.88,7.85,37000.0,2024
metro,37860,,524395.0,28231.0,5.38,57.53,31.26,41.59,33.05,17.77,3.72,35.09,34.2,13.62,32124.0,2024
metro,37900,,365202.0,15746.0,4.31,44.07,40.94,26.49,48.3,12.78,8.96,32.07,51.03,18.84,41004.0,2024
metro,37940,,35712.0,510.0,1.43,27.25,51.37,46.47,30.59,13.14,5.1,31.97,36.41,12.29,31818.0,2024
metro,37950,,34125.0,511.0,1.5,63.6,30.33,33.27,25.44,24.07,2.94,11.35,61.69,2.59,55870.0,2024
metro,37980,,6272014.0,742429.0,11.84,56.86,35.83,31.12,40.38,15.92,10.99,42.23,43.48,14.11,42673.0,2024
metro,38060,,5028754.0,703345.0,13.99,46.53,28.27,56.82,24.19,8.98,4.97,42.76,29.34,13.68,40787.0,2024
metro,38100,,57458.0,1107.0,1.93,55.1,38.39,55.28,21.41,14.91,2.17,46.61,27.79,27.45,34897.0,2024
metro,38180,,20679.0,239.0,1.16,80.75,21.34,25.52,48.54,17.15,0.42,28.45,34.78,0.0,40625.0,2024
metro,38210,,91951.0,679.0,0.74,35.64,57.73,21.65,51.55,10.16,14.43,38.61,61.5,22.33,36661.0,2024
metro,38220,,72255.0,1281.0,1.77,41.69,55.66,59.64,33.88,2.81,2.11,31.16,31.36,12.22,23516.0,2024
metro,38240,,104876.0,5317.0,5.07,57.08,30.36,49.95,20.58,18.28,2.71,37.7,34.88,14.6,38815.0,2024
metro,38260,,39008.0,1468.0,3.76,33.31,43.39,62.19,30.31,2.59,0.54,51.77,19.08,16.2,32112.0,2024
metro,38300,,2439940.0,104605.0,4.29,52.25,45.52,18.03,48.33,21.08,8.76,29.24,59.79,12.79,49001.0,2024
metro,38340,,129430.0,7974.0,6.16,51.76,37.8,29.53,25.34,26.57,13.84,32.07,40.95,15.07,38600.0,2024
metro,38380,,37347.0,3525.0,9.44,32.34,22.78,94.35,3.89,1.53,0.09,69.74,4.44,17.59,26066.0,2024
metro,38420,,51770.0,788.0,1.52,49.62,28.68,40.74,20.81,31.98,3.93,27.31,44.98,8.92,36602.0,2024
metro,38460,,78493.0,3756.0,4.79,48.0,27.98,31.98,21.91,12.43,4.26,23.8,29.37,11.91,34483.0,2024
metro,38500,,46284.0,2338.0,5.05,29.85,20.66,85.12,9.84,3.59,0.0,41.87,26.57,18.21,36704.0,2024
metro,38540,,89454.0,3018.0,3.37,46.42,44.0,29.82,40.19,15.81,3.41,26.44,35.06,11.48,36988.0,2024
metro,38620,,43625.0,1291.0,2.96,41.91,24.86,58.33,14.64,17.74,1.63,41.73,17.01,18.3,37243.0,2024
metro,38700,,35565.0,862.0,2.42,57.31,22.85,44.78,25.87,21.23,2.44,32.21,19.32,4.46,34612.0,2024
metro,38740,,42020.0,335.0,0.8,57.31,40.9,22.69,47.76,14.03,10.75,19.1,43.32,27.19,18670.0,2024
metro,38820,,77813.0,3479.0,4.47,66.69,22.25,25.75,26.27,26.53,4.23,20.76,44.7,13.47,38188.0,2024
metro,38860,,562843.0,30203.0,5.37,52.37,47.14,14.25,26.91,24.94,23.78,26.33,45.44,12.98,41301.0,2024
metro,38900,,2520987.0,320290.0,12.7,54.38,29.12,32.1,39.9,18.08,4.65,40.78,39.32,10.74,44907.0,2024
metro,38920,,19868.0,1834.0,9.23,45.09,32.12,53.27,38.0,3.6,0.0,49.29,32.64,12.8,55988.0,2024
metro,38940,,522676.0,83686.0,16.01,62.73,26.55,76.1,8.51,10.6,1.36,36.46,26.68,14.99,34423.0,2024
metro,39020,,72627.0,741.0,1.02,50.88,25.78,34.41,36.03,16.06,1.08,29.28,20.3,17.8,26618.0,2024
metro,39040,,33577.0,1618.0,4.82,59.95,11.74,28.0,24.29,31.4,1.36,23.05,41.51,20.49,29038.0,2024
metro,39060,,143558.0,3945.0,2.75,54.42,33.66,56.15,21.5,16.78,2.61,43.72,21.91,21.67,32544.0,2024
metro,39150,,245480.0,15768.0,6.42,51.7,18.78,53.39,12.79,25.05,1.95,36.84,29.41,17.12,34961.0,2024
metro,39220,,20517.0,381.0,1.86,66.14,3.94,72.7,11.81,12.07,0.0,25.2,6.43,30.27,41134.0,2024
metro,39300,,1684071.0,247840.0,14.72,55.76,32.91,45.05,16.12,24.96,12.3,46.42,23.73,14.55,37299.0,2024
metro,39340,,717986.0,58420.0,8.14,38.83,41.45,70.26,13.3,6.53,3.09,44.12,33.66,13.85,36969.0,2024
metro,39380,,169356.0,6868.0,4.06,37.19,28.93,67.62,13.96,13.32,2.42,37.75,23.19,17.17,36231.0,2024
metro,39420,,47003.0,3534.0,7.52,35.6,60.72,13.61,55.66,17.09,4.27,24.74,73.59,27.18,29032.0,2024
metro,39460,,201064.0,19620.0,9.76,64.92,29.04,47.84,13.08,26.94,1.07,26.63,26.96,12.07,31911.0,2024
metro,39480,,96312.0,4228.0,4.39,58.33,24.76,33.44,25.61,27.03,2.63,27.86,32.69,10.64,48151.0,2024
metro,39500,,74678.0,850.0,1.14,57.06,28.35,42.71,35.65,12.24,7.06,23.53,27.49,10.72,34583.0,2024
metro,39540,,197532.0,9775.0,4.95,45.13,23.61,61.14,18.93,12.0,3.2,45.24,22.26,15.09,37033.0,2024
metro,39580,,1487302.0,203685.0,13.69,46.98,39.43,38.17,39.1,10.36,9.64,35.83,51.19,11.2,49175.0,2024
metro,39660,,152950.0,3554.0,2.32,50.76,44.96,24.0,36.92,23.52,10.83,36.75,39.17,9.89,37359.0,2024
metro,39700,,20139.0,2091.0,10.38,36.82,7.32,98.33,1.67,0.0,0.0,62.7,6.01,33.21,20848.0,2024
metro,39740,,433015.0,42175.0,9.74,51.47,41.85,75.04,9.58,9.27,4.69,57.19,21.21,19.26,32478.0,2024
metro,39780,,65167.0,7249.0,11.12,39.85,23.22,87.41,7.75,2.46,1.05,57.95,7.91,17.11,33976.0,2024
metro,39820,,181436.0,9142.0,5.04,52.94,29.73,34.27,37.73,17.09,3.16,39.59,28.71,18.24,37754.0,2024
metro,39860,,47943.0,1229.0,2.56,30.19,35.96,62.9,13.1,7.32,12.04,37.9,28.03,8.18,44007.0,2024
metro,39900,,563020.0,75908.0,13.48,48.32,25.03,57.85,27.61,8.32,2.24,38.65,25.75,10.88,39889.0,2024
metro,39940,,68561.0,3637.0,5.3,21.75,59.47,54.44,16.22,6.32,3.74,30.41,27.32,37.92,21374.0,2024
metro,39960,,46797.0,928.0,1.98,47.74,46.66,46.77,14.66,8.84,24.14,53.56,43.86,15.46,33617.0,2024
metro,39980,,66397.0,1732.0,2.61,35.74,44.46,49.65,25.92,5.77,9.7,44.4,28.19,32.18,30189.0,2024
metro,40060,,1341248.0,119717.0,8.93,48.61,39.96,41.86,35.9,11.11,9.12,39.99,40.11,12.92,41730.0,2024
metro,40080,,125967.0,2656.0,2.11,46.12,40.1,38.03,35.28,16.68,6.29,40.77,34.57,11.83,30976.0,2024
metro,40090,,79464.0,10524.0,13.24,43.68,22.04,80.36,6.53,8.75,1.48,50.09,20.5,10.37,41014.0,2024
metro,40100,,66067.0,17968.0,27.2,32.94,17.18,99.81,0.08,0.02,0.0,75.94,7.69,39.24,15681.0,2024
metro,40140,,4675704.0,1018578.0,21.78,54.67,16.97,67.61,24.25,3.77,2.51,52.66,21.14,12.17,36378.0,2024
metro,40180,,39533.0,661.0,1.67,58.09,29.35,22.54,21.18,26.93,0.0,20.88,44.09,9.79,33333.0,2024
metro,40220,,314986.0,17502.0,5.56,46.7,39.71,38.07,37.3,15.24,6.12,38.09,34.48,17.87,38101.0,2024
metro,40260,,64606.0,1521.0,2.35,37.28,21.37,46.55,26.43,9.34,15.32,39.23,21.11,10.8,29599.0,2024
metro,40300,,51495.0,2334.0,4.53,49.49,13.02,70.52,11.1,16.15,0.0,46.57,16.83,9.64,37080.0,2024
metro,40340,,228522.0,19494.0,8.53,60.63,36.37,17.13,41.42,10.38,28.74,31.7,47.81,12.74,49938.0,2024
metro,40380,,1058413.0,70502.0,6.66,61.91,35.26,24.04,37.12,24.87,8.37,35.24,40.92,14.63,36519.0,2024
metro,40420,,336522.0,31138.0,9.25,48.97,25.81,53.61,22.91,13.25,7.91,43.74,21.36,16.65,37070.0,2024
metro,40460,,42344.0,1720.0,4.06,56.92,13.9,70.35,24.3,5.35,0.0,62.15,26.09,21.25,36761.0,2024
metro,40540,,41542.0,2183.0,5.25,33.72,27.26,81.22,8.02,7.19,2.47,42.1,21.08,13.24,35100.0,2024
metro,40580,,144952.0,5448.0,3.76,38.69,23.33,74.19,18.21,3.34,2.77,38.94,22.7,11.77,39604.0,2024
metro,40620,,45194.0,1903.0,4.21,35.58,58.96,6.1,72.83,6.25,14.19,39.31,71.06,21.27,27074.0,2024
metro,40660,,99693.0,6603.0,6.62,40.63,26.17,76.6,16.14,2.98,2.45,58.36,15.53,16.18,31164.0,2024
metro,40700,,112072.0,3150.0,2.81,64.89,14.13,31.71,21.21,26.16,0.98,33.71,19.67,10.51,31803.0,2024
metro,40740,,64217.0,7234.0,11.26,43.23,13.88,88.46,8.06,2.49,0.0,49.7,14.1,26.47,28802.0,2024
metro,40760,,20224.0,776.0,3.84,37.24,34.92,81.44,6.96,10.31,1.29,55.28,31.01,35.07,14083.0,2024
metro,40770,,31966.0,3140.0,9.82,30.03,28.25,97.32,0.51,2.17,0.0,65.43,11.49,22.89,30933.0,2024
metro,40780,,84265.0,4854.0,5.76,42.13,25.57,84.22,9.27,3.23,0.97,65.14,10.02,9.07,34893.0,2024
metro,40820,,48174.0,1521.0,3.16,51.68,55.56,30.37,41.55,11.9,16.17,35.76,40.95,8.94,25947.0,2024
metro,40860,,60425.0,1335.0,2.21,73.48,25.84,17.0,25.54,31.91,4.27,19.25,45.97,14.1,37500.0,2024
metro,40900,,2426388.0,471995.0,19.45,58.8,29.88,27.51,49.61,15.44,2.66,47.1,33.2,13.71,40078.0,2024
metro,40940,,39232.0,973.0,2.48,46.97,23.23,71.84,10.38,6.78,2.67,29.5,16.48,17.0,27500.0,2024
metro,40980,,188665.0,4512.0,2.39,57.85,27.95,28.77,45.43,16.76,1.66,27.58,44.7,10.25,36935.0,2024
metro,41060,,202458.0,14096.0,6.96,51.01,52.26,17.54,20.13,6.39,54.33,45.94,26.65,22.33,33049.0,2024
metro,41100,,196431.0,11355.0,5.78,42.79,24.17,65.87,11.7,8.97,1.81,40.03,22.67,12.6,36273.0,2024
metro,41140,,120012.0,3894.0,3.24,43.12,51.34,54.16,23.6,5.01,13.33,42.32,25.77,17.28,37837.0,2024
metro,41180,,2810850.0,146100.0,5.2,53.44,38.44,22.52,45.63,20.17,9.07,35.02,49.23,12.47,44366.0,2024
metro,41260,,30506.0,326.0,1.07,82.52,42.02,13.8,29.14,15.95,23.31,11.35,29.5,11.59,24511.0,2024
metro,41400,,100704.0,969.0,0.96,44.69,14.45,38.18,20.02,26.32,0.0,29.82,23.69,15.32,37670.0,2024
metro,41420,,438906.0,53530.0,12.2,39.05,24.59,72.04,12.1,8.93,1.84,59.23,13.17,15.42,34634.0,2024
metro,41460,,59487.0,2520.0,4.24,37.26,37.62,53.61,28.41,6.83,10.95,43.92,23.95,12.61,41750.0,2024
metro,41500,,437613.0,129418.0,29.57,30.73,21.79,81.74,12.05,4.22,0.7,67.2,14.0,14.02,32569.0,2024
metro,41540,,129736.0,11179.0,8.62,45.84,40.16,52.96,27.82,6.61,11.75,54.53,25.23,12.65,36343.0,2024
metro,41620,,1275870.0,164575.0,12.9,41.86,37.32,56.13,23.98,9.35,4.74,45.85,30.49,11.96,40692.0,2024
metro,41660,,120986.0,7205.0,5.96,49.72,24.37,71.09,13.35,8.38,5.23,46.38,21.36,12.79,35827.0,2024
metro,41700,,2662733.0,326241.0,12.25,44.28,33.14,71.42,18.51,5.13,3.5,51.54,26.85,17.76,32360.0,2024
metro,41740,,3288774.0,749735.0,22.8,59.27,24.83,47.42,39.49,8.12,2.67,45.71,35.93,12.01,40064.0,2024
metro,41760,,51049.0,1122.0,2.2,51.25,46.17,34.4,16.58,31.02,4.72,28.02,33.43,13.66,38700.0,2024
metro,41780,,114575.0,1922.0,1.68,33.82,57.75,38.66,35.17,16.18,6.35,39.96,39.47,24.46,22233.0,2024
metro,41820,,65816.0,6527.0,9.92,25.4,31.29,84.13,8.61,4.81,2.27,62.06,8.64,25.13,30640.0,2024
metro,41860,,4645029.0,1481065.0,31.88,57.56,28.87,28.44,57.02,8.72,2.83,43.51,47.34,9.78,53130.0,2024
metro,41940,,1969337.0,803244.0,40.79,52.06,35.32,21.6,67.74,7.2,1.61,42.45,58.25,7.29,69625.0,2024
metro,42020,,281555.0,27780.0,9.87,51.75,20.34,59.23,18.52,14.21,2.62,44.27,26.31,13.85,37243.0,2024
metro,42100,,264926.0,47705.0,18.01,44.71,19.84,64.56,17.28,13.58,1.03,49.48,25.38,11.29,36407.0,2024
metro,42140,,156105.0,18841.0,12.07,42.7,22.4,68.55,11.13,15.11,1.46,40.24,27.55,13.02,33173.0,2024
metro,42200,,443701.0,98422.0,22.18,40.16,21.79,72.66,15.53,8.39,0.97,57.16,19.51,15.86,33722.0,2024
metro,42220,,485040.0,81688.0,16.84,48.12,21.21,64.47,18.86,10.62,2.24,54.6,21.65,10.71,40657.0,2024
metro,42300,,36295.0,1055.0,2.91,55.73,23.89,11.09,22.09,19.81,0.09,18.77,38.39,13.8,36415.0,2024
metro,42340,,418285.0,32287.0,7.72,49.04,45.55,48.8,28.45,13.26,5.89,34.83,40.52,10.59,38115.0,2024
metro,42380,,59858.0,1006.0,1.68,61.13,45.33,33.2,25.84,20.48,18.99,31.39,43.68,16.4,34712.0,2024
metro,42420,,36585.0,1670.0,4.56,43.47,28.14,78.62,11.5,7.84,0.48,54.61,17.7,22.77,32806.0,2024
metro,42460,,53053.0,982.0,1.85,45.32,27.7,66.5,18.74,7.13,0.31,47.98,4.97,34.15,23224.0,2024
metro,42540,,569788.0,46554.0,8.17,46.4,48.4,66.09,19.17,10.34,3.08,54.48,22.21,20.25,31273.0,2024
metro,42580,,255626.0,21392.0,8.37,45.65,33.67,65.5,15.41,13.98,2.71,53.54,23.1,13.93,35256.0,2024
metro,42620,,77838.0,1614.0,2.07,27.45,25.22,58.12,21.31,17.97,0.0,46.44,19.22,22.71,38556.0,2024
metro,42660,,4061920.0,853800.0,21.02,49.5,41.12,18.56,54.47,13.69,8.11,38.72,50.44,10.02,56522.0,2024
metro,42680,,166936.0,16738.0,10.03,66.45,25.68,62.15,12.4,17.0,2.17,34.78,30.29,9.67,33702.0,2024
metro,42700,,105702.0,11458.0,10.84,54.13,19.48,73.57,11.47,9.87,1.0,47.27,21.27,21.36,30890.0,2024
metro,42740,,43397.0,3135.0,7.22,46.76,26.57,46.25,10.21,40.64,0.16,60.9,11.73,15.23,31588.0,2024
metro,42780,,39668.0,665.0,1.68,56.09,35.34,25.56,34.89,12.63,0.0,30.68,20.69,13.95,28333.0,2024
metro,42820,,36858.0,693.0,1.88,37.95,69.12,31.17,25.4,9.09,28.57,30.46,39.21,9.84,27279.0,2024
metro,42860,,80469.0,3387.0,4.21,41.04,43.43,64.87,10.57,14.32,3.96,51.2,21.9,27.97,33847.0,2024
metro,42900,,32920.0,974.0,2.96,55.34,35.22,32.75,14.07,40.45,0.82,28.23,31.21,11.93,39352.0,2024
metro,42940,,99652.0,7525.0,7.55,21.13,59.52,70.87,17.02,10.75,0.16,49.82,26.11,17.82,31784.0,2024
metro,42980,,46660.0,4206.0,9.01,14.53,53.23,70.99,23.04,4.9,0.0,69.3,29.27,30.09,48492.0,2024
metro,43020,,45291.0,572.0,1.26,59.09,37.76,40.38,19.23,31.29,6.12,35.15,19.96,14.64,31728.0,2024
metro,43060,,73463.0,1530.0,2.08,46.67,26.99,39.93,24.71,19.74,7.12,27.79,22.8,14.04,35406.0,2024
metro,43100,,117991.0,6894.0,5.84,56.01,35.23,29.88,45.59,20.74,1.26,49.14,23.03,10.49,37213.0,2024
metro,43140,,100991.0,3164.0,3.13,45.86,29.74,51.55,27.69,9.23,3.67,40.52,23.98,10.59,42147.0,2024
metro,43180,,52237.0,4510.0,8.63,17.03,50.49,86.19,10.86,1.95,0.0,55.92,2.3,40.17,26250.0,2024
metro,43220,,67982.0,4728.0,6.95,35.83,38.28,62.56,12.63,9.98,6.32,51.16,20.53,15.94,36770.0,2024
metro,43260,,32055.0,673.0,2.1,42.79,39.97,39.52,22.14,14.26,4.75,38.63,35.28,17.45,40208.0,2024
metro,43300,,143337.0,11100.0,7.74,33.16,30.02,71.51,14.55,7.61,2.92,48.8,19.07,9.63,35651.0,2024
metro,43320,,108415.0,2674.0,2.47,54.6,20.64,50.26,15.56,23.19,2.06,42.41,32.69,15.35,26324.0,2024
metro,43340,,386819.0,11447.0,2.96,46.31,45.5,47.7,33.62,12.21,4.78,44.13,39.02,19.05,34612.0,2024
metro,43380,,47929.0,601.0,1.25,56.41,19.47,28.95,33.94,16.97,15.47,55.91,30.46,11.81,31979.0,2024
metro,43420,,125566.0,14221.0,11.33,61.85,24.79,70.37,13.94,11.0,1.29,47.84,20.72,20.3,26420.0,2024
metro,43460,,49835.0,279.0,0.56,49.82,12.54,30.47,12.19,27.24,0.36,26.45,21.83,3.17,38389.0,2024
metro,43500,,27775.0,1286.0,4.63,41.21,12.91,60.26,17.34,13.76,6.07,29.08,24.06,43.16,21000.0,2024
metro,43580,,144682.0,17033.0,11.77,43.57,42.21,65.1,15.23,2.5,15.09,66.52,8.67,17.71,40977.0,2024
metro,43620,,298181.0,19296.0,6.47,46.3,45.54,31.94,21.69,14.43,29.84,39.0,24.88,9.45,42028.0,2024
metro,43640,,272421.0,12228.0,4.49,46.07,41.29,59.56,25.79,9.22,1.23,46.35,30.7,25.09,30425.0,2024
metro,43660,,16488.0,1010.0,6.13,51.78,32.97,91.78,7.43,0.1,0.69,61.98,7.9,13.35,32287.0,2024
metro,43700,,65897.0,1256.0,1.91,55.65,32.64,54.46,25.8,16.72,0.96,50.0,16.63,19.72,34313.0,2024
metro,43740,,72799.0,989.0,1.36,57.63,28.01,34.38,31.85,27.4,0.1,37.01,18.75,25.08,40474.0,2024
metro,43760,,54498.0,2508.0,4.6,64.99,13.68,31.1,20.45,31.38,2.63,23.09,35.72,20.5,34068.0,2024
metro,43780,,324560.0,20080.0,6.19,41.16,39.41,38.65,30.8,11.23,15.04,42.54,44.06,16.71,34720.0,2024
metro,43890,,46208.0,1185.0,2.56,41.43,21.6,51.98,26.92,12.07,6.24,40.94,24.1,6.22,33873.0,2024
metro,43900,,374737.0,30683.0,8.19,48.15,33.26,44.36,19.29,32.42,3.03,51.0,21.07,15.64,34777.0,2024
metro,43940,,27233.0,555.0,2.04,68.11,26.85,42.88,30.99,20.9,1.08,48.11,36.08,20.64,46719.0,2024
metro,43980,,16461.0,409.0,2.48,28.85,59.17,56.97,33.01,3.67,0.0,64.06,30.52,62.31,22618.0,2024
metro,44020,,17990.0,219.0,1.22,29.22,21.46,51.14,29.68,7.31,7.76,39.27,16.97,0.46,32000.0,2024
metro,44060,,597123.0,30666.0,5.14,58.45,35.36,15.87,37.35,26.95,5.03,37.62,33.0,15.95,36575.0,2024
metro,44100,,207042.0,7072.0,3.42,50.0,41.88,22.78,47.88,10.12,17.04,25.62,56.78,14.51,56941.0,2024
metro,44140,,462815.0,43693.0,9.44,60.22,35.61,30.87,26.75,30.95,7.83,45.72,26.85,15.42,36972.0,2024
metro,44180,,486785.0,15143.0,3.11,54.69,39.57,29.51,34.39,25.39,6.43,29.68,38.62,15.61,34452.0,2024
metro,44220,,135158.0,3535.0,2.62,34.48,47.64,59.58,19.8,15.84,3.73,51.55,19.41,24.91,31426.0,2024
metro,44260,,61743.0,2587.0,4.19,30.85,63.94,20.49,52.45,5.03,16.0,33.71,64.46,41.2,24461.0,2024
metro,44300,,158576.0,12608.0,7.95,34.57,63.63,12.96,61.6,17.17,5.53,28.45,75.49,27.65,33520.0,2024
metro,44340,,93440.0,3851.0,4.12,46.07,35.0,62.56,15.84,11.09,5.69,35.08,40.78,14.06,32333.0,2024
metro,44420,,126822.0,4286.0,3.38,46.1,31.33,60.13,24.13,10.1,3.55,42.07,26.44,8.14,35027.0,2024
metro,44460,,38291.0,2166.0,5.66,48.2,20.5,63.02,6.42,18.56,1.57,43.26,32.62,5.48,36880.0,2024
metro,44500,,43794.0,2900.0,6.62,44.72,17.34,76.07,10.79,6.69,4.14,55.59,16.33,19.54,39214.0,2024
metro,44540,,20892.0,1182.0,5.66,51.69,41.46,58.29,8.88,10.58,22.08,43.57,16.74,18.07,35685.0,2024
metro,44580,,54947.0,1650.0,3.0,53.39,19.03,66.0,15.64,11.88,5.03,34.42,14.96,3.2,45563.0,2024
metro,44620,,70832.0,2173.0,3.07,60.47,30.69,39.99,45.42,10.12,3.08,41.74,26.81,16.33,32454.0,2024
metro,44660,,82972.0,5236.0,6.31,25.74,61.75,17.53,60.96,8.17,10.37,32.21,72.23,22.91,28759.0,2024
metro,44700,,797334.0,200943.0,25.2,51.67,27.85,49.87,43.61,2.51,2.09,56.04,22.71,12.43,38201.0,2024
metro,44740,,20753.0,4416.0,21.28,33.54,29.44,59.83,26.92,0.84,7.02,71.68,5.25,7.6,38628.0,2024
metro,44780,,60969.0,2477.0,4.06,34.23,23.54,77.8,13.04,5.89,2.42,60.44,16.03,11.34,38857.0,2024
metro,44860,,37784.0,3563.0,9.43,33.79,22.87,82.18,9.65,5.3,2.02,55.15,12.93,19.18,31703.0,2024
metro,44900,,25036.0,877.0,3.5,36.6,30.22,71.04,15.62,13.23,0.0,62.11,16.84,31.91,20145.0,2024
metro,44940,,104725.0,3142.0,3.0,57.48,23.87,35.01,33.8,19.7,6.4,30.3,33.86,20.5,37574.0,2024
metro,44980,,108663.0,2455.0,2.26,51.16,46.27,38.98,32.55,17.84,6.97,25.89,50.52,14.43,40234.0,2024
metro,45000,,30356.0,2125.0,7.0,26.4,24.89,62.45,23.95,8.47,0.19,61.88,14.73,15.98,28043.0,2024
metro,45020,,14454.0,646.0,4.47,60.37,16.87,97.37,2.17,0.46,0.0,56.04,14.57,6.21,31449.0,2024
metro,45060,,656410.0,41245.0,6.28,55.97,42.17,17.07,41.95,22.34,14.0,39.27,40.85,21.49,34185.0,2024
metro,45140,,47942.0,1681.0,3.51,38.67,28.14,63.3,19.04,9.88,3.63,43.43,20.9,13.43,33889.0,2024
metro,45180,,91321.0,1666.0,1.82,34.15,40.52,57.62,18.37,19.09,0.72,46.34,18.3,4.84,39736.0,2024
metro,45220,,391730.0,26094.0,6.66,52.86,41.4,42.72,37.36,12.53,4.58,33.97,50.7,17.25,39781.0,2024
metro,45300,,3304691.0,512115.0,15.5,57.52,37.04,57.97,19.72,14.52,3.59,41.84,35.54,14.03,35620.0,2024
metro,45340,,34543.0,1958.0,5.67,40.6,29.11,56.74,10.16,26.61,3.37,37.84,34.98,13.03,24671.0,2024
metro,45380,,33538.0,397.0,1.18,58.69,14.61,57.18,24.94,16.12,1.01,38.29,40.0,21.17,36699.0,2024
metro,45460,,168719.0,3865.0,2.29,47.74,41.86,23.93,50.25,14.26,4.55,37.51,45.42,17.94,39451.0,2024
metro,45500,,146296.0,4902.0,3.35,42.66,36.62,52.75,31.25,9.67,2.57,34.36,29.21,19.2,30571.0,2024
metro,45520,,26552.0,2622.0,9.87,33.98,17.58,78.72,6.64,10.03,0.34,57.36,13.02,11.57,35319.0,2024
metro,45580,,28029.0,414.0,1.48,74.4,14.25,59.9,21.26,4.35,0.0,6.04,9.97,7.2,,2024
metro,45620,,71885.0,2708.0,3.77,28.06,34.53,79.62,8.49,5.91,4.06,64.81,19.39,29.42,34928.0,2024
metro,45660,,54770.0,667.0,1.22,39.58,53.22,11.69,43.03,32.98,2.4,30.43,47.12,20.66,48615.0,2024
metro,45700,,50377.0,2605.0,5.17,23.76,28.71,79.42,16.7,2.38,1.34,53.32,14.99,26.16,28477.0,2024
metro,45740,,27012.0,936.0,3.47,39.64,21.47,64.74,12.93,13.03,8.01,36.11,31.24,10.89,21352.0,2024
metro,45780,,602322.0,22603.0,3.75,58.22,35.9,25.19,45.52,13.82,9.23,29.67,50.09,17.89,40432.0,2024
metro,45820,,232468.0,8120.0,3.49,36.24,25.69,59.75,25.27,8.41,3.87,50.78,33.82,14.11,39541.0,2024
metro,45860,,113216.0,10706.0,9.46,56.83,29.76,45.25,18.48,30.53,1.49,36.14,35.54,8.61,46016.0,2024
metro,45880,,12664.0,2440.0,19.27,44.47,19.75,98.32,0.7,0.49,0.49,63.77,3.68,11.55,23720.0,2024
metro,45900,,155449.0,2886.0,1.86,66.84,19.68,19.3,28.07,34.23,2.84,18.36,32.83,9.52,34432.0,2024
metro,45940,,385864.0,104307.0,27.03,46.13,39.84,45.75,33.4,11.11,8.75,41.8,47.28,9.42,46460.0,2024
metro,45980,,32987.0,1173.0,3.56,24.13,53.71,23.19,51.24,15.43,2.98,46.29,38.87,35.37,28125.0,2024
metro,46020,,102481.0,6536.0,6.38,45.5,16.36,33.46,24.16,27.8,1.74,30.48,38.56,11.11,37515.0,2024
metro,46060,,1060490.0,124922.0,11.78,55.52,26.01,61.74,19.94,10.63,4.74,41.26,31.62,16.74,33447.0,2024
metro,46100,,66384.0,1873.0,2.82,45.6,46.18,52.06,29.42,8.86,5.93,55.15,11.89,34.94,35880.0,2024
metro,46140,,1037534.0,77531.0,7.47,38.28,40.0,57.93,26.44,7.85,5.32,51.0,22.23,16.6,34504.0,2024
metro,46180,,132254.0,2373.0,1.79,33.75,33.33,45.85,30.89,16.94,4.26,44.12,36.9,19.75,33736.0,2024
metro,46220,,278526.0,11771.0,4.23,35.97,47.35,45.6,26.48,14.56,10.81,40.61,43.94,17.74,39321.0,2024
metro,46300,,118907.0,12485.0,10.5,38.84,34.38,73.5,13.63,7.78,3.0,54.62,8.13,13.51,34699.0,2024
metro,46340,,241740.0,21242.0,8.79,42.74,25.59,74.52,14.52,3.11,6.97,57.84,22.86,11.53,32375.0,2024
metro,46380,,90244.0,10983.0,12.17,42.55,23.41,72.92,14.82,9.41,0.32,62.75,13.95,23.06,31799.0,2024
metro,46460,,30453.0,823.0,2.7,31.35,9.96,86.39,10.09,1.94,0.61,36.94,1.98,50.8,21962.0,2024
metro,46500,,38804.0,454.0,1.17,66.52,16.96,22.91,32.38,20.93,0.0,21.81,29.53,0.0,46500.0,2024
metro,46520,,1001146.0,195997.0,19.58,63.08,25.96,3.66,79.64,3.73,0.79,48.87,31.13,11.13,38725.0,2024
metro,46540,,288881.0,21508.0,7.45,60.06,31.56,19.65,37.47,34.85,4.62,42.26,21.9,20.85,30959.0,2024
metro,46620,,24881.0,2718.0,10.92,46.32,34.44,90.91,7.73,0.22,1.03,59.85,9.67,23.35,20510.0,2024
metro,46660,,150188.0,6177.0,4.11,43.92,34.32,47.74,33.35,10.36,5.23,38.33,27.26,17.24,32172.0,2024
metro,46700,,451918.0,93940.0,20.79,58.96,21.81,44.48,46.12,4.85,2.08,46.87,27.63,9.57,42237.0,2024
metro,46780,,28826.0,375.0,1.3,40.53,46.67,75.2,13.33,9.33,1.07,18.4,71.14,7.73,47283.0,2024
metro,46820,,15219.0,575.0,3.78,30.78,66.09,14.78,58.61,2.78,15.65,36.52,69.62,38.3,,2024
metro,46860,,37056.0,1137.0,3.07,35.88,53.03,67.37,21.11,6.6,0.7,40.48,15.19,9.32,35769.0,2024
metro,46900,,12616.0,746.0,5.91,46.51,36.19,56.3,39.68,3.08,0.94,52.57,21.0,13.78,25058.0,2024
metro,46980,,43020.0,565.0,1.31,63.01,24.96,32.74,48.85,8.67,5.31,46.02,57.8,19.04,23290.0,2024
metro,47020,,98554.0,6793.0,6.89,41.9,22.79,81.55,10.69,3.3,2.68,44.21,18.5,19.4,27976.0,2024
metro,47080,,35742.0,1967.0,5.5,21.1,31.57,79.11,12.05,6.91,1.93,65.49,6.62,34.43,16819.0,2024
metro,47180,,36007.0,686.0,1.91,37.32,43.73,43.73,40.96,3.94,3.94,56.56,11.85,9.15,41307.0,2024
metro,47220,,153305.0,19486.0,12.71,36.62,30.61,75.92,8.75,10.33,4.75,60.45,17.17,14.45,33273.0,2024
metro,47240,,20933.0,2899.0,13.85,39.94,41.6,74.06,6.73,16.04,0.34,58.36,17.85,11.66,40259.0,2024
metro,47260,,1787235.0,122588.0,6.86,61.97,33.47,30.27,43.72,15.8,7.47,29.52,39.48,10.14,40849.0,2024
metro,47300,,478693.0,106332.0,22.21,37.66,17.53,86.51,9.73,2.9,0.35,67.75,8.12,20.3,27620.0,2024
metro,47340,,30844.0,432.0,1.4,60.42,28.01,40.74,28.47,19.21,9.95,30.79,13.51,5.75,27333.0,2024
metro,47380,,302045.0,25140.0,8.32,28.79,29.03,77.57,13.87,4.55,3.11,62.65,15.66,18.44,31481.0,2024
metro,47420,,22955.0,461.0,2.01,48.37,39.7,28.85,33.41,16.92,5.42,33.5,30.38,4.18,51823.0,2024
metro,47460,,62161.0,5920.0,9.52,44.36,24.07,65.51,10.44,14.0,5.17,54.58,13.29,20.62,28599.0,2024
metro,47540,,46125.0,257.0,0.56,60.31,30.35,10.12,52.92,29.18,0.0,7.79,44.14,0.4,40682.0,2024
metro,47580,,198209.0,12603.0,6.36,51.89,36.72,45.89,30.05,8.13,12.66,39.94,37.09,17.16,39736.0,2024
metro,47620,,37920.0,437.0,1.15,72.77,21.74,22.65,40.5,29.98,0.69,23.02,26.74,14.68,32109.0,2024
metro,47660,,54732.0,1620.0,2.96,40.68,54.07,14.2,38.83,12.96,21.91,28.72,31.5,20.56,36985.0,2024
metro,47700,,80442.0,3913.0,4.86,33.48,36.9,65.19,27.45,2.91,2.56,41.87,31.45,9.82,45159.0,2024
metro,47780,,33658.0,1335.0,3.97,31.09,52.43,86.82,5.39,3.82,0.0,62.1,18.71,36.04,25677.0,2024
metro,47820,,44499.0,1615.0,3.63,29.78,22.97,75.17,12.51,11.15,0.19,52.14,6.13,28.79,24778.0,2024
metro,47900,,6318377.0,1535978.0,24.31,55.49,34.18,39.94,35.24,7.49,16.26,40.03,46.78,9.66,49950.0,2024
metro,47920,,28876.0,544.0,1.88,44.3,37.32,45.4,35.66,16.18,2.76,53.31,18.99,17.28,47425.0,2024
metro,47930,,454969.0,64667.0,14.21,59.07,27.23,49.33,19.12,24.58,4.93,38.86,30.27,12.62,39247.0,2024
metro,47940,,168637.0,9098.0,5.4,45.87,40.59,27.75,29.09,21.02,14.78,55.97,24.17,16.5,37840.0,2024
metro,47980,,28767.0,372.0,1.29,54.03,58.33,33.6,24.46,13.44,24.46,31.99,11.39,39.3,11123.0,2024
metro,48020,,86003.0,3152.0,3.66,30.65,33.98,64.97,13.86,15.77,2.06,49.9,12.3,4.64,43326.0,2024
metro,48060,,115040.0,5296.0,4.6,60.56,45.07,36.18,30.83,13.33,12.2,28.91,35.47,13.66,33530.0,2024
metro,48140,,138403.0,6009.0,4.34,56.37,32.48,29.59,58.38,8.99,0.58,50.21,23.26,23.46,32422.0,2024
metro,48180,,56178.0,1660.0,2.95,22.23,40.18,52.17,23.49,4.52,15.36,52.11,17.27,22.04,30423.0,2024
metro,48200,,62662.0,1728.0,2.76,50.46,17.25,61.69,11.86,24.25,0.41,35.76,18.42,10.83,34986.0,2024
metro,48220,,39074.0,1605.0,4.11,37.51,30.28,85.61,8.54,2.74,0.0,64.86,7.88,20.79,22152.0,2024
metro,48260,,114754.0,1349.0,1.18,61.23,39.21,26.91,38.99,24.17,5.19,29.5,40.38,11.69,31724.0,2024
metro,48300,,124538.0,18280.0,14.68,31.55,26.88,86.61,4.14,5.19,0.31,64.08,10.54,8.99,37234.0,2024
metro,48460,,40383.0,498.0,1.23,52.41,23.69,20.28,34.54,29.72,12.05,37.35,28.12,11.83,23309.0,2024
metro,48540,,136920.0,2018.0,1.47,57.83,30.18,34.74,29.63,29.63,1.34,28.6,42.67,17.99,26953.0,2024
metro,48580,,105657.0,6578.0,6.23,45.59,17.13,67.1,10.34,19.64,0.41,47.22,19.67,10.34,40572.0,2024
metro,48620,,652622.0,49648.0,7.61,45.84,31.25,50.66,34.93,6.93,5.48,51.8,23.52,16.69,35199.0,2024
metro,48660,,149358.0,9263.0,6.2,40.44,34.76,53.95,26.06,10.83,7.88,42.54,23.32,17.6,34412.0,2024
metro,48680,,143408.0,8779.0,6.12,65.5,18.84,41.71,16.31,21.82,0.18,25.23,33.9,15.81,35359.0,2024
metro,48700,,113489.0,1806.0,1.59,53.05,31.89,21.54,32.06,29.4,4.37,25.24,29.73,6.25,24514.0,2024
metro,48780,,39555.0,3364.0,8.5,40.61,67.75,44.65,15.61,1.66,28.57,35.31,38.63,14.19,27385.0,2024
metro,48820,,44079.0,4312.0,9.78,36.36,60.76,55.03,9.97,3.59,27.18,61.02,14.56,12.1,36090.0,2024
metro,48900,,453347.0,22220.0,4.9,43.01,29.01,55.84,18.09,19.7,2.17,41.07,32.15,15.56,36053.0,2024
metro,48940,,42012.0,915.0,2.18,21.75,51.8,60.22,11.26,10.82,8.42,37.3,20.8,44.49,17265.0,2024
metro,48980,,79290.0,4832.0,6.09,38.87,30.34,73.16,19.25,2.61,2.9,49.25,14.82,26.97,29628.0,2024
metro,49010,,43990.0,1150.0,2.61,32.43,41.74,45.83,24.61,16.87,2.43,37.57,16.2,15.69,35656.0,2024
metro,49020,,146386.0,11166.0,7.63,42.78,24.86,68.26,16.56,10.1,3.29,47.84,21.76,17.42,40669.0,2024
metro,49080,,17289.0,1632.0,9.44,60.66,22.86,81.74,12.81,2.33,1.47,55.76,11.1,9.02,34393.0,2024
metro,49100,,49779.0,1487.0,2.99,48.89,34.16,31.27,43.31,10.63,11.84,26.63,40.36,6.26,35850.0,2024
metro,49180,,689766.0,52568.0,7.62,40.93,32.49,65.15,19.03,8.49,5.53,46.96,25.17,18.96,35086.0,2024
metro,49220,,74004.0,1662.0,2.25,41.34,35.86,33.33,37.67,16.97,3.85,30.62,38.47,17.55,40000.0,2024
metro,49260,,20158.0,1017.0,5.05,25.66,45.33,91.25,7.08,1.67,0.0,44.94,16.65,16.47,37392.0,2024
metro,49300,,116588.0,3098.0,2.66,42.87,59.3,24.44,42.54,16.56,8.49,28.11,37.02,4.93,28679.0,2024
metro,49340,,867788.0,126246.0,14.55,52.71,43.94,37.81,29.69,15.2,14.45,40.32,40.31,13.93,44997.0,2024
metro,49380,,22041.0,4704.0,21.34,36.67,33.8,68.03,18.13,0.21,13.58,61.59,8.14,22.19,30605.0,2024
metro,49420,,257152.0,46831.0,18.21,33.14,20.14,91.31,4.41,1.58,0.53,66.33,7.48,17.39,32475.0,2024
metro,49460,,23414.0,680.0,2.9,25.44,43.68,71.47,7.06,18.68,2.06,52.94,20.37,14.56,33368.0,2024
metro,49620,,462924.0,19202.0,4.15,57.73,35.84,47.64,24.79,15.78,10.32,41.22,31.77,13.98,38483.0,2024
metro,49660,,427420.0,7780.0,1.82,62.74,35.91,25.93,36.99,27.85,5.91,32.92,35.23,20.67,30371.0,2024
metro,49700,,183364.0,32202.0,17.56,54.55,23.22,48.69,44.33,3.84,1.29,56.71,16.19,14.74,33556.0,2024
metro,49740,,211741.0,53166.0,25.11,46.26,30.43,90.68,3.2,1.58,0.5,59.51,12.28,16.78,28348.0,2024
metro,49780,,86411.0,628.0,0.73,45.22,37.1,27.23,51.11,14.97,3.5,36.31,34.72,5.64,39726.0,2024
metro,49820,,13841.0,3245.0,23.44,28.6,21.02,98.31,1.69,0.0,0.0,80.06,7.14,33.74,17229.0,2024
puma,0100100,01,185818.0,6570.0,3.54,32.53,34.17,79.35,11.46,4.7,1.7,55.84,27.21,25.54,31649.0,2024
puma,0100200,01,111233.0,4601.0,4.14,48.27,20.04,51.64,32.01,8.48,2.61,48.28,38.93,12.69,32764.0,2024
puma,0100300,01,157747.0,7314.0,4.64,26.14,35.82,75.66,17.35,3.96,1.05,59.51,10.91,19.15,31214.0,2024
puma,0100401,01,118478.0,4830.0,4.08,61.49,35.03,28.28,32.32,30.04,4.1,21.61,40.16,7.47,42279.0,2024
puma,0100402,01,166082.0,11006.0,6.63,43.74,46.83,37.19,40.42,11.28,5.57,38.64,51.03,13.26,49470.0,2024
puma,0100403,01,107777.0,7694.0,7.14,43.37,43.31,55.59,18.22,12.39,9.8,36.39,39.55,16.67,35144.0,2024
puma,0100501,01,113129.0,7563.0,6.69,33.62,29.0,83.12,11.33,3.61,1.3,52.39,17.63,23.29,35063.0,2024
puma,0100600,01,125322.0,6639.0,5.3,23.66,30.26,89.29,4.64,4.08,0.14,62.29,5.13,40.69,24036.0,2024
puma,0100700,01,128548.0,3044.0,2.37,34.0,30.52,56.34,21.45,16.36,1.51,48.82,18.13,30.39,29254.0,2024
puma,0100800,01,116090.0,3377.0,2.91,46.4,26.15,42.94,29.26,19.48,5.54,37.87,22.37,17.82,37453.0,2024
puma,0100900,01,153684.0,4591.0,2.99,42.19,20.39,78.02,10.37,5.53,3.66,51.59,10.3,13.92,36537.0,2024
puma,0101000,01,143432.0,2752.0,1.92,32.23,30.63,76.93,9.77,8.98,0.0,53.89,18.91,12.5,35192.0,2024
puma,0101100,01,123579.0,1689.0,1.37,31.62,28.42,67.44,7.82,13.62,8.53,29.9,24.33,33.79,30493.0,2024
puma,0101201,01,101393.0,3406.0,3.36,45.27,35.35,47.53,23.72,20.38,6.52,35.85,33.58,16.47,44097.0,2024
puma,0101202,01,136159.0,7652.0,5.62,32.48,55.65,42.24,29.91,12.0,12.9,43.58,52.31,17.85,37354.0,2024
puma,0101301,01,116582.0,1883.0,1.62,21.19,57.3,64.15,13.65,6.27,0.9,53.16,8.15,28.74,38081.0,2024
puma,0101401,01,118372.0,5436.0,4.59,26.66,39.68,60.17,30.13,5.83,2.56,44.32,36.17,31.93,39798.0,2024
puma,0101402,01,127474.0,4175.0,3.28,42.32,42.04,54.08,34.44,3.52,7.09,54.42,23.35,15.16,32468.0,2024
puma,0101403,01,186844.0,9571.0,5.12,20.35,51.48,63.38,17.35,6.29,10.64,51.97,34.99,24.35,32767.0,2024
puma,0101404,01,183324.0,12394.0,6.76,44.31,38.58,41.0,34.77,9.27,12.4,35.99,54.41,10.08,47469.0,2024
puma,0101501,01,140248.0,8643.0,6.16,51.64,37.48,43.69,38.08,8.84,6.42,42.86,43.2,10.98,43993.0,2024
puma,0101502,01,135955.0,6378.0,4.69,37.75,29.04,73.86,15.0,6.91,2.3,52.67,10.87,12.03,37756.0,2024
puma,0101600,01,133149.0,2191.0,1.65,38.48,40.71,57.83,21.04,16.16,1.19,45.28,20.05,9.93,39507.0,2024
puma,0101700,01,114669.0,2437.0,2.13,43.17,52.07,33.52,24.13,26.38,13.62,31.54,37.54,8.1,31659.0,2024
puma,0101801,01,107299.0,3363.0,3.13,26.14,47.43,70.38,16.15,5.62,5.59,64.89,20.68,23.97,29879.0,2024
puma,0101802,01,105578.0,9039.0,8.56,37.24,56.49,16.16,61.5,7.33,12.78,39.39,51.95,11.91,58836.0,2024
puma,0101901,01,103367.0,2062.0,1.99,43.6,16.1,62.32,14.94,13.24,6.55,41.64,24.77,11.14,33000.0,2024
puma,0102000,01,114179.0,2144.0,1.88,28.96,48.41,68.75,16.37,9.19,4.01,38.67,28.78,24.94,31458.0,2024
puma,0102101,01,134283.0,11096.0,8.26,25.04,63.19,32.24,53.19,7.74,5.4,50.47,62.38,17.17,36244.0,2024
puma,0102201,01,105662.0,3239.0,3.07,68.2,18.25,50.23,18.89,24.02,4.11,29.67,24.09,10.84,41684.0,2024
puma,0102300,01,152674.0,4071.0,2.67,41.66,34.73,63.01,25.55,8.33,1.5,35.57,28.99,21.06,32490.0,2024
puma,0102400,01,104519.0,4294.0,4.11,48.23,28.95,48.63,20.49,24.52,0.84,42.47,15.46,21.26,28555.0,2024
puma,0102500,01,127010.0,3110.0,2.45,32.38,44.53,44.92,37.68,11.54,2.32,41.58,30.48,25.14,28636.0,2024
puma,0102600,01,127530.0,911.0,0.71,54.12,36.44,49.84,29.86,12.4,1.21,26.56,18.13,16.11,31042.0,2024
puma,0102701,01,125490.0,4923.0,3.92,53.12,50.94,42.84,23.28,23.14,3.84,25.97,49.32,9.41,61301.0,2024
puma,0102702,01,121499.0,5297.0,4.36,41.08,32.66,59.66,15.18,17.22,1.94,43.35,21.15,20.31,36074.0,2024
puma,0102801,01,142969.0,3473.0,2.43,56.78,23.27,31.21,53.5,14.2,0.23,42.52,21.05,8.82,32958.0,2024
puma,0102802,01,125495.0,6774.0,5.4,62.8,35.72,29.21,51.86,6.2,9.52,36.35,36.94,14.48,36302.0,2024
puma,0102803,01,144126.0,3946.0,2.74,46.38,36.7,39.38,33.83,15.91,10.09,40.03,34.9,13.07,32008.0,2024
puma,0200101,02,130554.0,14480.0,11.09,61.37,34.79,25.64,51.57,8.49,4.19,36.5,27.25,13.45,39184.0,2024
puma,0200102,02,158422.0,16949.0,10.7,69.25,30.3,12.35,55.41,13.98,3.01,36.33,34.6,7.44,43668.0,2024
puma,0200200,02,173401.0,5481.0,3.16,68.11,25.65,15.36,38.73,30.74,1.46,25.05,33.3,8.48,38294.0,2024
puma,0200300,02,162877.0,10418.0,6.4,59.1,36.24,14.38,48.88,17.48,8.13,29.55,32.97,8.43,42319.0,2024
puma,0200400,02,110452.0,9417.0,8.53,48.61,38.71,11.62,64.88,11.1,6.85,39.99,21.4,8.91,40607.0,2024
puma,0400101,04,193887.0,17443.0,9.0,44.77,34.17,47.66,21.66,10.53,1.16,29.21,28.02,11.09,44251.0,2024
puma,0400102,04,144771.0,13685.0,9.45,46.77,27.31,64.74,17.22,9.24,2.97,41.07,29.43,16.02,42892.0,2024
puma,0400103,04,119415.0,21206.0,17.76,34.41,36.23,77.28,12.77,3.11,3.04,55.46,18.85,16.66,35088.0,2024
puma,0400104,04,108866.0,12510.0,11.49,39.69,28.3,63.72,12.29,8.09,1.36,41.57,21.34,15.85,36424.0,2024
puma,0400105,04,171427.0,16378.0,9.55,66.92,25.02,30.93,46.71,12.36,3.82,34.09,42.23,6.36,49845.0,2024
puma,0400106,04,121992.0,17994.0,14.75,55.0,28.73,41.42,46.28,5.07,3.72,43.29,40.09,14.35,45243.0,2024
puma,0400107,04,128643.0,20165.0,15.68,56.23,34.8,16.04,62.45,9.21,4.22,23.81,65.3,6.25,77689.0,2024
puma,0400108,04,112473.0,14752.0,13.12,51.9,34.92,25.55,49.97,10.01,11.35,31.64,59.36,8.49,60072.0,2024
puma,0400109,04,113311.0,17095.0,15.09,34.0,52.38,27.36,56.34,8.39,4.38,34.94,51.1,28.55,33025.0,2024
puma,0400110,04,128476.0,14346.0,11.17,63.34,25.14,23.83,29.89,25.76,7.33,14.99,53.48,11.13,59252.0,2024
puma,0400111,04,111940.0,12926.0,11.55,60.56,29.83,13.33,42.27,26.05,3.28,14.63,63.7,7.75,61797.0,2024
puma,0400112,04,137045.0,13386.0,9.77,70.32,24.59,12.03,37.39,27.59,4.48,14.63,67.01,8.3,83191.0,2024
puma,0400113,04,104690.0,12868.0,12.29,53.99,38.06,23.85,41.27,24.96,2.79,26.94,56.17,3.55,52297.0,2024
puma,0400114,04,112449.0,18034.0,16.04,45.46,28.92,53.75,20.7,17.03,5.37,37.5,30.94,20.18,39892.0,2024
puma,0400115,04,113990.0,17832.0,15.64,43.86,30.14,55.47,19.8,12.42,8.41,40.7,25.33,17.03,35779.0,2024
puma,0400116,04,111627.0,17175.0,15.39,36.67,37.96,68.62,13.66,6.66,9.38,55.68,30.82,17.21,34933.0,2024
puma,0400117,04,109021.0,16116.0,14.78,36.04,25.56,68.96,16.27,7.06,4.94,43.95,28.74,12.26,38967.0,2024
puma,0400118,04,117221.0,25072.0,21.39,30.63,27.55,72.57,11.64,5.15,7.97,47.62,18.09,21.82,34895.0,2024
puma,0400119,04,116465.0,24512.0,21.05,39.42,19.75,84.08,10.08,1.48,3.89,53.15,15.48,15.07,35971.0,2024
puma,0400120,04,108666.0,13145.0,12.1,60.03,27.0,32.61,44.69,11.22,5.51,23.97,58.04,9.31,58767.0,2024
puma,0400121,04,180332.0,45282.0,25.11,38.23,22.09,87.5,5.34,1.14,5.63,55.54,12.94,14.7,36082.0,2024
puma,0400122,04,104118.0,35272.0,33.88,25.1,29.7,88.46,3.68,0.8,6.98,68.13,5.0,19.95,33492.0,2024
puma,0400123,04,119519.0,34490.0,28.86,30.42,21.72,92.83,3.84,0.86,2.27,64.98,7.76,15.96,37466.0,2024
puma,0400124,04,118837.0,28188.0,23.72,38.9,28.29,77.77,10.51,1.69,9.08,58.88,12.83,19.42,35062.0,2024
puma,0400125,04,114544.0,22840.0,19.94,42.93,32.39,64.54,23.04,3.5,8.16,59.46,16.61,17.79,36243.0,2024
puma,0400126,04,130534.0,16907.0,12.95,62.15,31.78,37.9,41.35,15.85,2.29,43.38,28.73,10.44,38170.0,2024
puma,0400127,04,122503.0,14986.0,12.23,59.57,26.62,42.63,39.02,9.46,5.14,37.58,27.87,13.5,40163.0,2024
puma,0400128,04,110587.0,14155.0,12.8,57.05,34.0,23.51,47.26,20.39,4.47,34.75,45.96,8.34,46230.0,2024
puma,0400129,04,145819.0,15734.0,10.79,54.36,38.23,12.51,56.93,20.36,3.3,27.03,57.64,6.36,65929.0,2024
puma,0400130,04,124206.0,11198.0,9.02,61.68,11.45,55.97,16.05,16.56,2.05,37.54,16.93,15.84,32863.0,2024
puma,0400131,04,129684.0,8916.0,6.88,70.5,23.33,33.59,28.02,22.06,2.89,20.27,28.26,9.6,40546.0,2024
puma,0400132,04,169440.0,17184.0,10.14,58.17,24.66,55.1,21.83,8.52,7.19,31.56,29.81,10.5,45587.0,2024
puma,0400133,04,130127.0,24462.0,18.8,48.08,24.51,70.39,18.02,4.05,5.18,47.62,17.11,12.83,41818.0,2024
puma,0400134,04,189905.0,17642.0,9.29,48.71,16.34,70.51,14.34,7.28,2.21,39.82,20.09,8.48,41334.0,2024
puma,0400135,04,183218.0,16588.0,9.05,64.34,24.96,27.27,47.12,14.14,5.4,26.05,48.24,4.37,64678.0,2024
puma,0400400,04,102436.0,3632.0,3.55,61.65,16.05,56.5,17.18,12.09,5.15,28.55,32.34,11.76,36845.0,2024
puma,0400500,04,144508.0,7173.0,4.96,46.48,32.05,49.1,23.94,14.08,4.82,25.72,41.09,14.19,39449.0,2024
puma,0400601,04,115770.0,7554.0,6.53,55.79,13.33,63.57,15.93,12.36,1.52,44.39,14.64,21.55,24817.0,2024
puma,0400602,04,104747.0,5913.0,5.65,64.7,18.91,49.86,17.0,16.47,0.98,21.64,20.02,14.9,39688.0,2024
puma,0400701,04,111627.0,31123.0,27.88,42.94,33.27,92.61,1.7,1.74,0.16,64.62,10.73,16.53,27914.0,2024
puma,0400803,04,162153.0,11837.0,7.3,50.71,32.31,55.28,16.36,9.97,3.4,34.71,20.31,8.03,34267.0,2024
puma,0400805,04,132934.0,12274.0,9.23,48.13,24.61,71.85,8.57,7.72,3.23,44.94,13.72,15.64,34387.0,2024
puma,0400807,04,163125.0,17791.0,10.91,46.69,23.06,69.46,16.31,6.92,2.05,45.02,23.48,12.01,41599.0,2024
puma,0400900,04,174492.0,30966.0,17.75,60.89,24.58,84.79,6.97,5.97,0.62,60.72,18.12,20.69,26467.0,2024
puma,0401000,04,173756.0,3713.0,2.14,52.92,27.61,45.14,22.68,22.65,2.59,38.63,32.74,15.62,27232.0,2024
puma,0401101,04,116778.0,23675.0,20.27,49.81,26.6,86.78,5.87,1.77,0.95,52.09,14.36,17.78,29341.0,2024
puma,0401901,04,108892.0,13168.0,12.09,58.19,16.3,83.85,5.48,6.54,0.99,44.31,14.76,15.25,33726.0,2024
puma,0401902,04,143531.0,13626.0,9.49,59.26,22.21,59.11,20.05,13.95,2.72,35.48,32.45,14.94,33173.0,2024
puma,0401903,04,117897.0,10838.0,9.19,65.84,23.07,37.78,29.67,18.99,3.87,25.02,50.16,7.39,45460.0,2024
puma,0401904,04,109464.0,12192.0,11.14,71.14,24.37,28.22,38.98,22.18,4.69,20.96,66.38,5.32,57827.0,2024
puma,0401905,04,116229.0,9961.0,8.57,61.15,17.72,66.51,16.47,11.28,2.68,40.93,28.65,12.02,38579.0,2024
puma,0401906,04,113784.0,10641.0,9.35,61.23,30.5,38.31,28.31,15.92,14.77,27.24,43.25,15.39,34923.0,2024
puma,0401907,04,121460.0,15843.0,13.04,40.42,38.6,56.23,28.44,9.25,4.67,42.76,33.0,26.93,27792.0,2024
puma,0401908,04,113425.0,25297.0,22.3,43.65,23.37,93.83,3.28,1.51,0.93,63.27,12.17,23.55,29432.0,2024
puma,0401909,04,126602.0,14315.0,11.31,58.1,35.26,51.79,25.61,8.89,11.41,41.9,30.76,17.56,32994.0,2024
puma,0402502,04,140939.0,8065.0,5.72,57.05,15.9,54.27,16.69,19.93,1.33,34.55,27.34,18.12,36353.0,2024
puma,0402503,04,104541.0,7703.0,7.37,46.1,21.81,52.46,8.71,30.42,2.61,39.23,31.49,16.08,33799.0,2024
puma,0500101,05,183812.0,16276.0,8.85,37.59,32.72,60.64,24.86,4.71,3.83,41.68,34.16,6.36,40048.0,2024
puma,0500102,05,119820.0,22147.0,18.48,27.78,43.03,65.14,26.66,4.32,1.13,43.38,32.9,7.65,42378.0,2024
puma,0500201,05,144377.0,25446.0,17.62,26.99,34.24,70.55,9.24,1.79,0.66,60.98,9.35,14.83,34124.0,2024
puma,0500202,05,112388.0,6360.0,5.66,33.18,50.08,41.18,29.69,9.54,10.68,28.63,53.9,14.24,43818.0,2024
puma,0500300,05,158699.0,5107.0,3.22,40.38,27.82,56.02,16.19,16.78,0.0,43.24,11.89,21.99,30211.0,2024
puma,0500400,05,118278.0,2452.0,2.07,35.15,13.46,61.95,15.05,17.7,0.04,43.92,12.4,29.59,31875.0,2024
puma,0500500,05,113561.0,1629.0,1.43,37.94,35.54,35.6,23.14,22.1,8.1,28.37,20.74,27.29,31664.0,2024
puma,0500600,05,149144.0,3556.0,2.38,26.49,56.1,42.63,39.06,4.95,10.6,51.28,32.17,20.61,31286.0,2024
puma,0500700,05,135792.0,4496.0,3.31,33.99,29.8,63.43,24.44,6.67,3.58,54.89,30.46,20.39,29888.0,2024
puma,0500800,05,115229.0,1970.0,1.71,29.29,24.67,57.36,21.42,17.16,0.0,43.58,21.72,22.54,38648.0,2024
puma,0500900,05,202989.0,6637.0,3.27,43.27,37.16,56.65,20.2,13.05,5.36,37.58,29.83,16.74,33917.0,2024
puma,0501000,05,131322.0,7387.0,5.63,38.61,26.79,81.37,13.86,2.38,0.64,61.4,10.8,9.25,33972.0,2024
puma,0501100,05,207365.0,14520.0,7.0,47.36,21.69,65.85,27.1,3.53,1.73,55.7,14.14,16.47,32589.0,2024
puma,0501200,05,132930.0,4985.0,3.75,40.48,18.74,74.12,11.55,7.96,1.14,63.79,10.81,18.54,32443.0,2024
puma,0501300,05,173008.0,5457.0,3.15,43.72,24.04,59.28,18.34,18.53,0.86,46.98,15.74,19.64,32099.0,2024
puma,0501400,05,155822.0,5609.0,3.6,39.56,34.02,65.29,18.43,9.93,1.89,45.15,20.51,15.01,32676.0,2024
puma,0501501,05,201140.0,9013.0,4.48,33.13,46.48,47.03,37.46,11.14,3.26,40.86,38.61,21.77,39925.0,2024
puma,0501502,05,198678.0,15272.0,7.69,30.08,44.83,59.11,29.03,6.56,4.23,50.43,38.35,15.36,38230.0,2024
puma,0501600,05,167954.0,4053.0,2.41,28.2,27.63,79.57,14.83,4.05,1.06,43.01,13.15,12.96,32366.0,2024
puma,0501700,05,127083.0,3368.0,2.65,32.6,18.59,71.73,13.21,8.02,3.06,46.98,15.22,23.9,26709.0,2024
puma,0600101,06,139671.0,30438.0,21.79,47.25,44.42,15.13,56.99,18.53,5.17,25.65,73.86,20.37,50046.0,2024
puma,0600111,06,103417.0,23649.0,22.87,60.67,31.43,18.27,52.97,9.09,15.96,39.56,47.72,20.91,44692.0,2024
puma,0600112,06,112044.0,18240.0,16.28,66.42,24.5,17.66,50.58,16.32,10.42,25.74,65.28,8.8,83524.0,2024
puma,0600113,06,121536.0,37985.0,31.25,33.81,28.71,78.77,15.26,1.74,2.74,57.64,12.32,14.25,35378.0,2024
puma,0600114,06,190184.0,59931.0,31.51,61.96,28.47,20.83,65.48,7.33,4.31,50.1,39.29,9.28,45152.0,2024
puma,0600115,06,104487.0,33856.0,32.4,57.35,26.32,34.31,48.45,6.65,7.86,53.06,29.06,9.34,46095.0,2024
puma,0600116,06,99858.0,39572.0,39.63,57.94,23.68,36.32,52.48,3.83,3.01,51.08,37.44,7.78,50368.0,2024
puma,0600117,06,103861.0,51074.0,49.18,60.7,29.21,11.28,82.38,2.31,1.7,36.53,60.76,4.88,75423.0,2024
puma,0600118,06,122160.0,56280.0,46.07,53.03,35.74,13.55,80.32,3.24,1.4,37.56,62.92,6.75,79024.0,2024
puma,0600119,06,121571.0,42907.0,35.29,52.21,38.73,8.34,80.12,7.6,1.57,27.19,77.7,5.72,108552.0,2024
puma,0600120,06,116157.0,31341.0,26.98,53.83,32.06,15.87,72.11,7.56,2.04,30.02,70.91,3.63,112103.0,2024
puma,0600121,06,115535.0,62075.0,53.73,55.83,36.58,8.21,87.24,2.46,1.07,34.81,73.67,3.68,103471.0,2024
puma,0600122,06,96571.0,44608.0,46.19,56.36,24.71,45.59,47.62,1.39,0.7,57.19,28.45,8.34,43282.0,2024
puma,0600123,06,102421.0,40955.0,39.99,49.75,30.64,44.76,45.9,2.74,4.79,60.84,18.21,16.09,30938.0,2024
puma,0600300,06,192759.0,12598.0,6.54,50.87,17.41,48.31,19.57,19.65,1.38,27.67,26.98,17.45,35279.0,2024
puma,0600700,06,207929.0,17789.0,8.56,51.21,26.33,47.97,35.09,11.24,1.22,49.14,26.82,22.37,31316.0,2024
puma,0601100,06,131505.0,19364.0,14.72,40.04,22.7,87.29,7.54,4.03,0.4,56.75,7.74,14.07,34759.0,2024
puma,0601301,06,128328.0,49395.0,38.49,41.99,27.67,71.07,23.92,2.12,1.47,64.73,16.13,12.93,38351.0,2024
puma,0601305,06,144418.0,46396.0,32.13,67.64,28.32,5.15,79.73,10.6,3.12,25.9,78.61,4.19,121005.0,2024
puma,0601308,06,122467.0,29741.0,24.28,58.23,24.98,51.06,38.92,3.18,5.59,49.89,26.16,10.81,43562.0,2024
puma,0601309,06,129204.0,23808.0,18.43,64.5,21.74,44.11,39.64,7.75,5.25,42.23,36.41,11.22,52207.0,2024
puma,0601310,06,140186.0,42711.0,30.47,66.85,21.66,32.12,55.66,6.11,3.31,44.35,42.52,9.32,46729.0,2024
puma,0601311,06,120358.0,26587.0,22.09,51.62,33.64,42.37,40.34,9.82,5.04,48.1,37.66,12.74,44396.0,2024
puma,0601312,06,100764.0,17741.0,17.61,68.77,26.41,13.05,57.96,20.61,3.03,23.95,73.18,6.41,78177.0,2024
puma,0601313,06,176639.0,38764.0,21.95,61.88,28.85,26.36,48.98,18.1,3.1,36.22,55.07,9.02,57971.0,2024
puma,0601314,06,102648.0,34468.0,33.58,52.49,20.99,57.97,32.26,1.58,4.64,53.7,21.38,11.47,38436.0,2024
puma,0601500,06,128952.0,8209.0,6.37,50.65,27.18,51.83,23.12,15.32,1.57,52.42,20.17,17.46,30811.0,2024
puma,0601700,06,192662.0,17749.0,9.21,59.68,24.31,28.83,39.13,23.09,1.96,26.06,44.8,5.76,49371.0,2024
puma,0601901,06,144956.0,43416.0,29.95,32.04,22.64,91.29,7.2,0.44,0.74,71.02,5.02,23.4,27960.0,2024
puma,0601902,06,197315.0,30333.0,15.37,63.7,24.58,30.05,57.38,7.14,3.48,41.62,43.37,14.17,44394.0,2024
puma,0601903,06,111940.0,22227.0,19.86,51.01,18.97,61.24,36.34,0.78,0.8,61.51,12.79,23.51,26488.0,2024
puma,0601904,06,179615.0,32313.0,17.99,43.27,17.4,69.91,27.17,1.28,1.14,59.35,11.47,24.58,28371.0,2024
puma,0601905,06,114693.0,28786.0,25.1,53.7,17.74,62.4,35.14,1.69,0.42,63.53,14.21,20.94,29577.0,2024
puma,0601906,06,134282.0,18375.0,13.68,69.3,23.44,28.53,63.98,2.99,2.01,39.77,37.8,6.74,48300.0,2024
puma,0601907,06,133924.0,27927.0,20.85,38.55,13.84,88.79,8.59,1.78,0.23,66.04,8.54,22.15,27446.0,2024
puma,0602300,06,134541.0,8284.0,6.16,56.75,20.01,44.66,30.72,18.29,1.42,43.49,28.42,21.37,32160.0,2024
puma,0602500,06,180202.0,56995.0,31.63,52.9,25.7,96.49,2.72,0.26,0.34,69.11,13.95,18.24,23252.0,2024
puma,0602903,06,165673.0,35247.0,21.28,32.96,19.91,88.35,7.96,2.09,0.87,63.38,9.65,26.01,25875.0,2024
puma,0602904,06,111595.0,34155.0,30.61,31.73,18.87,92.05,7.01,0.54,0.23,63.89,6.16,21.0,25868.0,2024
puma,0602905,06,191648.0,22952.0,11.98,46.72,15.12,75.77,12.78,5.4,1.84,55.28,14.32,22.97,27009.0,2024
puma,0602906,06,157139.0,43936.0,27.96,33.1,16.44,86.4,12.61,0.68,0.06,71.8,5.97,18.46,24938.0,2024
puma,0602907,06,110152.0,12066.0,10.95,64.01,23.16,44.57,41.3,3.47,5.99,36.02,35.36,10.74,42959.0,2024
puma,0602908,06,178868.0,36795.0,20.57,53.68,24.9,55.55,38.45,2.44,2.55,41.21,26.17,11.12,38098.0,2024
puma,0603100,06,153298.0,29420.0,19.19,34.14,23.14,83.8,10.8,3.17,1.24,64.35,8.56,14.96,30226.0,2024
puma,0603300,06,158396.0,17716.0,11.18,42.83,23.54,73.49,13.81,9.28,0.51,56.48,13.6,20.92,32842.0,2024
puma,0603703,06,175221.0,26498.0,15.12,56.01,19.47,69.47,20.2,4.96,2.63,46.29,17.8,14.9,36160.0,2024
puma,0603704,06,182729.0,45941.0,25.14,55.52,11.88,82.39,13.35,2.51,1.28,62.0,12.31,13.26,33421.0,2024
puma,0603705,06,183130.0,63153.0,34.49,69.15,19.49,34.01,54.2,6.81,3.4,42.97,41.14,10.1,44294.0,2024
puma,0603706,06,140426.0,51208.0,36.47,65.17,16.87,52.94,39.44,4.63,2.07,51.34,25.07,12.34,37616.0,2024
puma,0603707,06,143849.0,57887.0,40.24,50.32,13.75,89.23,9.35,0.88,0.33,67.15,8.17,13.48,31435.0,2024
puma,0603708,06,133040.0,56444.0,42.43,64.88,17.38,50.78,44.61,3.31,0.75,55.8,20.34,15.1,31848.0,2024
puma,0603709,06,107635.0,25551.0,23.74,75.31,12.6,25.84,55.2,11.46,4.16,35.7,54.02,6.02,63247.0,2024
puma,0603710,06,176832.0,63830.0,36.1,58.45,14.85,61.9,35.69,1.04,0.98,60.47,21.52,12.78,32457.0,2024
puma,0603711,06,160221.0,30725.0,19.18,70.09,21.72,37.85,51.16,5.86,3.08,38.44,43.6,11.95,40838.0,2024
puma,0603712,06,148544.0,49283.0,33.18,48.97,16.7,73.86,23.73,1.07,0.81,63.22,17.51,13.77,31289.0,2024
puma,0603713,06,111007.0,37568.0,33.84,68.05,19.97,33.07,62.88,1.76,1.74,53.09,42.14,9.05,42871.0,2024
puma,0603714,06,103271.0,51750.0,50.11,67.98,21.67,12.52,85.28,1.24,0.62,60.37,48.05,12.51,37484.0,2024
puma,0603715,06,116267.0,44151.0,37.97,63.67,17.87,49.67,47.77,1.08,0.94,55.61,27.03,10.5,35285.0,2024
puma,0603716,06,101120.0,38465.0,38.04,56.42,13.22,69.92,29.25,0.52,0.19,64.48,12.13,11.17,31348.0,2024
puma,0603717,06,187109.0,84950.0,45.4,67.17,24.61,13.86,81.86,2.3,1.11,57.47,48.85,10.65,42402.0,2024
puma,0603718,06,135507.0,38536.0,28.44,57.18,23.01,42.33,43.89,8.45,2.18,46.48,45.76,17.75,38614.0,2024
puma,0603719,06,190748.0,98214.0,51.49,68.54,30.36,13.92,77.11,6.74,1.0,55.36,39.96,16.43,33636.0,2024
puma,0603720,06,118827.0,35521.0,29.89,71.48,24.41,27.27,59.2,11.25,0.66,43.12,37.6,13.12,40255.0,2024
puma,0603721,06,132163.0,46998.0,35.56,58.17,23.89,51.16,35.33,10.36,1.33,56.48,25.18,17.46,31096.0,2024
puma,0603722,06,164473.0,67177.0,40.84,47.16,27.29,60.6,28.91,8.31,1.31,59.51,23.81,18.45,31426.0,2024
puma,0603723,06,137688.0,64354.0,46.74,47.59,21.13,70.68,26.0,1.65,1.22,62.67,16.86,19.26,30366.0,2024
puma,0603724,06,172131.0,63345.0,36.8,67.67,20.8,41.3,43.52,11.89,2.08,51.6,34.02,13.43,36770.0,2024
puma,0603725,06,185061.0,65186.0,35.22,58.91,27.03,39.11,47.97,9.96,1.73,46.73,37.58,14.6,40316.0,2024
puma,0603728,06,103183.0,23868.0,23.13,61.06,28.34,24.13,33.37,29.49,5.48,26.96,59.06,14.84,50356.0,2024
puma,0603730,06,162974.0,50289.0,30.86,55.72,22.68,30.74,50.67,11.2,4.05,48.17,44.39,15.79,38932.0,2024
puma,0603731,06,106181.0,30889.0,29.09,68.1,27.39,13.8,46.46,30.88,2.26,31.29,60.16,14.63,53778.0,2024
puma,0603732,06,172839.0,64718.0,37.44,50.88,26.75,47.72,35.07,12.03,2.51,57.5,32.33,21.35,29345.0,2024
puma,0603733,06,111045.0,61634.0,55.5,36.59,30.38,49.69,46.95,2.06,0.73,68.9,30.37,22.91,29707.0,2024
puma,0603734,06,197013.0,82649.0,41.95,41.87,23.36,64.13,29.43,3.98,0.91,64.87,23.4,24.09,27404.0,2024
puma,0603735,06,181058.0,62366.0,34.45,59.18,14.04,61.75,30.88,5.08,0.57,56.69,25.12,14.09,30675.0,2024
puma,0603736,06,113486.0,44657.0,39.35,66.32,23.75,20.63,75.16,2.43,0.48,58.34,38.2,14.67,35523.0,2024
puma,0603737,06,122732.0,66874.0,54.49,64.54,24.86,15.17,83.73,0.53,0.23,71.45,23.26,14.94,27155.0,2024
puma,0603738,06,123480.0,59874.0,48.49,49.65,17.97,58.46,41.07,0.2,0.06,71.99,12.28,16.11,27273.0,2024
puma,0603739,06,169849.0,44027.0,25.92,69.33,14.79,49.77,46.31,2.88,0.4,54.33,29.99,10.97,37280.0,2024
puma,0603740,06,124893.0,41505.0,33.23,57.09,12.41,76.44,22.18,0.53,0.78,64.56,17.13,12.04,32442.0,2024
puma,0603741,06,129102.0,55268.0,42.81,32.56,12.54,97.5,2.03,0.29,0.1,80.75,4.37,20.4,27026.0,2024
puma,0603742,06,124835.0,54829.0,43.92,35.18,13.54,98.66,0.88,0.35,0.01,78.92,4.9,16.74,27974.0,2024
puma,0603743,06,108756.0,43005.0,39.54,36.15,11.67,97.43,2.13,0.13,0.14,75.73,6.17,18.33,26924.0,2024
puma,0603744,06,187457.0,73049.0,38.97,42.69,20.87,64.02,31.04,3.34,0.71,67.21,20.46,27.57,25665.0,2024
puma,0603745,06,118105.0,53482.0,45.28,25.54,16.19,97.86,1.15,0.27,0.7,81.91,3.59,21.9,25893.0,2024
puma,0603746,06,106906.0,44574.0,41.69,33.56,27.38,74.25,21.59,1.81,1.78,68.33,14.57,25.38,26019.0,2024
puma,0603747,06,160119.0,41529.0,25.94,47.7,20.25,77.38,10.01,3.78,7.27,49.08,19.84,16.19,34088.0,2024
puma,0603748,06,183061.0,36977.0,20.2,57.82,28.97,30.29,40.44,19.36,3.45,25.33,59.37,10.37,63505.0,2024
puma,0603750,06,182303.0,62846.0,34.47,34.47,20.12,94.98,2.96,0.3,1.59,75.1,7.66,20.96,29375.0,2024
puma,0603751,06,153329.0,56605.0,36.92,28.77,20.81,98.02,1.62,0.18,0.1,79.26,4.1,20.25,27183.0,2024
puma,0603752,06,163236.0,66423.0,40.69,45.66,10.91,97.25,1.62,0.25,0.82,72.78,6.15,14.32,29128.0,2024
puma,0603753,06,109806.0,35229.0,32.08,65.11,13.0,77.59,17.64,2.25,1.96,51.63,21.68,7.99,36491.0,2024
puma,0603754,06,133949.0,34303.0,25.61,65.32,11.31,64.09,31.04,2.77,1.54,50.54,27.63,9.4,37179.0,2024
puma,0603757,06,152008.0,48261.0,31.75,40.62,12.75,96.11,2.96,0.29,0.54,61.76,4.78,16.73,30870.0,2024
puma,0603758,06,154779.0,52430.0,33.87,50.65,17.46,67.75,25.65,1.7,4.26,61.89,19.14,14.3,33687.0,2024
puma,0603759,06,111079.0,37942.0,34.16,46.88,21.19,74.82,14.21,1.49,8.55,57.91,17.7,15.43,32440.0,2024
puma,0603760,06,139333.0,21883.0,15.71,66.61,23.16,22.84,45.99,20.79,2.49,23.5,65.62,6.37,82651.0,2024
puma,0603761,06,123638.0,37779.0,30.56,56.82,29.23,18.6,72.5,4.49,2.91,51.27,56.12,10.42,50210.0,2024
puma,0603762,06,115630.0,38931.0,33.67,70.29,12.88,38.82,53.87,1.63,4.94,49.33,32.92,9.11,40165.0,2024
puma,0603763,06,143610.0,40374.0,28.11,56.33,15.73,64.1,30.45,2.36,1.92,54.66,18.73,15.83,34828.0,2024
puma,0603764,06,157345.0,51441.0,32.69,70.72,15.47,29.35,63.65,3.12,1.89,46.1,42.3,7.5,41631.0,2024
puma,0603766,06,96071.0,31357.0,32.64,42.72,18.2,66.16,27.9,2.57,2.44,62.62,18.59,19.54,31676.0,2024
puma,0603767,06,181743.0,56591.0,31.14,47.62,15.46,71.76,20.14,5.59,1.49,63.84,19.53,17.6,30121.0,2024
puma,0603768,06,108349.0,28603.0,26.4,68.81,19.57,19.75,62.78,13.07,1.7,35.55,62.94,8.06,63694.0,2024
puma,0603770,06,102160.0,27615.0,27.03,53.26,36.81,27.87,45.73,18.46,4.2,29.8,59.81,10.85,59399.0,2024
puma,0603771,06,111320.0,25847.0,23.22,64.15,18.65,51.45,36.78,6.01,3.51,39.66,34.36,9.12,43183.0,2024
puma,0603772,06,101484.0,19920.0,19.63,65.45,17.13,48.51,39.63,6.07,2.32,39.01,37.89,10.08,47535.0,2024
puma,0603773,06,122703.0,26418.0,21.53,67.71,16.28,40.44,44.69,9.27,2.46,31.27,44.58,6.48,51644.0,2024
puma,0603774,06,138941.0,27190.0,19.57,73.92,21.7,11.32,50.32,27.73,4.27,19.06,66.01,9.13,79362.0,2024
puma,0603775,06,117735.0,25973.0,22.06,71.9,22.96,15.45,48.12,29.4,2.95,22.28,62.4,10.54,66818.0,2024
puma,0603776,06,106093.0,30345.0,28.6,55.23,38.45,15.55,62.65,14.13,3.63,30.54,62.41,17.16,45171.0,2024
puma,0603778,06,108402.0,31862.0,29.39,45.89,19.89,82.45,5.7,2.33,8.61,63.01,14.03,14.2,31354.0,2024
puma,0603779,06,118701.0,16074.0,13.54,67.79,18.61,31.17,41.45,17.35,2.39,26.83,48.53,6.72,67846.0,2024
puma,0603780,06,110492.0,28443.0,25.74,45.75,16.98,58.4,31.81,5.65,2.49,55.03,19.62,17.26,33616.0,2024
puma,0603781,06,101486.0,33654.0,33.16,60.19,12.67,70.06,27.17,1.02,0.97,55.14,19.77,9.17,36385.0,2024
puma,0603782,06,128869.0,42558.0,33.02,48.22,16.84,77.69,17.24,1.63,3.32,55.0,15.44,13.17,32642.0,2024
puma,0603900,06,160940.0,32391.0,20.13,35.66,16.8,87.24,8.73,2.25,0.71,66.45,7.81,24.64,29370.0,2024
puma,0604103,06,101551.0,20985.0,20.66,54.34,23.61,47.29,23.92,19.3,2.84,45.53,38.17,11.56,46458.0,2024
puma,0604104,06,156418.0,29626.0,18.94,49.52,30.55,41.74,25.3,24.16,2.94,38.01,45.94,12.15,51115.0,2024
puma,0604701,06,118931.0,34927.0,29.37,40.36,14.12,78.93,12.17,8.03,0.31,67.87,6.31,13.91,33939.0,2024
puma,0604702,06,171270.0,39328.0,22.96,43.5,19.94,75.06,19.76,3.53,0.67,61.1,12.35,21.57,30248.0,2024
puma,0605301,06,179417.0,35716.0,19.91,47.43,17.76,55.83,26.34,12.4,1.67,50.82,29.24,13.31,36002.0,2024
puma,0605302,06,174916.0,64267.0,36.74,26.11,24.77,90.23,7.71,1.37,0.35,71.33,9.14,13.61,32234.0,2024
puma,0605303,06,150570.0,42923.0,28.51,28.24,18.17,90.54,6.75,1.72,0.27,73.03,8.86,13.38,33936.0,2024
puma,0605500,06,134869.0,29926.0,22.19,55.71,16.07,65.02,23.13,7.19,1.12,53.39,24.17,8.84,41927.0,2024
puma,0605700,06,105227.0,6639.0,6.31,44.96,16.12,34.28,23.78,27.58,1.72,30.89,38.33,10.96,37327.0,2024
puma,0605906,06,189846.0,44235.0,23.3,64.61,20.02,33.72,57.95,4.94,1.92,44.05,49.74,11.93,50572.0,2024
puma,0605907,06,194648.0,56099.0,28.82,57.19,16.95,43.25,49.68,4.26,1.25,49.24,40.78,12.95,42444.0,2024
puma,0605908,06,182956.0,54491.0,29.78,69.03,14.06,26.43,65.87,4.27,1.77,44.77,44.23,8.61,47798.0,2024
puma,0605909,06,146236.0,55290.0,37.81,52.75,20.46,48.21,45.16,2.75,3.67,60.16,22.93,14.61,35297.0,2024
puma,0605912,06,168542.0,70869.0,42.05,66.71,20.25,28.8,66.93,1.88,1.35,67.44,20.87,15.37,30713.0,2024
puma,0605913,06,160374.0,78842.0,49.16,64.28,23.34,31.56,65.79,1.34,0.7,67.55,20.41,12.74,32661.0,2024
puma,0605914,06,193294.0,33784.0,17.48,67.56,22.51,24.34,48.63,15.71,6.11,33.92,46.35,11.29,49877.0,2024
puma,0605916,06,143618.0,64780.0,45.11,50.45,15.39,67.36,31.05,0.79,0.44,67.9,13.34,9.99,32069.0,2024
puma,0605917,06,159987.0,63544.0,39.72,36.0,13.97,88.27,10.72,0.46,0.18,67.78,8.04,13.29,33079.0,2024
puma,0605918,06,178066.0,43589.0,24.48,57.94,18.63,42.62,42.86,7.71,3.22,48.6,37.04,9.48,40417.0,2024
puma,0605919,06,194710.0,64151.0,32.95,50.82,15.0,61.32,33.46,2.3,2.15,57.12,25.23,11.81,36376.0,2024
puma,0605920,06,145546.0,31658.0,21.75,61.76,13.15,50.1,38.41,7.71,1.8,43.65,34.11,9.79,43530.0,2024
puma,0605921,06,142204.0,46101.0,32.42,58.38,30.23,20.21,69.05,5.25,2.71,35.47,65.29,9.72,67852.0,2024
puma,0605922,06,129299.0,39886.0,30.85,53.49,24.99,39.12,52.43,4.84,1.86,44.22,45.48,14.04,50326.0,2024
puma,0605923,06,139473.0,57321.0,41.1,57.32,39.11,6.06,82.83,7.14,2.1,35.66,72.48,8.67,70243.0,2024
puma,0605924,06,111511.0,40229.0,36.08,50.37,47.72,8.43,75.99,9.49,3.6,36.21,73.68,16.4,64737.0,2024
puma,0605925,06,175867.0,37029.0,21.06,67.98,24.22,17.65,55.74,17.79,3.24,28.89,61.13,9.5,61986.0,2024
puma,0605926,06,116269.0,26989.0,23.21,73.68,18.21,26.94,53.28,12.47,4.02,34.9,51.74,7.54,54439.0,2024
puma,0605927,06,108338.0,21063.0,19.44,68.02,27.28,23.93,51.22,15.16,3.11,26.2,55.96,7.31,75802.0,2024
puma,0605928,06,185036.0,31882.0,17.23,70.27,18.92,32.85,41.42,18.35,2.85,31.96,45.73,7.75,47420.0,2024
puma,0606101,06,163103.0,26167.0,16.04,69.25,27.83,17.53,55.68,19.79,1.97,32.69,48.63,5.25,55214.0,2024
puma,0606102,06,139765.0,17602.0,12.59,62.46,30.71,18.44,53.12,20.49,3.44,28.62,48.09,7.27,53243.0,2024
puma,0606103,06,116288.0,9357.0,8.05,56.48,19.75,44.27,27.13,19.71,1.43,32.51,36.32,11.0,40410.0,2024
puma,0606501,06,186917.0,57616.0,30.82,42.32,13.87,91.18,4.58,1.73,0.11,54.67,7.6,12.46,30127.0,2024
puma,0606502,06,133269.0,28730.0,21.56,51.71,16.76,62.07,17.65,10.1,1.37,41.92,24.18,13.65,34664.0,2024
puma,0606507,06,181049.0,29849.0,16.49,58.56,14.62,71.03,18.07,7.03,2.56,48.8,16.41,12.84,33575.0,2024
puma,0606509,06,138731.0,39220.0,28.27,52.97,14.65,84.94,9.76,1.73,2.87,60.11,11.79,9.78,35059.0,2024
puma,0606511,06,173613.0,43730.0,25.19,56.97,18.05,77.6,17.26,1.73,2.92,63.26,17.46,13.35,34197.0,2024
puma,0606514,06,177644.0,51604.0,29.05,54.66,17.37,60.62,34.12,1.55,1.73,56.33,24.49,9.64,39050.0,2024
puma,0606515,06,160390.0,31764.0,19.8,56.35,18.44,65.6,13.99,10.57,0.9,42.12,23.35,14.82,33726.0,2024
puma,0606516,06,106520.0,21412.0,20.1,57.13,16.24,70.66,20.71,6.5,0.45,52.83,17.7,11.87,35090.0,2024
puma,0606517,06,127664.0,19614.0,15.36,66.93,12.88,61.48,26.95,8.66,0.85,42.84,23.64,8.51,41493.0,2024
puma,0606518,06,106109.0,24739.0,23.31,55.38,14.08,73.62,17.64,1.48,5.68,53.05,17.59,8.74,40001.0,2024
puma,0606519,06,106253.0,26833.0,25.25,49.22,13.77,80.04,13.05,1.34,4.61,60.68,13.76,10.19,37703.0,2024
puma,0606520,06,151385.0,29003.0,19.16,50.16,25.34,62.11,29.83,4.17,3.16,52.08,28.38,14.74,36711.0,2024
puma,0606521,06,110990.0,25825.0,23.27,67.61,14.34,45.68,43.97,3.88,4.17,47.82,35.22,7.97,43135.0,2024
puma,0606522,06,136733.0,32841.0,24.02,59.29,16.0,64.26,28.56,3.75,2.47,50.8,23.42,10.9,38880.0,2024
puma,0606523,06,144755.0,23532.0,16.26,68.4,18.36,40.9,43.21,11.04,2.86,39.26,38.84,7.77,43587.0,2024
puma,0606524,06,194622.0,30331.0,15.58,71.46,20.0,44.48,41.15,8.6,2.64,37.64,29.18,7.05,46552.0,2024
puma,0606525,06,141956.0,27222.0,19.18,54.62,16.22,77.58,13.48,4.14,2.41,53.17,13.54,14.45,32281.0,2024
puma,0606701,06,112040.0,16767.0,14.97,59.07,29.05,28.03,25.53,39.85,3.41,46.43,25.0,8.14,39073.0,2024
puma,0606703,06,118661.0,18610.0,15.68,56.51,41.42,13.05,45.35,33.44,5.08,44.76,38.88,20.3,36024.0,2024
puma,0606704,06,137199.0,37081.0,27.03,40.3,46.63,26.89,41.67,28.36,2.28,56.15,21.38,25.83,31934.0,2024
puma,0606705,06,126488.0,32315.0,25.55,63.13,29.49,23.92,60.23,10.3,3.06,42.69,39.15,11.73,44168.0,2024
puma,0606706,06,124217.0,29353.0,23.63,56.69,28.56,31.14,37.15,27.13,1.12,55.6,19.02,12.62,36398.0,2024
puma,0606707,06,127972.0,15743.0,12.3,53.97,30.69,31.93,42.97,13.5,2.63,42.44,40.64,19.62,37483.0,2024
puma,0606709,06,154090.0,40209.0,26.09,62.21,25.86,28.33,53.12,3.73,3.62,56.87,24.01,12.64,35337.0,2024
puma,0606712,06,121087.0,20214.0,16.69,61.21,30.91,10.28,66.38,17.6,2.12,26.89,63.68,5.27,77792.0,2024
puma,0606713,06,106433.0,23526.0,22.1,55.58,33.13,25.55,40.96,26.87,3.44,53.22,29.12,17.67,39496.0,2024
puma,0606714,06,141968.0,38426.0,27.07,51.6,25.78,42.94,46.16,4.1,1.24,67.28,11.8,22.49,29510.0,2024
puma,0606715,06,105898.0,27459.0,25.93,72.99,25.66,14.57,72.2,2.65,4.92,39.99,41.68,10.53,49715.0,2024
puma,0606716,06,107896.0,31585.0,29.27,72.03,23.51,15.78,70.38,4.5,2.42,53.45,26.29,10.63,36695.0,2024
puma,0606717,06,110057.0,23590.0,21.43,67.49,20.38,35.08,50.95,6.48,4.16,45.01,37.11,7.28,49496.0,2024
puma,0607101,06,142509.0,12848.0,9.02,63.36,18.29,54.02,26.58,8.45,5.46,33.82,21.88,16.05,31150.0,2024
puma,0607102,06,191009.0,35477.0,18.57,49.85,11.49,80.88,13.8,2.63,1.66,56.26,9.67,15.83,32042.0,2024
puma,0607103,06,183735.0,26796.0,14.58,51.27,11.08,80.72,14.37,2.76,0.32,57.83,11.06,18.93,31704.0,2024
puma,0607104,06,122158.0,15194.0,12.44,57.47,22.85,55.21,28.49,9.25,3.27,48.43,25.9,14.0,40015.0,2024
puma,0607105,06,147991.0,20673.0,13.97,58.9,19.61,47.07,36.51,9.52,3.74,39.84,36.76,9.42,43699.0,2024
puma,0607107,06,113674.0,25344.0,22.3,43.28,14.11,74.25,20.52,2.9,1.71,60.84,13.85,16.8,33401.0,2024
puma,0607108,06,175187.0,43890.0,25.05,39.09,12.74,90.61,6.75,1.0,1.03,66.5,6.99,19.94,31959.0,2024
puma,0607110,06,112874.0,34188.0,30.29,45.31,18.71,85.54,10.04,0.5,3.67,61.83,10.69,13.07,36314.0,2024
puma,0607111,06,175387.0,36435.0,20.77,63.77,26.32,35.59,53.41,4.08,5.51,40.98,44.25,8.76,49291.0,2024
puma,0607112,06,127037.0,30179.0,23.76,58.68,18.34,58.8,33.74,2.9,2.59,50.82,27.24,10.96,40766.0,2024
puma,0607115,06,121712.0,33805.0,27.77,57.9,15.51,72.27,21.11,0.74,5.54,51.96,20.51,8.75,40840.0,2024
puma,0607116,06,113168.0,29953.0,26.47,52.7,16.1,67.85,24.62,2.82,3.37,51.26,23.45,13.17,35794.0,2024
puma,0607117,06,114222.0,28491.0,24.94,53.12,11.54,83.34,13.32,0.86,1.81,57.56,14.33,11.76,35395.0,2024
puma,0607118,06,186431.0,51597.0,27.68,49.18,16.79,71.29,25.37,1.25,1.49,59.3,19.17,12.77,36994.0,2024
puma,0607119,06,170010.0,49843.0,29.32,62.31,26.72,33.04,61.29,2.76,2.43,49.99,41.54,10.45,42523.0,2024
puma,0607301,06,197124.0,37215.0,18.88,56.59,20.15,60.83,27.3,6.73,1.35,49.2,23.51,11.33,36588.0,2024
puma,0607302,06,124829.0,20510.0,16.43,57.73,18.41,69.31,15.21,11.54,1.35,44.26,24.97,13.54,39437.0,2024
puma,0607306,06,139474.0,39338.0,28.2,49.7,17.74,75.3,17.47,4.68,1.34,52.51,18.51,13.43,35291.0,2024
puma,0607307,06,114355.0,13722.0,12.0,64.87,23.63,51.77,35.56,7.72,1.78,41.01,24.38,7.2,35292.0,2024
puma,0607308,06,127914.0,30736.0,24.03,66.48,26.35,14.05,68.37,11.45,2.73,32.13,65.38,5.51,72616.0,2024
puma,0607310,06,164919.0,20409.0,12.38,58.74,32.2,35.64,24.96,27.86,4.08,25.14,59.58,10.91,59883.0,2024
puma,0607311,06,123566.0,45386.0,36.73,64.45,28.49,8.33,76.47,10.26,2.43,35.93,70.64,4.92,82813.0,2024
puma,0607312,06,116165.0,38929.0,33.51,48.08,47.34,12.62,71.75,11.37,1.89,36.76,62.1,15.59,52760.0,2024
puma,0607313,06,186893.0,41616.0,22.27,61.59,39.25,29.63,60.57,6.72,1.99,50.91,22.91,21.21,28986.0,2024
puma,0607314,06,159963.0,21573.0,13.49,68.83,24.79,30.34,46.86,14.22,5.29,33.25,48.05,10.84,52902.0,2024
puma,0607315,06,169077.0,33443.0,19.78,59.35,29.5,34.67,47.2,10.59,3.93,40.15,44.88,11.5,41742.0,2024
puma,0607316,06,181699.0,32895.0,18.1,52.88,24.44,55.15,22.04,14.76,4.64,41.66,41.4,16.6,39418.0,2024
puma,0607317,06,173125.0,46383.0,26.79,53.41,26.25,51.17,32.67,4.67,9.91,60.4,21.05,21.09,30115.0,2024
puma,0607322,06,135386.0,43585.0,32.19,56.44,24.8,81.55,16.65,0.75,0.84,62.18,16.45,12.12,32998.0,2024
puma,0607323,06,116410.0,25986.0,22.32,50.82,17.38,73.49,17.23,4.99,1.65,51.39,17.76,11.06,36517.0,2024
puma,0607324,06,130296.0,18773.0,14.41,64.33,21.97,28.58,38.07,22.71,3.86,30.18,55.12,10.1,51971.0,2024
puma,0607325,06,127166.0,28482.0,22.4,57.15,16.46,52.93,33.39,9.83,0.88,47.89,32.83,10.0,40469.0,2024
puma,0607326,06,170284.0,34877.0,20.48,66.42,26.58,14.73,60.62,16.72,3.29,29.16,67.23,7.48,63459.0,2024
puma,0607327,06,147725.0,46194.0,31.27,62.47,17.71,55.41,40.67,0.97,2.56,56.62,18.69,11.86,33476.0,2024
puma,0607328,06,131284.0,24138.0,18.39,66.53,18.63,53.39,37.87,5.17,2.73,47.74,25.6,12.92,39381.0,2024
puma,0607329,06,171974.0,45236.0,26.3,76.38,18.96,50.62,44.02,3.5,0.74,35.66,43.22,5.73,50411.0,2024
puma,0607330,06,179146.0,60309.0,33.66,51.97,20.29,79.06,18.88,0.97,0.78,59.83,14.88,12.92,30912.0,2024
puma,0607507,06,106611.0,46202.0,43.34,68.68,22.28,22.24,72.72,3.69,0.5,65.73,23.39,10.37,39138.0,2024
puma,0607508,06,95595.0,26246.0,27.46,69.82,20.48,10.5,66.32,18.85,2.07,43.16,55.63,9.57,60597.0,2024
puma,0607509,06,104044.0,41341.0,39.73,54.32,34.63,19.7,65.46,10.33,1.92,57.98,36.14,21.8,31509.0,2024
puma,0607510,06,101663.0,39068.0,38.43,46.24,41.57,22.79,59.13,11.54,2.94,32.52,63.41,13.3,73946.0,2024
puma,0607511,06,125214.0,30628.0,24.46,52.34,31.41,31.92,36.22,23.64,1.91,29.44,62.46,9.49,79897.0,2024
puma,0607512,06,99328.0,35338.0,35.58,78.65,16.61,7.59,76.58,12.3,0.74,49.28,45.57,9.03,54777.0,2024
puma,0607513,06,101866.0,40318.0,39.58,70.21,23.18,16.24,73.97,7.82,1.06,53.12,40.81,11.12,46097.0,2024
puma,0607514,06,96158.0,23588.0,24.53,60.35,32.58,13.85,52.52,21.74,4.22,31.17,60.93,16.47,71336.0,2024
puma,0607705,06,201510.0,46584.0,23.12,61.77,24.33,35.04,58.49,2.44,2.44,55.35,23.7,13.99,37184.0,2024
puma,0607706,06,165896.0,49672.0,29.94,40.88,25.54,73.96,22.67,0.81,1.61,71.2,9.86,16.25,32577.0,2024
puma,0607707,06,130616.0,40911.0,31.32,56.24,34.97,29.79,61.67,2.63,3.22,40.61,40.81,6.3,58283.0,2024
puma,0607708,06,165995.0,31083.0,18.73,39.08,25.7,73.44,19.82,4.26,0.46,65.38,10.66,16.52,32717.0,2024
puma,0607709,06,133317.0,32693.0,24.52,59.94,29.53,37.13,54.26,3.4,2.43,44.33,29.21,8.25,48748.0,2024
puma,0607901,06,167935.0,15731.0,9.37,57.49,18.33,52.53,23.11,16.41,2.18,40.81,31.25,12.74,37928.0,2024
puma,0607902,06,113620.0,12049.0,10.6,44.25,22.96,67.98,12.52,11.35,3.2,48.8,19.73,15.31,36651.0,2024
puma,0608101,06,137972.0,57593.0,41.74,72.96,22.96,21.0,71.99,3.95,1.01,47.89,38.3,7.48,48436.0,2024
puma,0608102,06,120889.0,46822.0,38.73,66.62,20.2,31.03,60.14,5.2,0.43,44.05,37.63,6.87,49935.0,2024
puma,0608103,06,108673.0,38045.0,35.01,56.13,32.01,26.65,55.98,12.31,1.58,37.98,55.34,8.26,67860.0,2024
puma,0608104,06,125183.0,44823.0,35.81,51.08,36.1,23.5,59.0,11.4,2.63,36.17,63.86,7.38,85619.0,2024
puma,0608105,06,135521.0,41318.0,30.49,47.2,31.87,33.68,45.73,14.5,2.01,33.27,60.47,7.13,77923.0,2024
puma,0608106,06,113858.0,36602.0,32.15,48.39,28.21,50.37,26.7,14.77,0.82,41.43,42.4,9.87,54702.0,2024
puma,0608301,06,133814.0,37761.0,28.22,33.95,21.03,88.8,8.8,1.48,0.21,70.71,8.9,17.12,30860.0,2024
puma,0608302,06,105530.0,22339.0,21.17,40.33,16.47,79.44,11.15,6.44,0.67,59.97,12.1,13.4,33795.0,2024
puma,0608303,06,204357.0,38322.0,18.75,46.18,25.63,52.81,24.72,16.34,1.9,42.14,34.71,16.0,40145.0,2024
puma,0608505,06,104720.0,47574.0,45.43,62.25,20.38,33.37,61.92,3.19,0.52,60.06,35.07,6.58,47232.0,2024
puma,0608506,06,126367.0,28480.0,22.54,52.81,20.03,55.89,32.01,6.65,3.24,51.55,32.45,6.52,49017.0,2024
puma,0608507,06,140513.0,61156.0,43.52,62.57,30.54,3.23,83.68,9.79,1.0,26.46,84.41,4.34,143447.0,2024
puma,0608508,06,135927.0,56932.0,41.88,51.14,38.66,14.95,70.39,10.06,2.2,40.58,67.46,6.08,84599.0,2024
puma,0608510,06,161863.0,60344.0,37.28,55.65,26.27,33.45,56.46,6.42,2.57,57.45,36.78,10.21,43268.0,2024
puma,0608511,06,107119.0,36949.0,34.49,54.76,32.23,21.81,64.47,9.25,1.76,44.81,54.44,7.16,63031.0,2024
puma,0608512,06,112894.0,37759.0,33.45,64.17,28.38,16.12,70.74,8.61,2.38,34.22,66.78,4.74,84552.0,2024
puma,0608515,06,99094.0,33840.0,34.15,55.1,37.17,8.48,66.56,18.18,1.73,24.43,85.23,8.09,110145.0,2024
puma,0608516,06,160631.0,81596.0,50.8,37.14,54.35,12.8,77.15,7.4,0.88,34.19,75.35,5.91,121750.0,2024
puma,0608517,06,126801.0,56342.0,44.43,39.64,49.63,11.37,77.09,7.56,2.05,31.38,72.0,7.97,103937.0,2024
puma,0608518,06,107088.0,58161.0,54.31,57.92,34.28,8.66,87.75,1.94,1.0,43.58,58.68,6.39,72777.0,2024
puma,0608519,06,163136.0,65218.0,39.98,33.07,48.94,33.65,56.79,5.97,2.45,40.61,54.81,11.66,63880.0,2024
puma,0608520,06,112359.0,50841.0,45.25,70.37,18.85,22.2,72.3,3.45,1.26,49.06,45.4,6.37,55568.0,2024
puma,0608521,06,127252.0,67190.0,52.8,56.17,27.93,31.07,65.65,1.73,0.64,62.1,33.2,10.06,43257.0,2024
puma,0608522,06,116283.0,47374.0,40.74,46.45,46.87,14.8,63.72,15.13,2.27,28.45,79.54,5.18,137302.0,2024
puma,0608701,06,148534.0,32810.0,22.09,42.56,16.73,73.97,10.71,11.92,0.68,55.63,18.25,10.87,35575.0,2024
puma,0608702,06,116392.0,14895.0,12.8,49.46,26.69,43.81,31.76,17.23,1.8,35.94,42.72,12.28,38628.0,2024
puma,0608900,06,181436.0,9142.0,5.04,52.94,29.73,34.27,37.73,17.09,3.16,39.59,28.71,18.24,37754.0,2024
puma,0609501,06,150051.0,39227.0,26.14,58.79,25.05,40.19,50.17,4.13,2.89,45.86,29.73,9.48,40206.0,2024
puma,0609502,06,156368.0,35599.0,22.77,58.32,19.62,45.8,45.18,5.32,1.15,47.48,25.39,9.66,43919.0,2024
puma,0609503,06,145499.0,19114.0,13.14,60.51,19.22,50.78,39.57,5.45,2.15,47.8,27.55,9.56,44394.0,2024
puma,0609702,06,125105.0,18800.0,15.03,50.73,21.19,58.83,20.86,12.94,2.51,47.64,25.3,7.36,40914.0,2024
puma,0609704,06,119830.0,14793.0,12.34,50.22,17.09,63.73,10.89,17.63,1.47,50.52,22.37,9.42,42196.0,2024
puma,0609705,06,100239.0,26931.0,26.87,42.49,23.03,75.76,18.71,1.71,2.48,70.02,11.82,13.54,38817.0,2024
puma,0609706,06,139866.0,21164.0,15.13,51.49,21.8,55.62,22.85,15.01,2.23,44.0,30.3,10.93,42562.0,2024
puma,0609901,06,125553.0,32908.0,26.21,43.19,17.9,77.07,17.73,3.11,1.0,70.46,8.59,13.96,33985.0,2024
puma,0609902,06,124327.0,28296.0,22.76,41.42,21.76,74.09,18.48,3.29,0.83,63.47,10.8,15.67,33132.0,2024
puma,0609903,06,187825.0,35294.0,18.79,51.65,17.94,67.16,22.14,7.23,1.37,58.02,14.43,13.24,34077.0,2024
puma,0609904,06,116285.0,19796.0,17.02,56.78,24.82,46.98,38.92,6.19,2.16,47.92,22.62,12.24,37378.0,2024
puma,0610100,06,183364.0,32202.0,17.56,54.55,23.22,48.69,44.33,3.84,1.29,56.71,16.19,14.74,33556.0,2024
puma,0610701,06,157695.0,22998.0,14.58,45.43,20.76,75.26,18.88,4.54,0.83,56.96,13.74,12.06,34110.0,2024
puma,0610702,06,164358.0,39738.0,24.18,39.49,17.91,85.21,9.99,3.99,0.45,67.87,8.16,18.93,27735.0,2024
puma,0610703,06,156640.0,43596.0,27.83,31.89,15.47,93.64,4.68,1.03,0.0,73.31,5.05,25.85,24445.0,2024
puma,0611102,06,148269.0,28494.0,19.22,62.83,22.91,34.14,42.14,17.68,2.17,31.56,51.63,11.08,55065.0,2024
puma,0611103,06,194252.0,64678.0,33.3,44.72,17.04,84.36,13.08,1.7,0.32,71.01,12.16,10.95,32113.0,2024
puma,0611104,06,126389.0,18834.0,14.9,57.54,16.9,61.58,24.67,8.79,1.77,48.22,27.07,10.66,40100.0,2024
puma,0611107,06,111387.0,27124.0,24.35,46.24,13.5,84.37,7.18,4.67,1.92,62.99,14.67,10.78,32702.0,2024
puma,0611108,06,128517.0,23494.0,18.28,65.39,18.78,45.27,41.13,9.65,1.38,39.8,39.46,6.64,47193.0,2024
puma,0611109,06,128655.0,23553.0,18.31,59.88,19.05,50.79,34.58,7.69,2.29,44.79,34.68,7.41,41999.0,2024
puma,0611301,06,102869.0,23029.0,22.39,46.66,27.65,59.58,31.21,5.94,1.16,52.3,27.35,13.3,41050.0,2024
puma,0611302,06,117695.0,23213.0,19.72,51.26,41.27,29.28,51.91,14.32,1.31,43.6,47.15,20.48,37797.0,2024
puma,0800100,08,107314.0,11303.0,10.53,41.71,21.73,81.47,4.07,9.01,1.22,50.4,19.23,8.09,39040.0,2024
puma,0800200,08,120404.0,14099.0,11.71,43.91,27.6,69.88,10.23,11.6,2.52,44.92,31.51,13.27,42259.0,2024
puma,0800301,08,105285.0,3971.0,3.77,51.27,37.62,32.49,32.91,21.66,4.58,29.89,53.1,20.1,47827.0,2024
puma,0800302,08,148000.0,11442.0,7.73,51.06,33.87,43.96,30.11,17.27,4.61,28.33,51.84,13.38,40925.0,2024
puma,0800303,08,114083.0,4917.0,4.31,55.28,19.1,45.66,24.41,19.4,4.9,34.39,33.81,4.13,46745.0,2024
puma,0800401,08,106979.0,4709.0,4.4,70.76,22.17,15.35,25.04,46.32,1.93,11.33,66.3,6.8,64175.0,2024
puma,0800501,08,126154.0,12551.0,9.95,54.28,25.44,44.13,27.66,21.45,2.55,33.92,41.31,10.73,45228.0,2024
puma,0800502,08,124337.0,12985.0,10.44,48.32,46.55,21.17,38.25,30.23,3.3,21.94,71.04,14.4,50026.0,2024
puma,0800601,08,168514.0,16429.0,9.75,55.43,29.03,28.86,44.35,19.52,2.34,20.99,61.05,5.61,64458.0,2024
puma,0800701,08,124903.0,7287.0,5.83,56.48,23.36,34.65,26.13,29.44,4.8,32.89,42.44,7.72,46146.0,2024
puma,0800702,08,125397.0,9737.0,7.76,41.76,36.89,56.9,21.18,11.9,6.18,43.99,30.85,14.2,41162.0,2024
puma,0800703,08,146970.0,10046.0,6.84,61.39,29.05,33.26,40.23,18.39,2.79,36.61,39.88,11.0,40689.0,2024
puma,0800801,08,134073.0,11165.0,8.33,56.08,36.88,19.85,50.3,23.03,1.33,17.12,65.28,6.43,77803.0,2024
puma,0800901,08,136062.0,9380.0,6.89,63.4,30.94,26.59,37.94,21.33,6.68,22.3,67.66,5.63,69728.0,2024
puma,0800902,08,137145.0,12957.0,9.45,54.27,33.89,20.65,55.24,14.29,2.96,22.28,57.83,5.56,67073.0,2024
puma,0801001,08,109978.0,5355.0,4.87,48.44,19.66,74.38,11.88,8.22,1.46,47.58,16.68,13.72,49960.0,2024
puma,0801002,08,124967.0,16467.0,13.18,37.64,33.48,81.96,7.26,3.8,5.52,57.85,11.24,18.28,33776.0,2024
puma,0801003,08,115451.0,10017.0,8.68,47.17,22.66,67.94,15.06,11.19,2.29,55.05,23.32,11.77,48429.0,2024
puma,0801101,08,178065.0,25377.0,14.25,35.6,31.46,70.41,19.32,5.7,2.89,53.81,19.61,16.95,40548.0,2024
puma,0801201,08,124012.0,16542.0,13.34,41.21,21.33,81.88,9.15,4.53,3.14,59.03,12.46,8.5,46967.0,2024
puma,0801202,08,183341.0,24107.0,13.15,39.06,28.81,63.73,22.8,10.49,1.41,53.57,21.99,6.23,47558.0,2024
puma,0801301,08,136905.0,42046.0,30.71,27.71,43.45,67.84,14.06,2.46,14.79,66.89,12.45,19.96,35736.0,2024
puma,0801401,08,118922.0,18393.0,15.47,57.08,35.82,41.52,28.91,11.75,14.74,49.83,30.38,8.27,45084.0,2024
puma,0801501,08,111891.0,7393.0,6.61,51.02,29.7,46.23,24.64,17.95,5.78,39.29,37.33,7.32,49254.0,2024
puma,0801601,08,111127.0,21046.0,18.94,52.55,32.46,42.82,22.48,11.88,21.63,52.83,29.41,12.94,40452.0,2024
puma,0801602,08,120912.0,13064.0,10.8,52.8,37.26,23.48,47.69,19.71,3.36,26.49,64.82,4.69,61222.0,2024
puma,0801603,08,121188.0,19578.0,16.16,65.82,28.25,28.84,41.54,11.75,15.63,37.32,42.67,6.89,48036.0,2024
puma,0801701,08,150966.0,14003.0,9.28,47.7,35.18,55.25,19.6,15.78,5.24,39.62,45.14,13.49,45058.0,2024
puma,0801702,08,182072.0,34468.0,18.93,44.72,31.19,63.3,13.93,5.41,15.48,49.35,24.79,12.7,44746.0,2024
puma,0801703,08,117937.0,23703.0,20.1,41.91,22.52,75.62,17.36,3.46,2.15,58.08,13.12,16.18,35987.0,2024
puma,0801704,08,118604.0,7556.0,6.37,60.79,31.74,23.05,26.56,29.47,6.92,16.0,71.63,10.46,61139.0,2024
puma,0801705,08,179425.0,31353.0,17.47,44.83,45.75,36.92,21.6,15.14,22.59,44.17,42.78,20.07,37282.0,2024
puma,0801800,08,121233.0,9157.0,7.55,38.67,32.25,79.16,5.31,6.14,6.3,58.32,15.92,23.23,36623.0,2024
puma,0801900,08,99969.0,5172.0,5.17,42.46,18.81,73.99,12.01,7.93,1.62,50.5,16.81,25.6,29944.0,2024
puma,0802001,08,113843.0,5447.0,4.78,55.33,31.49,41.36,24.23,19.33,9.34,24.76,31.91,10.23,40900.0,2024
puma,0802002,08,159424.0,10906.0,6.84,68.05,25.32,24.12,35.82,25.0,7.57,19.86,54.42,5.51,62037.0,2024
puma,0802003,08,109254.0,6936.0,6.35,62.21,26.41,34.23,20.69,33.28,7.54,19.83,42.95,12.09,43595.0,2024
puma,0802004,08,109366.0,5816.0,5.32,52.58,31.55,41.82,26.43,21.94,3.92,29.35,29.91,18.47,27191.0,2024
puma,0802005,08,136307.0,10017.0,7.35,63.39,23.16,40.58,34.02,16.43,3.7,32.33,32.66,9.41,46382.0,2024
puma,0802006,08,139630.0,14936.0,10.7,47.09,38.28,57.93,16.46,15.81,8.08,42.32,21.71,8.39,36498.0,2024
puma,0802101,08,118228.0,3732.0,3.16,43.73,27.73,46.44,11.6,31.06,3.46,36.74,30.86,15.84,40273.0,2024
puma,0802200,08,118045.0,3783.0,3.2,50.41,34.5,45.6,12.13,22.57,3.12,18.53,31.96,12.71,34934.0,2024
puma,0802301,08,158446.0,6442.0,4.07,38.19,28.38,68.74,14.89,11.33,2.58,38.59,21.55,17.44,35851.0,2024
puma,0802401,08,105191.0,4868.0,4.63,47.56,21.22,65.41,11.59,13.95,0.02,50.21,26.77,14.32,41183.0,2024
puma,0802501,08,141870.0,5995.0,4.23,43.4,19.05,53.34,18.95,16.16,3.35,30.68,23.16,13.4,36216.0,2024
puma,0920100,09,113216.0,10706.0,9.46,56.83,29.76,45.25,18.48,30.53,1.49,36.14,35.54,8.61,46016.0,2024
puma,0920201,09,121127.0,29003.0,23.94,46.03,43.13,76.05,10.08,10.5,3.03,36.79,17.17,21.05,34452.0,2024
puma,0920202,09,158713.0,21967.0,13.84,66.6,28.27,43.81,35.98,13.39,4.52,17.71,46.99,5.85,58291.0,2024
puma,0920203,09,113220.0,8377.0,7.4,52.79,35.39,17.6,45.48,24.56,4.86,26.72,51.97,9.38,46315.0,2024
puma,0920204,09,141130.0,24296.0,17.22,59.3,40.13,42.06,33.32,11.54,11.41,35.35,37.06,9.5,41546.0,2024
puma,0920205,09,114319.0,19576.0,17.12,64.74,28.99,20.76,37.92,36.42,3.73,35.29,49.23,7.98,56306.0,2024
puma,0920206,09,155938.0,22039.0,14.13,64.2,25.51,25.02,17.92,48.6,5.25,46.02,22.31,11.23,40213.0,2024
puma,0920207,09,161332.0,23339.0,14.47,63.84,28.41,22.9,41.57,27.61,3.94,28.0,59.6,4.8,60568.0,2024
puma,0920301,09,107823.0,4555.0,4.22,57.85,23.78,35.54,23.8,26.15,3.21,28.03,32.16,9.87,48527.0,2024
puma,0920401,09,122627.0,12230.0,9.97,60.44,26.34,47.91,29.99,17.99,2.24,35.34,36.44,11.97,40981.0,2024
puma,0920402,09,157344.0,12509.0,7.95,56.1,28.11,50.57,29.43,12.56,2.67,46.52,31.13,10.91,34364.0,2024
puma,0920500,09,175822.0,14423.0,8.2,62.05,27.93,34.18,28.16,28.16,6.52,31.27,38.87,9.02,45727.0,2024
puma,0920601,09,134349.0,24116.0,17.95,39.02,48.39,51.3,24.73,13.58,7.4,39.69,43.45,20.28,40301.0,2024
puma,0920602,09,136711.0,20781.0,15.2,59.97,31.63,34.94,30.67,17.42,15.17,38.78,43.8,10.91,46058.0,2024
puma,0920603,09,165908.0,19305.0,11.64,53.32,29.74,50.55,21.03,17.9,7.62,41.7,39.27,9.41,46593.0,2024
puma,0920604,09,133630.0,14156.0,10.59,65.05,23.07,24.72,38.72,28.73,4.18,39.26,41.92,6.42,52220.0,2024
puma,0920701,09,114869.0,23034.0,20.05,50.01,38.02,70.24,7.44,16.1,5.4,40.58,16.59,23.22,31110.0,2024
puma,0920702,09,178793.0,18035.0,10.09,64.17,23.86,28.74,32.2,31.88,2.69,35.51,41.09,7.1,46111.0,2024
puma,0920703,09,161307.0,23598.0,14.63,64.03,19.26,44.65,20.53,27.27,6.17,39.75,34.21,6.52,47557.0,2024
puma,0920801,09,149153.0,49094.0,32.92,43.0,36.54,76.03,10.91,9.57,2.7,56.3,17.86,16.25,33836.0,2024
puma,0920802,09,180106.0,24951.0,13.85,64.13,24.17,39.0,28.58,26.63,3.45,33.05,47.25,8.44,60715.0,2024
puma,0920901,09,201000.0,57311.0,28.51,50.47,33.23,55.38,19.7,19.42,3.29,42.81,44.21,11.19,45071.0,2024
puma,0920902,09,105868.0,15036.0,14.2,62.19,26.23,21.12,26.95,40.14,4.96,17.91,71.11,5.47,93404.0,2024
puma,0920903,09,119715.0,31644.0,26.43,51.8,26.68,66.13,13.05,15.27,4.04,45.28,35.07,10.61,42021.0,2024
puma,0920904,09,200488.0,45096.0,22.49,47.84,32.74,67.63,14.59,13.74,2.04,48.94,28.39,10.97,40209.0,2024
puma,1000101,10,126905.0,14398.0,11.35,64.7,34.75,15.87,58.5,14.61,9.02,27.13,60.76,4.44,73274.0,2024
puma,1000102,10,123860.0,13601.0,10.98,50.1,40.17,72.6,10.78,6.83,9.36,45.56,22.47,18.53,39666.0,2024
puma,1000103,10,107653.0,17415.0,16.18,53.57,36.87,39.94,29.04,6.41,23.67,35.04,34.36,10.18,39616.0,2024
puma,1000104,10,109864.0,17271.0,15.72,47.7,42.03,38.0,35.52,9.15,16.28,36.3,50.72,13.7,47319.0,2024
puma,1000105,10,109679.0,11322.0,10.32,63.57,35.22,20.88,49.94,4.58,23.42,23.61,55.26,4.25,70892.0,2024
puma,1000200,10,187604.0,13883.0,7.4,62.16,34.07,37.2,25.61,10.89,24.03,35.75,38.25,8.52,41157.0,2024
puma,1000301,10,129761.0,8391.0,6.47,60.73,27.29,43.82,22.98,23.93,5.03,41.29,36.76,10.55,37434.0,2024
puma,1000302,10,125865.0,13001.0,10.33,35.92,37.78,79.49,10.53,7.55,1.21,61.4,13.28,16.12,34055.0,2024
puma,1100101,11,103670.0,20351.0,19.63,52.78,39.05,25.19,30.22,31.66,8.78,20.4,81.3,9.81,96983.0,2024
puma,1100102,11,110737.0,21456.0,19.38,48.12,29.42,54.22,8.94,6.14,29.04,45.68,40.81,13.64,50790.0,2024
puma,1100103,11,111911.0,11192.0,10.0,56.93,37.43,37.32,22.13,15.61,22.68,22.66,64.66,9.23,73513.0,2024
puma,1100104,11,144879.0,7715.0,5.33,52.03,33.49,58.63,5.51,2.99,31.89,31.87,40.96,15.46,55159.0,2024
puma,1100105,11,108067.0,20704.0,19.16,42.32,42.9,48.89,20.4,16.31,11.63,32.67,58.13,11.39,67883.0,2024
puma,1100106,11,102030.0,15970.0,15.65,40.48,44.44,31.49,35.92,17.33,11.66,26.77,74.36,13.91,78714.0,2024
puma,1200101,12,160142.0,19806.0,12.37,49.84,51.04,39.91,35.87,13.26,7.28,19.92,70.42,29.27,35334.0,2024
puma,1200102,12,125350.0,13186.0,10.52,62.93,30.9,34.06,43.66,17.39,2.17,20.45,66.82,6.63,60933.0,2024
puma,1200398,12,126289.0,4176.0,3.31,69.66,25.45,43.77,24.83,23.64,1.72,30.24,42.03,8.34,36884.0,2024
puma,1200500,12,186393.0,16046.0,8.61,45.29,53.37,60.51,17.54,15.09,3.87,40.27,33.77,16.5,35111.0,2024
puma,1200798,12,196864.0,7501.0,3.81,50.79,26.69,64.24,11.87,14.48,2.6,39.7,20.14,24.29,28170.0,2024
puma,1200901,12,103987.0,5961.0,5.73,72.57,21.2,44.27,19.63,26.91,2.43,22.71,32.87,20.04,32592.0,2024
puma,1200902,12,125166.0,8668.0,6.93,70.9,21.39,25.31,27.47,37.03,0.88,22.36,49.18,12.58,38995.0,2024
puma,1200903,12,136000.0,13857.0,10.19,65.01,27.0,46.6,25.99,18.97,3.59,22.49,44.5,11.68,42370.0,2024
puma,1200904,12,158189.0,23918.0,15.12,72.0,26.8,76.55,9.95,8.84,3.0,27.73,26.25,13.4,30262.0,2024
puma,1200905,12,109438.0,9136.0,8.35,63.24,31.85,49.67,26.19,15.26,4.17,26.88,42.26,7.86,41403.0,2024
puma,1201101,12,106651.0,28886.0,27.08,72.54,26.21,68.57,17.22,9.14,1.72,26.32,48.66,10.56,52425.0,2024
puma,1201102,12,104364.0,41015.0,39.3,67.25,27.99,85.83,7.0,4.96,0.4,32.65,26.65,13.62,33476.0,2024
puma,1201103,12,103819.0,39416.0,37.97,50.74,38.85,81.5,4.49,8.5,1.52,50.33,27.62,15.74,31706.0,2024
puma,1201104,12,105991.0,34985.0,33.01,48.63,40.11,77.68,5.15,10.58,1.47,46.62,31.45,14.16,33321.0,2024
puma,1201105,12,105360.0,44624.0,42.35,70.21,27.5,87.29,5.92,4.48,1.32,31.41,25.59,14.22,32522.0,2024
puma,1201106,12,189241.0,69393.0,36.67,62.22,33.86,82.4,9.76,5.45,1.02,36.97,34.12,12.5,37130.0,2024
puma,1201107,12,107726.0,43525.0,40.4,61.34,31.83,91.38,3.66,2.19,0.45,29.7,15.64,19.72,27581.0,2024
puma,1201108,12,135871.0,35986.0,26.49,51.43,39.94,78.47,6.98,11.02,0.98,38.68,26.05,15.35,32155.0,2024
puma,1201109,12,116638.0,41543.0,35.62,53.59,34.05,72.98,8.38,12.28,2.39,44.24,32.47,16.51,33257.0,2024
puma,1201110,12,117135.0,37419.0,31.95,59.06,36.68,71.7,15.33,9.16,1.31,46.88,39.62,12.71,38877.0,2024
puma,1201111,12,118639.0,47717.0,40.22,72.02,26.85,85.16,9.87,3.42,0.92,39.45,41.4,11.83,37624.0,2024
puma,1201112,12,101934.0,41960.0,41.16,72.96,27.03,82.8,12.73,2.45,1.46,31.57,41.09,8.18,45429.0,2024
puma,1201113,12,127628.0,53456.0,41.88,61.22,36.08,83.03,4.82,9.12,0.85,46.98,32.7,13.83,31555.0,2024
puma,1201114,12,106141.0,50120.0,47.22,61.12,32.7,79.65,4.03,12.53,0.7,44.93,28.53,15.51,32050.0,2024
puma,1201115,12,105033.0,35110.0,33.43,62.66,32.13,86.91,7.44,3.26,0.6,36.44,33.65,9.12,36768.0,2024
puma,1201116,12,119079.0,35784.0,30.05,53.53,33.96,74.77,5.85,13.61,1.97,40.65,34.22,11.69,36852.0,2024
puma,1201117,12,105879.0,48636.0,45.94,57.0,46.49,82.52,10.46,5.49,0.72,33.99,63.93,6.12,49386.0,2024
puma,1201398,12,191301.0,6847.0,3.58,45.57,26.98,71.13,11.45,14.49,0.77,42.75,21.31,22.98,28254.0,2024
puma,1201500,12,201064.0,19620.0,9.76,64.92,29.04,47.84,13.08,26.94,1.07,26.63,26.96,12.07,31911.0,2024
puma,1201700,12,162472.0,9049.0,5.57,73.14,17.04,37.34,20.78,25.37,8.3,21.33,27.98,15.01,33222.0,2024
puma,1201901,12,112652.0,6008.0,5.33,68.08,25.72,49.62,32.46,10.62,2.6,26.55,35.3,16.84,39836.0,2024
puma,1201902,12,114932.0,9904.0,8.62,63.3,25.2,53.33,28.75,13.36,1.97,34.85,26.52,10.86,37044.0,2024
puma,1202101,12,125087.0,21890.0,17.5,59.21,32.87,42.35,13.23,35.66,1.27,27.77,40.76,8.17,43698.0,2024
puma,1202102,12,120947.0,35397.0,29.27,46.68,41.58,79.15,3.51,12.17,0.42,51.07,21.95,14.93,33259.0,2024
puma,1202103,12,152257.0,40827.0,26.81,46.9,32.34,82.63,3.5,9.69,0.95,50.26,18.24,15.68,33719.0,2024
puma,1202799,12,155782.0,18180.0,11.67,45.64,21.82,80.89,8.1,6.68,1.04,50.74,14.1,23.24,31527.0,2024
puma,1203101,12,162062.0,14097.0,8.7,62.94,32.04,56.4,23.94,7.85,9.16,38.62,29.78,9.9,35689.0,2024
puma,1203102,12,118932.0,4697.0,3.95,62.76,28.0,68.06,17.25,7.07,6.51,30.22,24.48,25.83,26803.0,2024
puma,1203103,12,172048.0,16488.0,9.58,53.38,41.3,54.08,32.4,6.77,5.33,41.11,29.22,14.29,33863.0,2024
puma,1203104,12,123073.0,18758.0,15.24,57.56,39.81,54.37,22.05,13.44,9.28,46.95,31.82,17.88,34205.0,2024
puma,1203105,12,147473.0,19043.0,12.91,64.9,32.67,35.8,42.75,15.02,3.02,32.41,43.6,6.9,41425.0,2024
puma,1203106,12,166851.0,31599.0,18.94,55.13,42.62,35.08,42.41,17.14,4.64,40.45,52.62,12.65,44557.0,2024
puma,1203107,12,132714.0,20209.0,15.23,54.9,43.62,47.5,27.97,17.43,5.35,41.12,38.7,13.47,40788.0,2024
puma,1203301,12,106366.0,4336.0,4.08,49.03,33.51,41.01,43.38,12.34,1.71,44.74,22.57,18.58,26770.0,2024
puma,1203302,12,116969.0,7615.0,6.51,53.01,35.47,47.22,28.38,15.38,4.64,47.46,31.91,12.77,26828.0,2024
puma,1203303,12,102588.0,6614.0,6.45,57.5,29.38,36.94,39.58,17.31,3.16,30.62,32.41,16.64,31822.0,2024
puma,1203500,12,126528.0,16192.0,12.8,73.7,17.32,43.09,18.81,34.67,0.6,38.65,32.76,11.68,35710.0,2024
puma,1204798,12,106711.0,5689.0,5.33,41.43,38.13,79.24,6.63,10.74,1.12,49.05,16.99,16.67,25290.0,2024
puma,1205199,12,106742.0,20671.0,19.37,44.6,26.73,89.51,4.34,4.18,0.06,53.09,12.04,24.59,29583.0,2024
puma,1205300,12,207018.0,17411.0,8.41,67.92,26.39,55.86,11.02,22.22,2.04,31.04,24.13,10.91,32799.0,2024
puma,1205701,12,151558.0,27494.0,18.14,42.77,44.66,86.87,5.74,3.65,3.0,58.53,21.36,23.18,26769.0,2024
puma,1205702,12,103406.0,35933.0,34.75,51.31,42.9,84.26,9.84,3.13,1.7,63.5,27.33,19.16,29340.0,2024
puma,1205703,12,166529.0,52739.0,31.67,51.5,52.02,75.72,14.93,6.9,1.03,55.62,35.66,12.3,34624.0,2024
puma,1205704,12,137942.0,22621.0,16.4,62.61,35.33,64.71,20.73,8.88,3.19,44.7,39.44,12.26,41250.0,2024
puma,1205705,12,182461.0,43511.0,23.85,49.42,47.5,48.39,37.27,5.97,7.26,41.57,49.82,16.75,36589.0,2024
puma,1205706,12,139288.0,21794.0,15.65,40.97,36.03,78.74,8.7,4.93,6.58,48.79,20.37,19.62,32538.0,2024
puma,1205707,12,156722.0,30331.0,19.35,54.04,44.26,68.79,21.0,6.4,2.7,44.7,35.09,12.47,36822.0,2024
puma,1205708,12,126995.0,17635.0,13.89,52.86,34.01,71.94,9.52,12.5,2.09,36.44,25.74,14.68,35681.0,2024
puma,1205709,12,109872.0,14262.0,12.98,56.97,37.37,46.56,29.77,17.25,1.54,31.06,44.21,13.53,44257.0,2024
puma,1205710,12,127821.0,15795.0,12.36,62.41,33.86,41.64,25.44,25.0,2.54,28.35,51.44,12.06,47299.0,2024
puma,1205711,12,120154.0,18163.0,15.12,65.92,30.38,67.58,20.17,7.32,3.13,30.56,39.48,9.55,45952.0,2024
puma,1205998,12,127990.0,7347.0,5.74,58.58,31.59,46.35,16.39,29.32,0.94,32.18,29.74,6.91,36761.0,2024
puma,1206100,12,166936.0,16738.0,10.03,66.45,25.68,62.15,12.4,17.0,2.17,34.78,30.29,9.67,33702.0,2024
puma,1206901,12,111191.0,9523.0,8.56,50.37,30.65,67.98,11.59,9.72,6.16,39.04,27.49,13.49,39407.0,2024
puma,1206902,12,139759.0,10774.0,7.71,61.15,30.77,54.86,12.23,23.5,1.24,34.72,20.84,10.78,32931.0,2024
puma,1206903,12,161974.0,23942.0,14.78,63.26,29.63,73.97,11.37,9.51,2.12,26.09,38.85,4.0,40365.0,2024
puma,1207101,12,117595.0,14013.0,11.92,50.02,34.4,45.11,18.42,24.51,0.76,34.04,35.89,12.09,40202.0,2024
puma,1207102,12,110686.0,18456.0,16.67,52.91,37.48,77.83,8.62,10.85,0.36,52.72,22.36,17.44,28661.0,2024
puma,1207103,12,200371.0,50179.0,25.04,46.76,40.06,88.69,3.67,3.59,0.96,52.2,13.33,17.78,31196.0,2024
puma,1207104,12,130329.0,26640.0,20.44,36.75,48.21,79.29,8.23,7.23,1.81,56.34,20.59,18.9,32445.0,2024
puma,1207105,12,138755.0,20576.0,14.83,46.03,42.55,59.46,9.53,18.49,2.06,41.63,34.86,12.63,38966.0,2024
puma,1207106,12,119930.0,24445.0,20.38,67.32,37.56,77.91,4.97,12.98,0.84,53.7,23.96,12.44,35134.0,2024
puma,1207301,12,147788.0,11321.0,7.66,65.56,30.96,35.75,43.0,12.96,4.04,29.57,56.17,7.34,46571.0,2024
puma,1207302,12,149754.0,10808.0,7.22,43.55,55.41,37.0,41.89,12.61,6.69,33.01,57.36,25.94,33630.0,2024
puma,1208101,12,158409.0,17455.0,11.02,53.38,30.5,64.89,10.65,16.34,1.88,32.41,31.67,12.61,37033.0,2024
puma,1208102,12,126182.0,20547.0,16.28,45.14,33.02,67.7,9.85,15.02,1.63,47.41,24.23,17.65,32704.0,2024
puma,1208103,12,145201.0,24219.0,16.68,55.61,29.69,51.45,15.8,23.8,2.14,37.84,38.53,9.74,42273.0,2024
puma,1208301,12,115016.0,6753.0,5.87,63.85,18.9,59.54,11.61,22.39,1.91,28.31,30.95,15.75,33404.0,2024
puma,1208302,12,121728.0,12121.0,9.96,48.99,40.75,59.24,26.82,9.87,1.37,35.35,37.77,21.82,29789.0,2024
puma,1208303,12,163334.0,18887.0,11.56,62.3,29.42,74.74,7.69,11.82,1.54,32.53,22.55,7.7,33954.0,2024
puma,1208500,12,162176.0,18029.0,11.12,54.47,28.35,63.2,9.28,18.33,1.4,36.64,29.25,18.83,32317.0,2024
puma,1208601,12,118073.0,65884.0,55.8,63.88,39.15,96.3,2.04,1.01,0.43,57.18,34.15,10.02,37139.0,2024
puma,1208602,12,115915.0,48433.0,41.78,63.14,32.81,96.24,1.28,0.74,1.7,52.33,16.09,12.13,30256.0,2024
puma,1208603,12,106524.0,52774.0,49.54,60.67,34.68,89.92,5.89,2.34,1.29,48.69,22.65,15.06,29163.0,2024
puma,1208604,12,101990.0,57649.0,56.52,59.62,40.9,67.93,8.02,18.71,3.05,40.55,50.97,13.78,40778.0,2024
puma,1208605,12,105550.0,49924.0,47.3,61.11,36.69,93.51,2.11,2.96,0.77,49.3,24.14,20.86,30386.0,2024
puma,1208606,12,127870.0,56066.0,43.85,50.81,39.71,98.59,0.55,0.51,0.29,69.74,14.33,21.42,27017.0,2024
puma,1208607,12,113578.0,83931.0,73.9,61.25,39.26,99.1,0.18,0.69,0.0,74.53,22.42,16.68,25999.0,2024
puma,1208608,12,97399.0,68831.0,70.67,59.2,41.98,96.58,2.53,0.71,0.17,62.91,31.44,13.64,30033.0,2024
puma,1208609,12,119659.0,91139.0,76.17,55.39,41.47,99.06,0.13,0.78,0.0,75.98,18.19,18.68,24689.0,2024
puma,1208610,12,103323.0,68876.0,66.66,44.88,59.89,95.16,2.03,2.45,0.16,54.62,51.55,12.03,38609.0,2024
puma,1208611,12,119973.0,54917.0,45.77,43.75,42.99,92.1,2.45,3.92,0.78,57.49,29.26,22.08,30415.0,2024
puma,1208612,12,104526.0,54625.0,52.26,55.83,43.47,75.06,7.15,14.75,1.16,43.3,46.09,15.22,38773.0,2024
puma,1208613,12,125328.0,83126.0,66.33,41.64,42.8,94.48,2.11,2.49,0.6,70.42,23.94,26.74,25886.0,2024
puma,1208614,12,116442.0,58714.0,50.42,57.01,43.95,82.13,5.91,10.12,0.88,36.66,60.69,10.52,53429.0,2024
puma,1208615,12,106906.0,73810.0,69.04,56.71,36.99,98.18,0.5,1.11,0.13,69.79,26.45,17.39,26470.0,2024
puma,1208616,12,105820.0,41041.0,38.78,66.9,35.59,82.56,7.36,8.73,0.61,35.97,56.78,11.22,50939.0,2024
puma,1208617,12,100435.0,57651.0,57.4,66.71,31.26,92.68,2.93,3.63,0.52,55.38,33.1,12.24,31322.0,2024
puma,1208618,12,102196.0,62881.0,61.53,76.6,24.38,96.35,1.9,1.42,0.09,54.46,32.15,10.97,33267.0,2024
puma,1208619,12,102078.0,63908.0,62.61,72.95,34.34,95.49,2.52,1.37,0.23,55.46,29.93,13.34,32094.0,2024
puma,1208620,12,99007.0,51156.0,51.67,71.61,28.0,92.25,2.72,4.47,0.2,50.77,33.62,14.0,34187.0,2024
puma,1208621,12,144162.0,76310.0,52.93,72.44,31.45,93.2,3.69,1.82,0.79,46.27,34.02,11.03,38765.0,2024
puma,1208622,12,143015.0,65484.0,45.79,56.98,39.86,96.69,1.5,0.72,0.8,62.27,21.64,16.28,30618.0,2024
puma,1208623,12,117016.0,48710.0,41.63,67.6,33.01,91.77,2.94,4.15,0.65,51.67,31.43,10.86,32501.0,2024
puma,1208624,12,105741.0,45439.0,42.97,44.8,40.95,97.57,1.02,0.77,0.49,62.29,17.72,22.58,29202.0,2024
puma,1208625,12,117690.0,28205.0,23.97,60.67,31.16,81.99,5.51,10.09,0.43,48.11,23.31,15.01,35946.0,2024
puma,1209101,12,113791.0,6651.0,5.84,67.52,24.45,31.44,35.98,26.0,3.41,26.1,34.62,3.59,40464.0,2024
puma,1209102,12,102808.0,13263.0,12.9,34.52,53.23,62.31,18.89,17.04,0.64,50.67,23.45,20.56,28694.0,2024
puma,1209501,12,164009.0,39343.0,23.99,57.26,31.24,83.82,8.43,5.45,1.19,36.39,24.1,15.41,32978.0,2024
puma,1209502,12,149531.0,37499.0,25.08,51.53,41.89,74.95,15.92,5.42,2.8,41.78,31.97,12.2,35466.0,2024
puma,1209503,12,182486.0,54568.0,29.9,43.28,55.5,65.37,21.46,6.28,4.5,41.0,51.99,14.56,47201.0,2024
puma,1209504,12,169197.0,44016.0,26.01,46.25,43.93,83.4,9.66,4.71,1.62,54.94,27.71,16.69,30492.0,2024
puma,1209505,12,129111.0,25661.0,19.88,41.28,48.17,75.42,13.85,6.61,1.94,49.45,36.78,20.31,30179.0,2024
puma,1209506,12,122077.0,37452.0,30.68,32.45,60.65,88.14,6.39,4.16,1.02,51.54,27.45,17.51,30837.0,2024
puma,1209507,12,127544.0,19788.0,15.51,58.05,39.13,56.22,21.8,13.58,5.55,31.32,42.09,18.29,41069.0,2024
puma,1209508,12,129405.0,22912.0,17.71,48.2,47.13,66.91,20.5,8.3,3.03,46.41,37.76,16.56,30640.0,2024
puma,1209509,12,157062.0,49961.0,31.81,53.87,45.21,76.28,13.86,4.61,4.14,43.2,44.36,8.56,36248.0,2024
puma,1209510,12,141515.0,27069.0,19.13,68.91,31.0,62.04,25.35,5.76,3.04,33.94,49.19,11.12,42964.0,2024
puma,1209701,12,115980.0,31209.0,26.91,49.99,44.38,81.3,7.87,6.93,1.68,48.22,26.61,14.38,32157.0,2024
puma,1209702,12,116561.0,18320.0,15.72,57.96,33.98,78.14,9.49,10.28,1.06,38.52,33.59,10.28,38018.0,2024
puma,1209703,12,194874.0,64256.0,32.97,45.78,51.53,84.94,7.51,5.07,2.05,50.97,31.63,16.92,29559.0,2024
puma,1209901,12,114191.0,17715.0,15.51,51.59,32.48,56.92,12.93,19.49,4.44,41.2,38.61,17.61,34210.0,2024
puma,1209902,12,129512.0,24172.0,18.66,55.2,33.04,67.66,12.77,11.16,2.62,35.37,34.33,12.67,33613.0,2024
puma,1209903,12,175157.0,56013.0,31.98,48.17,39.63,82.19,5.55,8.52,2.01,50.82,23.09,14.73,32378.0,2024
puma,1209904,12,140931.0,62532.0,44.37,51.78,35.03,91.64,3.71,2.8,0.64,64.1,20.98,17.39,30691.0,2024
puma,1209905,12,147046.0,58681.0,39.91,43.63,42.18,89.86,4.31,4.09,0.42,61.72,19.46,16.48,30895.0,2024
puma,1209906,12,171226.0,45683.0,26.68,64.28,32.22,71.27,10.14,12.54,1.73,39.83,31.18,10.32,35531.0,2024
puma,1209907,12,129442.0,29084.0,22.47,64.15,27.53,67.01,9.57,16.98,1.56,41.74,33.14,13.8,33107.0,2024
puma,1209908,12,125244.0,26501.0,21.16,59.43,35.01,47.79,16.9,25.85,2.42,32.81,55.19,11.88,46748.0,2024
puma,1209909,12,121758.0,38562.0,31.67,59.96,36.42,61.03,15.21,16.71,2.32,40.71,43.09,9.97,42348.0,2024
puma,1209910,12,128308.0,28489.0,22.2,70.25,25.33,62.52,15.42,14.38,3.61,28.76,46.13,8.09,52422.0,2024
puma,1209911,12,150991.0,37049.0,24.54,66.16,26.39,76.89,11.56,7.34,1.58,35.59,28.74,13.94,39005.0,2024
puma,1210101,12,165005.0,19087.0,11.57,64.47,28.25,55.91,19.83,12.5,4.7,30.43,37.2,7.68,36532.0,2024
puma,1210102,12,131941.0,13317.0,10.09,58.95,34.14,48.72,22.47,21.66,1.78,32.18,30.83,7.45,39561.0,2024
puma,1210103,12,137245.0,15083.0,10.99,56.61,27.89,50.37,11.91,25.96,5.35,40.27,21.56,21.47,27413.0,2024
puma,1210104,12,177253.0,27707.0,15.63,63.58,34.51,48.36,27.02,12.22,8.02,28.63,52.0,9.11,43262.0,2024
puma,1210301,12,125219.0,14739.0,11.77,73.47,26.29,23.99,18.41,36.98,13.06,33.39,46.17,17.13,40965.0,2024
puma,1210302,12,112841.0,12975.0,11.5,62.52,30.71,39.11,14.97,31.63,1.96,32.47,37.12,9.77,36437.0,2024
puma,1210303,12,110439.0,18711.0,16.94,56.76,34.39,43.37,16.01,30.14,2.56,41.92,34.62,16.03,35348.0,2024
puma,1210304,12,110636.0,14281.0,12.91,63.65,30.93,47.06,17.46,26.76,1.4,42.89,31.68,13.45,32550.0,2024
puma,1210305,12,110630.0,10699.0,9.67,74.44,21.65,27.4,25.25,31.48,1.78,26.04,39.97,8.9,40741.0,2024
puma,1210306,12,116508.0,18130.0,15.56,62.38,31.18,31.02,43.52,18.44,1.33,49.52,25.01,12.47,31783.0,2024
puma,1210307,12,163727.0,17409.0,10.63,71.3,26.58,38.32,21.86,29.25,3.02,26.18,42.05,16.33,39719.0,2024
puma,1210308,12,113481.0,12288.0,10.83,69.12,23.1,35.13,22.09,30.78,2.94,32.03,35.11,7.68,39105.0,2024
puma,1210501,12,107704.0,11213.0,10.41,52.2,35.15,72.84,10.84,5.66,3.93,40.08,27.23,17.74,29870.0,2024
puma,1210502,12,214797.0,33926.0,15.79,36.79,44.33,82.83,9.4,4.49,0.93,47.2,21.09,15.31,35398.0,2024
puma,1210503,12,163751.0,17612.0,10.76,50.14,27.76,73.8,14.44,6.0,2.84,46.35,23.7,15.38,32328.0,2024
puma,1210504,12,167256.0,20160.0,12.05,46.67,26.43,81.21,7.17,7.29,1.4,45.14,16.59,18.49,31279.0,2024
puma,1210505,12,137186.0,16462.0,12.0,59.16,37.24,71.94,11.29,8.44,4.67,45.35,25.8,11.22,32101.0,2024
puma,1210799,12,110873.0,6576.0,5.93,49.91,22.11,60.26,9.0,23.57,0.78,47.95,19.53,18.81,30418.0,2024
puma,1210902,12,122458.0,13470.0,11.0,61.49,37.5,32.8,37.76,24.42,2.0,28.56,57.87,5.35,55640.0,2024
puma,1210903,12,148767.0,12487.0,8.39,70.24,28.7,28.86,27.93,32.24,4.83,15.21,55.0,9.46,49136.0,2024
puma,1211101,12,107439.0,16661.0,15.51,48.73,35.67,76.83,9.18,10.44,1.15,47.29,22.28,28.64,26979.0,2024
puma,1211102,12,116112.0,20877.0,17.98,67.4,25.85,78.31,8.71,8.0,1.9,35.24,28.29,10.17,35275.0,2024
puma,1211103,12,136949.0,28119.0,20.53,72.86,20.5,82.3,7.48,7.68,1.05,30.86,26.43,8.06,36895.0,2024
puma,1211300,12,198472.0,9666.0,4.87,64.91,28.21,40.61,27.62,22.42,4.28,24.27,42.31,10.01,38675.0,2024
puma,1211501,12,133925.0,20289.0,15.15,59.24,29.16,57.9,9.56,22.36,2.94,39.95,36.04,11.04,37034.0,2024
puma,1211502,12,150230.0,18771.0,12.49,62.92,28.41,34.79,14.28,39.74,0.88,30.96,42.76,9.84,39478.0,2024
puma,1211503,12,175392.0,20508.0,11.69,69.2,27.47,33.37,17.17,37.79,2.34,35.12,38.02,12.53,36189.0,2024
puma,1211701,12,122264.0,19087.0,15.61,65.0,28.29,54.93,27.62,11.91,3.55,28.04,52.14,13.51,42576.0,2024
puma,1211702,12,117493.0,19286.0,16.41,58.07,35.26,57.82,22.93,12.55,4.17,36.01,39.54,10.14,36832.0,2024
puma,1211703,12,116455.0,16165.0,13.88,57.93,38.67,56.63,23.3,12.21,4.64,32.71,35.94,13.57,32252.0,2024
puma,1211704,12,125258.0,18135.0,14.48,65.68,31.59,50.44,27.55,10.96,7.09,25.56,55.4,11.44,44262.0,2024
puma,1211900,12,143408.0,8779.0,6.12,65.5,18.84,41.71,16.31,21.82,0.18,25.23,33.9,15.81,35359.0,2024
puma,1212701,12,136672.0,12396.0,9.07,58.18,28.53,63.04,17.16,14.85,0.97,22.51,28.43,11.47,32005.0,2024
puma,1212702,12,159597.0,13946.0,8.74,56.17,37.05,34.61,26.99,24.75,5.32,27.26,34.26,17.7,32410.0,2024
puma,1212703,12,143151.0,9817.0,6.86,67.45,25.2,36.05,18.7,29.96,4.9,16.52,45.35,15.34,34212.0,2024
puma,1212704,12,140202.0,14938.0,10.65,61.59,28.69,64.39,11.86,9.24,7.99,24.96,30.54,11.01,34022.0,2024
puma,1300100,13,178597.0,4017.0,2.25,50.49,31.67,46.9,27.31,19.62,1.84,42.89,30.98,19.36,26206.0,2024
puma,1300200,13,103598.0,19131.0,18.47,37.9,24.02,92.36,5.42,0.81,0.65,64.18,11.47,19.24,33375.0,2024
puma,1300300,13,192781.0,11201.0,5.81,47.21,18.68,75.88,8.6,10.31,1.22,50.3,18.6,15.22,36834.0,2024
puma,1300400,13,150086.0,5615.0,3.74,47.78,33.66,55.94,16.78,19.61,2.53,29.87,29.06,17.1,30256.0,2024
puma,1300500,13,145166.0,8632.0,5.95,31.99,27.72,67.01,23.15,6.97,1.77,52.67,19.46,18.72,33911.0,2024
puma,1300601,13,105917.0,11818.0,11.16,46.73,25.74,71.92,16.94,5.89,2.84,51.68,22.08,6.69,39405.0,2024
puma,1300602,13,107317.0,24116.0,22.47,26.72,27.4,89.01,7.15,1.98,1.41,72.33,8.05,15.19,35231.0,2024
puma,1300701,13,114215.0,16103.0,14.1,43.43,41.26,33.69,45.76,12.86,5.73,23.32,60.47,3.93,76615.0,2024
puma,1300702,13,153072.0,45054.0,29.43,49.44,37.96,17.43,68.42,8.88,2.63,25.08,72.43,4.92,94049.0,2024
puma,1300801,13,115602.0,9341.0,8.08,50.28,26.74,46.55,24.7,15.51,5.67,35.64,41.7,3.64,48591.0,2024
puma,1300802,13,165430.0,19533.0,11.81,39.1,38.9,60.39,13.52,14.5,8.82,48.77,31.8,14.2,40134.0,2024
puma,1300900,13,113113.0,5545.0,4.9,50.32,24.08,61.46,16.65,8.58,9.74,51.32,26.26,11.3,38022.0,2024
puma,1301000,13,174763.0,9754.0,5.58,36.32,24.44,75.23,16.9,3.32,2.04,55.92,14.4,17.5,32148.0,2024
puma,1301100,13,178909.0,14054.0,7.86,54.76,35.72,50.65,15.38,9.24,22.42,25.33,39.64,12.73,46155.0,2024
puma,1301200,13,147888.0,14169.0,9.58,56.13,25.37,62.51,13.82,4.21,18.31,31.14,29.36,11.3,42690.0,2024
puma,1301301,13,141900.0,20717.0,14.6,59.71,26.59,46.38,27.63,9.39,14.22,34.05,43.78,7.21,44378.0,2024
puma,1301302,13,156315.0,24396.0,15.61,63.89,29.6,29.23,46.66,14.08,5.42,25.88,66.56,5.45,70602.0,2024
puma,1301303,13,154958.0,33656.0,21.72,32.15,45.6,66.75,19.24,4.63,9.31,49.82,35.33,15.99,36901.0,2024
puma,1301304,13,143374.0,18686.0,13.03,53.9,30.24,57.75,14.63,7.34,17.6,32.48,38.22,6.6,44223.0,2024
puma,1301305,13,178661.0,30538.0,17.09,41.88,37.63,60.32,21.38,4.48,12.35,48.14,44.42,10.79,40955.0,2024
puma,1301401,13,144623.0,27942.0,19.32,51.91,35.18,41.53,37.27,11.14,6.08,32.1,62.06,6.29,58912.0,2024
puma,1301402,13,139079.0,45802.0,32.93,56.97,38.62,15.63,69.23,6.51,6.77,29.17,75.54,6.27,80192.0,2024
puma,1301403,13,107075.0,18367.0,17.15,43.13,45.4,33.39,37.62,10.46,16.13,24.97,61.93,9.68,60544.0,2024
puma,1301404,13,161348.0,22414.0,13.89,46.69,47.22,25.84,41.99,16.64,11.19,23.76,74.18,15.47,69725.0,2024
puma,1301405,13,145645.0,12938.0,8.88,48.79,40.21,35.21,27.09,18.33,14.27,18.18,68.67,13.07,68770.0,2024
puma,1301406,13,156049.0,7722.0,4.95,40.04,49.74,44.79,26.59,6.75,20.24,29.06,40.17,18.81,35406.0,2024
puma,1301407,13,106990.0,7816.0,7.31,47.06,33.16,64.05,10.91,2.2,21.84,36.52,29.32,6.49,40313.0,2024
puma,1301408,13,115813.0,8534.0,7.37,63.76,26.51,54.0,9.26,2.27,32.68,24.97,39.47,9.93,42097.0,2024
puma,1301501,13,154500.0,42133.0,27.27,37.33,42.48,50.03,32.92,7.59,8.23,52.6,41.36,14.77,37601.0,2024
puma,1301502,13,131973.0,36528.0,27.68,46.06,52.63,25.7,27.1,2.97,44.0,48.03,25.22,18.37,32002.0,2024
puma,1301503,13,125475.0,19851.0,15.82,55.41,43.42,33.11,35.2,5.31,24.44,35.89,45.69,14.22,37911.0,2024
puma,1301504,13,107443.0,9323.0,8.68,54.75,37.61,21.77,42.11,18.33,10.33,18.71,76.05,11.12,67500.0,2024
puma,1301505,13,111608.0,8127.0,7.28,64.6,22.84,66.59,5.51,2.5,24.93,25.73,25.8,13.94,36286.0,2024
puma,1301506,13,134291.0,16271.0,12.12,66.11,28.35,68.37,7.02,4.02,19.61,14.36,33.26,8.49,34353.0,2024
puma,1301601,13,157122.0,48711.0,31.0,41.9,40.93,42.93,44.28,4.74,6.62,53.23,40.61,12.8,38213.0,2024
puma,1301602,13,146789.0,34856.0,23.75,53.99,30.16,34.32,48.93,7.77,6.78,44.4,45.8,10.45,44569.0,2024
puma,1301603,13,142813.0,29313.0,20.53,64.93,29.89,47.66,22.67,8.91,20.1,34.39,34.18,6.46,44197.0,2024
puma,1301604,13,127144.0,33816.0,26.6,53.54,31.35,50.47,29.25,6.13,13.84,45.29,29.64,11.89,37310.0,2024
puma,1301605,13,142981.0,50078.0,35.02,51.08,35.94,54.55,32.14,3.97,8.75,53.38,28.07,13.1,35579.0,2024
puma,1301606,13,121668.0,50728.0,41.69,30.93,38.77,60.16,30.99,2.21,6.34,66.1,19.73,19.19,33118.0,2024
puma,1301607,13,140894.0,30986.0,21.99,64.48,25.05,44.53,26.92,6.97,20.59,29.03,32.62,10.07,41289.0,2024
puma,1301700,13,174643.0,15260.0,8.74,55.88,25.56,60.65,20.2,10.48,6.83,40.85,21.07,7.18,41659.0,2024
puma,1301800,13,129609.0,12889.0,9.94,32.74,48.77,51.8,30.75,8.76,6.07,40.49,45.88,24.18,33961.0,2024
puma,1301900,13,130546.0,6940.0,5.32,51.76,28.1,43.83,34.91,9.11,8.33,41.44,35.9,12.94,40408.0,2024
puma,1302000,13,140320.0,7315.0,5.21,61.72,33.66,51.03,18.13,13.86,15.22,29.87,32.57,11.53,40085.0,2024
puma,1302100,13,213433.0,18407.0,8.62,54.29,26.96,68.6,15.83,7.29,7.73,25.95,28.61,13.33,36837.0,2024
puma,1302201,13,118701.0,12113.0,10.2,71.85,25.26,51.78,28.14,3.27,13.59,30.69,35.78,7.25,45894.0,2024
puma,1302202,13,131259.0,10736.0,8.18,63.65,26.69,65.16,15.27,3.75,14.08,28.13,32.24,6.14,46042.0,2024
puma,1302301,13,155166.0,25178.0,16.23,50.73,31.4,48.47,30.32,1.33,19.76,58.0,18.46,15.84,33319.0,2024
puma,1302302,13,143758.0,15014.0,10.44,54.86,26.54,63.71,16.64,2.12,16.87,39.92,22.32,11.75,34796.0,2024
puma,1302400,13,122244.0,13485.0,11.03,53.21,35.55,43.97,34.1,9.49,9.17,35.02,46.21,5.37,53050.0,2024
puma,1302500,13,152852.0,10079.0,6.59,45.69,37.19,57.23,23.27,13.36,3.11,37.29,37.23,13.12,41809.0,2024
puma,1302600,13,124569.0,7101.0,5.7,32.92,35.87,74.02,11.8,8.51,5.06,49.64,25.98,19.66,30000.0,2024
puma,1302700,13,103032.0,3481.0,3.38,33.64,52.05,44.81,43.64,7.9,0.92,50.82,43.84,11.39,34369.0,2024
puma,1302800,13,162891.0,4322.0,2.65,51.71,26.77,61.38,22.1,9.44,4.12,33.14,25.69,7.91,36316.0,2024
puma,1302900,13,182169.0,6013.0,3.3,47.46,34.24,55.96,17.33,11.54,10.53,41.09,28.17,22.96,37018.0,2024
puma,1303000,13,156578.0,5947.0,3.8,43.28,39.26,43.38,41.06,5.72,5.72,40.87,45.95,18.3,30318.0,2024
puma,1303100,13,125802.0,2593.0,2.06,40.3,26.3,65.68,13.11,14.42,1.74,43.25,11.46,12.92,30448.0,2024
puma,1303200,13,162434.0,11928.0,7.34,59.51,38.04,31.33,44.55,15.5,6.46,29.45,44.75,8.72,40883.0,2024
puma,1303301,13,95786.0,4636.0,4.84,48.19,39.69,34.51,31.43,16.37,8.74,31.18,42.72,18.55,33497.0,2024
puma,1303302,13,110283.0,3172.0,2.88,58.13,34.58,50.38,31.15,11.92,6.08,26.2,39.65,8.11,31317.0,2024
puma,1303400,13,165956.0,6418.0,3.87,46.18,38.08,58.18,16.24,13.88,6.68,33.93,36.85,8.83,37142.0,2024
puma,1303500,13,140466.0,3646.0,2.6,29.32,39.03,52.47,20.98,20.79,2.85,45.44,18.37,22.34,28462.0,2024
puma,1303600,13,179588.0,11586.0,6.45,52.39,36.21,42.79,32.58,9.01,12.58,37.97,39.45,16.19,40771.0,2024
puma,1303700,13,151895.0,4540.0,2.99,43.85,31.76,61.48,20.99,13.37,1.37,31.72,25.07,21.4,28609.0,2024
puma,1303800,13,212598.0,10822.0,5.09,57.2,33.22,40.21,37.01,14.62,6.46,33.06,38.93,18.08,40751.0,2024
puma,1303900,13,119108.0,3900.0,3.27,23.92,26.59,85.1,7.23,4.13,2.51,62.9,12.08,25.96,36293.0,2024
puma,1304000,13,116717.0,3359.0,2.88,47.69,34.74,44.36,32.21,9.05,11.02,38.08,34.91,22.13,35601.0,2024
puma,1304100,13,112452.0,6695.0,5.95,31.74,42.99,83.73,8.42,5.05,1.9,58.6,9.72,31.04,30289.0,2024
puma,1304200,13,128928.0,4476.0,3.47,27.52,32.57,70.24,20.24,7.04,1.12,49.03,19.67,21.03,30630.0,2024
puma,1304300,13,119965.0,4741.0,3.95,48.32,30.5,46.42,32.84,10.76,6.73,32.98,26.41,15.38,30948.0,2024
puma,1304400,13,170793.0,8113.0,4.75,26.65,33.69,78.66,13.85,2.85,3.35,57.96,9.91,30.1,28359.0,2024
puma,1304500,13,154239.0,7738.0,5.02,26.27,25.3,80.4,11.88,4.78,2.61,56.42,12.05,31.45,26917.0,2024
puma,1304600,13,134034.0,8230.0,6.14,63.79,37.85,44.29,23.44,18.37,10.32,28.88,28.64,14.45,38260.0,2024
puma,1304701,13,171913.0,14332.0,8.34,46.56,45.2,48.53,29.17,11.53,6.45,34.52,42.51,13.67,36461.0,2024
puma,1304702,13,128966.0,11977.0,9.29,46.89,47.98,50.37,29.92,12.71,4.07,36.31,41.54,10.13,42815.0,2024
puma,1304800,13,153729.0,7264.0,4.73,51.82,32.53,48.64,24.85,17.15,4.05,36.31,31.65,19.16,30356.0,2024
puma,1500100,15,238320.0,38720.0,16.25,56.22,26.53,8.28,72.54,7.17,1.24,44.22,26.03,7.27,39841.0,2024
puma,1500200,15,205769.0,24284.0,11.8,49.62,30.91,8.12,56.88,10.59,1.96,43.99,29.41,17.73,34633.0,2024
puma,1500301,15,99834.0,11089.0,11.11,54.53,37.48,11.71,45.73,5.94,1.79,37.61,21.93,12.56,33560.0,2024
puma,1500302,15,121318.0,8353.0,6.89,65.59,23.43,7.95,58.79,12.55,1.77,31.58,43.68,6.01,41745.0,2024
puma,1500303,15,109338.0,18863.0,17.25,67.0,17.9,4.81,78.52,6.93,1.01,43.31,46.62,9.18,42447.0,2024
puma,1500304,15,126449.0,36251.0,28.67,52.34,31.86,2.64,79.95,6.14,0.77,51.93,41.68,15.66,39949.0,2024
puma,1500305,15,113919.0,40051.0,35.16,58.99,27.64,1.02,84.46,1.23,0.16,64.11,19.06,15.97,32562.0,2024
puma,1500306,15,146726.0,24116.0,16.44,70.2,20.65,5.59,81.88,2.24,0.61,49.42,28.11,8.51,39960.0,2024
puma,1500307,15,145628.0,31597.0,21.7,70.16,22.68,1.9,89.35,1.33,0.26,46.31,26.89,7.08,40263.0,2024
puma,1500308,15,137934.0,25677.0,18.62,69.22,25.78,3.89,79.88,2.38,1.73,38.01,30.34,7.31,42968.0,2024
puma,1600100,16,134871.0,3803.0,2.82,45.15,47.59,19.46,33.29,25.03,8.34,27.02,40.24,21.01,34594.0,2024
puma,1600200,16,176322.0,3928.0,2.23,66.68,17.9,18.3,25.25,31.67,4.74,18.02,34.11,11.4,35081.0,2024
puma,1600300,16,114481.0,2154.0,1.88,57.1,25.44,35.52,29.94,20.19,3.48,33.75,23.26,8.36,32692.0,2024
puma,1600400,16,146126.0,8317.0,5.69,49.37,23.96,54.6,15.88,23.19,1.6,49.98,22.3,16.08,35743.0,2024
puma,1600500,16,145910.0,13665.0,9.37,44.49,26.85,78.85,7.14,9.41,1.57,56.47,8.19,14.89,36139.0,2024
puma,1600600,16,167300.0,10985.0,6.57,43.6,30.05,59.96,12.11,18.81,5.26,45.62,20.62,16.56,35280.0,2024
puma,1600701,16,137854.0,9772.0,7.09,55.59,34.51,29.56,41.79,19.19,2.28,46.57,33.5,8.35,40790.0,2024
puma,1600702,16,110897.0,7251.0,6.54,54.75,34.28,32.51,24.13,20.23,15.09,45.91,30.38,13.3,37928.0,2024
puma,1600800,16,132668.0,8711.0,6.57,48.8,40.4,25.7,44.38,13.99,10.58,32.43,51.55,12.53,42532.0,2024
puma,1600900,16,119217.0,10592.0,8.88,44.2,32.11,67.46,15.52,10.59,3.7,48.95,9.42,16.35,34556.0,2024
puma,1601000,16,124066.0,16373.0,13.2,37.96,25.78,84.38,6.85,5.49,0.38,58.91,9.21,11.7,39458.0,2024
puma,1601100,16,161203.0,9119.0,5.66,32.66,34.2,72.77,7.67,7.08,1.73,46.6,16.44,22.54,32259.0,2024
puma,1601200,16,129523.0,5248.0,4.05,41.84,19.74,70.12,10.1,8.14,1.52,39.4,21.02,9.63,39330.0,2024
puma,1601300,16,133824.0,4931.0,3.68,46.3,38.05,51.9,24.88,10.79,4.02,38.75,21.86,13.0,35640.0,2024
puma,1700100,17,138097.0,1610.0,1.17,55.22,26.02,50.81,31.93,10.99,3.85,29.63,26.67,14.34,33036.0,2024
puma,1700701,17,142718.0,10496.0,7.35,53.34,21.78,56.13,19.0,21.4,0.45,44.31,20.07,14.73,37758.0,2024
puma,1701901,17,175917.0,28030.0,15.93,31.83,59.94,18.32,58.57,8.71,12.6,38.52,66.67,29.28,34605.0,2024
puma,1701902,17,145065.0,4191.0,2.89,51.09,29.71,65.4,21.24,9.19,2.22,58.37,16.55,13.45,41479.0,2024
puma,1702900,17,127174.0,2731.0,2.15,51.19,45.18,46.39,29.88,18.75,2.42,38.22,32.74,13.41,40000.0,2024
puma,1703101,17,125951.0,31304.0,24.85,53.69,29.04,23.73,45.07,26.36,3.77,42.74,47.37,7.57,47690.0,2024
puma,1703102,17,118682.0,41484.0,34.95,52.8,28.41,46.23,36.13,14.18,3.12,46.57,34.03,9.11,42058.0,2024
puma,1703103,17,110944.0,36280.0,32.7,54.08,35.45,20.05,54.19,21.0,4.01,37.34,51.57,8.08,51698.0,2024
puma,1703104,17,121497.0,34416.0,28.33,52.81,31.7,26.45,33.27,38.56,1.14,48.16,38.3,10.25,44102.0,2024
puma,1703105,17,127758.0,43305.0,33.9,57.07,31.74,24.32,31.61,40.96,2.3,47.87,44.02,10.02,42818.0,2024
puma,1703106,17,145835.0,28152.0,19.3,74.99,19.04,7.46,50.55,37.07,2.16,33.5,66.18,8.05,60193.0,2024
puma,1703107,17,155054.0,41392.0,26.7,64.67,32.15,15.78,54.58,20.28,7.91,32.22,51.08,11.31,43727.0,2024
puma,1703108,17,167620.0,58107.0,34.67,66.9,25.2,16.52,46.38,34.07,2.5,45.97,42.71,8.46,41836.0,2024
puma,1703109,17,118783.0,37858.0,31.87,56.26,21.32,39.28,11.71,47.42,1.18,61.0,26.59,7.61,41864.0,2024
puma,1703110,17,110593.0,22561.0,20.4,46.11,11.87,83.06,8.17,6.09,2.65,60.41,11.92,9.54,39125.0,2024
puma,1703111,17,118623.0,11464.0,9.66,65.15,27.31,29.34,33.81,27.13,3.46,28.37,61.07,8.11,52943.0,2024
puma,1703112,17,138392.0,47561.0,34.37,40.59,13.18,92.96,3.91,2.47,0.57,65.58,8.3,13.4,35536.0,2024
puma,1703113,17,153120.0,34379.0,22.45,56.49,16.74,50.89,15.48,31.12,0.8,56.37,18.22,11.17,39880.0,2024
puma,1703114,17,167505.0,25639.0,15.31,56.36,25.57,45.43,27.86,19.86,6.56,54.82,22.58,15.49,37812.0,2024
puma,1703115,17,133446.0,25232.0,18.91,69.2,18.75,10.28,31.12,54.71,3.09,44.94,32.39,10.12,46900.0,2024
puma,1703116,17,145738.0,15330.0,10.52,64.21,22.72,44.14,34.61,13.47,7.12,44.28,29.11,17.2,37407.0,2024
puma,1703117,17,153682.0,13934.0,9.07,51.57,16.88,69.87,9.53,2.27,17.57,57.36,17.63,13.58,38759.0,2024
puma,1703118,17,158314.0,11969.0,7.56,56.32,22.57,60.3,8.76,9.82,18.8,41.31,28.96,16.03,45201.0,2024
puma,1703151,17,149028.0,45205.0,30.33,57.93,29.91,29.53,35.91,30.57,3.6,52.24,36.43,11.08,37472.0,2024
puma,1703152,17,156038.0,42699.0,27.36,53.6,35.0,25.62,46.01,17.18,9.74,49.73,39.71,20.87,35097.0,2024
puma,1703153,17,167080.0,41745.0,24.99,50.57,38.39,31.27,33.05,16.71,17.0,46.77,45.33,22.53,35846.0,2024
puma,1703154,17,170814.0,22312.0,13.06,51.14,40.84,19.97,35.52,33.1,4.4,17.7,76.79,12.25,73865.0,2024
puma,1703155,17,161240.0,31841.0,19.75,54.91,21.2,61.3,19.8,14.08,2.84,51.92,32.59,15.61,36165.0,2024
puma,1703156,17,130913.0,38740.0,29.59,59.55,22.02,36.52,18.93,40.23,3.8,54.06,31.08,12.36,41006.0,2024
puma,1703157,17,165097.0,52877.0,32.03,38.5,21.67,84.84,5.58,8.57,0.9,71.12,12.88,18.62,31639.0,2024
puma,1703158,17,167237.0,13766.0,8.23,32.97,30.2,84.59,6.34,5.86,3.15,65.08,14.85,23.26,31255.0,2024
puma,1703159,17,155146.0,23593.0,15.21,46.54,42.73,26.17,43.25,22.65,3.87,25.3,70.05,14.29,66397.0,2024
puma,1703160,17,180363.0,39806.0,22.07,43.59,48.3,14.34,51.51,23.41,5.75,16.2,88.08,11.49,96294.0,2024
puma,1703161,17,143016.0,17588.0,12.3,33.7,58.55,18.21,47.94,11.0,19.83,28.44,69.82,25.6,43727.0,2024
puma,1703162,17,135963.0,47111.0,34.65,47.36,22.12,54.64,40.47,3.41,1.14,71.28,19.77,21.9,30048.0,2024
puma,1703163,17,148959.0,57076.0,38.32,44.99,13.98,90.0,8.69,0.83,0.38,74.27,9.08,15.86,30257.0,2024
puma,1703164,17,165625.0,47010.0,28.38,51.17,12.48,83.54,4.87,10.65,0.83,66.19,10.67,9.69,35005.0,2024
puma,1703165,17,134891.0,21845.0,16.19,29.41,23.89,91.0,2.83,1.14,4.97,73.02,7.72,18.75,33016.0,2024
puma,1703166,17,128075.0,4534.0,3.54,51.65,35.73,54.79,15.17,11.84,16.59,40.9,20.15,30.49,29573.0,2024
puma,1703167,17,127945.0,5180.0,4.05,39.59,41.33,57.47,12.18,9.94,20.41,41.67,29.75,39.82,30440.0,2024
puma,1703168,17,123123.0,13773.0,11.19,45.33,15.05,78.39,4.53,6.53,10.38,54.84,14.36,18.9,32878.0,2024
puma,1703700,17,152198.0,8817.0,5.79,46.27,24.03,54.87,23.17,13.21,6.54,47.66,27.88,18.64,35331.0,2024
puma,1704301,17,174208.0,45286.0,26.0,62.6,25.65,35.8,44.1,15.54,3.54,47.92,35.18,8.28,43197.0,2024
puma,1704302,17,115929.0,30914.0,26.67,57.2,17.33,43.73,19.06,35.51,0.56,55.34,22.94,9.69,40954.0,2024
puma,1704303,17,127667.0,19500.0,15.27,61.83,24.67,27.72,44.56,23.64,2.58,30.73,48.82,9.03,47951.0,2024
puma,1704304,17,119372.0,17639.0,14.78,62.83,32.41,25.81,43.88,23.19,5.38,44.24,47.41,13.45,41518.0,2024
puma,1704305,17,124915.0,30231.0,24.2,44.75,42.7,17.33,62.85,15.37,3.57,27.92,69.31,8.77,67467.0,2024
puma,1704306,17,118895.0,20282.0,17.06,55.27,33.71,16.37,53.65,23.58,4.31,31.83,64.6,5.6,61606.0,2024
puma,1704307,17,149038.0,27131.0,18.2,64.34,27.42,14.16,45.95,35.51,3.1,33.11,55.0,6.78,53391.0,2024
puma,1704900,17,124671.0,1690.0,1.36,34.73,44.97,46.51,21.36,18.22,3.91,34.34,31.32,24.48,35500.0,2024
puma,1707300,17,130979.0,3066.0,2.34,42.63,35.09,50.91,32.29,5.68,8.87,48.86,28.27,16.06,41934.0,2024
puma,1708901,17,134568.0,11140.0,8.28,68.96,19.79,32.25,41.96,20.49,2.1,30.39,46.55,5.07,65334.0,2024
puma,1708902,17,136960.0,33229.0,24.26,39.86,17.28,80.2,10.36,7.0,1.93,61.5,14.48,10.77,37578.0,2024
puma,1708903,17,119295.0,12296.0,10.31,67.07,17.45,38.38,36.33,21.41,2.06,34.44,45.42,5.29,50306.0,2024
puma,1708904,17,126432.0,32374.0,25.61,41.63,17.61,87.28,7.03,2.27,1.95,60.03,11.83,10.62,36267.0,2024
puma,1709100,17,159854.0,8296.0,5.19,56.12,23.82,72.87,14.39,10.34,1.29,39.58,20.91,7.48,40392.0,2024
puma,1709300,17,137675.0,15682.0,11.39,51.73,28.32,52.4,24.45,19.53,3.27,38.4,36.69,4.03,50711.0,2024
puma,1709500,17,142780.0,3606.0,2.53,43.29,33.75,44.62,25.93,16.69,8.65,36.69,21.79,17.42,31141.0,2024
puma,1709701,17,159057.0,24655.0,15.5,49.17,23.21,59.83,18.91,17.12,2.32,44.38,24.85,12.05,43517.0,2024
puma,1709702,17,139942.0,36685.0,26.21,38.93,19.62,84.97,8.49,3.37,3.07,60.14,11.83,13.32,34774.0,2024
puma,1709703,17,155614.0,30055.0,19.31,54.42,27.34,34.43,41.17,18.75,3.4,34.69,52.15,8.16,54469.0,2024
puma,1709704,17,120507.0,19606.0,16.27,72.12,12.45,26.7,34.58,35.31,1.47,30.39,52.77,6.14,59281.0,2024
puma,1709705,17,139103.0,30714.0,22.08,53.48,31.98,12.86,55.97,27.12,2.03,29.96,71.27,5.86,82869.0,2024
puma,1709900,17,144279.0,5079.0,3.52,50.32,20.79,61.11,17.78,16.66,2.42,46.54,23.02,12.45,37354.0,2024
puma,1711101,17,138953.0,14951.0,10.76,50.84,14.33,53.09,20.25,21.26,2.81,39.66,28.06,7.23,42820.0,2024
puma,1711102,17,173638.0,16108.0,9.28,56.84,17.07,47.33,21.11,27.62,2.06,40.36,25.82,8.94,39669.0,2024
puma,1711300,17,171556.0,13043.0,7.6,39.83,47.39,23.51,53.21,6.87,14.67,28.54,57.66,16.34,57352.0,2024
puma,1711500,17,135387.0,3196.0,2.36,48.69,32.88,33.85,40.11,18.21,6.29,35.77,35.8,14.38,42886.0,2024
puma,1711700,17,132379.0,2863.0,2.16,33.46,46.77,58.12,17.25,9.99,11.67,52.53,20.97,10.77,32326.0,2024
puma,1711901,17,137988.0,3082.0,2.23,52.21,29.07,49.81,29.23,8.73,7.04,49.72,26.95,21.9,39365.0,2024
puma,1711902,17,126250.0,2753.0,2.18,63.39,28.66,27.13,45.26,16.38,9.19,24.34,48.19,6.02,47834.0,2024
puma,1712100,17,170905.0,3101.0,1.81,39.95,39.31,54.27,28.25,12.67,2.06,49.05,24.01,11.1,35026.0,2024
puma,1713500,17,134962.0,1626.0,1.2,59.66,20.36,42.44,16.91,30.81,1.29,19.37,28.73,7.7,36193.0,2024
puma,1714300,17,179645.0,12815.0,7.13,41.76,44.18,27.4,49.96,9.54,10.11,33.92,54.37,20.92,42430.0,2024
puma,1716100,17,142757.0,12394.0,8.68,46.75,38.74,37.38,22.91,5.64,33.12,52.05,24.72,20.71,36665.0,2024
puma,1716301,17,164036.0,6245.0,3.81,50.38,37.01,34.52,46.65,10.38,4.45,35.39,35.76,21.26,36127.0,2024
puma,1716302,17,124694.0,2512.0,2.01,64.53,23.13,32.05,38.1,23.73,3.5,26.73,37.95,10.32,39315.0,2024
puma,1716500,17,128233.0,1632.0,1.27,50.12,25.31,54.29,30.7,8.95,1.04,30.45,17.12,25.52,35714.0,2024
puma,1716700,17,194947.0,6961.0,3.57,49.83,42.49,21.81,48.58,10.08,17.31,25.67,57.35,14.32,58553.0,2024
puma,1717900,17,130290.0,2101.0,1.61,59.54,28.56,19.9,48.36,24.13,5.14,24.15,37.72,7.05,32395.0,2024
puma,1719500,17,170011.0,4330.0,2.55,47.51,24.69,53.51,23.39,18.27,2.89,36.58,24.66,7.36,39885.0,2024
puma,1719701,17,177716.0,40136.0,22.58,60.59,28.81,23.99,55.71,13.22,5.77,33.95,58.38,5.07,59988.0,2024
puma,1719702,17,142972.0,19329.0,13.52,59.94,27.56,43.95,20.69,25.35,9.19,45.79,33.66,7.96,46659.0,2024
puma,1719703,17,135016.0,21558.0,15.97,37.36,21.55,84.67,6.62,4.81,3.86,59.29,12.88,13.83,36515.0,2024
puma,1719704,17,129707.0,8983.0,6.93,74.5,15.81,24.42,25.47,44.33,3.93,38.49,40.7,9.81,51029.0,2024
puma,1719705,17,116051.0,4950.0,4.27,63.82,18.34,47.96,10.79,25.54,13.31,35.17,30.11,12.57,40446.0,2024
puma,1719900,17,177902.0,5039.0,2.83,40.05,46.6,25.06,53.7,12.94,4.76,29.06,50.95,26.32,31126.0,2024
puma,1720101,17,193804.0,20642.0,10.65,46.75,27.86,52.34,24.91,9.1,11.7,43.44,22.07,17.62,36308.0,2024
puma,1800101,18,107322.0,13907.0,12.96,40.26,25.16,87.66,7.95,2.16,2.03,57.3,10.85,23.86,31215.0,2024
puma,1800102,18,118043.0,4828.0,4.09,48.67,20.9,67.58,13.96,12.03,4.04,47.34,18.39,14.97,41414.0,2024
puma,1800103,18,119780.0,8889.0,7.42,71.05,18.81,38.44,32.11,25.87,2.99,33.83,33.45,11.99,41814.0,2024
puma,1800104,18,155234.0,8872.0,5.72,73.51,21.36,24.47,27.54,40.86,3.44,25.6,43.86,5.77,51561.0,2024
puma,1800200,18,174818.0,7020.0,4.02,60.03,28.73,36.75,27.34,28.18,3.43,29.34,36.27,8.74,51205.0,2024
puma,1800300,18,111917.0,3823.0,3.42,45.83,22.78,57.28,16.9,18.41,4.89,49.07,17.8,15.37,41225.0,2024
puma,1800401,18,117787.0,9548.0,8.11,34.08,39.19,57.95,20.29,8.73,10.78,46.63,30.57,17.27,31338.0,2024
puma,1800402,18,155253.0,9157.0,5.9,46.67,41.9,19.27,42.59,11.75,21.5,40.08,58.23,16.17,40335.0,2024
puma,1800501,18,107059.0,11968.0,11.18,33.25,32.81,88.2,4.97,4.13,0.98,53.14,15.4,14.99,39638.0,2024
puma,1800502,18,100073.0,8033.0,8.03,42.97,32.52,72.51,10.37,7.9,6.68,44.74,16.38,15.67,37567.0,2024
puma,1800600,18,166833.0,5196.0,3.11,44.67,27.75,63.78,19.96,8.91,5.22,51.43,17.11,12.28,36939.0,2024
puma,1800700,18,103274.0,3157.0,3.06,38.23,43.02,65.44,9.38,18.88,3.52,46.24,17.22,21.67,31283.0,2024
puma,1800800,18,126726.0,6251.0,4.93,32.12,30.83,72.64,20.86,3.17,1.6,41.87,29.64,12.96,42403.0,2024
puma,1800900,18,136063.0,1995.0,1.47,41.45,43.51,40.45,34.14,14.64,2.11,37.94,23.46,21.44,30080.0,2024
puma,1801001,18,136747.0,13039.0,9.54,37.43,40.65,58.08,32.14,3.85,4.9,57.58,14.29,19.22,32402.0,2024
puma,1801002,18,127978.0,11569.0,9.04,56.34,44.2,21.38,65.2,5.89,6.02,42.46,22.77,13.48,36290.0,2024
puma,1801003,18,127653.0,5944.0,4.66,61.04,32.27,19.65,50.93,12.95,8.61,29.44,51.56,12.99,48421.0,2024
puma,1801100,18,125243.0,6470.0,5.17,27.85,36.55,84.88,7.48,4.68,1.68,54.48,11.38,16.77,37465.0,2024
puma,1801200,18,189071.0,23294.0,12.32,30.4,59.8,38.06,48.86,6.71,4.64,34.85,57.32,22.77,31215.0,2024
puma,1801300,18,136778.0,5672.0,4.15,46.74,34.94,69.41,23.27,3.46,2.47,51.64,16.64,11.23,37702.0,2024
puma,1801400,18,132851.0,2770.0,2.09,40.04,45.92,44.44,26.57,11.81,9.03,31.08,24.72,21.56,28844.0,2024
puma,1801500,18,105536.0,1656.0,1.57,41.43,42.21,58.51,18.36,9.78,8.39,48.79,19.84,17.68,33911.0,2024
puma,1801600,18,104097.0,942.0,0.9,62.0,36.84,38.43,25.9,27.18,5.1,36.62,30.49,11.43,34777.0,2024
puma,1801700,18,106109.0,3281.0,3.09,44.38,42.79,21.94,53.37,13.29,3.9,37.26,47.5,18.13,40031.0,2024
puma,1801801,18,156432.0,9982.0,6.38,53.64,44.84,29.43,35.22,16.39,15.91,35.55,53.59,5.21,44491.0,2024
puma,1801901,18,136951.0,18573.0,13.56,52.74,48.19,19.76,57.69,10.53,9.19,33.62,69.72,5.07,66692.0,2024
puma,1801902,18,146391.0,12927.0,8.83,45.02,51.58,22.29,53.83,12.04,9.82,41.14,62.13,4.62,54379.0,2024
puma,1802000,18,131900.0,2718.0,2.06,44.22,22.96,61.88,24.72,9.2,3.57,55.01,22.64,13.36,34581.0,2024
puma,1802100,18,112280.0,2791.0,2.49,39.05,55.86,21.5,51.81,9.28,14.69,39.08,57.97,24.49,27650.0,2024
puma,1802200,18,125545.0,2107.0,1.68,52.3,39.11,34.36,33.98,18.84,8.35,29.52,37.53,10.76,41415.0,2024
puma,1802300,18,183344.0,13398.0,7.31,57.51,55.15,18.06,33.97,8.19,38.33,39.57,37.88,7.95,43926.0,2024
puma,1802401,18,110664.0,19535.0,17.65,34.78,55.31,44.76,14.0,3.21,37.48,52.44,28.02,18.8,31786.0,2024
puma,1802402,18,110729.0,6637.0,5.99,48.4,40.42,35.95,34.96,13.38,13.44,32.48,49.4,18.69,37681.0,2024
puma,1802403,18,122402.0,11343.0,9.27,37.65,43.3,64.59,16.17,6.44,11.89,44.44,31.71,13.68,32442.0,2024
puma,1802404,18,152724.0,31785.0,20.81,24.95,52.71,60.3,8.15,1.02,30.26,56.51,17.62,18.14,33595.0,2024
puma,1802405,18,152977.0,13355.0,8.73,26.01,45.41,62.43,20.48,6.56,9.37,43.15,36.28,24.74,36349.0,2024
puma,1802406,18,172301.0,15797.0,9.17,34.9,44.12,57.54,31.67,4.45,4.96,57.6,24.01,19.65,33107.0,2024
puma,1802407,18,154012.0,24412.0,15.85,34.85,58.74,29.96,54.04,1.65,13.99,60.12,22.61,15.88,39057.0,2024
puma,1802500,18,166315.0,9517.0,5.72,54.04,40.94,23.78,59.92,6.84,8.19,38.55,42.92,8.42,45711.0,2024
puma,1802600,18,129302.0,4268.0,3.3,52.27,39.83,40.98,30.08,9.56,18.39,36.64,42.21,9.74,42193.0,2024
puma,1802700,18,113455.0,2322.0,2.05,36.99,44.4,54.09,21.36,9.39,8.23,45.17,25.95,27.02,32311.0,2024
puma,1802800,18,160982.0,2720.0,1.69,44.12,39.85,67.72,19.74,7.24,1.8,44.71,26.43,25.78,31690.0,2024
puma,1802900,18,140965.0,12059.0,8.55,36.72,58.77,17.17,60.37,14.97,4.8,28.61,71.69,27.33,31989.0,2024
puma,1803000,18,130196.0,13532.0,10.39,22.21,55.65,44.86,45.52,5.2,3.43,40.92,51.65,16.03,58794.0,2024
puma,1803100,18,111508.0,1480.0,1.33,28.65,36.01,56.22,21.82,15.61,1.08,53.47,19.94,21.83,45615.0,2024
puma,1803200,18,119117.0,1350.0,1.13,67.11,19.85,33.7,41.33,14.81,2.07,23.19,28.87,12.15,40227.0,2024
puma,1803300,18,123377.0,2989.0,2.42,53.43,42.52,36.6,44.23,15.66,2.88,25.07,53.08,5.43,42583.0,2024
puma,1803400,18,180117.0,6285.0,3.49,38.52,42.99,46.24,31.5,6.21,2.99,41.27,24.03,15.85,32635.0,2024
puma,1803500,18,141499.0,3893.0,2.75,39.33,42.38,68.82,16.85,6.22,2.52,60.49,22.29,12.35,40926.0,2024
puma,1803600,18,148989.0,3014.0,2.02,47.64,31.85,44.23,32.28,11.51,8.46,38.84,32.7,9.62,39813.0,2024
puma,1803700,18,124354.0,5185.0,4.17,39.11,35.64,61.68,18.98,11.46,4.65,42.51,30.58,20.53,39648.0,2024
puma,1900100,19,121176.0,5467.0,4.51,37.35,32.87,73.9,10.21,6.95,5.71,50.79,17.65,15.15,37647.0,2024
puma,1900200,19,111655.0,2819.0,2.52,42.99,41.18,43.99,29.41,5.78,11.42,34.15,29.04,9.44,39556.0,2024
puma,1900301,19,107477.0,3943.0,3.67,56.51,42.33,25.82,52.32,10.68,7.81,35.51,43.36,10.87,55210.0,2024
puma,1900302,19,122527.0,8898.0,7.26,53.72,56.99,15.79,34.57,6.73,41.93,38.38,36.29,14.02,35514.0,2024
puma,1900400,19,116722.0,3296.0,2.82,35.13,50.09,58.28,17.11,11.23,9.95,54.2,24.94,26.22,35692.0,2024
puma,1900500,19,131049.0,8481.0,6.47,45.02,40.56,27.3,28.58,21.54,15.02,57.81,22.82,17.35,38070.0,2024
puma,1900600,19,127401.0,5313.0,4.17,21.87,49.58,62.94,23.81,7.38,3.86,55.86,27.77,26.29,31373.0,2024
puma,1900700,19,156672.0,3724.0,2.38,34.96,43.05,25.75,33.35,16.54,8.3,31.96,31.47,13.64,38735.0,2024
puma,1900800,19,128072.0,4339.0,3.39,49.5,29.73,54.39,17.03,9.66,16.64,40.71,31.75,16.48,41385.0,2024
puma,1900900,19,174608.0,8384.0,4.8,54.82,39.41,24.32,48.8,10.05,13.6,41.46,47.38,18.59,45930.0,2024
puma,1901100,19,156639.0,15372.0,9.81,46.84,54.51,16.61,41.78,7.66,30.02,37.83,52.08,19.66,33543.0,2024
puma,1901200,19,117758.0,7595.0,6.45,35.64,40.88,61.53,23.13,5.25,7.68,62.82,11.85,14.41,39077.0,2024
puma,1901300,19,127134.0,9037.0,7.11,36.97,58.18,14.92,60.89,9.51,12.23,28.54,76.86,24.58,28616.0,2024
puma,1901400,19,126005.0,2577.0,2.05,41.99,44.08,30.85,30.35,16.18,18.32,44.33,37.56,18.21,41486.0,2024
puma,1901501,19,167983.0,16241.0,9.67,46.87,47.44,24.27,37.3,15.04,22.85,47.16,35.33,18.98,39545.0,2024
puma,1901502,19,149103.0,7306.0,4.9,52.2,34.45,34.75,35.92,10.99,15.92,36.35,29.06,7.11,41614.0,2024
puma,1901503,19,186089.0,27240.0,14.64,45.25,41.22,39.79,33.9,4.14,21.46,60.96,14.24,19.59,33075.0,2024
puma,1901600,19,124894.0,11515.0,9.22,50.7,40.23,26.75,39.97,17.42,12.85,33.32,52.55,10.0,52887.0,2024
puma,1901800,19,110353.0,2426.0,2.2,46.74,44.27,56.06,24.61,10.06,5.52,42.53,20.13,19.44,33566.0,2024
puma,1901900,19,119918.0,8908.0,7.43,38.83,33.23,71.78,18.51,1.63,3.85,68.04,8.15,11.73,44820.0,2024
puma,1902000,19,131994.0,12187.0,9.23,40.05,43.92,61.8,16.24,2.81,15.86,67.44,10.17,19.01,42191.0,2024
puma,1902100,19,171245.0,4755.0,2.78,43.47,30.37,63.22,20.69,9.21,1.77,54.09,20.58,15.68,41965.0,2024
puma,1902200,19,121971.0,7224.0,5.92,33.62,56.28,38.03,31.01,7.09,14.96,52.69,38.68,21.5,33816.0,2024
puma,1902300,19,102062.0,2941.0,2.88,40.05,44.78,50.53,28.36,13.6,3.64,53.25,20.34,6.46,41972.0,2024
puma,2000100,20,106252.0,3101.0,2.92,34.25,34.76,67.75,15.9,7.93,5.77,39.12,21.62,15.56,37121.0,2024
puma,2000200,20,143188.0,3566.0,2.49,34.24,40.66,49.02,24.9,13.24,9.62,41.07,22.22,15.2,37922.0,2024
puma,2000300,20,133965.0,8165.0,6.09,44.3,50.94,37.17,39.02,11.92,9.14,31.92,46.19,26.16,31774.0,2024
puma,2000400,20,167654.0,30083.0,17.94,32.18,37.99,74.73,18.75,2.59,3.23,65.43,11.58,15.28,35633.0,2024
puma,2000501,20,130385.0,6728.0,5.16,33.04,24.93,60.94,25.74,6.99,4.47,54.25,32.88,16.8,38843.0,2024
puma,2000601,20,135137.0,1955.0,1.45,51.0,33.76,54.17,22.2,16.52,2.15,33.45,33.15,7.96,44900.0,2024
puma,2000700,20,120302.0,7248.0,6.02,40.59,54.04,21.83,56.62,10.32,7.44,41.6,63.73,17.72,36051.0,2024
puma,2000801,20,126885.0,9755.0,7.69,56.4,34.63,34.03,32.34,11.03,19.33,33.23,44.82,5.59,49428.0,2024
puma,2000802,20,156041.0,10901.0,6.99,51.25,40.62,48.25,28.86,11.04,10.45,43.11,40.62,14.64,40368.0,2024
puma,2000803,20,160575.0,19333.0,12.04,52.43,41.91,13.2,68.74,9.99,5.08,25.45,74.64,6.61,75097.0,2024
puma,2000804,20,177130.0,17272.0,9.75,49.54,37.66,44.34,28.17,6.31,19.11,42.15,37.18,7.85,40494.0,2024
puma,2000900,20,127828.0,3342.0,2.61,49.22,41.53,31.57,31.33,24.0,7.48,29.6,36.54,8.88,45523.0,2024
puma,2001000,20,154501.0,3393.0,2.2,38.93,40.08,52.87,26.5,10.02,6.42,37.03,24.36,17.25,34131.0,2024
puma,2001101,20,134262.0,5708.0,4.25,38.68,26.28,69.74,18.36,7.27,1.96,51.02,14.25,13.61,33185.0,2024
puma,2001201,20,169903.0,12350.0,7.27,51.16,39.68,26.45,46.4,12.97,10.29,38.05,47.79,16.03,39588.0,2024
puma,2001301,20,169343.0,9124.0,5.39,45.27,24.88,65.14,25.23,6.82,1.64,54.75,19.07,14.9,35428.0,2024
puma,2001401,20,117994.0,14006.0,11.87,35.73,30.52,71.67,19.83,3.78,4.33,62.05,11.78,17.04,31685.0,2024
puma,2001501,20,173029.0,13874.0,8.02,51.57,28.79,41.59,46.66,4.71,4.98,52.24,18.5,18.26,36045.0,2024
puma,2001600,20,101108.0,2689.0,2.66,38.08,23.88,62.18,15.95,11.23,5.13,41.54,13.92,14.44,41234.0,2024
puma,2001701,20,107825.0,3647.0,3.38,37.65,25.66,82.45,7.9,5.18,1.21,52.42,14.13,21.72,34973.0,2024
puma,2001800,20,133890.0,30577.0,22.84,37.62,29.95,86.88,6.97,1.55,4.11,69.49,7.79,13.04,42248.0,2024
puma,2100100,21,197425.0,4530.0,2.29,52.67,34.04,45.32,27.77,13.51,8.41,26.71,28.17,24.61,30912.0,2024
puma,2100200,21,106210.0,1690.0,1.59,40.89,48.82,45.27,35.62,16.27,0.36,30.85,44.69,17.45,41779.0,2024
puma,2100300,21,107753.0,3086.0,2.86,45.85,40.34,46.69,28.06,11.28,6.22,39.47,26.87,12.28,36372.0,2024
puma,2100400,21,180234.0,3049.0,1.69,36.31,44.34,60.77,22.66,12.56,1.31,49.97,16.55,24.4,30592.0,2024
puma,2100500,21,140918.0,14600.0,10.36,37.23,56.54,25.32,38.79,15.84,14.77,66.0,15.9,27.78,32403.0,2024
puma,2100600,21,106140.0,1941.0,1.83,28.59,47.81,51.16,15.97,19.32,8.14,34.73,26.91,18.69,30686.0,2024
puma,2100700,21,102366.0,1743.0,1.7,58.06,30.06,57.09,18.93,17.04,3.33,44.12,18.28,19.54,34340.0,2024
puma,2100800,21,112153.0,984.0,0.88,53.25,28.25,46.75,38.92,10.47,2.54,44.31,10.65,17.34,32311.0,2024
puma,2100900,21,116066.0,682.0,0.59,48.68,47.8,29.62,31.82,19.35,9.82,22.58,29.98,30.95,22175.0,2024
puma,2101000,21,103245.0,728.0,0.71,43.96,38.19,34.89,26.92,19.23,0.0,35.44,32.33,30.51,26949.0,2024
puma,2101100,21,136660.0,1151.0,0.84,42.92,50.83,29.89,47.7,11.82,9.3,34.8,55.84,26.35,38750.0,2024
puma,2101200,21,172348.0,2958.0,1.72,38.67,43.34,47.23,19.57,25.83,5.71,42.17,32.65,15.46,35954.0,2024
puma,2101300,21,111942.0,4853.0,4.34,56.01,33.22,25.65,40.1,29.43,1.73,31.13,24.23,11.44,34433.0,2024
puma,2101400,21,112265.0,1787.0,1.59,35.65,44.49,75.32,10.24,9.23,2.18,56.72,8.01,24.01,35460.0,2024
puma,2101500,21,103648.0,3996.0,3.86,33.23,51.6,40.14,45.35,7.41,4.55,57.3,33.87,17.02,36691.0,2024
puma,2101600,21,104220.0,2126.0,2.04,46.57,62.09,51.55,22.2,2.3,22.58,59.64,35.7,17.69,39536.0,2024
puma,2101701,21,135056.0,6483.0,4.8,36.8,55.13,49.27,16.78,4.13,28.75,48.55,26.96,29.15,33070.0,2024
puma,2101702,21,100694.0,4900.0,4.87,54.67,49.45,26.51,31.9,18.88,17.04,30.01,58.77,22.78,48968.0,2024
puma,2101703,21,120542.0,10930.0,9.07,54.27,39.67,24.33,45.31,12.47,12.25,30.13,53.86,8.69,49452.0,2024
puma,2101704,21,140132.0,12560.0,8.96,45.57,53.69,33.12,46.78,12.21,6.8,42.35,49.49,11.17,42885.0,2024
puma,2101705,21,137751.0,24303.0,17.64,35.86,66.22,58.82,19.14,4.21,17.29,69.14,24.76,22.35,32403.0,2024
puma,2101706,21,148847.0,18910.0,12.7,33.51,61.57,58.13,19.53,5.07,16.73,67.31,21.2,25.03,28956.0,2024
puma,2101800,21,142759.0,6599.0,4.62,44.57,35.37,58.71,20.79,10.59,5.94,46.99,28.03,14.84,43305.0,2024
puma,2101901,21,111617.0,12801.0,11.47,25.23,53.1,46.2,30.26,7.19,14.74,52.32,36.87,25.93,28757.0,2024
puma,2101902,21,111197.0,15439.0,13.88,36.75,54.67,31.39,38.26,5.56,23.37,49.0,49.7,12.64,37519.0,2024
puma,2101903,21,100911.0,10330.0,10.24,46.83,51.87,29.83,33.53,13.33,20.43,40.19,47.66,17.41,40120.0,2024
puma,2102000,21,126502.0,4978.0,3.94,29.19,60.95,51.41,24.43,13.4,5.36,46.38,33.86,16.26,27463.0,2024
puma,2102100,21,127601.0,4329.0,3.39,40.33,52.46,42.74,20.56,28.55,4.25,49.38,29.68,18.19,26915.0,2024
puma,2102200,21,122842.0,2690.0,2.19,47.32,39.52,36.02,34.35,16.47,9.48,41.3,34.02,15.31,30814.0,2024
puma,2102300,21,143816.0,3400.0,2.36,51.06,34.65,58.59,16.38,16.18,5.32,44.12,23.06,14.98,31915.0,2024
puma,2102400,21,171288.0,7075.0,4.13,37.33,49.22,43.01,26.95,10.91,17.09,42.1,38.58,15.75,34375.0,2024
puma,2102500,21,139841.0,8743.0,6.25,44.22,47.66,33.44,29.51,10.19,19.82,42.4,43.27,5.06,44683.0,2024
puma,2102600,21,164620.0,3732.0,2.27,36.09,39.76,37.65,32.42,15.09,11.84,45.47,31.29,18.2,35920.0,2024
puma,2102700,21,142078.0,1560.0,1.1,51.6,36.54,40.13,37.18,8.27,7.69,27.5,32.7,12.4,33857.0,2024
puma,2102800,21,133137.0,1544.0,1.16,47.15,28.11,35.82,36.08,18.72,7.77,28.76,36.12,23.65,17100.0,2024
puma,2200101,22,113280.0,2610.0,2.3,48.12,47.05,50.34,29.08,10.04,8.47,43.13,37.46,16.98,31105.0,2024
puma,2200102,22,116724.0,2932.0,2.51,49.05,32.61,29.77,46.21,13.98,7.03,33.37,46.35,12.32,41356.0,2024
puma,2200200,22,165609.0,5972.0,3.61,44.89,51.49,55.99,29.07,11.75,2.01,49.52,35.03,23.05,34284.0,2024
puma,2200300,22,167784.0,2816.0,1.68,52.2,44.35,34.73,36.51,16.87,10.51,35.61,32.15,13.84,26087.0,2024
puma,2200400,22,158480.0,3419.0,2.16,41.04,56.45,45.31,32.55,14.39,6.99,44.02,41.44,19.57,42548.0,2024
puma,2200500,22,138970.0,1845.0,1.33,33.6,52.57,73.55,11.17,5.85,7.21,64.04,9.02,36.55,25898.0,2024
puma,2200600,22,116013.0,2804.0,2.42,14.51,69.9,62.27,23.5,6.81,5.96,70.27,10.23,20.46,28405.0,2024
puma,2200700,22,174644.0,5108.0,2.92,46.97,45.4,41.72,36.22,12.9,6.91,37.2,27.29,19.92,36128.0,2024
puma,2200801,22,146904.0,3625.0,2.47,31.31,36.33,56.83,24.33,13.57,2.79,42.7,14.21,22.65,30591.0,2024
puma,2200901,22,156276.0,5828.0,3.73,39.98,41.4,57.02,27.54,7.46,4.72,45.51,30.35,21.99,32545.0,2024
puma,2201000,22,113730.0,2231.0,1.96,26.18,62.93,73.29,20.71,3.59,2.11,60.06,11.55,24.67,20893.0,2024
puma,2201100,22,114329.0,2424.0,2.12,45.01,46.0,46.25,38.99,5.49,7.67,58.55,18.15,37.3,30597.0,2024
puma,2201201,22,117789.0,6485.0,5.51,35.96,55.42,66.69,23.93,4.55,4.35,66.49,23.7,15.08,36018.0,2024
puma,2201202,22,130208.0,6395.0,4.91,37.28,60.91,45.35,35.93,8.1,6.58,44.69,52.8,17.84,36445.0,2024
puma,2201300,22,119701.0,2713.0,2.27,49.13,32.33,40.29,47.07,5.97,3.83,56.2,17.78,24.65,29303.0,2024
puma,2201400,22,112604.0,1999.0,1.78,26.51,55.08,71.69,13.81,8.65,2.2,69.83,20.65,27.93,30339.0,2024
puma,2201501,22,103200.0,2381.0,2.31,31.0,48.38,58.67,30.45,3.99,3.4,37.76,45.06,21.94,43860.0,2024
puma,2201502,22,99143.0,5670.0,5.72,27.05,57.8,67.44,27.0,1.16,3.76,75.57,17.18,27.6,28172.0,2024
puma,2201503,22,145463.0,12320.0,8.47,42.54,53.04,24.94,54.65,9.58,8.99,42.45,50.46,19.01,36529.0,2024
puma,2201504,22,105132.0,11636.0,11.07,37.18,54.68,56.59,31.52,3.03,7.42,54.81,41.25,18.1,34835.0,2024
puma,2201600,22,130314.0,6401.0,4.91,40.42,38.65,69.77,22.64,3.62,2.55,64.16,25.11,16.27,43288.0,2024
puma,2201700,22,158973.0,6046.0,3.8,23.21,60.01,75.97,13.13,8.29,0.0,53.96,13.83,23.11,27655.0,2024
puma,2201800,22,181858.0,3821.0,2.1,34.94,50.01,68.31,21.17,6.78,1.49,60.72,16.06,21.76,27031.0,2024
puma,2201900,22,111667.0,5012.0,4.49,44.65,37.83,73.28,12.87,7.84,5.79,55.39,22.08,13.74,33820.0,2024
puma,2202000,22,116736.0,2725.0,2.33,38.83,39.74,64.51,25.65,8.37,0.15,52.07,14.14,17.75,34435.0,2024
puma,2202100,22,154014.0,5807.0,3.77,31.63,46.08,70.09,19.55,5.11,4.36,50.27,17.99,10.83,41458.0,2024
puma,2202201,22,149535.0,6227.0,4.16,53.4,37.64,54.7,25.2,12.72,1.89,38.97,33.76,14.97,32422.0,2024
puma,2202202,22,122886.0,6001.0,4.88,38.48,45.08,64.61,26.41,5.58,0.53,53.94,27.48,35.7,29276.0,2024
puma,2202301,22,102900.0,16954.0,16.48,47.22,42.44,69.36,21.15,3.21,5.26,53.84,27.77,16.54,33268.0,2024
puma,2202302,22,139729.0,19572.0,14.01,38.19,46.32,67.65,20.63,5.62,5.75,55.95,30.28,23.04,28549.0,2024
puma,2202303,22,134437.0,21263.0,15.82,37.38,48.36,75.92,21.73,1.67,0.42,62.78,13.29,28.16,25942.0,2024
puma,2202401,22,144044.0,8006.0,5.56,63.65,26.92,42.44,47.54,4.4,3.57,42.02,34.88,14.92,29593.0,2024
puma,2202402,22,114187.0,7708.0,6.75,31.58,55.1,67.97,10.9,10.57,7.97,47.32,37.3,32.34,29164.0,2024
puma,2202403,22,113622.0,8926.0,7.86,50.78,38.2,46.66,29.79,13.26,5.61,26.61,53.26,19.89,37940.0,2024
puma,2202501,22,121076.0,8855.0,7.31,42.39,34.88,67.41,26.34,3.29,2.77,51.15,13.13,21.64,27511.0,2024
puma,2300100,23,119947.0,4343.0,3.62,61.34,12.46,9.16,8.1,11.17,4.47,14.74,24.48,12.75,28961.0,2024
puma,2300200,23,157890.0,2802.0,1.77,54.57,22.73,15.74,21.59,25.52,7.96,17.67,29.36,12.26,31891.0,2024
puma,2300300,23,133152.0,4755.0,3.57,49.95,38.72,15.16,25.19,16.24,10.94,15.01,51.82,9.59,45575.0,2024
puma,2300400,23,126808.0,3096.0,2.44,56.14,38.44,12.02,35.27,23.58,6.27,21.54,46.52,12.93,34753.0,2024
puma,2300500,23,173754.0,4898.0,2.82,55.86,25.19,12.49,21.31,36.99,8.17,12.45,55.79,9.18,41646.0,2024
puma,2300600,23,113423.0,6351.0,5.6,41.8,65.06,8.39,17.59,7.48,55.36,43.54,28.98,26.65,24738.0,2024
puma,2300700,23,110959.0,3728.0,3.36,61.61,33.45,14.24,28.33,37.45,7.38,15.69,52.99,11.35,42694.0,2024
puma,2300800,23,190249.0,6266.0,3.29,60.01,36.69,17.38,27.51,29.3,7.12,14.63,37.3,7.45,43802.0,2024
puma,2300900,23,144827.0,7171.0,4.95,54.64,35.95,13.95,27.08,36.56,8.45,21.32,53.1,7.42,51819.0,2024
puma,2301000,23,116808.0,13038.0,11.16,44.81,62.24,12.91,26.12,12.87,44.9,37.88,42.84,18.96,36057.0,2024
puma,2400101,24,110844.0,1904.0,1.72,57.98,25.68,25.47,42.12,26.0,3.68,29.87,37.75,21.27,38269.0,2024
puma,2400201,24,140932.0,10145.0,7.2,49.62,33.75,50.07,16.45,10.26,17.8,40.17,32.86,12.51,42394.0,2024
puma,2400301,24,146466.0,25534.0,17.43,56.28,35.05,44.62,27.94,8.75,17.48,36.37,41.4,7.26,52354.0,2024
puma,2400302,24,140582.0,13943.0,9.92,65.48,25.07,36.49,37.12,12.56,12.23,28.18,50.29,3.98,56807.0,2024
puma,2400400,24,175321.0,9577.0,5.46,57.51,32.16,32.2,35.65,18.29,10.19,27.41,51.57,10.07,50550.0,2024
puma,2400501,24,108153.0,9172.0,8.48,73.39,24.78,18.1,30.72,30.07,18.64,24.6,59.1,9.52,61607.0,2024
puma,2400502,24,163415.0,27067.0,16.56,60.1,40.63,32.43,19.54,10.08,37.06,25.85,48.08,7.32,42452.0,2024
puma,2400503,24,108874.0,14879.0,13.67,61.73,30.13,22.72,47.15,18.15,10.09,35.15,57.99,10.32,48521.0,2024
puma,2400504,24,106719.0,13653.0,12.79,57.97,48.86,14.64,49.67,10.19,24.32,30.9,45.35,11.9,41368.0,2024
puma,2400505,24,104757.0,16475.0,15.73,61.41,37.85,13.46,47.95,6.75,30.82,32.94,52.42,10.13,50633.0,2024
puma,2400506,24,137087.0,11914.0,8.69,53.45,43.16,45.69,20.06,7.43,26.56,36.42,31.94,21.1,40538.0,2024
puma,2400507,24,121791.0,19071.0,15.66,57.69,40.1,32.48,48.88,3.6,14.32,41.92,37.66,15.79,37627.0,2024
puma,2400601,24,141249.0,6837.0,4.84,68.13,25.33,22.39,46.09,19.35,10.4,27.76,53.86,8.99,50801.0,2024
puma,2400602,24,122508.0,8855.0,7.23,65.95,31.64,36.28,25.75,12.16,24.18,27.06,39.95,10.46,43121.0,2024
puma,2400700,24,104960.0,4120.0,3.93,58.81,32.43,38.13,32.21,17.52,9.32,34.63,40.16,17.6,37117.0,2024
puma,2400801,24,137247.0,9102.0,6.63,55.98,34.42,50.85,15.06,7.49,25.04,26.33,31.92,23.89,35433.0,2024
puma,2400802,24,108991.0,10877.0,9.98,47.93,48.22,27.07,39.18,14.77,13.47,20.4,66.95,13.8,43289.0,2024
puma,2400803,24,119805.0,8542.0,7.13,54.71,44.8,34.39,13.04,5.31,46.08,29.9,38.06,12.37,44652.0,2024
puma,2400804,24,97419.0,14372.0,14.75,35.72,43.45,67.27,18.06,9.27,4.06,44.16,32.59,25.24,31394.0,2024
puma,2400805,24,109781.0,10504.0,9.57,42.89,47.23,52.63,24.64,10.21,11.79,40.13,44.51,21.18,35260.0,2024
puma,2400901,24,123383.0,29245.0,23.7,69.24,25.09,9.4,75.36,6.05,8.31,28.43,71.81,3.33,87570.0,2024
puma,2400902,24,103920.0,21601.0,20.79,64.74,28.87,23.59,46.09,9.37,20.09,34.07,60.11,7.86,53354.0,2024
puma,2400903,24,109025.0,25883.0,23.74,63.11,33.46,23.74,49.48,6.92,19.02,32.86,56.75,8.41,56231.0,2024
puma,2401001,24,115713.0,24960.0,21.57,73.19,22.53,28.48,43.95,10.21,14.67,31.75,59.98,4.57,69395.0,2024
puma,2401002,24,167828.0,63267.0,37.7,61.31,28.17,36.47,44.06,4.34,14.57,39.88,48.35,8.8,51008.0,2024
puma,2401003,24,167290.0,65664.0,39.25,48.49,39.36,38.91,41.67,8.41,10.12,45.5,51.76,10.0,48372.0,2024
puma,2401004,24,123590.0,41716.0,33.75,67.31,28.21,20.25,55.9,15.42,7.38,28.96,76.71,6.48,83297.0,2024
puma,2401005,24,147505.0,56513.0,38.31,51.23,32.35,58.09,20.09,5.4,15.18,50.6,30.47,12.84,39287.0,2024
puma,2401006,24,122837.0,45876.0,37.35,65.15,29.86,31.21,23.32,5.0,39.98,35.92,41.66,8.14,44070.0,2024
puma,2401007,24,118958.0,37148.0,31.23,50.03,37.23,41.92,18.63,8.43,30.18,46.15,36.56,15.09,37809.0,2024
puma,2401008,24,102228.0,23079.0,22.58,51.81,40.87,18.2,41.78,27.86,8.79,18.32,81.35,4.64,96931.0,2024
puma,2401101,24,129371.0,59718.0,46.16,27.05,49.73,71.26,12.16,1.64,14.78,68.3,21.69,19.65,36175.0,2024
puma,2401102,24,145892.0,46776.0,32.06,53.03,34.04,48.8,17.18,2.81,30.87,40.4,37.24,11.11,46395.0,2024
puma,2401103,24,120587.0,47604.0,39.48,33.73,40.94,69.42,5.48,2.36,22.26,52.69,20.7,11.76,40147.0,2024
puma,2401104,24,116524.0,19124.0,16.41,42.74,43.16,54.67,10.38,1.78,33.17,42.56,27.5,16.95,40246.0,2024
puma,2401105,24,196488.0,33609.0,17.1,67.45,27.88,40.68,13.18,2.83,42.74,23.38,46.87,5.58,57230.0,2024
puma,2401106,24,136335.0,17875.0,13.11,59.52,24.46,56.12,14.48,3.52,24.98,39.27,36.35,5.43,50805.0,2024
puma,2401107,24,114557.0,17673.0,15.43,40.97,32.67,69.33,14.8,2.2,13.65,52.28,23.44,7.27,41797.0,2024
puma,2401201,24,130055.0,18835.0,14.48,62.17,31.19,31.04,35.2,7.78,25.47,33.68,48.26,8.52,53364.0,2024
puma,2401202,24,124449.0,14322.0,11.51,48.38,36.97,48.98,25.53,6.3,18.55,43.84,33.69,11.48,42690.0,2024
puma,2401203,24,110432.0,6223.0,5.64,69.66,19.94,35.32,34.93,17.92,8.03,20.41,42.11,6.1,60609.0,2024
puma,2401204,24,113830.0,12177.0,10.7,59.48,32.11,32.59,40.53,13.0,12.29,31.87,51.82,6.8,44636.0,2024
puma,2401205,24,119400.0,8391.0,7.03,55.3,26.93,48.98,22.15,19.14,5.24,33.31,41.02,12.14,47057.0,2024
puma,2401300,24,175511.0,9884.0,5.63,41.11,36.81,59.88,16.18,17.13,5.69,43.37,27.11,12.64,38471.0,2024
puma,2401400,24,183436.0,13704.0,7.47,46.74,38.1,49.19,27.82,11.89,10.25,49.97,28.94,12.97,36786.0,2024
puma,2401501,24,105547.0,4349.0,4.12,70.59,25.02,22.58,38.51,22.4,11.22,20.53,44.47,7.07,51777.0,2024
puma,2401601,24,103892.0,4398.0,4.23,59.66,34.42,24.58,41.27,21.06,9.14,32.21,49.92,5.52,47445.0,2024
puma,2401700,24,170527.0,14513.0,8.51,60.0,32.58,39.18,30.09,7.69,22.36,25.86,41.43,4.48,59086.0,2024
puma,2500100,25,129430.0,7974.0,6.16,51.76,37.8,29.53,25.34,26.57,13.84,32.07,40.95,15.07,38600.0,2024
puma,2500201,25,118602.0,5677.0,4.79,61.51,27.81,25.35,32.32,29.8,4.12,32.62,50.13,18.23,35756.0,2024
puma,2500301,25,114370.0,11544.0,10.09,50.03,47.16,18.75,47.3,21.17,9.15,25.87,59.6,13.86,23854.0,2024
puma,2500401,25,151494.0,14467.0,9.55,59.8,36.77,14.77,34.58,42.41,4.3,43.29,29.94,15.71,36392.0,2024
puma,2500402,25,154749.0,16193.0,10.46,54.28,41.01,59.41,20.13,8.39,11.72,50.65,21.11,19.68,32612.0,2024
puma,2500403,25,156572.0,13033.0,8.32,68.07,27.61,13.27,26.3,46.25,6.91,42.28,30.26,9.88,46409.0,2024
puma,2500501,25,112055.0,6186.0,5.52,55.46,34.13,45.52,16.1,17.47,5.95,29.27,29.33,8.5,39961.0,2024
puma,2500502,25,118879.0,14931.0,12.56,56.22,33.61,51.4,15.89,11.67,14.85,37.92,33.34,11.2,41019.0,2024
puma,2500503,25,153911.0,34889.0,22.67,47.01,46.39,33.84,46.48,11.87,6.06,35.51,58.19,7.13,60196.0,2024
puma,2500504,25,106545.0,26396.0,24.77,54.41,49.48,39.56,21.92,7.33,30.28,44.93,33.41,20.02,39251.0,2024
puma,2500505,25,100510.0,25520.0,25.39,48.22,50.4,39.26,29.28,19.7,11.09,52.66,29.12,24.36,35207.0,2024
puma,2500506,25,117146.0,7992.0,6.82,62.59,33.18,23.75,28.24,30.62,12.69,29.26,45.44,6.01,57303.0,2024
puma,2500507,25,158742.0,10332.0,6.51,64.32,34.69,29.77,23.11,27.24,16.51,33.02,35.52,9.4,51540.0,2024
puma,2500601,25,128079.0,15967.0,12.47,61.59,30.37,13.13,57.55,17.54,6.69,24.49,66.08,6.35,82567.0,2024
puma,2500602,25,118368.0,36055.0,30.46,52.65,43.57,31.29,44.66,7.0,15.87,52.86,25.27,16.29,39437.0,2024
puma,2500603,25,105850.0,13608.0,12.86,59.22,39.8,25.43,38.94,18.8,15.4,34.52,45.03,8.14,52947.0,2024
puma,2500604,25,120617.0,20667.0,17.13,59.24,30.96,15.95,50.18,22.36,6.78,28.19,70.82,5.76,81463.0,2024
puma,2500605,25,114046.0,36760.0,32.23,35.66,51.81,68.9,17.33,7.35,5.32,56.68,33.75,10.4,39268.0,2024
puma,2500606,25,108575.0,20265.0,18.66,48.34,40.15,20.37,52.47,20.24,3.8,25.39,74.47,6.82,92633.0,2024
puma,2500607,25,140565.0,29685.0,21.12,64.37,29.4,11.09,63.06,18.58,3.55,25.42,78.64,5.9,112139.0,2024
puma,2500608,25,164114.0,22948.0,13.98,57.99,37.85,28.63,39.31,20.63,9.23,37.31,52.63,8.21,57272.0,2024
puma,2500609,25,125260.0,40980.0,32.72,51.56,43.73,33.79,46.73,12.14,6.38,48.23,45.78,12.91,45628.0,2024
puma,2500610,25,131081.0,42412.0,32.36,38.59,44.37,58.92,19.84,13.07,5.09,48.7,35.84,13.28,42385.0,2024
puma,2500611,25,118796.0,35245.0,29.67,38.74,57.82,17.67,47.93,20.41,9.47,22.54,77.48,15.5,62022.0,2024
puma,2500612,25,109068.0,24850.0,22.78,54.45,38.7,14.91,51.86,24.31,5.55,28.79,73.04,6.96,82961.0,2024
puma,2500613,25,153946.0,38700.0,25.14,56.56,37.68,21.3,47.05,21.64,5.58,28.97,66.78,8.62,74685.0,2024
puma,2500701,25,121173.0,22081.0,18.22,63.87,30.83,68.48,14.68,9.13,6.26,47.13,22.43,13.13,43508.0,2024
puma,2500702,25,125388.0,45122.0,35.99,47.24,45.92,83.76,11.39,2.44,1.56,63.28,22.63,13.59,36160.0,2024
puma,2500703,25,124652.0,9018.0,7.23,66.69,25.24,25.35,29.77,29.59,8.75,26.24,49.56,5.93,57765.0,2024
puma,2500704,25,171170.0,21480.0,12.55,61.79,32.24,42.8,18.92,26.92,8.05,41.86,32.55,9.06,48259.0,2024
puma,2500705,25,105034.0,38323.0,36.49,50.22,39.2,74.23,10.57,7.05,7.43,60.8,16.77,13.27,36190.0,2024
puma,2500706,25,165637.0,19421.0,11.73,65.29,28.68,41.4,16.22,29.21,9.31,44.04,41.1,12.98,45356.0,2024
puma,2500801,25,112516.0,30164.0,26.81,39.15,56.7,19.89,55.47,16.26,5.51,38.57,66.0,31.19,35236.0,2024
puma,2500802,25,157619.0,44255.0,28.08,43.4,42.38,47.2,32.41,11.92,5.29,53.38,42.5,22.31,40279.0,2024
puma,2500803,25,124643.0,32569.0,26.13,63.85,34.83,40.65,32.02,10.6,15.2,43.98,31.11,17.46,41439.0,2024
puma,2500804,25,140142.0,48768.0,34.8,56.18,39.33,65.86,11.28,2.48,19.01,48.58,20.56,23.18,30250.0,2024
puma,2500805,25,131493.0,29741.0,22.62,69.13,29.53,57.94,15.11,16.58,8.97,42.4,43.86,11.74,50622.0,2024
puma,2500806,25,118708.0,48542.0,40.89,38.09,45.87,74.67,7.12,9.35,8.32,67.33,19.85,13.92,37633.0,2024
puma,2500901,25,120446.0,17121.0,14.21,63.24,32.41,11.97,47.5,31.14,5.09,22.2,77.85,5.1,91363.0,2024
puma,2500902,25,117090.0,25209.0,21.53,48.92,45.17,20.63,45.36,26.53,4.34,25.67,73.41,10.99,67811.0,2024
puma,2500903,25,102114.0,33707.0,33.01,54.84,43.71,12.12,65.44,13.61,7.98,51.7,45.43,13.45,42536.0,2024
puma,2500904,25,140709.0,29095.0,20.68,65.96,32.74,35.95,42.85,12.5,6.93,40.94,40.89,7.49,54510.0,2024
puma,2500905,25,120243.0,25045.0,20.83,62.84,32.89,34.8,37.16,17.3,9.02,34.83,52.6,6.62,61410.0,2024
puma,2500906,25,129480.0,10965.0,8.47,63.41,35.64,21.47,38.9,25.48,9.87,24.63,61.97,6.83,58659.0,2024
puma,2501001,25,123821.0,11761.0,9.5,68.86,25.12,32.21,27.34,30.24,8.38,39.17,31.12,4.95,50344.0,2024
puma,2501002,25,159447.0,15702.0,9.85,65.49,30.1,27.46,21.36,33.86,15.78,35.08,28.64,11.41,44231.0,2024
puma,2501003,25,132289.0,25029.0,18.92,54.01,31.69,33.29,9.18,48.36,8.52,54.38,13.37,17.34,34888.0,2024
puma,2501004,25,166713.0,26846.0,16.1,55.49,31.78,33.41,7.2,43.22,15.52,53.29,12.32,19.94,32642.0,2024
puma,2501101,25,105386.0,35534.0,33.72,58.04,41.48,50.31,4.83,4.18,40.49,54.02,18.09,13.02,39098.0,2024
puma,2501102,25,133198.0,8574.0,6.44,65.8,32.05,34.42,22.22,22.77,17.11,35.39,33.04,7.62,48792.0,2024
puma,2501103,25,143294.0,7049.0,4.92,67.61,26.59,22.22,24.6,37.81,7.35,22.64,50.25,6.12,62342.0,2024
puma,2501104,25,153197.0,8689.0,5.67,59.35,33.59,41.88,16.52,32.51,4.56,35.31,32.88,11.72,49665.0,2024
puma,2501201,25,138836.0,14186.0,10.22,47.43,44.21,58.97,11.09,20.48,4.6,34.11,37.26,11.63,42982.0,2024
puma,2501301,25,128248.0,13934.0,10.86,58.28,32.68,54.09,12.02,27.17,3.14,35.14,33.68,7.22,47788.0,2024
puma,2600100,26,172919.0,4284.0,2.48,48.27,43.91,10.74,41.9,30.39,7.77,26.94,54.42,16.37,25960.0,2024
puma,2600200,26,130473.0,2692.0,2.06,44.35,38.86,29.94,20.13,23.11,1.45,27.46,27.26,20.55,29750.0,2024
puma,2600300,26,135245.0,2149.0,1.59,62.21,26.57,23.83,26.8,27.55,0.84,14.53,44.82,16.7,34271.0,2024
puma,2600400,26,151883.0,2492.0,1.64,59.23,29.98,24.08,28.21,33.31,4.37,23.96,37.13,6.67,39684.0,2024
puma,2600500,26,162560.0,3017.0,1.86,65.63,19.16,20.88,27.21,33.58,2.55,19.75,33.33,11.13,32388.0,2024
puma,2600600,26,119477.0,2788.0,2.33,40.93,25.57,61.91,14.85,17.22,1.4,37.18,16.88,12.52,35075.0,2024
puma,2600700,26,175961.0,3366.0,1.91,52.76,22.01,47.33,26.0,17.02,3.62,29.18,21.85,6.98,37513.0,2024
puma,2600801,26,154007.0,10980.0,7.13,44.39,28.58,47.52,38.4,8.29,1.45,49.52,27.05,9.66,41093.0,2024
puma,2600802,26,147196.0,4289.0,2.91,69.71,24.95,27.61,38.52,18.93,5.36,28.54,41.65,15.84,41679.0,2024
puma,2600900,26,121456.0,4234.0,3.49,43.41,24.56,55.86,21.85,14.48,4.04,45.47,21.25,8.47,40922.0,2024
puma,2601001,26,155161.0,15609.0,10.06,42.48,39.81,57.37,21.05,8.14,11.56,51.03,22.45,12.05,38484.0,2024
puma,2601002,26,199739.0,22203.0,11.12,35.56,43.05,52.73,21.77,8.31,15.18,54.26,25.17,20.32,35208.0,2024
puma,2601003,26,180924.0,17838.0,9.86,56.17,43.07,15.16,43.8,17.23,20.14,43.78,37.66,9.09,40592.0,2024
puma,2601004,26,127326.0,3470.0,2.73,46.48,31.59,39.11,28.07,21.27,3.69,31.73,38.64,7.2,37190.0,2024
puma,2601100,26,198859.0,3507.0,1.76,41.15,41.89,52.24,17.74,18.88,1.6,31.17,22.23,16.57,32911.0,2024
puma,2601200,26,137168.0,2937.0,2.14,34.42,48.69,27.37,32.92,15.42,10.55,32.14,49.79,13.47,30708.0,2024
puma,2601300,26,110739.0,1661.0,1.5,64.12,21.55,13.18,26.91,37.57,5.36,19.18,33.87,9.88,32683.0,2024
puma,2601400,26,186765.0,3965.0,2.12,66.43,29.18,20.3,47.14,18.99,4.39,24.75,59.57,8.95,52813.0,2024
puma,2601500,26,188665.0,4512.0,2.39,57.85,27.95,28.77,45.43,16.76,1.66,27.58,44.7,10.25,36935.0,2024
puma,2601600,26,124555.0,1530.0,1.23,57.25,30.72,23.73,28.63,27.71,2.42,21.2,30.22,15.84,32617.0,2024
puma,2601701,26,142572.0,3031.0,2.13,47.05,21.08,32.66,13.72,35.04,2.28,36.26,26.29,8.34,37568.0,2024
puma,2601702,26,128947.0,4750.0,3.68,65.68,29.03,16.32,47.96,10.19,13.87,30.08,53.25,16.22,42250.0,2024
puma,2601703,26,103044.0,3198.0,3.1,55.1,54.85,39.62,37.96,5.91,14.17,53.16,33.07,49.13,21741.0,2024
puma,2601704,26,185570.0,3383.0,1.82,65.36,25.39,20.43,41.09,22.14,4.2,31.72,32.97,7.06,40971.0,2024
puma,2601801,26,172026.0,15939.0,9.27,44.97,49.23,11.45,65.12,11.9,7.72,25.33,71.09,15.24,42320.0,2024
puma,2601802,26,111887.0,10631.0,9.5,44.85,54.37,27.17,43.59,5.51,21.53,43.59,34.14,22.76,29312.0,2024
puma,2601900,26,188756.0,6738.0,3.57,55.64,46.42,22.05,48.35,12.51,12.27,33.23,47.76,15.02,37192.0,2024
puma,2602000,26,197187.0,7239.0,3.67,42.95,36.72,32.42,43.89,14.57,2.71,41.21,28.79,9.36,36674.0,2024
puma,2602101,26,139545.0,7081.0,5.07,56.18,46.43,18.29,52.52,13.13,13.39,22.57,57.77,9.29,42099.0,2024
puma,2602102,26,122830.0,8123.0,6.61,42.56,44.1,26.34,44.84,11.15,15.19,27.16,55.84,11.98,49137.0,2024
puma,2602200,26,106269.0,4256.0,4.0,36.65,31.86,68.4,23.03,5.62,1.46,60.8,18.59,19.58,37744.0,2024
puma,2602300,26,127315.0,4893.0,3.84,45.47,21.83,60.31,16.08,14.71,1.39,41.36,22.59,20.24,34984.0,2024
puma,2602400,26,153288.0,8375.0,5.46,48.47,37.53,41.48,29.31,17.3,8.49,26.25,53.41,15.28,36544.0,2024
puma,2602500,26,144069.0,2791.0,1.94,53.67,27.37,44.82,19.24,21.35,2.69,28.34,29.29,14.13,36307.0,2024
puma,2602600,26,160060.0,3474.0,2.17,44.39,43.03,23.32,35.49,24.29,7.6,26.54,41.28,11.24,35886.0,2024
puma,2602701,26,115566.0,6799.0,5.88,64.13,25.05,23.56,37.49,28.45,2.03,18.87,63.37,11.02,61813.0,2024
puma,2602702,26,122982.0,22822.0,18.56,41.28,53.99,7.62,64.92,16.01,7.7,26.2,78.87,24.03,44686.0,2024
puma,2602703,26,131274.0,18641.0,14.2,55.03,39.28,21.16,54.31,12.23,9.05,35.43,65.48,11.1,48933.0,2024
puma,2602800,26,195833.0,5904.0,3.01,71.07,21.22,15.67,29.79,34.79,1.59,18.79,54.15,6.43,60494.0,2024
puma,2602901,26,144012.0,7543.0,5.24,51.94,29.22,17.61,42.72,27.22,0.86,21.94,62.66,5.83,62250.0,2024
puma,2602902,26,141052.0,10460.0,7.42,52.11,37.03,20.84,36.27,26.82,1.76,22.89,58.7,5.22,72445.0,2024
puma,2602903,26,177418.0,44219.0,24.92,55.13,42.37,9.22,70.07,13.94,3.14,28.61,75.74,4.79,78539.0,2024
puma,2602904,26,158110.0,16214.0,10.25,35.58,42.63,47.01,31.81,14.8,2.78,46.18,36.81,13.69,41368.0,2024
puma,2602905,26,138742.0,28644.0,20.65,47.28,47.12,7.17,69.39,15.66,4.27,32.99,70.08,5.72,82659.0,2024
puma,2602906,26,157547.0,25975.0,16.49,69.69,30.06,7.31,60.51,22.92,2.88,24.41,63.94,7.76,64037.0,2024
puma,2602907,26,175314.0,24509.0,13.98,52.46,45.28,6.04,65.4,15.93,7.78,28.87,67.73,8.81,60719.0,2024
puma,2602908,26,187630.0,13126.0,7.0,63.77,30.44,12.84,50.14,22.19,4.85,31.69,52.45,15.46,50862.0,2024
puma,2603001,26,128515.0,5820.0,4.53,71.48,17.01,17.01,20.5,49.0,4.71,28.04,25.78,5.58,37909.0,2024
puma,2603002,26,177450.0,22335.0,12.59,69.06,33.41,8.96,42.93,41.82,2.28,42.43,32.93,11.2,40046.0,2024
puma,2603003,26,133573.0,37350.0,27.96,75.68,34.8,2.61,71.56,21.34,1.99,47.29,30.6,15.63,30546.0,2024
puma,2603004,26,154602.0,10971.0,7.1,63.3,32.92,15.48,33.84,39.97,3.36,38.68,29.4,18.82,32760.0,2024
puma,2603005,26,139322.0,6056.0,4.35,62.68,25.84,17.14,30.38,36.31,5.38,28.73,32.7,10.57,35680.0,2024
puma,2603006,26,146391.0,20769.0,14.19,72.09,40.62,1.85,76.7,17.41,1.2,55.0,25.99,15.84,31012.0,2024
puma,2603100,26,160221.0,3240.0,2.02,59.78,22.41,12.5,28.64,25.52,2.22,20.03,24.08,7.64,40154.0,2024
puma,2603201,26,203849.0,32240.0,15.82,64.8,32.61,7.79,71.56,10.85,4.83,26.71,70.24,6.12,78215.0,2024
puma,2603202,26,142189.0,9217.0,6.48,70.88,24.04,14.23,45.42,29.5,3.85,34.03,40.46,7.16,44595.0,2024
puma,2603203,26,169194.0,47687.0,28.18,74.6,37.73,2.37,87.03,4.71,4.3,58.46,25.17,31.79,26988.0,2024
puma,2603204,26,153110.0,11031.0,7.2,61.26,39.72,12.65,48.88,20.61,14.52,42.04,41.43,16.3,29165.0,2024
puma,2603205,26,114053.0,5426.0,4.76,64.95,35.15,16.72,45.3,19.83,11.94,37.66,36.48,13.66,35361.0,2024
puma,2603206,26,133974.0,7167.0,5.35,68.66,31.28,21.63,39.85,29.44,2.73,35.24,37.64,12.37,35757.0,2024
puma,2603207,26,120297.0,10145.0,8.43,50.23,39.33,59.09,26.55,7.61,3.08,52.5,19.89,23.52,36986.0,2024
puma,2603208,26,151093.0,7982.0,5.28,62.32,56.88,20.88,60.69,1.98,14.6,67.16,15.67,49.21,21182.0,2024
puma,2603209,26,128573.0,2163.0,1.68,43.6,50.86,49.61,21.78,4.21,16.04,33.1,28.16,24.74,34653.0,2024
puma,2603210,26,110633.0,9143.0,8.26,54.79,55.34,13.86,76.55,4.88,4.11,69.0,12.27,38.76,24530.0,2024
puma,2603211,26,123353.0,5931.0,4.81,37.82,53.9,14.03,45.56,10.54,19.46,21.01,68.05,24.28,42734.0,2024
puma,2603212,26,104759.0,16840.0,16.07,32.64,28.36,84.71,12.02,1.59,0.99,73.29,6.07,31.83,27142.0,2024
puma,2603213,26,117182.0,17442.0,14.88,58.93,50.34,6.21,74.28,13.63,1.86,52.34,26.94,30.83,29523.0,2024
puma,2603300,26,155505.0,3645.0,2.34,55.69,36.46,28.61,28.92,20.52,10.95,29.3,30.54,17.73,43704.0,2024
puma,2700101,27,146206.0,2780.0,1.9,57.27,34.5,24.57,28.63,10.83,14.21,27.73,28.19,14.82,38435.0,2024
puma,2700201,27,146448.0,2180.0,1.49,60.87,29.86,16.61,26.97,19.4,13.44,17.16,30.11,12.98,33110.0,2024
puma,2700301,27,104292.0,1220.0,1.17,58.77,28.93,17.79,28.85,31.23,6.56,25.57,32.48,9.48,30975.0,2024
puma,2700401,27,102624.0,2893.0,2.82,57.03,32.08,20.84,34.81,19.6,13.58,30.19,48.67,16.35,37240.0,2024
puma,2700501,27,108325.0,1596.0,1.47,50.19,28.07,30.45,25.5,19.61,16.67,36.04,20.12,18.09,32938.0,2024
puma,2700600,27,141766.0,2542.0,1.79,56.61,34.89,50.35,17.51,19.63,2.99,32.37,18.98,12.97,40072.0,2024
puma,2700700,27,132905.0,4753.0,3.58,53.48,48.18,32.72,32.38,8.5,23.21,37.23,32.88,28.99,34656.0,2024
puma,2700800,27,113487.0,3234.0,2.85,31.23,49.91,55.84,19.94,7.17,6.06,54.99,30.01,25.63,36028.0,2024
puma,2700901,27,106736.0,4952.0,4.64,41.64,56.48,30.07,15.69,8.82,43.96,47.42,18.44,19.62,36090.0,2024
puma,2701001,27,106924.0,10680.0,9.99,54.63,50.12,9.77,22.07,4.44,62.27,47.87,32.31,21.42,32188.0,2024
puma,2701101,27,105928.0,4134.0,3.9,62.97,35.44,31.76,28.93,15.87,21.34,36.89,23.56,3.11,53524.0,2024
puma,2701200,27,127712.0,2845.0,2.23,55.92,28.08,32.13,35.85,17.01,6.36,27.73,26.81,10.99,42161.0,2024
puma,2701301,27,122270.0,5516.0,4.51,71.75,34.74,12.67,38.63,14.67,30.53,34.91,37.89,7.53,51792.0,2024
puma,2701302,27,141805.0,19825.0,13.98,62.31,37.29,32.84,18.99,8.75,38.1,50.07,24.13,14.4,41628.0,2024
puma,2701303,27,106274.0,12464.0,11.73,75.49,31.39,13.14,45.43,8.71,31.53,43.37,37.24,6.57,47853.0,2024
puma,2701401,27,138204.0,7762.0,5.62,64.92,27.43,22.58,36.65,14.44,23.85,32.27,40.06,7.87,47599.0,2024
puma,2701402,27,138034.0,15832.0,11.47,69.03,33.28,23.0,50.19,5.62,18.77,33.86,57.44,4.79,60829.0,2024
puma,2701501,27,128793.0,12911.0,10.02,59.03,35.88,18.24,43.27,9.12,26.7,32.22,47.85,7.55,49009.0,2024
puma,2701502,27,106868.0,15795.0,14.78,60.79,39.96,21.41,52.3,3.56,22.04,44.98,39.64,11.19,40445.0,2024
puma,2701503,27,102479.0,19149.0,18.69,62.73,45.94,17.22,44.21,3.58,33.33,54.23,25.59,21.18,36016.0,2024
puma,2701504,27,102094.0,10021.0,9.82,65.14,35.43,20.55,28.29,10.73,38.58,33.36,39.82,11.49,43984.0,2024
puma,2701505,27,102711.0,26693.0,25.99,66.42,35.05,20.63,61.14,1.2,15.38,63.71,17.59,21.65,34867.0,2024
puma,2701601,27,123230.0,9353.0,7.59,57.92,31.77,20.09,35.96,19.28,19.81,28.61,47.66,6.2,48467.0,2024
puma,2701602,27,117384.0,15451.0,13.16,62.22,33.34,9.49,50.58,18.54,17.44,18.72,69.82,6.63,89819.0,2024
puma,2701603,27,120065.0,25216.0,21.0,65.17,33.73,12.04,32.42,4.49,50.17,37.03,29.76,10.4,38377.0,2024
puma,2701604,27,112095.0,16930.0,15.1,56.13,35.97,27.55,24.19,6.86,39.7,34.54,26.57,13.1,41966.0,2024
puma,2701605,27,116100.0,16247.0,13.99,58.07,38.83,13.82,50.5,15.1,15.25,28.55,65.17,8.09,65402.0,2024
puma,2701606,27,121675.0,11337.0,9.32,56.3,40.84,16.96,40.53,14.08,21.65,28.64,60.72,12.17,53946.0,2024
puma,2701607,27,125834.0,19971.0,15.87,51.14,36.77,34.27,24.92,6.59,32.85,41.98,31.07,14.52,40357.0,2024
puma,2701608,27,110525.0,15794.0,14.29,64.79,36.51,25.57,29.11,4.86,37.98,41.24,30.32,17.43,35938.0,2024
puma,2701609,27,113083.0,17530.0,15.5,53.76,52.05,13.35,34.45,7.39,41.84,36.53,46.91,28.51,34197.0,2024
puma,2701610,27,107113.0,6269.0,5.85,59.45,23.31,36.23,27.12,21.09,9.83,24.91,65.23,6.2,67201.0,2024
puma,2701611,27,102392.0,19155.0,18.71,51.9,36.32,37.31,10.49,2.66,48.3,52.27,28.62,25.37,32918.0,2024
puma,2701701,27,101973.0,12790.0,12.54,56.52,39.09,24.51,36.05,10.93,26.93,36.14,46.02,10.23,53801.0,2024
puma,2701702,27,111404.0,7993.0,7.17,58.29,31.16,36.96,30.98,9.61,19.92,36.62,39.83,6.16,44876.0,2024
puma,2701703,27,120142.0,15654.0,13.03,61.43,33.85,31.3,30.04,5.37,31.69,39.14,34.46,14.41,41134.0,2024
puma,2701704,27,112252.0,8776.0,7.82,60.75,33.34,24.02,38.91,9.1,24.61,34.73,41.98,4.74,57756.0,2024
puma,2701800,27,154557.0,15830.0,10.24,65.78,29.99,22.84,39.09,12.26,23.31,40.84,35.47,9.05,48949.0,2024
puma,2701900,27,110041.0,6148.0,5.59,57.5,33.65,28.71,42.86,16.8,6.16,29.91,47.97,4.42,52491.0,2024
puma,2702001,27,131699.0,5509.0,4.18,63.31,41.95,18.28,28.05,18.08,33.15,23.39,42.39,7.3,52198.0,2024
puma,2702100,27,133908.0,7129.0,5.32,39.57,50.51,60.91,11.77,5.06,18.38,54.69,14.83,12.44,37556.0,2024
puma,2702200,27,116890.0,8778.0,7.51,40.35,37.81,60.89,23.54,3.04,10.46,56.43,14.48,19.25,35316.0,2024
puma,2702300,27,101322.0,4251.0,4.2,45.19,28.96,62.83,22.14,7.43,4.68,63.15,12.91,21.01,36486.0,2024
puma,2702400,27,104282.0,5316.0,5.1,56.0,41.2,16.59,26.24,10.25,42.74,34.11,28.48,21.28,32755.0,2024
puma,2702500,27,153354.0,8986.0,5.86,38.65,50.85,45.92,15.49,5.49,31.19,53.46,17.42,14.8,36003.0,2024
puma,2702600,27,119287.0,3110.0,2.61,42.77,33.86,45.31,29.36,9.9,11.58,31.73,31.74,8.65,41643.0,2024
puma,2702700,27,164498.0,18147.0,11.03,61.81,36.46,14.53,42.73,10.29,30.34,31.29,49.34,12.57,50607.0,2024
puma,2702800,27,101455.0,6275.0,6.19,46.5,43.44,47.67,32.14,10.22,8.45,57.54,16.3,16.97,42423.0,2024
puma,2800100,28,191301.0,7688.0,4.02,49.31,36.07,58.53,24.26,6.41,8.55,46.87,25.63,13.32,37450.0,2024
puma,2800200,28,141224.0,3397.0,2.41,29.32,35.71,63.91,13.22,10.95,7.77,58.5,13.49,11.52,23528.0,2024
puma,2800300,28,108682.0,1199.0,1.1,24.77,45.62,64.39,14.1,1.5,11.34,60.3,3.63,32.32,26315.0,2024
puma,2800400,28,145947.0,2919.0,2.0,38.54,48.0,31.48,32.92,20.38,10.69,32.9,50.81,20.95,26831.0,2024
puma,2800500,28,142706.0,3262.0,2.29,28.17,29.06,68.42,20.54,7.27,2.94,55.7,22.43,16.95,36341.0,2024
puma,2800600,28,173643.0,4186.0,2.41,37.29,59.32,19.61,50.48,8.82,14.69,30.43,54.65,29.1,34850.0,2024
puma,2800700,28,113782.0,859.0,0.75,48.08,29.69,42.37,41.56,4.66,7.33,21.42,32.36,4.68,23552.0,2024
puma,2800800,28,108827.0,1276.0,1.17,39.34,47.02,48.04,28.37,14.11,8.46,47.26,38.12,10.09,32748.0,2024
puma,2800900,28,136482.0,5884.0,4.31,37.71,44.15,42.44,43.66,5.59,6.24,49.09,46.81,19.52,37123.0,2024
puma,2801001,28,124053.0,1798.0,1.45,51.72,35.65,48.33,36.43,10.4,2.89,35.74,42.06,15.24,33472.0,2024
puma,2801101,28,165355.0,3716.0,2.25,28.5,60.33,49.35,30.84,8.05,11.57,47.94,39.74,18.24,32123.0,2024
puma,2801300,28,184545.0,4253.0,2.3,44.23,38.04,49.61,32.52,8.49,6.37,36.14,31.28,11.87,41854.0,2024
puma,2801400,28,116889.0,2778.0,2.38,20.09,46.54,80.99,13.5,1.3,2.59,62.92,12.31,19.48,29375.0,2024
puma,2801500,28,107911.0,1684.0,1.56,49.52,34.03,43.82,43.88,6.41,3.86,39.64,25.07,31.29,25521.0,2024
puma,2801600,28,172906.0,2398.0,1.39,17.97,66.93,41.7,33.61,9.67,13.01,53.63,16.22,23.87,24728.0,2024
puma,2801700,28,129070.0,2856.0,2.21,17.47,40.13,80.15,6.58,5.43,2.38,68.77,10.61,22.87,27660.0,2024
puma,2801800,28,179627.0,4595.0,2.56,40.74,42.39,43.94,31.6,12.91,6.03,32.53,35.01,23.64,30725.0,2024
puma,2801900,28,147689.0,2631.0,1.78,50.86,30.63,41.96,27.29,22.27,2.96,36.86,29.99,16.04,33487.0,2024
puma,2802001,28,104848.0,3474.0,3.31,66.84,28.61,47.06,34.05,13.7,0.86,35.14,22.46,20.56,29362.0,2024
puma,2802002,28,106043.0,6343.0,5.98,44.57,47.38,58.25,31.99,8.31,0.91,55.33,24.11,33.72,29163.0,2024
puma,2802100,28,145249.0,4722.0,3.25,60.86,27.13,40.64,47.04,8.77,1.23,43.58,26.15,20.48,38897.0,2024
puma,2900100,29,109069.0,2039.0,1.87,42.91,51.5,40.07,36.68,10.64,9.37,41.77,30.88,22.78,37837.0,2024
puma,2900200,29,112509.0,3777.0,3.36,42.84,51.13,54.49,23.46,4.29,13.74,42.81,25.67,17.49,38095.0,2024
puma,2900300,29,119110.0,1954.0,1.64,25.54,65.81,18.53,31.88,8.29,39.92,50.99,59.21,7.76,41641.0,2024
puma,2900400,29,153919.0,1719.0,1.12,53.69,19.95,58.29,22.8,13.09,1.11,30.54,22.23,21.41,34115.0,2024
puma,2900501,29,167678.0,3918.0,2.34,55.77,51.12,25.29,47.78,8.35,16.13,35.48,58.39,11.35,39855.0,2024
puma,2900601,29,142138.0,10774.0,7.58,47.45,49.75,20.75,59.67,7.06,12.29,31.65,66.26,17.56,44521.0,2024
puma,2900700,29,133765.0,4942.0,3.69,44.29,33.97,50.79,10.76,32.19,1.58,56.82,13.84,14.27,34212.0,2024
puma,2900800,29,141333.0,3029.0,2.14,46.91,41.56,31.26,29.88,15.68,12.91,29.7,27.93,16.23,38352.0,2024
puma,2900901,29,118881.0,3880.0,3.26,74.15,26.75,24.66,48.3,8.48,16.06,37.66,41.85,4.65,51408.0,2024
puma,2900902,29,139241.0,10356.0,7.44,57.72,33.51,39.5,31.61,9.33,16.03,41.55,30.59,15.89,37272.0,2024
puma,2901000,29,110371.0,6336.0,5.74,61.24,49.04,22.4,36.19,12.11,24.7,29.86,41.16,7.14,45375.0,2024
puma,2901101,29,182719.0,22143.0,12.12,39.4,41.42,61.32,16.98,4.13,16.56,55.16,21.5,23.64,30820.0,2024
puma,2901102,29,133437.0,8085.0,6.06,33.69,39.67,68.04,11.84,8.84,3.69,47.98,18.51,16.73,36741.0,2024
puma,2901103,29,143149.0,3254.0,2.27,57.81,22.56,42.78,34.54,13.12,1.38,38.44,34.95,12.32,41324.0,2024
puma,2901104,29,115293.0,4786.0,4.15,74.74,24.55,30.74,35.9,16.72,10.05,23.69,38.42,4.6,48906.0,2024
puma,2901105,29,145378.0,9060.0,6.23,49.96,29.4,45.38,26.66,8.11,16.61,40.73,31.65,19.1,38343.0,2024
puma,2901200,29,126959.0,2119.0,1.67,59.75,21.71,40.3,33.03,12.69,4.91,30.96,37.43,7.72,43994.0,2024
puma,2901300,29,124141.0,2324.0,1.87,43.03,26.55,54.95,16.01,17.6,7.36,43.09,18.03,13.46,36708.0,2024
puma,2901400,29,115121.0,1281.0,1.11,60.11,33.88,21.16,28.18,34.66,11.79,28.73,18.11,15.61,29625.0,2024
puma,2901500,29,105915.0,1990.0,1.88,45.58,27.19,49.4,20.5,22.81,1.76,34.37,20.39,18.35,36602.0,2024
puma,2901600,29,135686.0,4684.0,3.45,48.72,55.42,25.06,49.47,11.93,11.32,33.8,46.82,16.04,28946.0,2024
puma,2901700,29,128747.0,1725.0,1.34,36.75,29.57,29.33,24.7,37.33,1.39,25.9,33.64,8.04,35533.0,2024
puma,2901801,29,117820.0,6315.0,5.36,51.96,44.91,16.29,65.87,12.1,2.95,20.1,69.74,5.8,66757.0,2024
puma,2901802,29,159191.0,5923.0,3.72,59.18,35.76,27.81,50.62,14.01,5.35,37.08,45.82,12.93,54628.0,2024
puma,2901803,29,137524.0,6266.0,4.56,46.47,47.4,27.96,41.03,15.74,11.68,29.55,42.91,7.76,41935.0,2024
puma,2901901,29,124167.0,2982.0,2.4,52.15,41.72,28.91,26.12,8.92,35.31,44.02,29.69,4.61,32095.0,2024
puma,2901902,29,116839.0,14772.0,12.64,39.53,55.85,18.16,56.5,9.45,15.27,36.77,58.69,9.47,50121.0,2024
puma,2901903,29,162625.0,10005.0,6.15,43.77,46.6,55.42,21.04,6.76,16.52,52.68,28.92,20.57,36170.0,2024
puma,2901904,29,108041.0,14380.0,13.31,61.25,35.12,7.04,68.09,17.72,3.74,20.23,79.09,2.73,91581.0,2024
puma,2901905,29,101708.0,11485.0,11.29,43.19,49.24,9.73,64.43,11.41,9.26,27.12,82.46,17.2,60729.0,2024
puma,2901906,29,118590.0,9853.0,8.31,61.51,33.45,18.06,61.82,13.22,4.86,29.69,64.47,6.31,61556.0,2024
puma,2901907,29,158314.0,13980.0,8.83,68.33,24.26,9.99,30.19,53.4,4.38,44.99,26.43,12.96,36072.0,2024
puma,2901908,29,104876.0,5675.0,5.41,76.6,13.76,7.75,28.67,59.54,0.95,38.68,34.38,4.32,46440.0,2024
puma,2902001,29,116192.0,7662.0,6.59,38.54,54.55,17.84,48.81,10.96,17.71,25.06,70.72,29.46,50685.0,2024
puma,2902002,29,172320.0,12788.0,7.42,48.13,39.07,32.52,32.28,19.6,13.82,49.11,32.19,19.19,33345.0,2024
puma,2902101,29,113733.0,3875.0,3.41,71.15,18.25,18.27,28.23,46.55,4.26,38.7,22.96,10.99,40489.0,2024
puma,2902102,29,116134.0,1401.0,1.21,82.01,16.85,15.56,48.32,24.2,10.64,23.7,35.48,1.73,45379.0,2024
puma,2902200,29,128016.0,1589.0,1.24,46.51,37.38,21.84,26.87,24.29,20.7,21.39,23.76,30.5,28313.0,2024
puma,2902300,29,120668.0,2243.0,1.86,34.11,51.36,13.37,46.05,21.22,8.38,40.17,50.21,12.98,38168.0,2024
puma,2902400,29,109113.0,1353.0,1.24,32.3,25.2,64.82,12.34,10.2,7.76,52.33,15.4,16.47,31875.0,2024
puma,2902500,29,118788.0,1292.0,1.09,52.71,35.99,29.64,35.14,22.91,3.17,17.49,36.19,22.58,21153.0,2024
puma,2902600,29,114020.0,1234.0,1.08,65.64,17.67,33.71,30.63,21.96,6.56,23.42,20.74,17.9,19116.0,2024
puma,2902701,29,175920.0,4452.0,2.53,62.53,25.56,39.82,17.12,38.75,1.66,26.31,25.35,9.46,39794.0,2024
puma,2902702,29,126409.0,4726.0,3.74,40.14,55.69,26.22,38.93,19.91,10.18,34.03,39.23,25.88,30013.0,2024
puma,2902703,29,134461.0,5421.0,4.03,60.04,36.51,24.55,45.93,18.59,5.9,28.72,49.0,11.75,36455.0,2024
puma,2902800,29,147311.0,6487.0,4.4,41.1,35.13,53.03,16.23,8.73,6.2,55.53,14.91,14.72,31913.0,2024
puma,2902900,29,184475.0,7633.0,4.14,35.25,34.47,55.14,20.18,10.82,1.64,55.33,18.22,16.6,33468.0,2024
puma,3000100,30,145507.0,3768.0,2.59,57.25,30.65,16.77,21.05,29.7,3.98,14.65,42.85,9.44,38696.0,2024
puma,3000200,30,171477.0,4531.0,2.64,56.26,33.7,18.43,35.56,30.43,2.85,20.66,44.51,11.19,36138.0,2024
puma,3000300,30,121560.0,2177.0,1.79,55.17,38.22,14.06,33.81,32.89,3.58,20.02,42.1,7.51,33864.0,2024
puma,3000400,30,124074.0,5075.0,4.09,47.8,36.37,29.48,24.75,31.41,3.13,20.21,48.34,8.21,39883.0,2024
puma,3000500,30,158070.0,3307.0,2.09,60.24,35.11,16.42,29.79,33.44,2.63,13.02,37.37,8.07,42265.0,2024
puma,3000600,30,133969.0,2107.0,1.57,58.38,35.12,25.15,15.42,24.44,9.54,22.3,40.15,23.97,28429.0,2024
puma,3000700,30,150615.0,2319.0,1.54,51.01,35.79,20.66,20.31,27.77,13.89,25.27,20.28,11.98,31224.0,2024
puma,3000800,30,111603.0,2395.0,2.15,43.42,31.61,16.7,31.69,29.39,6.22,22.67,39.35,15.52,36458.0,2024
puma,3100100,31,104845.0,3208.0,3.06,41.74,34.07,63.78,17.61,8.79,7.23,48.74,22.73,19.1,33920.0,2024
puma,3100200,31,184758.0,18085.0,9.79,37.54,45.46,81.33,6.86,1.76,9.0,66.72,8.22,15.6,37453.0,2024
puma,3100300,31,109576.0,11305.0,10.32,36.24,43.32,83.36,5.7,1.24,9.48,64.79,11.42,19.96,38725.0,2024
puma,3100400,31,101166.0,7569.0,7.48,49.13,37.92,72.49,8.59,3.7,13.71,68.27,10.55,14.84,41126.0,2024
puma,3100500,31,116588.0,4843.0,4.15,41.69,32.56,63.29,21.72,3.55,8.92,52.05,19.45,14.02,40730.0,2024
puma,3100600,31,138287.0,5214.0,3.77,40.01,35.58,76.03,11.35,8.27,3.68,52.24,10.87,11.02,36979.0,2024
puma,3100701,31,108666.0,4065.0,3.74,38.03,30.6,73.92,9.0,9.23,2.76,61.5,8.63,18.34,41820.0,2024
puma,3100702,31,197389.0,14010.0,7.1,51.51,42.03,45.7,29.79,12.24,10.64,39.24,27.56,6.57,42132.0,2024
puma,3100801,31,174624.0,18361.0,10.51,47.7,52.2,31.02,47.85,8.56,11.7,45.35,37.41,19.8,30474.0,2024
puma,3100802,31,152072.0,10060.0,6.62,58.12,45.12,19.92,58.48,15.46,3.86,41.85,42.06,15.66,38998.0,2024
puma,3100901,31,204760.0,14948.0,7.3,51.61,49.63,22.15,50.43,11.25,13.88,33.68,47.11,7.9,48335.0,2024
puma,3100902,31,157176.0,11027.0,7.02,41.7,51.21,30.46,46.98,8.09,10.47,38.0,50.38,7.87,50450.0,2024
puma,3100903,31,115188.0,14137.0,12.27,38.35,55.58,34.43,44.49,3.31,16.78,58.58,19.89,22.18,34071.0,2024
puma,3100904,31,113612.0,22252.0,19.59,27.69,42.1,81.19,8.29,2.66,7.15,66.83,13.13,22.47,34660.0,2024
puma,3200101,32,159846.0,22210.0,13.89,52.17,19.97,66.5,23.91,5.39,1.58,41.19,17.89,9.68,41554.0,2024
puma,3200102,32,195221.0,33403.0,17.11,40.02,29.35,56.21,30.66,7.58,2.29,41.11,26.35,12.19,36712.0,2024
puma,3200103,32,142133.0,15607.0,10.98,60.24,24.62,44.77,30.61,14.19,3.71,28.69,37.71,9.28,45422.0,2024
puma,3200200,32,184037.0,13452.0,7.31,51.14,19.52,70.67,15.43,8.05,1.28,42.93,13.91,8.29,34467.0,2024
puma,3200300,32,173827.0,15058.0,8.66,52.36,22.24,67.34,17.0,10.01,0.2,41.59,17.45,9.88,38250.0,2024
puma,3200401,32,151029.0,18560.0,12.29,66.88,18.1,49.72,36.66,7.93,3.36,33.16,24.75,7.68,40729.0,2024
puma,3200402,32,161078.0,34750.0,21.57,39.13,18.88,80.67,13.79,3.01,0.76,62.39,9.95,12.97,34570.0,2024
puma,3200403,32,225759.0,48489.0,21.48,49.28,15.34,74.45,19.88,3.25,0.79,53.64,12.55,12.1,36657.0,2024
puma,3200404,32,163975.0,23619.0,14.4,63.88,19.17,48.33,33.32,12.92,2.05,33.13,27.98,7.82,40790.0,2024
puma,3200405,32,169414.0,34210.0,20.19,65.56,25.45,28.45,47.73,14.68,2.99,33.37,41.45,10.02,43566.0,2024
puma,3200406,32,142482.0,37924.0,26.62,40.88,26.89,76.39,17.59,4.09,0.98,59.79,13.38,16.02,33113.0,2024
puma,3200407,32,129052.0,39473.0,30.59,30.3,25.26,85.84,9.98,1.72,1.6,69.98,7.88,21.02,31053.0,2024
puma,3200408,32,154372.0,44271.0,28.68,47.41,23.68,77.58,18.17,2.53,0.92,61.97,14.76,12.42,34374.0,2024
puma,3200409,32,156140.0,48013.0,30.75,41.0,35.84,61.97,24.92,5.65,5.36,59.92,18.91,20.49,31943.0,2024
puma,3200410,32,111430.0,35036.0,31.44,61.72,28.25,27.37,51.06,7.4,13.2,50.64,26.3,13.17,34265.0,2024
puma,3200411,32,139112.0,35210.0,25.31,66.25,30.3,18.84,62.45,10.59,4.92,40.48,39.14,10.63,37637.0,2024
puma,3200412,32,172431.0,41362.0,23.99,67.66,27.95,28.67,53.64,7.96,8.21,39.45,32.51,9.23,40388.0,2024
puma,3200413,32,115076.0,16149.0,14.03,68.78,21.38,37.74,42.14,13.69,2.3,32.2,33.63,8.61,40408.0,2024
puma,3200414,32,130776.0,20061.0,15.34,72.16,20.05,16.59,52.34,18.39,6.03,22.12,53.03,7.59,51737.0,2024
puma,3200415,32,207422.0,32209.0,15.53,66.54,22.89,27.15,53.36,10.83,2.88,33.09,39.72,9.16,46114.0,2024
puma,3300100,33,167106.0,6965.0,4.17,57.86,30.14,13.05,32.99,33.45,5.07,15.73,58.59,7.68,50833.0,2024
puma,3300201,33,137823.0,3765.0,2.73,74.56,14.71,8.31,21.81,49.38,4.86,14.22,37.65,6.58,51158.0,2024
puma,3300301,33,152083.0,6546.0,4.3,63.69,34.22,16.35,44.64,23.43,6.81,26.85,42.34,6.44,46918.0,2024
puma,3300401,33,119550.0,5563.0,4.65,64.62,30.9,12.22,27.54,28.37,21.25,23.14,43.64,8.24,41530.0,2024
puma,3300501,33,110275.0,3145.0,2.85,64.1,28.01,19.46,26.58,32.18,6.49,12.93,54.21,4.61,46326.0,2024
puma,3300601,33,115643.0,15871.0,13.72,53.87,44.95,39.83,25.31,14.82,13.38,49.02,25.96,13.18,42007.0,2024
puma,3300602,33,107503.0,6920.0,6.44,65.45,32.14,16.37,33.92,27.51,9.68,18.68,48.63,4.29,67500.0,2024
puma,3300603,33,112660.0,16875.0,14.98,51.17,42.73,39.32,38.59,11.89,5.3,38.83,47.38,7.96,50737.0,2024
puma,3300701,33,169975.0,8750.0,5.15,74.3,22.43,15.71,40.25,27.36,4.07,20.43,58.31,5.29,55187.0,2024
puma,3300801,33,202250.0,11232.0,5.55,64.83,30.36,22.96,34.7,30.89,4.58,18.57,52.08,6.82,60896.0,2024
puma,3400101,34,146306.0,27975.0,19.12,55.32,31.1,47.06,36.25,10.64,5.04,57.65,25.62,21.19,29698.0,2024
puma,3400102,34,119449.0,14676.0,12.29,60.29,30.46,43.9,37.76,13.17,4.57,49.91,28.76,9.91,35220.0,2024
puma,3400301,34,110528.0,39940.0,36.14,66.93,26.49,58.8,26.15,9.04,4.86,43.32,38.68,11.55,45847.0,2024
puma,3400302,34,125759.0,38330.0,30.48,64.95,25.23,37.14,31.04,28.41,3.12,44.05,40.06,6.84,52569.0,2024
puma,3400303,34,136830.0,67331.0,49.21,60.96,26.23,30.81,53.88,12.54,2.04,50.85,51.39,9.91,49247.0,2024
puma,3400304,34,130306.0,48140.0,36.94,66.65,27.34,43.14,22.73,30.54,3.33,48.38,36.6,11.79,43224.0,2024
puma,3400305,34,128300.0,39528.0,30.81,65.0,27.79,26.63,57.47,12.15,2.61,36.76,63.23,5.21,71022.0,2024
puma,3400306,34,105246.0,16053.0,15.25,70.74,16.92,23.01,47.58,25.64,1.71,31.25,60.75,4.23,66515.0,2024
puma,3400307,34,118345.0,37276.0,31.5,75.04,22.02,32.95,52.43,12.07,1.9,37.85,52.17,6.59,57305.0,2024
puma,3400308,34,107002.0,19368.0,18.1,68.58,24.72,21.02,50.48,23.18,2.87,28.96,69.05,6.05,79739.0,2024
puma,3400501,34,141259.0,54423.0,38.53,51.02,27.37,72.32,15.84,9.34,2.25,63.54,20.09,15.95,32308.0,2024
puma,3400502,34,114752.0,30137.0,26.26,74.39,22.25,48.08,28.08,20.09,3.13,39.81,37.41,5.93,51108.0,2024
puma,3400503,34,158735.0,70851.0,44.63,44.89,44.27,85.75,10.08,1.7,2.46,68.62,10.43,17.93,30878.0,2024
puma,3400504,34,106266.0,17111.0,16.1,72.22,21.63,27.35,31.45,36.67,3.74,30.32,49.39,5.58,57759.0,2024
puma,3400601,34,161349.0,75171.0,46.59,38.63,55.47,21.29,60.83,10.03,6.35,27.08,66.83,15.15,72446.0,2024
puma,3400602,34,132729.0,47527.0,35.81,59.57,36.82,49.13,32.85,3.27,14.38,39.42,40.71,17.98,39356.0,2024
puma,3400603,34,142426.0,53492.0,37.56,48.05,38.17,68.4,17.98,9.7,2.72,51.0,39.99,18.03,39121.0,2024
puma,3400604,34,146786.0,78508.0,53.48,54.75,36.46,73.83,18.79,4.47,2.81,53.92,34.02,15.8,35020.0,2024
puma,3400605,34,135033.0,53060.0,39.29,56.5,36.79,52.75,20.06,13.8,12.92,44.86,39.4,15.32,41181.0,2024
puma,3400800,34,130160.0,13793.0,10.6,65.71,25.47,31.24,33.6,30.46,3.12,27.2,59.49,4.62,61213.0,2024
puma,3400901,34,133838.0,32928.0,24.6,73.73,20.67,18.98,52.08,18.77,8.93,38.47,52.85,6.65,53889.0,2024
puma,3400902,34,117513.0,47690.0,40.58,59.36,34.68,12.26,74.8,6.26,5.8,26.1,77.44,4.65,84981.0,2024
puma,3400903,34,118698.0,42761.0,36.03,60.83,29.99,24.26,66.9,4.16,4.26,38.47,56.42,7.87,55374.0,2024
puma,3400904,34,115868.0,46402.0,40.05,53.18,42.13,17.98,71.99,5.22,4.25,34.13,63.07,5.85,62636.0,2024
puma,3400905,34,115924.0,39526.0,34.1,61.86,33.76,29.39,57.43,9.95,3.15,38.38,49.47,8.1,56119.0,2024
puma,3400906,34,157767.0,53641.0,34.0,41.69,41.23,52.31,28.15,11.42,5.87,52.04,34.8,16.49,36050.0,2024
puma,3400907,34,111682.0,45440.0,40.69,55.98,37.94,70.07,14.65,10.06,5.11,61.05,23.04,13.96,34679.0,2024
puma,3401001,34,112354.0,22346.0,19.89,69.66,25.92,17.03,56.71,21.49,2.56,25.53,70.04,2.79,92854.0,2024
puma,3401002,34,115266.0,37406.0,32.45,60.14,32.2,23.1,62.03,6.95,6.56,29.0,68.89,4.81,73289.0,2024
puma,3401003,34,122226.0,37742.0,30.88,53.34,31.64,53.77,31.55,10.96,3.0,43.32,38.87,9.21,44289.0,2024
puma,3401101,34,103555.0,9262.0,8.94,64.04,21.99,53.24,21.27,18.79,3.95,38.17,35.79,15.77,42458.0,2024
puma,3401102,34,111173.0,16005.0,14.4,72.67,15.04,30.05,33.77,30.0,4.73,34.55,47.68,6.9,48443.0,2024
puma,3401103,34,115655.0,22547.0,19.5,47.0,34.33,63.68,18.47,14.67,2.36,52.37,29.25,15.35,38647.0,2024
puma,3401104,34,107072.0,8738.0,8.16,53.67,24.43,46.4,18.4,27.79,3.95,36.21,42.95,9.36,49272.0,2024
puma,3401105,34,100922.0,12212.0,12.1,80.48,15.0,27.76,35.15,25.53,8.88,24.28,58.98,4.23,64020.0,2024
puma,3401106,34,106976.0,19079.0,17.83,71.16,21.3,24.64,43.5,24.19,6.7,26.77,60.4,7.35,80278.0,2024
puma,3401201,34,127444.0,6185.0,4.85,71.56,18.84,31.2,27.71,35.72,3.17,31.24,32.92,10.99,47670.0,2024
puma,3401202,34,163980.0,14919.0,9.1,70.8,14.95,39.71,26.32,29.8,3.3,30.3,30.43,6.71,39511.0,2024
puma,3401203,34,139019.0,11899.0,8.56,45.76,40.18,54.5,16.88,19.42,2.04,44.36,25.45,20.61,30872.0,2024
puma,3401204,34,117200.0,10873.0,9.28,74.01,18.39,36.9,21.71,34.82,3.52,36.94,33.66,8.69,35928.0,2024
puma,3401205,34,106719.0,8580.0,8.04,54.11,21.98,54.41,16.88,23.8,3.82,37.53,30.8,6.5,41162.0,2024
puma,3401401,34,121870.0,34315.0,28.16,67.59,25.3,58.04,23.9,14.48,2.66,42.4,38.64,8.61,49154.0,2024
puma,3401402,34,104954.0,29628.0,28.23,55.87,42.1,62.22,6.52,5.95,24.76,27.11,34.57,12.29,41425.0,2024
puma,3401403,34,113143.0,14657.0,12.95,63.88,31.55,34.88,33.31,22.06,6.53,27.31,62.27,7.87,74181.0,2024
puma,3401404,34,108486.0,30909.0,28.49,60.21,30.4,30.84,48.41,14.38,4.48,31.3,63.21,6.87,79138.0,2024
puma,3401405,34,104371.0,38466.0,36.86,52.45,40.95,82.61,2.95,1.03,12.77,34.85,19.94,17.66,34855.0,2024
puma,3401406,34,155059.0,69248.0,44.66,32.0,42.53,82.15,2.71,10.37,4.55,72.38,16.2,18.23,33092.0,2024
puma,3401407,34,155119.0,42860.0,27.63,46.52,48.64,62.28,5.83,2.1,29.67,34.18,25.34,19.69,33701.0,2024
puma,3401501,34,134374.0,24950.0,18.57,59.49,24.65,64.57,17.25,15.66,1.72,46.36,31.68,11.91,47463.0,2024
puma,3401502,34,132881.0,23097.0,17.38,63.04,28.54,45.1,25.44,22.24,5.47,30.53,51.63,7.96,61845.0,2024
puma,3401503,34,119244.0,33474.0,28.07,63.3,33.87,14.01,66.77,14.61,3.36,32.64,66.03,4.71,72856.0,2024
puma,3401504,34,128029.0,20268.0,15.83,61.12,29.01,38.1,33.82,21.97,3.23,34.8,58.97,7.88,63783.0,2024
puma,3401600,34,145807.0,12757.0,8.75,68.07,19.39,43.14,18.93,32.57,3.28,26.96,43.6,4.66,53234.0,2024
puma,3401700,34,110849.0,11771.0,10.62,64.99,22.23,47.06,22.24,20.03,8.55,36.25,34.2,9.61,45155.0,2024
puma,3401901,34,105914.0,38991.0,36.81,68.96,25.05,58.18,16.6,13.11,11.74,38.8,32.14,8.68,44168.0,2024
puma,3401902,34,103037.0,19120.0,18.56,58.71,32.09,29.7,38.44,25.0,4.09,32.11,64.07,6.59,75163.0,2024
puma,3401903,34,118989.0,32717.0,27.5,35.14,41.11,73.01,12.31,10.94,2.88,54.08,30.09,11.16,35739.0,2024
puma,3401904,34,114048.0,32966.0,28.91,62.2,28.53,68.24,8.48,18.16,4.56,48.66,26.38,7.6,45975.0,2024
puma,3401905,34,137302.0,70842.0,51.6,39.91,41.29,86.68,3.13,6.46,3.5,74.21,12.47,16.18,34704.0,2024
puma,3402001,34,166215.0,22071.0,13.28,59.31,34.64,42.39,31.06,10.52,15.29,38.03,35.67,11.43,42822.0,2024
puma,3402002,34,164938.0,16751.0,10.16,71.95,25.67,19.86,52.06,16.55,9.03,25.33,60.3,6.75,63049.0,2024
puma,3402003,34,136652.0,12729.0,9.31,65.65,23.33,33.0,36.44,15.97,12.9,30.52,45.42,7.71,51099.0,2024
puma,3402101,34,127105.0,22144.0,17.42,45.9,38.2,74.99,17.49,1.62,5.52,70.4,17.04,19.6,31036.0,2024
puma,3402102,34,107061.0,9275.0,8.66,42.78,32.0,55.61,23.22,13.4,5.94,48.86,29.76,20.68,38750.0,2024
puma,3402103,34,170141.0,13416.0,7.89,66.48,30.32,34.71,38.2,13.87,12.6,39.99,35.47,14.51,42132.0,2024
puma,3402104,34,122950.0,20066.0,16.32,63.41,27.47,14.24,63.23,16.77,3.48,40.71,57.54,9.52,47292.0,2024
puma,3402201,34,132921.0,8447.0,6.35,61.61,30.11,43.64,36.39,15.17,2.97,36.17,37.39,7.06,45384.0,2024
puma,3402202,34,174033.0,10369.0,5.96,60.64,28.4,27.79,38.66,18.61,12.23,36.1,43.04,11.9,46368.0,2024
puma,3402301,34,125942.0,33428.0,26.54,33.11,47.62,75.43,5.06,5.88,13.4,55.48,19.38,15.93,30985.0,2024
puma,3402302,34,115793.0,35910.0,31.01,52.2,38.22,15.0,61.36,18.01,3.58,27.11,76.32,5.96,84489.0,2024
puma,3402303,34,144129.0,34969.0,24.26,52.35,34.07,48.97,31.79,9.04,9.61,43.75,41.81,6.67,46182.0,2024
puma,3402401,34,111112.0,11558.0,10.4,44.58,28.56,65.51,13.14,15.43,5.87,50.4,22.49,12.26,32156.0,2024
puma,3402501,34,107468.0,9916.0,9.23,32.03,31.83,83.81,5.62,6.16,2.68,67.26,12.31,16.3,34877.0,2024
puma,3402601,34,105456.0,5598.0,5.31,52.57,31.12,46.02,17.95,26.72,5.25,35.26,33.48,13.73,33467.0,2024
puma,3500100,35,117993.0,2469.0,2.09,39.73,39.65,49.66,41.72,6.24,1.26,32.72,43.8,12.73,45758.0,2024
puma,3500200,35,100225.0,3522.0,3.51,43.24,20.84,72.03,18.14,6.96,1.39,53.68,22.14,17.48,32637.0,2024
puma,3500300,35,125047.0,6999.0,5.6,40.99,31.9,56.78,19.8,18.77,2.73,41.01,39.35,15.63,31480.0,2024
puma,3500400,35,162380.0,14733.0,9.07,38.36,21.76,86.72,8.38,3.69,0.39,46.9,12.34,22.6,31046.0,2024
puma,3500500,35,145485.0,18645.0,12.82,42.28,22.64,68.59,11.01,15.14,1.47,40.62,27.68,13.12,33077.0,2024
puma,3500600,35,153604.0,8647.0,5.63,53.97,20.23,54.39,19.09,13.36,9.09,30.69,35.83,10.77,42712.0,2024
puma,3500701,35,130340.0,8796.0,6.75,61.41,33.32,52.07,24.33,13.09,7.09,31.16,43.91,8.03,46576.0,2024
puma,3500702,35,99298.0,8404.0,8.46,47.23,26.58,69.17,17.24,9.9,2.06,47.58,30.46,29.13,26022.0,2024
puma,3500703,35,101808.0,9561.0,9.39,63.34,31.74,21.49,56.16,14.8,3.23,26.25,56.62,7.21,50556.0,2024
puma,3500704,35,104431.0,7018.0,6.72,60.91,30.55,38.02,37.12,19.71,3.15,32.33,40.3,14.56,30020.0,2024
puma,3500705,35,101696.0,15953.0,15.69,34.14,32.41,67.69,20.88,4.9,6.1,55.66,21.32,28.85,27461.0,2024
puma,3500706,35,109539.0,20255.0,18.49,39.46,22.45,91.93,5.39,0.67,1.57,62.44,9.05,24.97,30136.0,2024
puma,3500800,35,131386.0,8615.0,6.56,46.55,13.01,77.26,12.48,8.6,0.48,47.28,17.37,21.81,27272.0,2024
puma,3500900,35,177910.0,14905.0,8.38,41.85,25.75,77.44,10.94,8.81,0.97,54.3,14.67,28.42,21302.0,2024
puma,3501001,35,108928.0,21147.0,19.41,47.98,17.25,93.48,3.01,2.71,0.31,63.81,15.72,25.61,20444.0,2024
puma,3501002,35,115338.0,11896.0,10.31,43.87,26.03,72.9,14.56,5.91,5.27,47.18,30.13,28.27,23274.0,2024
puma,3501100,35,134838.0,18173.0,13.48,24.6,39.13,93.5,3.61,1.81,0.6,63.17,7.99,18.83,33211.0,2024
puma,3600100,36,107226.0,3935.0,3.67,52.07,34.87,22.52,28.18,18.73,4.04,16.3,50.98,12.19,29848.0,2024
puma,3600200,36,167251.0,6958.0,4.16,52.72,27.15,28.1,19.53,20.02,3.16,21.41,32.24,10.73,36927.0,2024
puma,3600300,36,126039.0,4063.0,3.22,51.64,37.21,32.76,23.78,28.57,3.3,28.29,35.32,10.37,44389.0,2024
puma,3600401,36,108227.0,2431.0,2.25,73.8,14.77,29.86,22.46,42.58,1.65,28.47,24.9,16.37,25601.0,2024
puma,3600402,36,162544.0,18618.0,11.45,58.23,33.7,18.22,39.21,33.98,5.12,44.49,21.23,21.74,31608.0,2024
puma,3600403,36,108267.0,3842.0,3.55,60.93,34.54,29.07,28.11,37.58,2.11,22.95,36.01,16.57,30018.0,2024
puma,3600500,36,141647.0,5659.0,4.0,60.05,44.78,36.58,30.18,14.33,11.42,29.07,35.36,13.64,33494.0,2024
puma,3600600,36,117953.0,2313.0,1.96,68.35,26.59,14.61,42.8,27.19,5.49,26.9,37.62,27.64,31818.0,2024
puma,3600701,36,146384.0,18657.0,12.75,44.91,59.35,17.03,45.9,8.92,25.84,44.98,36.99,34.06,26151.0,2024
puma,3600702,36,127165.0,6827.0,5.37,69.06,22.38,17.4,39.37,34.96,3.57,37.54,38.48,6.05,45974.0,2024
puma,3600703,36,163420.0,10690.0,6.54,65.18,30.34,17.18,38.34,34.05,3.9,37.91,45.47,12.17,47027.0,2024
puma,3600704,36,109262.0,2936.0,2.69,53.03,31.23,31.91,24.73,30.96,4.19,38.66,39.1,15.93,42321.0,2024
puma,3600800,36,148375.0,4028.0,2.71,58.39,35.4,40.42,18.87,28.45,4.54,36.12,23.59,13.5,34100.0,2024
puma,3600901,36,135275.0,9124.0,6.74,69.95,24.86,13.48,26.93,42.05,6.88,28.85,45.63,7.6,45669.0,2024
puma,3600902,36,106194.0,8644.0,8.14,54.21,43.6,48.1,18.48,14.03,15.93,50.38,27.59,20.77,33048.0,2024
puma,3600903,36,102151.0,8377.0,8.2,46.72,44.94,31.61,45.41,7.16,13.75,44.12,32.3,30.77,30035.0,2024
puma,3600904,36,124403.0,10455.0,8.4,70.27,31.33,22.08,36.17,31.4,6.67,36.67,28.5,19.82,37675.0,2024
puma,3600905,36,104626.0,4612.0,4.41,67.78,29.49,22.53,26.0,37.53,3.95,33.26,33.87,5.7,32001.0,2024
puma,3600906,36,181104.0,18375.0,10.15,64.92,37.5,9.96,57.62,20.64,6.8,28.54,60.98,9.8,47494.0,2024
puma,3601000,36,137148.0,4025.0,2.93,55.95,29.86,46.31,18.04,28.92,3.53,38.11,19.78,14.38,37961.0,2024
puma,3601101,36,104531.0,4505.0,4.31,60.27,32.59,21.33,34.5,28.79,3.55,35.49,23.81,25.61,33542.0,2024
puma,3601102,36,106190.0,4834.0,4.55,54.41,42.55,27.58,21.08,24.99,5.36,26.33,42.12,20.8,32672.0,2024
puma,3601201,36,108368.0,6142.0,5.67,62.6,39.61,14.3,46.6,22.99,3.96,23.12,43.77,12.91,39865.0,2024
puma,3601202,36,130546.0,16361.0,12.53,55.41,46.26,9.64,61.73,18.28,3.46,33.97,57.51,22.79,39705.0,2024
puma,3601203,36,113632.0,4228.0,3.72,72.61,23.04,19.44,29.56,34.93,1.4,20.91,54.16,6.0,47955.0,2024
puma,3601204,36,154045.0,10368.0,6.73,64.86,45.86,9.98,56.37,20.33,8.89,42.32,32.32,18.56,29120.0,2024
puma,3601205,36,154842.0,16840.0,10.88,53.79,57.7,11.0,65.59,2.98,18.13,50.7,26.12,34.56,27111.0,2024
puma,3601206,36,122012.0,13302.0,10.9,56.25,47.12,17.37,50.34,11.1,16.99,43.18,33.64,24.76,29976.0,2024
puma,3601207,36,167177.0,3827.0,2.29,71.96,17.98,22.55,21.51,40.55,3.27,21.51,42.76,10.77,44751.0,2024
puma,3601300,36,174123.0,6874.0,3.95,58.68,28.92,27.33,28.91,30.35,6.02,25.77,43.48,9.81,33498.0,2024
puma,3601500,36,113574.0,3081.0,2.71,59.3,33.72,20.8,31.74,29.99,8.54,20.82,51.78,16.32,31164.0,2024
puma,3601600,36,102015.0,2642.0,2.59,67.79,24.91,33.76,31.91,28.2,0.64,31.24,29.68,12.52,34457.0,2024
puma,3601700,36,160369.0,15977.0,9.96,62.47,41.15,49.41,25.52,16.13,6.73,19.51,36.66,12.46,42307.0,2024
puma,3601801,36,116371.0,8319.0,7.15,60.56,36.31,18.93,50.02,20.88,4.84,29.4,60.16,3.38,64140.0,2024
puma,3601802,36,121913.0,4731.0,3.88,69.1,20.12,15.77,40.79,29.4,6.68,16.68,53.9,6.02,62353.0,2024
puma,3601900,36,160332.0,8987.0,5.61,58.16,38.67,27.37,40.37,17.57,9.77,31.13,50.53,15.33,46766.0,2024
puma,3602001,36,108861.0,16898.0,15.52,51.86,50.14,26.49,45.24,15.14,11.45,32.14,41.37,24.04,32421.0,2024
puma,3602002,36,208157.0,20995.0,10.09,58.71,38.28,17.09,54.6,20.74,5.83,28.89,57.83,11.51,50460.0,2024
puma,3602100,36,108509.0,6967.0,6.42,62.55,21.52,31.59,17.3,40.16,5.66,25.62,44.62,11.67,42488.0,2024
puma,3602201,36,128457.0,11600.0,9.03,51.82,40.79,23.31,52.84,16.28,5.34,33.92,44.76,27.52,27565.0,2024
puma,3602204,36,159729.0,5099.0,3.19,60.17,19.61,26.32,28.34,37.67,2.31,29.27,34.11,8.98,43980.0,2024
puma,3602300,36,104537.0,13534.0,12.95,34.59,55.56,11.76,50.59,24.49,5.41,23.94,75.5,21.09,41391.0,2024
puma,3602403,36,127599.0,5179.0,4.06,55.8,31.49,21.49,41.59,20.68,7.72,28.99,54.0,9.8,50407.0,2024
puma,3602404,36,112562.0,1934.0,1.72,54.76,32.06,19.13,34.49,33.97,1.03,30.82,36.43,12.72,42698.0,2024
puma,3602500,36,123304.0,2185.0,1.77,55.88,39.27,21.88,41.37,19.82,1.37,22.95,46.11,16.08,29792.0,2024
puma,3602600,36,125544.0,3260.0,2.6,52.09,28.1,46.1,20.09,24.08,0.43,40.36,30.46,16.62,29050.0,2024
puma,3602701,36,113657.0,13075.0,11.5,53.62,29.34,51.72,15.15,28.32,1.67,38.76,31.83,14.33,39436.0,2024
puma,3602702,36,148665.0,12077.0,8.12,58.62,30.14,52.08,18.54,22.94,2.95,29.81,34.58,18.13,39970.0,2024
puma,3602803,36,116800.0,9614.0,8.23,58.99,26.15,42.82,20.65,27.58,4.71,26.46,40.93,10.89,45327.0,2024
puma,3602804,36,143604.0,21189.0,14.76,55.67,27.23,59.9,19.33,13.97,4.31,35.86,33.13,10.22,37108.0,2024
puma,3602805,36,135923.0,17736.0,13.05,67.49,17.46,49.21,18.77,28.11,2.59,36.81,36.01,9.24,50952.0,2024
puma,3602901,36,124419.0,18518.0,14.88,56.11,26.22,72.66,13.08,9.08,3.13,39.66,27.68,9.01,46305.0,2024
puma,3602902,36,129723.0,18844.0,14.53,52.62,27.36,60.88,19.79,14.77,3.58,42.14,26.99,12.54,40554.0,2024
puma,3602903,36,152474.0,18277.0,11.99,60.73,28.0,49.06,21.01,24.15,3.58,36.38,37.67,11.32,47657.0,2024
puma,3603001,36,105585.0,26132.0,24.75,61.61,26.89,62.05,23.01,11.23,2.84,47.19,35.3,13.83,46200.0,2024
puma,3603002,36,109079.0,23459.0,21.51,62.6,23.82,48.36,26.23,20.14,2.68,40.44,38.95,10.64,47926.0,2024
puma,3603003,36,127219.0,25932.0,20.38,48.75,34.73,62.44,17.05,13.64,3.94,54.95,24.57,18.86,35613.0,2024
puma,3603102,36,151464.0,35170.0,23.22,56.48,24.5,62.66,12.99,20.49,2.71,48.51,33.03,9.53,40231.0,2024
puma,3603103,36,137091.0,20065.0,14.64,70.75,19.16,35.42,26.16,31.75,3.3,27.07,56.38,8.12,65251.0,2024
puma,3603110,36,148057.0,42726.0,28.86,51.38,29.61,61.32,18.26,15.45,2.88,47.79,39.84,12.35,41840.0,2024
puma,3603111,36,112000.0,27464.0,24.52,65.19,27.78,31.27,37.18,24.68,3.58,27.75,64.2,6.03,72891.0,2024
puma,3603112,36,209978.0,69412.0,33.06,62.13,27.42,65.75,13.98,16.48,3.46,46.78,26.9,12.53,39315.0,2024
puma,3603113,36,119350.0,32712.0,27.41,62.45,32.48,66.55,13.11,14.73,4.95,27.18,38.51,12.85,46297.0,2024
puma,3603114,36,121737.0,32878.0,27.01,59.71,26.67,55.0,15.22,24.15,3.6,36.39,45.08,11.35,49973.0,2024
puma,3603201,36,119143.0,29377.0,24.66,73.15,18.07,17.71,65.62,13.75,1.93,35.57,59.14,6.68,65654.0,2024
puma,3603202,36,114036.0,24772.0,21.72,63.83,22.68,32.99,42.75,20.62,1.88,43.25,49.24,9.3,53986.0,2024
puma,3603203,36,105205.0,26721.0,25.4,69.58,20.49,25.41,61.51,11.93,0.58,43.07,49.37,4.94,52800.0,2024
puma,3603204,36,117869.0,37441.0,31.76,73.47,16.91,36.06,47.22,14.65,1.75,44.88,44.67,4.12,63504.0,2024
puma,3603205,36,118824.0,33543.0,28.23,68.37,21.63,53.03,33.08,11.5,2.12,41.29,35.24,5.36,51596.0,2024
puma,3603206,36,154922.0,58091.0,37.5,54.08,28.36,90.3,4.32,1.91,3.18,55.16,19.37,9.68,41451.0,2024
puma,3603207,36,113077.0,20501.0,18.13,75.62,17.26,35.32,45.6,16.11,1.82,36.46,47.22,6.18,64278.0,2024
puma,3603208,36,108380.0,8853.0,8.17,74.8,15.06,45.85,28.72,21.41,3.03,29.19,43.31,5.75,56682.0,2024
puma,3603209,36,104667.0,9451.0,9.03,83.36,14.4,34.16,32.24,26.85,4.2,25.91,47.69,5.81,57161.0,2024
puma,3603210,36,107446.0,19839.0,18.46,79.27,14.09,64.56,13.11,18.38,3.29,26.83,39.37,6.94,53169.0,2024
puma,3603211,36,114972.0,34918.0,30.37,74.57,21.18,60.57,28.65,5.54,4.25,33.84,38.17,6.88,54529.0,2024
puma,3603212,36,111050.0,20437.0,18.4,73.78,14.54,49.91,23.48,22.51,1.96,35.77,40.73,10.25,48422.0,2024
puma,3603301,36,99381.0,12343.0,12.42,65.02,20.03,58.13,18.84,18.29,3.14,40.56,37.72,9.85,51513.0,2024
puma,3603302,36,104678.0,14767.0,14.11,77.9,18.34,32.32,45.53,19.17,2.38,31.51,49.32,8.25,62523.0,2024
puma,3603303,36,116097.0,11275.0,9.71,69.24,20.56,23.49,44.89,24.79,4.8,28.2,52.48,4.55,54609.0,2024
puma,3603304,36,115527.0,12961.0,11.22,62.72,31.22,28.54,42.4,25.0,2.11,30.57,58.41,7.36,45933.0,2024
puma,3603305,36,162070.0,29739.0,18.35,47.98,30.12,64.93,11.47,19.6,2.26,46.36,28.67,11.54,43040.0,2024
puma,3603306,36,137724.0,17671.0,12.83,55.87,32.23,67.72,14.37,14.41,2.11,46.92,23.58,8.91,45921.0,2024
puma,3603307,36,126181.0,19348.0,15.33,64.15,22.65,61.56,17.79,14.22,5.46,40.93,26.59,6.34,48542.0,2024
puma,3603308,36,111120.0,16035.0,14.43,64.25,26.66,44.36,37.89,13.87,3.17,42.32,34.51,11.5,46220.0,2024
puma,3603309,36,98956.0,9729.0,9.83,68.39,16.48,48.99,34.54,15.0,1.07,35.82,35.48,6.92,43019.0,2024
puma,3603310,36,133647.0,52437.0,39.24,47.19,27.7,91.88,4.08,2.06,1.86,62.14,12.1,6.79,39276.0,2024
puma,3603311,36,106503.0,16528.0,15.52,55.24,31.86,62.28,22.46,12.03,2.3,48.52,22.95,7.6,45900.0,2024
puma,3603312,36,101357.0,13962.0,13.78,68.82,22.8,59.22,16.0,22.16,1.58,41.78,27.35,5.58,50010.0,2024
puma,3603313,36,116905.0,30538.0,26.12,61.3,24.4,74.8,12.55,10.7,1.59,50.65,25.61,6.55,43983.0,2024
puma,3604103,36,154628.0,49385.0,31.94,59.61,24.2,19.31,61.65,13.06,1.97,60.01,32.0,29.57,24750.0,2024
puma,3604104,36,117703.0,33577.0,28.53,50.96,42.65,26.59,40.36,24.76,3.3,23.22,72.2,13.97,80782.0,2024
puma,3604107,36,221194.0,51435.0,23.25,49.35,37.13,24.95,34.02,29.21,4.99,24.16,73.26,13.66,87038.0,2024
puma,3604108,36,211810.0,49090.0,23.18,54.19,33.95,17.96,38.46,30.33,6.26,20.66,76.21,8.52,86613.0,2024
puma,3604109,36,112952.0,38755.0,34.31,47.51,39.72,60.48,21.15,9.46,6.25,47.32,39.23,26.77,28580.0,2024
puma,3604110,36,135011.0,33228.0,24.61,54.76,31.83,52.56,11.79,9.66,23.3,37.01,39.45,25.4,35372.0,2024
puma,3604111,36,127516.0,32432.0,25.43,53.96,28.31,55.03,27.98,8.61,6.97,54.58,33.99,26.96,31111.0,2024
puma,3604112,36,197225.0,84056.0,42.62,59.34,25.35,84.72,6.71,6.63,1.1,62.07,25.0,22.17,26128.0,2024
puma,3604121,36,155522.0,36174.0,23.26,54.31,35.64,12.19,45.34,32.09,3.02,19.28,76.46,9.61,109001.0,2024
puma,3604165,36,195916.0,51892.0,26.49,52.64,38.65,16.34,45.54,27.84,3.25,16.44,79.62,11.54,102980.0,2024
puma,3604204,36,146986.0,56988.0,38.77,53.04,36.36,77.43,2.71,1.52,17.77,58.85,14.27,29.2,25400.0,2024
puma,3604205,36,131607.0,57805.0,43.92,48.99,43.52,82.1,1.05,0.73,15.82,64.46,11.43,30.68,23826.0,2024
puma,3604207,36,127686.0,56566.0,44.3,44.06,40.95,82.78,8.88,3.67,4.51,66.64,17.54,24.22,27321.0,2024
puma,3604208,36,97765.0,30558.0,31.26,64.55,29.54,60.91,12.31,16.88,8.58,49.61,35.59,16.59,38083.0,2024
puma,3604209,36,168884.0,58678.0,34.74,50.62,39.36,69.5,19.6,1.19,9.61,56.26,17.98,25.74,29260.0,2024
puma,3604210,36,127088.0,33608.0,26.44,65.22,31.68,55.47,20.82,13.83,9.48,39.01,29.89,12.32,39636.0,2024
puma,3604211,36,113929.0,38015.0,33.37,56.11,31.68,57.8,20.69,14.04,7.07,51.64,24.76,18.56,34479.0,2024
puma,3604212,36,158428.0,60356.0,38.1,64.84,30.03,78.14,3.14,3.79,14.78,21.67,26.44,17.5,40825.0,2024
puma,3604221,36,154955.0,40314.0,26.02,50.95,29.21,83.06,2.52,1.1,13.24,60.3,13.91,31.59,23985.0,2024
puma,3604263,36,177451.0,52465.0,29.57,52.83,35.21,76.26,2.89,1.82,18.77,61.0,13.8,31.75,23049.0,2024
puma,3604301,36,208119.0,43246.0,20.78,52.31,33.22,34.33,23.4,34.1,2.44,37.85,49.08,18.86,54545.0,2024
puma,3604302,36,128393.0,27326.0,21.28,51.31,39.22,28.49,33.11,27.21,5.09,25.99,65.84,14.42,82608.0,2024
puma,3604303,36,182837.0,35630.0,19.49,58.97,29.21,62.59,14.24,12.47,7.25,24.87,39.7,23.77,40468.0,2024
puma,3604304,36,112557.0,34037.0,30.24,47.52,31.58,71.75,14.67,8.58,3.56,45.22,31.13,20.55,34350.0,2024
puma,3604305,36,198737.0,75785.0,38.13,65.48,29.25,75.52,13.4,3.59,7.4,40.55,16.05,19.48,32007.0,2024
puma,3604306,36,120019.0,20583.0,17.15,54.02,35.17,30.95,26.59,32.32,3.9,19.52,67.07,9.87,84911.0,2024
puma,3604307,36,120461.0,48262.0,40.06,40.37,28.56,47.08,43.45,6.83,1.3,75.37,21.27,23.14,28044.0,2024
puma,3604308,36,109788.0,28347.0,25.82,62.84,29.18,66.72,13.2,11.15,5.66,17.01,41.38,16.23,42182.0,2024
puma,3604309,36,98347.0,33813.0,34.38,66.1,22.84,76.96,7.21,9.37,4.73,17.92,29.58,17.53,35265.0,2024
puma,3604310,36,124966.0,47460.0,37.98,62.38,27.1,18.69,50.1,22.57,8.13,58.26,34.77,17.13,33325.0,2024
puma,3604311,36,181185.0,100355.0,55.39,56.77,31.87,15.09,57.44,24.04,3.14,73.34,28.38,18.63,28117.0,2024
puma,3604312,36,196315.0,58001.0,29.54,53.72,31.2,22.8,51.12,22.64,1.73,69.37,26.05,21.11,28945.0,2024
puma,3604313,36,111396.0,61592.0,55.29,70.23,27.36,10.91,30.32,55.28,3.24,71.72,43.99,22.72,28007.0,2024
puma,3604314,36,154853.0,64207.0,41.46,63.62,28.76,49.02,28.33,17.69,4.18,43.51,32.71,19.08,35747.0,2024
puma,3604315,36,152473.0,74015.0,48.54,69.61,27.66,9.9,44.17,43.62,1.85,65.15,41.66,16.66,37616.0,2024
puma,3604316,36,101832.0,33009.0,32.42,61.02,26.15,80.73,6.35,1.9,10.88,25.12,21.1,25.08,30830.0,2024
puma,3604317,36,148116.0,70295.0,47.46,69.76,22.92,91.03,3.5,1.77,3.43,13.98,23.55,13.45,37081.0,2024
puma,3604318,36,181186.0,72515.0,40.02,74.56,17.82,78.2,11.92,6.63,2.95,24.17,30.09,10.23,43708.0,2024
puma,3604401,36,176862.0,65443.0,37.0,55.26,29.73,35.14,29.98,27.67,5.99,45.38,40.02,14.98,39308.0,2024
puma,3604402,36,124290.0,62204.0,50.05,40.5,35.58,36.01,49.31,11.99,1.46,52.96,40.34,11.69,42470.0,2024
puma,3604403,36,161589.0,92722.0,57.38,45.0,32.06,70.84,21.68,4.94,1.88,67.8,18.9,14.45,35093.0,2024
puma,3604404,36,167356.0,106167.0,63.44,43.45,36.12,54.23,41.12,2.07,2.49,67.62,21.98,15.72,32268.0,2024
puma,3604405,36,177081.0,70438.0,39.78,57.82,25.93,44.28,18.46,34.22,2.35,55.56,26.78,11.64,40330.0,2024
puma,3604406,36,123365.0,58600.0,47.5,68.02,21.78,20.04,54.4,21.26,3.45,45.22,52.67,11.78,52241.0,2024
puma,3604407,36,249029.0,145109.0,58.27,55.14,27.33,19.29,72.75,6.91,0.81,70.45,27.54,18.5,29484.0,2024
puma,3604408,36,151100.0,69642.0,46.09,69.95,24.53,31.76,55.85,8.76,3.49,53.86,41.28,12.92,37679.0,2024
puma,3604409,36,146302.0,75959.0,51.92,62.8,25.95,58.79,32.46,7.65,0.75,47.2,26.03,12.51,35951.0,2024
puma,3604410,36,136010.0,61422.0,45.16,69.88,22.43,72.94,19.37,6.26,1.3,28.06,19.49,11.53,37055.0,2024
puma,3604411,36,120166.0,50972.0,42.42,71.36,17.46,13.93,72.7,12.03,1.05,57.48,41.5,9.85,43738.0,2024
puma,3604412,36,253804.0,117034.0,46.11,66.19,30.93,72.51,21.9,1.12,4.29,34.52,21.45,12.73,37228.0,2024
puma,3604413,36,204843.0,92317.0,45.07,74.83,21.73,65.8,27.81,2.31,3.74,27.58,32.89,8.09,45844.0,2024
puma,3604414,36,131255.0,36874.0,28.09,63.58,27.73,66.57,11.87,12.61,8.35,35.3,24.56,17.22,35349.0,2024
puma,3604501,36,182594.0,49269.0,26.98,61.78,24.56,38.42,33.48,15.63,11.84,47.76,28.84,13.31,43398.0,2024
puma,3604502,36,141510.0,45351.0,32.05,71.32,20.51,12.95,50.13,29.26,6.99,51.74,35.43,11.59,43014.0,2024
puma,3604503,36,170852.0,32841.0,19.22,74.54,21.46,11.42,34.51,44.19,8.98,44.39,41.13,8.39,47931.0,2024
puma,3700100,37,133542.0,4366.0,3.27,41.48,34.86,60.31,13.08,18.12,3.11,44.22,33.76,18.51,28368.0,2024
puma,3700200,37,148534.0,7392.0,4.98,32.63,28.69,75.24,12.61,7.45,1.35,55.06,15.51,22.59,31303.0,2024
puma,3700300,37,137270.0,3709.0,2.7,47.61,18.17,71.18,13.67,8.25,5.9,54.17,18.83,21.77,37932.0,2024
puma,3700400,37,122823.0,5456.0,4.44,32.53,26.78,78.56,5.72,9.22,2.8,50.42,19.48,19.35,30592.0,2024
puma,3700500,37,116708.0,6900.0,5.91,40.42,33.93,71.29,11.62,9.22,6.55,49.47,25.72,21.45,32594.0,2024
puma,3700600,37,103309.0,2908.0,2.81,32.57,30.4,60.28,20.77,8.08,8.43,40.02,22.26,19.14,31795.0,2024
puma,3700700,37,119818.0,3013.0,2.51,49.72,31.43,44.67,25.85,19.55,2.99,38.7,28.82,8.98,35887.0,2024
puma,3700800,37,152405.0,4961.0,3.26,34.09,25.5,69.18,12.22,13.53,1.35,46.95,21.29,21.9,29137.0,2024
puma,3700900,37,144952.0,5448.0,3.76,38.69,23.33,74.19,18.21,3.34,2.77,38.94,22.7,11.77,39604.0,2024
puma,3701001,37,156887.0,10994.0,7.01,30.08,24.7,80.55,11.98,3.38,2.32,59.62,11.48,19.46,32258.0,2024
puma,3701101,37,177152.0,14630.0,8.26,42.67,26.88,74.43,9.54,9.28,5.58,44.54,20.76,18.04,37845.0,2024
puma,3701201,37,152107.0,17286.0,11.36,35.07,54.21,40.79,32.17,11.49,13.47,42.84,47.16,26.74,31747.0,2024
puma,3701202,37,142375.0,19778.0,13.89,38.77,48.99,45.91,22.03,15.39,13.79,34.71,43.57,13.62,36635.0,2024
puma,3701203,37,146103.0,18087.0,12.38,55.82,30.68,40.32,29.44,10.47,15.51,34.26,43.72,12.0,45744.0,2024
puma,3701204,37,152052.0,24662.0,16.22,46.07,32.34,63.02,16.87,2.98,15.66,58.37,21.6,15.05,37470.0,2024
puma,3701205,37,140403.0,14339.0,10.21,45.75,35.85,49.44,25.4,13.91,8.71,35.82,45.04,8.17,48003.0,2024
puma,3701206,37,141971.0,26479.0,18.65,52.93,40.43,13.38,65.05,9.92,8.56,20.02,75.13,3.94,85505.0,2024
puma,3701207,37,137031.0,26681.0,19.47,50.37,42.34,23.5,55.53,11.17,6.34,30.99,68.69,7.84,65192.0,2024
puma,3701208,37,166611.0,32463.0,19.48,52.73,42.94,11.73,68.89,11.43,4.69,22.71,77.85,4.01,100079.0,2024
puma,3701301,37,184179.0,28191.0,15.31,43.29,41.33,40.8,37.23,10.09,9.46,37.59,56.27,16.34,50467.0,2024
puma,3701302,37,148174.0,23089.0,15.58,30.36,44.64,65.17,11.89,7.87,12.95,57.27,30.36,16.47,35027.0,2024
puma,3701400,37,149678.0,19317.0,12.91,48.36,37.64,32.99,42.07,14.72,6.89,37.5,57.87,12.6,46720.0,2024
puma,3701500,37,145967.0,14885.0,10.2,31.57,28.73,72.75,13.84,10.0,2.1,51.58,26.91,20.03,36724.0,2024
puma,3701600,37,176893.0,16841.0,9.52,39.07,31.09,70.98,14.92,5.99,6.6,49.77,21.19,14.65,33673.0,2024
puma,3701701,37,138207.0,16978.0,12.28,48.13,43.32,25.29,28.21,11.04,32.89,41.41,37.68,19.2,36941.0,2024
puma,3701702,37,122593.0,15571.0,12.7,41.02,42.05,39.84,37.7,4.23,17.98,52.32,25.68,20.45,31973.0,2024
puma,3701703,37,143073.0,13752.0,9.61,54.17,36.46,34.01,32.82,13.61,16.99,32.8,49.72,8.42,49833.0,2024
puma,3701704,37,144067.0,18526.0,12.86,49.54,39.11,44.16,36.01,7.01,10.9,49.57,31.01,22.05,33933.0,2024
puma,3701801,37,110333.0,9790.0,8.87,31.77,36.4,64.66,20.61,6.12,7.64,49.04,26.47,28.85,32327.0,2024
puma,3701802,37,131920.0,17478.0,13.25,34.65,39.39,68.93,15.14,5.46,9.06,52.75,25.03,18.94,32114.0,2024
puma,3701803,37,147512.0,10537.0,7.14,52.33,29.4,51.48,27.38,14.67,4.15,34.75,40.14,11.16,41735.0,2024
puma,3701900,37,107941.0,5735.0,5.31,32.57,24.03,76.63,7.11,13.41,0.68,55.38,8.03,20.77,31421.0,2024
puma,3702000,37,116948.0,3539.0,3.03,39.62,30.23,65.95,18.48,12.57,0.11,43.36,24.77,12.74,31654.0,2024
puma,3702100,37,132612.0,6098.0,4.6,47.93,22.58,60.66,30.5,7.33,0.36,55.47,18.8,24.08,34009.0,2024
puma,3702201,37,134627.0,9631.0,7.15,46.65,30.85,50.38,19.33,20.55,5.06,42.45,34.86,17.67,29516.0,2024
puma,3702202,37,139781.0,8879.0,6.35,37.95,33.47,55.23,14.62,25.97,2.11,45.31,31.82,16.9,34293.0,2024
puma,3702300,37,106614.0,2567.0,2.41,48.89,26.65,57.34,15.62,22.2,1.71,36.19,19.89,11.49,34266.0,2024
puma,3702400,37,122884.0,5172.0,4.21,39.52,27.34,63.42,10.9,15.89,5.92,44.68,23.37,13.65,31993.0,2024
puma,3702500,37,152127.0,11259.0,7.4,42.11,28.89,66.19,10.82,17.01,2.38,52.87,20.73,22.31,32209.0,2024
puma,3702600,37,135866.0,4249.0,3.13,51.14,27.37,59.87,19.32,13.72,3.51,38.55,33.57,14.14,38891.0,2024
puma,3702700,37,142662.0,6926.0,4.85,45.68,28.18,61.45,17.31,15.33,0.32,49.09,19.6,15.23,35606.0,2024
puma,3702800,37,163573.0,11341.0,6.93,48.41,22.7,63.2,24.26,11.06,0.03,44.96,17.15,23.27,37110.0,2024
puma,3702900,37,170299.0,12728.0,7.47,48.78,35.18,51.59,29.76,10.83,4.53,42.32,36.18,18.59,40843.0,2024
puma,3703001,37,111761.0,5702.0,5.1,37.81,38.76,73.99,13.92,5.95,3.91,53.0,17.81,21.68,34034.0,2024
puma,3703002,37,123120.0,9249.0,7.51,47.38,37.01,64.98,19.65,5.97,5.81,50.48,31.8,21.09,34390.0,2024
puma,3703101,37,133339.0,23686.0,17.76,35.62,47.29,56.48,23.5,8.63,9.49,58.49,28.95,20.15,36831.0,2024
puma,3703102,37,128725.0,19948.0,15.5,31.07,41.91,70.19,12.61,1.83,15.26,69.45,16.22,19.33,33739.0,2024
puma,3703103,37,123272.0,29061.0,23.57,26.48,53.79,57.67,24.81,3.05,14.06,62.03,24.8,18.86,33334.0,2024
puma,3703104,37,155992.0,22241.0,14.26,47.04,48.35,31.65,38.2,22.87,4.61,31.98,59.98,6.24,54579.0,2024
puma,3703105,37,129779.0,26892.0,20.72,26.43,52.42,69.72,15.34,8.34,5.69,58.02,32.82,15.69,34937.0,2024
puma,3703106,37,182444.0,19493.0,10.68,50.77,37.2,34.69,39.32,13.88,9.37,33.05,51.82,6.8,50123.0,2024
puma,3703107,37,146091.0,25110.0,17.19,48.03,39.35,42.72,31.99,8.72,14.85,44.97,39.89,10.41,42924.0,2024
puma,3703108,37,155039.0,33882.0,21.85,44.77,42.57,41.8,37.44,8.81,9.8,37.12,49.15,7.21,50439.0,2024
puma,3703200,37,174507.0,21704.0,12.44,39.06,38.34,48.97,37.23,5.69,6.48,35.64,49.26,7.16,43710.0,2024
puma,3703300,37,126277.0,6714.0,5.32,47.75,29.77,46.13,38.0,8.56,4.54,38.58,38.23,13.08,39407.0,2024
puma,3703400,37,149875.0,9378.0,6.26,29.86,32.74,73.58,11.23,7.4,5.65,60.14,12.08,22.13,36107.0,2024
puma,3703500,37,173166.0,9690.0,5.6,49.43,24.55,69.42,21.0,6.17,0.8,47.9,13.06,15.65,34533.0,2024
puma,3703600,37,146348.0,9720.0,6.64,20.7,22.53,81.44,12.29,3.72,1.69,57.36,10.49,14.57,32497.0,2024
puma,3703700,37,130883.0,7380.0,5.64,49.99,27.52,57.45,18.66,14.31,3.16,41.13,30.17,13.02,39079.0,2024
puma,3703800,37,139150.0,9089.0,6.53,42.77,26.96,71.46,12.01,9.72,4.73,43.33,14.24,11.06,39019.0,2024
puma,3703900,37,108805.0,12371.0,11.37,21.3,33.52,93.09,2.86,3.46,0.46,60.5,7.67,26.28,32369.0,2024
puma,3704000,37,118652.0,9407.0,7.93,27.27,37.91,78.64,13.62,6.15,0.84,66.7,11.76,25.88,30099.0,2024
puma,3704101,37,113588.0,3846.0,3.39,42.2,28.37,69.06,18.49,9.36,2.5,47.08,17.69,18.06,31413.0,2024
puma,3704200,37,177193.0,10250.0,5.78,37.99,38.88,53.44,25.14,10.54,6.84,45.36,32.35,16.95,36942.0,2024
puma,3704300,37,171760.0,6244.0,3.64,60.39,25.99,42.38,30.35,21.11,2.02,38.9,27.19,17.57,36318.0,2024
puma,3704501,37,158539.0,7656.0,4.83,66.43,32.35,49.65,30.24,10.01,6.28,31.69,17.41,13.92,28531.0,2024
puma,3704601,37,127367.0,7246.0,5.69,34.79,32.56,60.79,19.32,15.21,2.06,40.13,34.24,18.44,41977.0,2024
puma,3704701,37,173412.0,9492.0,5.47,40.28,34.43,54.81,17.2,20.32,2.37,42.19,30.4,15.54,34305.0,2024
puma,3704800,37,152568.0,5482.0,3.59,58.59,14.94,51.08,17.99,24.55,1.97,40.39,32.28,11.83,36570.0,2024
puma,3704900,37,196608.0,9235.0,4.7,24.5,37.75,81.03,12.71,3.18,2.2,59.52,9.88,26.86,31631.0,2024
puma,3705001,37,108895.0,9016.0,8.28,52.09,45.13,42.26,30.94,10.67,13.6,26.5,40.44,13.56,37020.0,2024
puma,3705002,37,119701.0,5799.0,4.84,56.16,41.13,53.16,24.73,14.35,5.97,35.13,27.16,16.13,31642.0,2024
puma,3705003,37,109949.0,8073.0,7.34,61.12,33.93,51.94,26.45,12.42,7.69,29.05,30.81,15.92,35089.0,2024
puma,3705200,37,129769.0,6373.0,4.91,47.32,30.06,60.29,19.79,11.47,7.0,46.87,25.8,22.98,32069.0,2024
puma,3705301,37,120124.0,10692.0,8.9,32.41,31.2,81.25,8.28,6.86,3.18,59.26,13.59,17.36,36806.0,2024
puma,3705401,37,153123.0,20573.0,13.44,59.67,28.38,34.0,37.02,19.21,6.39,27.6,50.28,9.16,57369.0,2024
puma,3800100,38,110320.0,5922.0,5.37,39.63,53.77,44.55,19.0,5.1,22.56,37.93,35.76,12.74,41776.0,2024
puma,3800200,38,115827.0,3867.0,3.34,43.26,51.49,27.0,30.15,10.32,15.96,16.99,35.55,16.95,42992.0,2024
puma,3800300,38,134377.0,3733.0,2.78,40.26,57.27,16.69,27.65,18.08,25.23,24.08,39.16,24.31,33652.0,2024
puma,3800400,38,112892.0,2209.0,1.96,47.17,43.37,19.87,30.78,17.84,14.08,33.82,38.53,13.79,37328.0,2024
puma,3800500,38,118025.0,6362.0,5.39,38.64,59.18,18.64,32.68,12.04,25.57,24.35,44.6,20.8,36103.0,2024
puma,3800600,38,193400.0,14869.0,7.69,42.17,61.48,6.64,36.73,6.21,47.22,28.9,46.09,18.61,36441.0,2024
puma,3900100,39,165163.0,2344.0,1.42,34.17,40.96,58.96,25.64,10.79,0.17,29.16,47.3,10.67,40652.0,2024
puma,3900200,39,104121.0,1559.0,1.5,45.86,42.53,61.13,11.99,20.33,2.25,44.13,18.02,15.02,31118.0,2024
puma,3900301,39,138159.0,6859.0,4.96,76.99,23.28,13.24,57.47,14.05,8.19,23.28,61.87,5.9,68542.0,2024
puma,3900302,39,155030.0,6475.0,4.18,50.36,51.24,18.98,44.77,13.92,16.6,28.72,47.42,26.5,27078.0,2024
puma,3900303,39,112026.0,2939.0,2.62,44.44,28.89,58.05,25.11,6.7,8.06,46.6,24.67,38.0,28524.0,2024
puma,3900401,39,121575.0,2091.0,1.72,56.1,38.26,46.05,32.71,15.45,0.0,27.79,30.74,13.23,35478.0,2024
puma,3900500,39,132900.0,2572.0,1.94,30.37,56.77,48.37,30.83,12.4,6.73,47.18,31.46,26.01,25099.0,2024
puma,3900601,39,133726.0,3402.0,2.54,58.02,27.57,43.0,30.92,21.63,3.38,33.22,24.76,26.37,30576.0,2024
puma,3900602,39,183403.0,6535.0,3.56,64.62,30.04,14.25,40.95,35.91,3.24,16.3,50.82,9.1,46075.0,2024
puma,3900701,39,105174.0,8283.0,7.88,69.66,33.95,13.84,45.94,30.19,7.35,28.02,48.56,8.84,46719.0,2024
puma,3900702,39,140803.0,9929.0,7.05,58.64,35.78,11.09,43.69,36.35,5.84,32.83,46.03,15.42,41372.0,2024
puma,3900703,39,105303.0,8805.0,8.36,59.94,41.86,29.27,38.31,17.52,13.92,48.71,23.33,28.58,30196.0,2024
puma,3900704,39,123212.0,14008.0,11.37,65.83,36.68,10.94,27.83,52.27,8.4,53.13,28.38,9.08,31673.0,2024
puma,3900705,39,117952.0,11407.0,9.67,74.11,25.48,7.08,38.96,46.71,5.55,36.09,46.7,9.97,44976.0,2024
puma,3900706,39,103753.0,2649.0,2.55,56.47,44.55,27.22,23.1,23.97,17.63,37.94,27.11,28.39,37656.0,2024
puma,3900707,39,118338.0,9616.0,8.13,41.09,55.36,35.51,37.49,12.78,12.23,44.62,41.7,34.6,31525.0,2024
puma,3900708,39,144151.0,4736.0,3.29,46.2,62.23,15.73,36.61,15.75,28.48,33.48,45.77,43.17,30240.0,2024
puma,3900709,39,141782.0,7080.0,4.99,56.89,42.8,13.95,40.41,21.45,18.74,27.85,58.46,17.2,35058.0,2024
puma,3900710,39,145405.0,19217.0,13.22,65.67,33.38,8.35,49.9,31.57,8.56,32.9,70.24,5.79,62988.0,2024
puma,3900801,39,106475.0,4972.0,4.67,75.8,20.84,13.46,20.66,59.39,4.75,31.5,42.49,5.09,58292.0,2024
puma,3900802,39,125741.0,7464.0,5.94,60.95,29.09,44.45,26.17,26.74,1.06,47.86,30.47,9.34,47698.0,2024
puma,3900900,39,192562.0,4387.0,2.28,70.44,16.16,29.66,20.33,40.76,1.8,31.07,33.62,12.15,33624.0,2024
puma,3901001,39,129286.0,1055.0,0.82,77.91,20.28,21.33,23.32,50.33,1.42,17.63,21.63,7.89,40511.0,2024
puma,3901002,39,111979.0,1680.0,1.5,67.2,25.24,8.93,44.35,37.56,7.86,33.33,36.42,18.32,33802.0,2024
puma,3901003,39,186241.0,5045.0,2.71,58.08,42.74,32.55,37.4,19.92,6.2,35.99,37.64,24.23,26727.0,2024
puma,3901100,39,161956.0,5965.0,3.68,46.37,52.74,15.74,52.64,17.07,8.94,21.42,60.63,29.4,27391.0,2024
puma,3901201,39,120700.0,8987.0,7.45,61.5,34.13,8.27,61.62,20.31,5.12,28.45,63.64,9.49,64271.0,2024
puma,3901202,39,111361.0,7255.0,6.51,66.38,47.82,9.68,65.82,16.15,5.73,38.47,41.49,13.44,33326.0,2024
puma,3901203,39,191009.0,13071.0,6.84,42.68,56.44,21.57,53.32,9.72,14.31,57.46,22.42,30.05,28099.0,2024
puma,3901204,39,114794.0,2931.0,2.55,76.08,21.49,11.26,38.62,39.03,5.32,26.24,32.38,7.32,37094.0,2024
puma,3901300,39,183660.0,6100.0,3.32,67.39,27.2,14.2,25.16,48.54,4.31,24.38,38.75,8.69,42490.0,2024
puma,3901400,39,116588.0,3098.0,2.66,42.87,59.3,24.44,42.54,16.56,8.49,28.11,37.02,4.93,28679.0,2024
puma,3901500,39,133418.0,957.0,0.72,47.23,43.89,14.42,32.5,28.42,0.52,26.65,54.59,30.8,41563.0,2024
puma,3901600,39,125099.0,2061.0,1.65,64.34,27.17,24.75,33.82,29.4,2.77,28.09,33.58,12.42,25601.0,2024
puma,3901700,39,118079.0,1476.0,1.25,30.83,60.7,26.08,45.39,21.34,1.83,45.87,35.61,12.04,38409.0,2024
puma,3901800,39,132064.0,4964.0,3.76,51.37,39.56,26.71,45.41,15.45,3.99,29.09,56.07,13.04,49164.0,2024
puma,3901900,39,105341.0,2806.0,2.66,39.7,49.25,21.24,52.99,14.01,8.13,35.39,51.46,11.82,50140.0,2024
puma,3902000,39,101348.0,2394.0,2.36,55.26,43.61,34.21,34.88,10.78,16.92,31.62,46.57,13.85,37529.0,2024
puma,3902100,39,131018.0,1439.0,1.1,55.87,22.03,25.57,36.48,23.14,3.34,25.69,35.12,0.29,48731.0,2024
puma,3902200,39,140288.0,1351.0,0.96,48.19,32.57,23.76,42.78,13.92,11.47,37.02,27.05,18.65,32395.0,2024
puma,3902300,39,110296.0,3118.0,2.83,57.89,35.63,13.44,53.53,24.57,6.25,34.41,40.78,5.04,49969.0,2024
puma,3902400,39,135196.0,3535.0,2.61,34.48,47.64,59.58,19.8,15.84,3.73,51.55,19.41,24.91,31426.0,2024
puma,3902500,39,171878.0,5594.0,3.25,51.29,45.39,21.95,59.51,10.83,3.63,27.13,73.24,6.13,79268.0,2024
puma,3902600,39,163566.0,2199.0,1.34,52.61,32.29,27.06,45.25,22.1,3.27,37.43,22.89,14.79,25154.0,2024
puma,3902701,39,142259.0,3109.0,2.19,64.49,27.24,19.72,36.38,25.44,5.34,28.47,32.14,10.93,40134.0,2024
puma,3902702,39,134888.0,3624.0,2.69,49.86,32.45,25.83,32.67,29.36,7.42,29.57,33.59,13.94,31707.0,2024
puma,3902703,39,123225.0,1409.0,1.14,53.94,40.45,18.67,34.49,38.25,1.85,24.55,33.45,18.37,27813.0,2024
puma,3902800,39,165222.0,1722.0,1.04,52.67,24.91,35.54,29.85,22.59,1.97,29.44,34.3,15.41,37088.0,2024
puma,3902900,39,106691.0,2188.0,2.05,35.47,49.27,61.11,14.44,14.35,7.86,50.42,35.24,15.16,34709.0,2024
puma,3903000,39,131205.0,1287.0,0.98,56.64,24.94,34.89,40.71,18.88,3.03,29.44,32.16,15.93,30668.0,2024
puma,3903100,39,135597.0,917.0,0.68,45.04,35.44,26.83,39.91,20.17,2.4,31.3,26.91,6.56,38202.0,2024
puma,3903200,39,181837.0,8366.0,4.6,72.54,37.19,9.02,62.79,13.18,12.97,40.0,35.79,5.06,41108.0,2024
puma,3903301,39,106827.0,6472.0,6.06,53.79,42.06,9.67,68.46,9.73,6.71,25.94,75.62,4.49,72567.0,2024
puma,3903302,39,120007.0,15619.0,13.02,48.4,41.41,11.06,64.79,10.22,10.3,22.91,70.51,4.16,80818.0,2024
puma,3903401,39,122635.0,15802.0,12.89,64.16,39.45,10.76,50.91,10.0,24.62,35.24,36.05,6.55,41796.0,2024
puma,3903402,39,127598.0,26390.0,20.68,53.18,52.39,18.84,25.81,2.36,52.43,37.16,23.85,23.26,32316.0,2024
puma,3903403,39,112536.0,16043.0,14.26,37.11,58.5,21.85,44.25,7.02,25.29,38.03,58.25,19.97,37460.0,2024
puma,3903404,39,113813.0,20370.0,17.9,50.65,43.74,13.73,66.74,8.3,9.23,33.19,64.93,8.72,65965.0,2024
puma,3903405,39,134889.0,16461.0,12.2,54.16,48.85,25.43,45.87,9.45,15.86,40.29,56.94,12.98,47109.0,2024
puma,3903406,39,100841.0,8287.0,8.22,38.25,60.01,17.74,54.33,15.0,9.16,21.97,69.03,28.23,32292.0,2024
puma,3903407,39,109095.0,17815.0,16.33,50.51,51.07,34.35,10.88,1.23,53.02,50.41,15.84,29.76,30359.0,2024
puma,3903408,39,130335.0,15516.0,11.9,46.56,49.16,36.59,20.44,6.69,35.22,55.42,20.58,18.09,35444.0,2024
puma,3903409,39,167357.0,13661.0,8.16,50.91,42.66,23.18,20.97,3.69,51.22,47.89,32.86,14.86,39026.0,2024
puma,3903410,39,108939.0,13276.0,12.19,35.25,51.63,51.57,13.14,7.03,28.13,65.64,16.7,26.65,31292.0,2024
puma,3903411,39,105010.0,10040.0,9.56,47.97,42.73,41.44,24.55,9.91,22.05,50.08,28.47,20.05,36487.0,2024
puma,3903500,39,163453.0,7023.0,4.3,66.04,46.5,14.54,47.39,11.48,22.94,39.81,33.05,9.46,40501.0,2024
puma,3903600,39,169650.0,8014.0,4.72,61.69,40.38,12.85,56.06,16.85,10.49,23.94,51.98,11.62,41525.0,2024
puma,3903701,39,129654.0,5069.0,3.91,68.06,32.45,18.13,40.88,17.56,19.04,36.28,34.77,11.07,39330.0,2024
puma,3903702,39,108615.0,5217.0,4.8,39.2,42.63,27.05,51.49,10.12,7.32,44.61,37.65,17.52,44083.0,2024
puma,3903703,39,165521.0,9001.0,5.44,39.1,50.89,31.43,31.56,10.31,25.77,48.69,22.83,39.59,23225.0,2024
puma,3903704,39,132306.0,9280.0,7.01,59.75,41.57,19.45,46.54,16.66,14.13,27.1,56.55,14.85,47197.0,2024
puma,3903801,39,128664.0,5477.0,4.26,30.58,52.05,38.52,41.81,8.0,7.36,45.24,49.02,25.33,30201.0,2024
puma,3903802,39,137543.0,12614.0,9.17,42.21,50.82,38.87,30.66,7.06,19.49,58.49,20.28,16.14,36964.0,2024
puma,3903803,39,126669.0,13528.0,10.68,58.21,42.02,21.05,54.85,8.66,12.63,40.51,42.95,10.19,47802.0,2024
puma,3903901,39,120794.0,15642.0,12.95,47.62,48.91,13.05,69.95,10.11,3.62,26.54,72.77,5.99,81295.0,2024
puma,3903902,39,129214.0,6996.0,5.41,58.76,35.71,16.42,56.07,20.88,3.43,22.28,67.81,2.59,71417.0,2024
puma,3904000,39,114405.0,1698.0,1.48,30.33,45.11,53.71,19.43,14.49,5.59,41.74,20.59,30.57,27107.0,2024
puma,3904100,39,116921.0,1166.0,1.0,70.58,36.19,17.5,54.46,19.13,8.49,38.16,30.62,19.15,42478.0,2024
puma,3904200,39,142611.0,3138.0,2.2,40.22,57.65,12.49,56.09,15.55,11.12,29.11,68.78,25.01,25294.0,2024
puma,3904300,39,118537.0,1051.0,0.89,59.37,42.63,13.7,56.61,20.46,0.19,26.26,54.71,11.66,28625.0,2024
puma,3904400,39,127211.0,1218.0,0.96,46.96,32.27,25.53,46.06,17.0,1.48,22.58,33.87,17.04,36103.0,2024
puma,3904501,39,115478.0,1170.0,1.01,54.7,41.88,30.17,22.14,30.43,3.16,20.43,42.77,17.38,41058.0,2024
puma,3904602,39,139548.0,4020.0,2.88,51.59,44.73,26.22,44.03,19.2,7.06,28.34,52.2,9.65,46035.0,2024
puma,3904701,39,106994.0,7740.0,7.23,55.67,40.03,17.05,47.74,23.98,7.05,22.36,68.18,4.07,71646.0,2024
puma,3904702,39,107476.0,9655.0,8.98,38.22,53.44,30.57,41.05,7.03,18.08,37.19,56.2,9.17,53246.0,2024
puma,3904703,39,149280.0,8456.0,5.66,53.12,46.04,30.55,33.38,11.07,22.43,43.54,30.65,10.92,40675.0,2024
puma,3904704,39,117910.0,2989.0,2.53,57.81,41.28,14.15,27.87,24.96,30.41,27.68,38.29,14.05,42092.0,2024
puma,3904705,39,116019.0,8909.0,7.68,37.59,59.77,34.28,11.03,4.57,49.07,67.8,24.41,23.21,35010.0,2024
puma,3904706,39,125458.0,9398.0,7.49,34.56,66.0,26.93,42.89,16.02,12.62,29.26,64.22,27.52,35761.0,2024
puma,3904707,39,107637.0,4849.0,4.5,43.51,44.75,34.32,34.19,18.19,9.84,37.16,58.1,19.22,56078.0,2024
puma,4020100,40,108703.0,9442.0,8.69,26.3,39.5,84.92,5.77,2.73,5.63,59.51,14.1,15.65,36423.0,2024
puma,4020200,40,120799.0,5313.0,4.4,37.76,29.64,55.47,13.27,5.68,1.24,53.08,7.77,12.5,35267.0,2024
puma,4020300,40,115118.0,2779.0,2.41,54.16,29.72,43.9,36.99,13.06,2.12,36.81,33.69,15.26,31580.0,2024
puma,4020400,40,108045.0,2948.0,2.73,54.38,26.15,42.74,34.43,16.86,2.54,37.53,24.22,10.56,40292.0,2024
puma,4020500,40,125526.0,2294.0,1.83,49.22,25.46,37.58,37.62,10.94,2.88,46.33,18.05,19.96,25497.0,2024
puma,4020600,40,107377.0,2896.0,2.7,43.75,24.48,63.36,23.0,8.77,2.11,44.61,17.31,19.72,30677.0,2024
puma,4020700,40,153053.0,6205.0,4.05,49.83,28.24,60.15,20.18,9.65,7.37,38.79,20.61,17.8,35450.0,2024
puma,4020801,40,129492.0,12823.0,9.9,23.04,35.97,84.61,9.26,3.23,0.51,67.71,7.79,24.16,30615.0,2024
puma,4020802,40,114964.0,5038.0,4.38,35.35,39.32,48.09,20.68,16.79,6.97,37.87,30.39,14.05,31983.0,2024
puma,4020803,40,147923.0,23528.0,15.91,28.24,44.1,75.26,15.87,3.39,4.34,61.36,13.92,19.9,32258.0,2024
puma,4020804,40,164267.0,16935.0,10.31,47.26,49.77,28.75,48.41,10.89,9.76,40.1,37.82,11.17,38412.0,2024
puma,4020805,40,124148.0,9260.0,7.46,54.89,34.15,40.21,41.16,10.21,5.91,40.51,31.28,11.07,38694.0,2024
puma,4020900,40,109729.0,1802.0,1.64,47.0,18.37,61.49,26.47,6.33,1.72,45.17,17.21,11.73,38134.0,2024
puma,4021000,40,111122.0,1994.0,1.79,48.19,24.42,58.02,20.16,16.7,0.6,36.35,17.19,20.78,30258.0,2024
puma,4021100,40,134910.0,7202.0,5.34,27.1,51.07,31.1,48.07,10.05,8.12,38.38,54.97,21.12,31312.0,2024
puma,4021200,40,107682.0,1832.0,1.7,47.71,25.66,39.57,27.18,17.9,6.33,30.1,20.95,13.77,31528.0,2024
puma,4021301,40,145918.0,10534.0,7.22,59.68,33.16,40.97,48.73,5.54,2.03,51.29,30.5,7.65,40791.0,2024
puma,4021302,40,154129.0,9397.0,6.1,41.33,48.9,32.97,42.32,11.37,9.55,31.95,50.02,19.23,34375.0,2024
puma,4021401,40,173488.0,17464.0,10.07,49.26,34.53,49.38,36.11,4.62,8.74,43.71,33.46,10.28,37739.0,2024
puma,4021402,40,167076.0,12866.0,7.7,54.06,42.79,23.32,50.68,6.5,12.13,28.3,60.23,8.41,44348.0,2024
puma,4021403,40,122430.0,4349.0,3.55,54.17,28.05,49.67,31.09,8.14,4.46,37.13,25.34,17.18,29424.0,2024
puma,4021404,40,108941.0,9387.0,8.62,35.92,38.32,40.89,33.62,8.48,14.61,51.5,34.86,14.76,32706.0,2024
puma,4021405,40,109630.0,22060.0,20.12,27.19,30.01,87.78,7.69,1.4,2.03,67.36,9.27,19.85,32652.0,2024
puma,4021406,40,124634.0,21111.0,16.94,30.58,27.54,85.79,8.83,2.85,0.97,64.82,8.25,18.13,32465.0,2024
puma,4021500,40,168985.0,9093.0,5.38,58.15,27.39,43.71,38.72,8.5,7.37,43.24,27.37,12.87,34646.0,2024
puma,4021600,40,135535.0,5707.0,4.21,41.62,25.37,76.34,14.02,6.01,1.63,53.18,10.67,17.19,31208.0,2024
puma,4021700,40,127310.0,7114.0,5.59,53.11,30.57,28.14,34.68,22.58,8.07,28.31,27.2,16.47,32243.0,2024
puma,4021800,40,127739.0,3944.0,3.09,41.56,27.31,70.46,10.24,11.82,5.35,41.88,10.1,18.85,33449.0,2024
puma,4021900,40,121500.0,3828.0,3.15,44.57,27.19,62.43,21.94,9.12,2.64,55.47,18.18,18.79,32550.0,2024
puma,4022000,40,132257.0,3429.0,2.59,36.86,30.77,65.44,16.48,10.12,4.43,46.48,20.58,14.4,35560.0,2024
puma,4022100,40,126204.0,3641.0,2.89,36.47,29.03,62.37,17.77,8.84,0.96,54.46,10.27,16.61,31085.0,2024
puma,4100301,41,108445.0,9777.0,9.02,40.67,44.63,21.87,50.14,17.99,3.19,32.23,58.17,28.59,32626.0,2024
puma,4100501,41,109039.0,13353.0,12.25,65.28,25.73,24.81,42.97,22.48,6.52,40.79,34.83,11.03,44020.0,2024
puma,4100502,41,100075.0,7578.0,7.57,52.65,17.76,45.45,20.45,23.59,3.87,37.41,23.74,6.66,43954.0,2024
puma,4100503,41,106904.0,5440.0,5.09,52.96,12.81,51.27,17.81,20.15,0.33,37.3,22.09,9.82,40204.0,2024
puma,4100504,41,107957.0,10812.0,10.02,61.87,31.66,12.5,54.17,20.85,5.18,26.95,72.61,5.38,71825.0,2024
puma,4101701,41,116655.0,5758.0,4.94,46.65,33.69,41.87,17.8,24.8,4.06,28.88,37.67,9.8,50165.0,2024
puma,4101702,41,141159.0,6943.0,4.92,44.61,21.99,62.06,10.67,17.56,1.27,41.54,25.98,9.95,34672.0,2024
puma,4101900,41,112072.0,3150.0,2.81,64.89,14.13,31.71,21.21,26.16,0.98,33.71,19.67,10.51,31803.0,2024
puma,4102901,41,113067.0,6479.0,5.73,44.78,29.16,65.53,15.68,11.38,0.48,35.42,28.84,10.71,40351.0,2024
puma,4102902,41,109578.0,5341.0,4.87,54.35,19.7,47.82,16.7,23.44,1.91,34.15,32.87,11.98,39959.0,2024
puma,4103903,41,157321.0,10441.0,6.64,49.51,31.38,38.59,33.89,16.89,5.39,33.48,42.62,19.82,35487.0,2024
puma,4103904,41,114069.0,6892.0,6.04,42.59,30.77,48.61,27.42,12.26,4.15,36.89,31.35,12.17,36317.0,2024
puma,4103905,41,112817.0,3509.0,3.11,67.14,17.24,31.4,29.52,18.98,5.79,30.91,35.75,6.64,39014.0,2024
puma,4104301,41,118564.0,5442.0,4.59,41.9,22.62,58.69,19.39,13.1,3.07,51.93,18.55,16.75,37129.0,2024
puma,4104703,41,111204.0,19832.0,17.83,32.25,28.17,74.85,8.73,8.97,2.09,66.85,7.28,18.84,32037.0,2024
puma,4104704,41,115043.0,10914.0,9.49,51.63,23.85,56.61,22.0,10.33,3.74,40.75,24.5,12.13,40857.0,2024
puma,4104705,41,122997.0,17104.0,13.91,34.24,20.56,85.96,5.91,4.79,0.86,66.4,9.61,14.64,34820.0,2024
puma,4105101,41,123478.0,10844.0,8.78,51.43,25.63,41.02,23.17,12.25,13.75,38.14,37.56,16.1,42014.0,2024
puma,4105102,41,123103.0,24265.0,19.71,52.82,34.37,30.96,44.24,13.89,5.29,62.3,14.62,18.43,32345.0,2024
puma,4105103,41,115725.0,12929.0,11.17,67.14,22.35,14.97,56.77,18.42,3.12,47.9,36.84,15.9,36460.0,2024
puma,4105105,41,123271.0,10885.0,8.83,61.76,27.36,25.26,42.88,21.19,4.32,32.87,53.27,13.36,47312.0,2024
puma,4105114,41,147100.0,16464.0,11.19,61.81,31.09,14.64,47.25,26.35,5.42,17.89,77.02,12.13,64910.0,2024
puma,4105116,41,168800.0,29072.0,17.22,50.29,29.37,41.89,27.44,19.71,7.82,52.79,19.63,13.26,39743.0,2024
puma,4105901,41,101593.0,4880.0,4.8,38.98,25.53,71.5,7.27,6.68,2.97,38.31,14.14,16.79,33378.0,2024
puma,4106501,41,104244.0,13684.0,13.13,30.67,22.23,87.55,4.33,4.85,1.12,63.4,10.07,11.43,36481.0,2024
puma,4106720,41,123047.0,16307.0,13.25,57.5,25.28,37.66,39.07,13.88,3.82,36.78,40.08,9.63,40867.0,2024
puma,4106721,41,125944.0,25133.0,19.96,46.47,36.44,29.67,56.28,8.92,1.58,32.79,60.68,9.55,67727.0,2024
puma,4106722,41,123616.0,23925.0,19.35,41.72,41.32,41.81,42.91,7.79,4.43,39.14,45.33,7.11,51838.0,2024
puma,4106723,41,115816.0,26190.0,22.61,56.98,30.86,29.98,52.91,9.22,5.56,40.74,44.88,8.45,48251.0,2024
puma,4106724,41,115524.0,18747.0,16.23,48.41,34.43,34.32,39.97,18.3,4.11,35.72,47.43,11.51,44388.0,2024
puma,4107100,41,108734.0,9155.0,8.42,40.29,26.89,67.84,15.58,11.65,0.79,49.3,23.03,7.34,37668.0,2024
puma,4109000,41,122352.0,5098.0,4.17,45.29,27.25,46.68,16.89,23.66,3.55,39.43,23.69,16.42,41744.0,2024
puma,4109100,41,176387.0,7332.0,4.16,57.52,20.1,37.73,17.01,28.96,4.06,28.11,19.73,13.89,30973.0,2024
puma,4109200,41,117967.0,6105.0,5.18,43.47,19.77,73.94,7.57,11.7,1.85,47.3,14.52,16.61,31611.0,2024
puma,4109300,41,140626.0,8587.0,6.11,51.92,22.0,49.74,20.88,19.96,2.55,45.87,21.91,13.6,36280.0,2024
puma,4200111,42,154276.0,10525.0,6.82,55.16,52.99,11.38,44.66,26.44,15.86,43.92,32.52,23.24,29532.0,2024
puma,4200112,42,114776.0,2559.0,2.23,52.17,34.74,10.24,45.84,34.9,2.03,24.81,50.18,13.47,42560.0,2024
puma,4200200,42,120636.0,1430.0,1.19,67.48,25.8,23.71,39.58,26.85,2.66,21.08,33.33,14.37,23106.0,2024
puma,4200300,42,169660.0,2736.0,1.61,42.4,28.95,38.63,27.6,20.03,6.62,31.09,21.51,18.73,24766.0,2024
puma,4200400,42,144910.0,2420.0,1.67,62.85,36.28,30.04,26.03,31.49,8.84,31.74,33.13,13.09,33210.0,2024
puma,4200500,42,111883.0,7202.0,6.44,75.33,14.63,27.28,14.47,53.03,2.04,30.17,38.05,10.2,40783.0,2024
puma,4200600,42,167515.0,18819.0,11.23,73.8,16.02,50.26,17.45,25.2,6.18,31.18,27.28,10.09,41220.0,2024
puma,4200701,42,111025.0,11311.0,10.19,44.2,53.8,48.76,36.6,8.23,4.91,55.03,23.82,22.46,29885.0,2024
puma,4200702,42,131088.0,3689.0,2.81,60.67,27.6,21.28,44.56,29.74,1.92,21.25,40.94,8.4,41937.0,2024
puma,4200801,42,129056.0,4533.0,3.51,58.57,36.66,36.77,27.77,26.25,5.05,33.2,37.19,13.31,30494.0,2024
puma,4200802,42,137435.0,24915.0,18.13,42.0,52.61,86.07,6.31,4.93,2.26,64.13,15.04,22.74,30602.0,2024
puma,4200803,42,126546.0,3917.0,3.1,63.59,30.0,54.0,18.82,24.28,0.56,31.73,37.28,10.84,35917.0,2024
puma,4200900,42,151287.0,2347.0,1.55,54.45,29.23,22.03,32.55,29.57,4.86,24.05,35.85,8.08,31641.0,2024
puma,4201000,42,108663.0,2455.0,2.26,51.16,46.27,38.98,32.55,17.84,6.97,25.89,50.52,14.43,40234.0,2024
puma,4201100,42,151544.0,3436.0,2.27,40.51,37.54,39.93,30.12,14.78,6.96,32.51,29.63,10.72,38888.0,2024
puma,4201200,42,158576.0,12608.0,7.95,34.57,63.63,12.96,61.6,17.17,5.53,28.45,75.49,27.65,33520.0,2024
puma,4201300,42,137559.0,1113.0,0.81,46.18,44.83,21.38,41.51,23.09,10.24,24.73,46.37,20.12,36318.0,2024
puma,4201400,42,109257.0,1933.0,1.77,70.72,25.19,22.92,31.76,34.87,2.22,25.65,27.82,13.15,32911.0,2024
puma,4201511,42,113903.0,1360.0,1.19,65.81,20.88,18.6,27.35,34.85,4.34,30.57,27.67,11.14,35565.0,2024
puma,4201512,42,137445.0,2845.0,2.07,65.83,26.4,36.41,17.33,32.2,8.01,32.71,24.14,14.01,37528.0,2024
puma,4201600,42,197254.0,4774.0,2.42,54.48,36.87,19.23,46.9,24.57,4.25,30.98,57.43,9.18,53811.0,2024
puma,4201701,42,197009.0,21922.0,11.13,38.34,59.13,15.34,51.24,18.78,11.16,24.46,78.4,20.58,43197.0,2024
puma,4201702,42,111069.0,7263.0,6.54,51.84,43.7,24.47,37.89,24.58,10.41,32.56,50.8,15.19,37470.0,2024
puma,4201801,42,114835.0,6408.0,5.58,50.95,43.52,22.1,45.07,18.95,6.71,32.2,51.75,10.28,47315.0,2024
puma,4201802,42,162893.0,10367.0,6.36,55.45,36.54,8.62,56.95,24.15,2.33,21.12,77.69,5.99,94005.0,2024
puma,4201803,42,126661.0,6453.0,5.09,49.08,41.73,15.82,47.14,28.05,6.68,29.63,67.8,5.96,59783.0,2024
puma,4201804,42,169977.0,7289.0,4.29,66.8,33.67,30.26,38.3,17.41,11.62,24.89,51.41,14.75,48030.0,2024
puma,4201805,42,107866.0,1818.0,1.69,52.04,51.6,31.68,38.78,19.14,7.65,48.68,23.1,22.4,27656.0,2024
puma,4201806,42,128678.0,12292.0,9.55,47.89,60.63,9.71,64.29,12.95,11.71,40.18,59.03,11.7,51516.0,2024
puma,4201807,42,119189.0,7806.0,6.55,61.79,41.42,9.04,65.53,18.55,5.32,28.05,62.89,4.75,66780.0,2024
puma,4201900,42,147664.0,2499.0,1.69,39.62,51.5,18.65,38.5,15.85,20.73,23.71,46.52,31.4,25291.0,2024
puma,4202011,42,112690.0,2546.0,2.26,72.0,23.68,16.81,39.04,26.67,14.06,24.0,57.79,11.01,53750.0,2024
puma,4202012,42,122363.0,2531.0,2.07,60.17,39.04,28.41,38.48,25.76,3.52,30.48,48.35,8.5,44701.0,2024
puma,4202013,42,117447.0,1713.0,1.46,69.88,30.88,16.4,31.58,31.23,15.94,24.75,41.98,11.54,37736.0,2024
puma,4202100,42,131538.0,1486.0,1.13,59.29,41.12,23.35,48.72,22.01,2.15,28.81,45.2,29.1,36597.0,2024
puma,4202200,42,164930.0,2236.0,1.36,48.39,43.78,25.54,43.16,20.26,8.23,35.96,40.07,17.77,33144.0,2024
puma,4202301,42,145361.0,5378.0,3.7,47.79,52.58,19.06,37.17,27.89,14.0,43.87,36.81,10.74,41991.0,2024
puma,4202302,42,169201.0,15567.0,9.2,55.37,41.35,10.06,62.86,11.22,12.96,27.68,57.94,8.47,56213.0,2024
puma,4202401,42,174098.0,21431.0,12.31,53.58,51.74,25.19,52.48,7.08,14.9,49.58,26.43,12.49,35891.0,2024
puma,4202402,42,115495.0,6975.0,6.04,51.61,43.64,32.2,45.78,13.18,6.97,30.4,40.63,13.83,40829.0,2024
puma,4202500,42,144186.0,6272.0,4.35,63.47,34.57,47.8,30.5,13.68,5.64,42.51,25.0,9.04,33525.0,2024
puma,4202600,42,143558.0,3945.0,2.75,54.42,33.66,56.15,21.5,16.78,2.61,43.72,21.91,21.67,32544.0,2024
puma,4202701,42,130713.0,9424.0,7.21,69.81,34.61,52.28,18.25,19.97,7.26,40.93,30.34,8.22,41947.0,2024
puma,4202702,42,151695.0,27004.0,17.8,40.77,47.37,90.37,3.51,2.81,2.62,68.64,15.3,24.47,29745.0,2024
puma,4202703,42,150607.0,5747.0,3.82,71.69,27.77,40.33,23.93,22.08,10.18,30.28,31.64,12.72,42729.0,2024
puma,4202801,42,134725.0,9283.0,6.89,64.01,28.89,28.57,36.93,25.14,7.59,26.14,52.43,5.91,51415.0,2024
puma,4202802,42,163487.0,15912.0,9.73,62.81,30.88,34.01,37.74,13.93,12.12,36.38,44.19,9.86,39139.0,2024
puma,4202803,42,125976.0,30275.0,24.03,46.4,49.67,81.08,11.46,2.85,4.32,66.92,15.63,20.51,30628.0,2024
puma,4202901,42,182125.0,18906.0,10.38,58.51,32.14,51.46,24.25,16.72,6.15,34.85,40.82,10.81,40053.0,2024
puma,4202902,42,156441.0,10195.0,6.52,68.11,27.53,38.61,29.52,23.29,4.45,40.81,39.32,5.71,43534.0,2024
puma,4203011,42,108106.0,5055.0,4.68,56.66,29.22,32.9,30.96,24.35,8.9,36.67,39.57,8.88,48776.0,2024
puma,4203012,42,118120.0,10907.0,9.23,71.06,27.49,15.38,41.77,34.83,4.83,26.18,65.32,6.65,74830.0,2024
puma,4203013,42,138532.0,16723.0,12.07,74.55,24.37,8.53,35.95,49.43,3.25,33.48,62.64,6.89,68856.0,2024
puma,4203014,42,135872.0,20685.0,15.22,61.07,36.02,23.36,45.24,24.35,6.52,48.68,44.72,12.96,41973.0,2024
puma,4203015,42,146831.0,14254.0,9.71,64.56,28.39,27.7,35.51,24.51,11.12,39.04,42.49,11.45,52969.0,2024
puma,4203111,42,124433.0,9530.0,7.66,56.12,34.56,21.39,52.63,17.05,7.53,26.91,58.69,12.39,52338.0,2024
puma,4203112,42,107252.0,6428.0,5.99,63.64,28.13,36.03,39.87,14.3,7.34,38.09,47.38,8.39,54583.0,2024
puma,4203113,42,106203.0,18246.0,17.18,63.53,32.11,10.58,68.68,9.98,9.16,46.67,52.09,9.23,44752.0,2024
puma,4203114,42,150678.0,18445.0,12.24,51.01,34.28,38.79,39.83,12.9,7.44,40.87,48.33,11.24,46347.0,2024
puma,4203115,42,143231.0,17845.0,12.46,61.48,29.26,17.36,52.42,23.61,4.58,35.19,58.12,6.98,53207.0,2024
puma,4203116,42,110372.0,16160.0,14.64,61.14,30.46,13.95,55.56,19.36,6.97,22.37,74.07,7.26,74453.0,2024
puma,4203117,42,125404.0,12951.0,10.33,63.14,30.69,29.2,39.71,21.13,8.57,37.39,47.13,11.96,47592.0,2024
puma,4203216,42,146446.0,7996.0,5.46,59.99,32.62,32.53,26.29,17.68,19.4,23.76,53.92,13.24,42339.0,2024
puma,4203221,42,140701.0,36425.0,25.89,62.02,37.95,9.62,43.37,40.45,6.42,60.27,39.02,12.95,37048.0,2024
puma,4203222,42,185606.0,48826.0,26.31,50.56,45.56,48.45,32.19,10.59,8.75,61.81,18.62,22.36,30816.0,2024
puma,4203223,42,98069.0,19737.0,20.13,49.44,42.95,43.02,39.32,8.45,8.9,65.86,20.92,24.04,24870.0,2024
puma,4203224,42,146819.0,18454.0,12.57,51.3,37.76,60.35,27.49,1.71,9.91,46.66,16.94,22.11,30751.0,2024
puma,4203225,42,133177.0,16228.0,12.19,41.56,42.73,72.97,18.91,0.68,5.8,73.04,11.82,33.31,24393.0,2024
puma,4203227,42,156467.0,12337.0,7.88,54.52,43.07,40.72,22.06,4.68,32.2,34.64,32.73,18.54,35119.0,2024
puma,4203228,42,170402.0,14760.0,8.66,44.23,41.17,36.07,32.59,18.28,11.93,51.74,40.96,23.22,33406.0,2024
puma,4203229,42,123257.0,21576.0,17.5,42.49,54.34,19.77,37.6,8.41,32.26,42.08,39.33,27.01,32273.0,2024
puma,4203230,42,140361.0,19151.0,13.64,54.95,36.89,12.63,51.45,26.75,5.01,24.82,78.95,11.62,73587.0,2024
puma,4203231,42,138401.0,24156.0,17.45,52.28,31.67,23.17,58.91,10.51,5.97,59.95,30.82,25.77,27240.0,2024
puma,4203311,42,162992.0,16638.0,10.21,68.9,28.16,9.27,54.74,27.18,5.54,32.38,61.32,6.69,54345.0,2024
puma,4203312,42,162557.0,28771.0,17.7,59.95,42.78,25.35,34.74,6.78,33.02,42.16,31.11,16.69,38955.0,2024
puma,4203313,42,148703.0,11061.0,7.44,58.46,42.79,28.84,21.2,11.7,36.85,42.26,30.23,19.63,38552.0,2024
puma,4203314,42,104970.0,8554.0,8.15,66.95,27.51,7.48,61.05,24.85,2.45,25.93,61.79,4.18,69528.0,2024
puma,4203411,42,103525.0,8575.0,8.28,61.66,27.23,9.5,62.38,19.44,4.63,19.15,78.87,1.69,105872.0,2024
puma,4203412,42,107200.0,18141.0,16.92,46.52,45.95,13.27,63.05,14.99,4.56,25.29,74.07,7.27,81760.0,2024
puma,4203413,42,126056.0,11239.0,8.92,53.18,42.26,14.19,55.82,20.65,6.89,20.15,73.09,4.27,81164.0,2024
puma,4203414,42,103923.0,6070.0,5.84,46.59,32.03,45.47,27.94,17.5,6.03,35.24,45.97,7.43,60283.0,2024
puma,4203415,42,107136.0,11122.0,10.38,49.21,25.71,66.55,18.39,10.79,2.35,44.56,32.62,14.02,40281.0,2024
puma,4203501,42,122652.0,14020.0,11.43,56.33,49.54,47.95,23.1,6.46,20.84,53.4,32.05,16.01,32492.0,2024
puma,4203502,42,116717.0,3465.0,2.97,61.79,39.6,32.29,33.07,26.12,5.25,35.31,35.42,4.43,44908.0,2024
puma,4203503,42,177498.0,5357.0,3.02,68.17,24.19,34.68,21.02,38.96,4.01,36.84,23.13,8.54,40847.0,2024
puma,4203504,42,141064.0,9591.0,6.8,69.18,34.5,23.21,49.93,14.7,7.55,37.11,39.22,4.36,44718.0,2024
puma,4203601,42,174954.0,11781.0,6.73,52.71,39.19,54.27,26.32,8.44,9.94,44.9,32.41,15.83,37145.0,2024
puma,4203602,42,133683.0,3217.0,2.41,64.81,36.4,28.54,21.88,34.38,13.27,44.11,31.52,14.55,40282.0,2024
puma,4203603,42,154287.0,4204.0,2.72,66.37,26.02,43.7,22.74,22.12,9.13,28.63,30.26,8.31,41994.0,2024
puma,4203701,42,132344.0,4720.0,3.57,51.29,32.58,54.81,19.51,20.57,3.54,46.96,23.78,16.88,37160.0,2024
puma,4203702,42,131150.0,5090.0,3.88,39.25,46.82,57.72,19.16,12.97,6.64,38.18,23.38,8.45,43188.0,2024
puma,4203800,42,134843.0,1642.0,1.22,56.76,29.84,34.1,31.67,27.16,0.73,36.54,22.57,17.09,38889.0,2024
puma,4203900,42,125997.0,1619.0,1.28,50.71,44.04,21.56,28.29,22.98,25.02,28.34,26.29,19.48,34484.0,2024
puma,4204011,42,136892.0,3835.0,2.8,57.73,38.8,25.81,43.42,20.99,7.01,31.19,48.8,7.47,49706.0,2024
puma,4204012,42,107985.0,1518.0,1.41,48.22,59.16,46.44,23.06,18.71,10.61,35.46,15.69,32.83,30583.0,2024
puma,4400103,44,191767.0,64305.0,33.53,46.9,42.42,69.32,13.08,5.97,10.45,53.03,20.6,19.5,32123.0,2024
puma,4400105,44,179834.0,16266.0,9.05,57.21,32.71,30.68,28.08,27.83,11.38,38.14,35.2,7.94,44369.0,2024
puma,4400106,44,145875.0,36476.0,25.0,53.24,30.47,51.44,5.48,18.98,23.17,51.01,14.12,13.41,34824.0,2024
puma,4400107,44,147378.0,21804.0,14.79,64.2,28.42,47.09,25.02,15.35,11.2,44.62,30.85,12.19,44658.0,2024
puma,4400200,44,171456.0,12246.0,7.14,58.02,27.5,29.85,31.41,27.79,6.03,28.24,36.92,6.11,50773.0,2024
puma,4400300,44,135147.0,10845.0,8.02,68.04,19.79,25.08,20.17,47.91,2.59,30.63,40.45,8.27,48677.0,2024
puma,4400400,44,130344.0,6560.0,5.03,61.3,30.35,19.5,40.76,31.39,3.51,24.74,57.0,15.05,55252.0,2024
puma,4500101,45,104477.0,4569.0,4.37,39.59,48.79,50.32,25.65,15.39,3.35,42.74,33.99,30.81,28416.0,2024
puma,4500201,45,110621.0,3593.0,3.25,33.15,32.76,60.48,23.49,8.02,3.06,38.65,32.8,22.2,35963.0,2024
puma,4500301,45,108504.0,5685.0,5.24,57.68,19.0,54.93,16.46,20.46,4.63,34.67,35.21,11.17,33430.0,2024
puma,4500302,45,103788.0,12474.0,12.02,32.55,36.9,83.17,6.69,7.26,0.84,60.63,16.12,26.31,31341.0,2024
puma,4500303,45,104764.0,8400.0,8.02,40.71,49.35,54.29,24.27,15.35,3.3,41.29,51.3,18.97,36890.0,2024
puma,4500304,45,111207.0,12191.0,10.96,50.41,34.66,49.29,33.03,11.26,3.63,42.56,42.69,11.68,36483.0,2024
puma,4500305,45,119903.0,9015.0,7.52,50.45,32.51,47.91,26.69,18.7,3.36,40.03,50.08,4.26,48907.0,2024
puma,4500401,45,119113.0,12100.0,10.16,58.43,31.68,29.9,18.62,48.99,1.68,52.59,11.46,14.78,34157.0,2024
puma,4500402,45,116546.0,10815.0,9.28,37.5,33.39,53.57,19.45,22.42,4.14,50.06,27.32,16.63,36415.0,2024
puma,4500403,45,112193.0,7377.0,6.58,48.19,34.76,53.4,20.59,20.51,3.8,49.76,26.44,14.97,32444.0,2024
puma,4500501,45,120132.0,3880.0,3.23,43.84,31.29,56.68,27.32,9.48,2.96,44.89,26.53,13.31,41297.0,2024
puma,4500601,45,122078.0,12670.0,10.38,46.95,41.96,31.9,38.83,16.93,5.23,30.74,57.94,6.7,60792.0,2024
puma,4500602,45,108110.0,5052.0,4.67,39.39,46.26,63.22,18.07,10.0,6.77,35.95,35.41,13.06,36486.0,2024
puma,4500700,45,157207.0,8029.0,5.11,49.92,41.6,52.67,22.27,18.81,2.96,35.3,40.22,15.89,43899.0,2024
puma,4500800,45,133986.0,4891.0,3.65,27.54,39.24,77.28,9.67,7.65,1.1,63.82,12.9,26.31,31498.0,2024
puma,4500901,45,129970.0,6268.0,4.82,50.94,35.93,48.07,22.83,16.62,8.33,41.9,28.58,12.52,37263.0,2024
puma,4501001,45,104928.0,2600.0,2.48,49.08,22.62,51.38,12.73,25.42,0.65,31.19,16.52,14.82,40033.0,2024
puma,4501100,45,125844.0,4871.0,3.87,26.57,40.22,68.73,20.88,6.41,1.23,51.35,19.83,19.82,37908.0,2024
puma,4501200,45,174160.0,5746.0,3.3,51.1,26.68,63.38,19.82,12.44,1.1,43.44,30.4,17.39,36505.0,2024
puma,4501301,45,162747.0,11460.0,7.04,52.7,37.71,35.99,33.94,17.51,8.08,34.43,45.65,9.38,36017.0,2024
puma,4501302,45,142152.0,8387.0,5.9,30.94,40.97,67.96,18.55,6.92,5.06,52.33,22.58,20.35,34781.0,2024
puma,4501401,45,127058.0,8272.0,6.51,53.53,38.31,33.87,47.13,11.47,5.11,28.71,45.51,5.9,39456.0,2024
puma,4501402,45,117372.0,5493.0,4.68,34.88,56.56,33.72,42.87,10.16,11.14,30.79,52.55,25.25,27993.0,2024
puma,4501403,45,105748.0,6907.0,6.53,36.9,60.69,53.32,28.78,9.86,5.7,35.46,41.42,21.8,37416.0,2024
puma,4501501,45,140253.0,6748.0,4.81,61.93,19.8,52.77,26.27,14.66,3.39,32.05,34.0,11.19,39072.0,2024
puma,4501600,45,132317.0,3283.0,2.48,40.72,41.46,69.75,18.85,7.71,2.35,42.61,25.6,18.59,29900.0,2024
puma,4501700,45,120891.0,3522.0,2.91,52.02,28.36,41.08,30.89,17.77,5.71,27.46,33.3,20.59,35707.0,2024
puma,4501800,45,117956.0,2613.0,2.22,53.43,36.74,37.54,30.69,18.1,10.68,33.52,35.2,15.86,34278.0,2024
puma,4501901,45,157996.0,5703.0,3.61,35.1,40.58,58.67,20.95,15.11,3.33,42.07,25.5,22.96,31700.0,2024
puma,4502001,45,147199.0,14984.0,10.18,35.4,33.73,68.75,8.47,13.95,1.68,43.28,26.01,13.94,36774.0,2024
puma,4502100,45,167336.0,9192.0,5.49,54.84,27.3,50.62,24.37,15.52,4.79,37.7,33.38,11.49,43947.0,2024
puma,4502201,45,116687.0,5029.0,4.31,48.46,37.54,44.74,25.91,16.37,6.5,28.24,41.16,11.68,53374.0,2024
puma,4502202,45,130115.0,11582.0,8.9,43.71,41.51,58.09,25.47,10.52,3.64,46.14,31.18,12.15,37546.0,2024
puma,4502301,45,150193.0,8215.0,5.47,48.46,44.38,36.63,22.67,27.58,7.85,29.87,47.17,14.27,42755.0,2024
puma,4502302,45,155650.0,14912.0,9.58,33.76,57.6,65.15,20.79,8.13,4.14,56.36,27.65,14.98,33972.0,2024
puma,4502303,45,114286.0,5145.0,4.5,56.4,37.53,20.35,31.7,36.29,3.97,15.17,72.88,13.82,51005.0,2024
puma,4502400,45,126079.0,2988.0,2.37,49.0,25.13,48.59,19.81,18.27,7.73,45.08,29.63,14.55,33750.0,2024
puma,4502500,45,137117.0,4085.0,2.98,43.77,36.65,42.47,40.24,11.29,5.19,36.51,42.95,15.07,36032.0,2024
puma,4502601,45,109612.0,2570.0,2.34,40.58,21.63,69.14,20.97,7.0,0.93,53.89,14.08,19.09,22904.0,2024
puma,4502701,45,153552.0,11125.0,7.25,56.8,29.02,46.3,17.57,25.18,5.94,27.5,27.52,11.39,31173.0,2024
puma,4502702,45,176378.0,12660.0,7.18,44.54,38.76,58.25,12.72,20.64,3.52,33.79,26.37,22.62,29455.0,2024
puma,4600100,46,195008.0,4300.0,2.21,54.19,41.51,26.07,36.14,22.63,9.09,36.65,39.16,10.86,38397.0,2024
puma,4600200,46,100033.0,1135.0,1.13,42.47,45.99,17.62,50.4,11.28,14.89,23.17,37.55,9.38,36426.0,2024
puma,4600300,46,132617.0,3557.0,2.68,34.33,67.75,43.63,29.55,6.66,4.67,45.13,45.93,19.48,29403.0,2024
puma,4600400,46,135496.0,6276.0,4.63,33.86,57.57,36.07,44.39,11.3,6.31,41.14,40.73,19.73,30653.0,2024
puma,4600501,46,149100.0,3669.0,2.46,42.27,42.6,37.37,23.22,26.46,8.56,33.59,29.15,16.97,36708.0,2024
puma,4600601,46,195174.0,17051.0,8.74,45.65,47.33,31.37,22.68,11.82,32.53,40.28,25.02,9.06,42083.0,2024
puma,4700100,47,106556.0,2619.0,2.46,38.91,25.09,60.25,25.96,9.01,3.05,43.1,18.06,22.13,36174.0,2024
puma,4700200,47,118653.0,2077.0,1.75,53.06,27.01,44.1,27.49,12.61,5.44,29.51,20.04,19.57,31481.0,2024
puma,4700301,47,112786.0,6234.0,5.53,57.44,41.21,18.21,35.58,20.47,21.8,20.89,42.45,5.06,45750.0,2024
puma,4700302,47,121367.0,9779.0,8.06,41.77,34.45,48.46,24.19,9.54,9.72,31.75,24.33,9.86,42760.0,2024
puma,4700401,47,153962.0,6472.0,4.2,40.31,28.92,68.39,14.23,8.53,3.32,53.07,18.17,19.14,42575.0,2024
puma,4700501,47,126001.0,5984.0,4.75,42.13,37.72,51.54,27.27,10.86,3.91,41.44,32.21,11.28,42460.0,2024
puma,4700600,47,106392.0,2591.0,2.44,20.49,34.58,82.32,8.88,5.87,0.58,54.48,14.69,16.22,28481.0,2024
puma,4700700,47,118372.0,5001.0,4.22,42.93,39.19,61.33,20.62,8.1,7.1,34.29,28.66,35.88,30935.0,2024
puma,4700800,47,121623.0,1101.0,0.91,54.86,30.43,38.15,35.33,18.8,5.0,39.65,23.25,24.84,26833.0,2024
puma,4700900,47,129592.0,2008.0,1.55,52.54,19.67,44.22,24.15,22.31,0.2,31.27,14.18,20.82,29881.0,2024
puma,4701000,47,160624.0,3001.0,1.87,49.12,32.39,38.59,29.89,20.83,3.8,28.62,31.85,13.55,35497.0,2024
puma,4701101,47,107129.0,1698.0,1.59,40.64,34.16,47.53,7.54,29.03,14.43,36.69,22.83,19.47,24765.0,2024
puma,4701201,47,121796.0,4729.0,3.88,44.6,38.82,39.27,30.34,11.88,14.7,30.33,46.49,20.53,33306.0,2024
puma,4701300,47,146799.0,7031.0,4.79,32.93,29.38,70.53,12.47,10.6,0.47,58.91,18.4,27.15,30041.0,2024
puma,4701400,47,136465.0,7963.0,5.84,23.36,58.04,69.47,17.56,11.24,0.15,50.2,26.02,17.13,31607.0,2024
puma,4701501,47,138155.0,8584.0,6.21,24.63,54.5,50.28,22.96,7.83,16.22,55.54,23.39,21.52,28078.0,2024
puma,4701502,47,106116.0,9207.0,8.68,56.83,37.47,23.24,45.48,18.16,9.58,26.48,66.3,7.34,56893.0,2024
puma,4701503,47,128171.0,9827.0,7.67,39.24,45.18,42.04,34.18,14.22,6.34,39.19,41.92,16.45,34932.0,2024
puma,4701504,47,121706.0,4257.0,3.5,47.05,36.46,47.9,31.64,9.02,8.88,41.69,32.77,12.06,31149.0,2024
puma,4701600,47,139333.0,4418.0,3.17,48.42,34.07,58.9,22.45,11.27,2.26,46.06,32.72,16.29,40130.0,2024
puma,4701700,47,155722.0,3568.0,2.29,59.47,26.82,37.84,31.33,22.95,4.18,36.07,45.63,8.21,46405.0,2024
puma,4701800,47,111022.0,2227.0,2.01,55.28,39.52,37.4,22.68,23.93,4.27,35.84,14.43,17.78,34013.0,2024
puma,4701900,47,158805.0,10449.0,6.58,40.98,45.07,45.18,25.64,8.69,16.78,40.8,45.46,15.58,43507.0,2024
puma,4702001,47,136882.0,11954.0,8.73,47.07,41.16,50.82,26.7,4.44,14.04,41.07,34.64,7.07,44169.0,2024
puma,4702002,47,111223.0,20393.0,18.34,34.0,51.94,60.41,18.76,3.61,16.31,60.82,20.41,20.53,36001.0,2024
puma,4702003,47,112541.0,6960.0,6.18,56.08,36.19,47.47,26.22,10.75,11.47,47.66,35.71,11.0,42971.0,2024
puma,4702101,47,136455.0,15329.0,11.23,41.45,44.75,23.6,55.93,9.77,5.51,24.11,66.61,3.94,69802.0,2024
puma,4702102,47,123896.0,6790.0,5.48,51.0,38.72,31.86,36.45,15.86,4.4,20.29,54.18,10.41,50568.0,2024
puma,4702200,47,107791.0,4152.0,3.85,36.83,39.11,63.42,15.97,14.62,0.55,25.01,33.12,6.56,46197.0,2024
puma,4702300,47,123248.0,2820.0,2.29,36.56,32.38,59.54,13.62,19.08,1.06,46.31,20.81,14.61,37083.0,2024
puma,4702401,47,147546.0,11567.0,7.84,35.95,46.78,42.21,29.43,12.99,7.75,33.18,56.29,12.91,44651.0,2024
puma,4702402,47,122258.0,28689.0,23.47,39.56,50.28,43.6,34.31,2.98,15.9,61.16,30.26,16.18,37180.0,2024
puma,4702403,47,98898.0,11427.0,11.55,34.63,42.41,61.36,17.83,6.05,13.42,57.54,28.67,24.89,33519.0,2024
puma,4702404,47,104465.0,11567.0,11.07,29.36,45.43,73.61,12.41,4.23,8.22,64.89,18.27,17.44,33349.0,2024
puma,4702405,47,108814.0,32772.0,30.12,35.19,52.94,50.9,9.82,2.62,35.73,68.9,19.06,20.24,34674.0,2024
puma,4702406,47,133407.0,11157.0,8.36,51.2,34.24,23.89,43.06,16.03,10.8,33.75,65.5,13.13,59911.0,2024
puma,4702501,47,122595.0,5584.0,4.55,33.6,49.87,43.25,29.26,17.91,6.84,30.85,58.71,20.72,47762.0,2024
puma,4702502,47,126216.0,16652.0,13.19,22.02,54.28,75.57,15.65,2.71,5.53,60.37,20.01,34.26,28459.0,2024
puma,4702503,47,109113.0,6881.0,6.31,41.03,38.32,64.85,26.73,1.69,6.74,55.51,12.07,13.53,35219.0,2024
puma,4702504,47,110913.0,6056.0,5.46,58.77,25.51,31.24,36.21,9.92,18.97,38.87,44.42,12.55,42225.0,2024
puma,4702505,47,107755.0,10549.0,9.79,38.03,47.36,50.97,32.41,5.38,9.54,47.89,44.83,14.32,43792.0,2024
puma,4702506,47,130192.0,12516.0,9.61,41.87,48.48,17.16,66.42,8.27,5.3,21.52,73.63,4.75,87317.0,2024
puma,4702507,47,103400.0,8427.0,8.15,33.78,35.53,66.75,15.6,4.43,12.2,47.53,31.22,14.07,37334.0,2024
puma,4702508,47,108806.0,5631.0,5.18,25.47,57.01,81.85,1.99,0.14,16.0,58.49,13.53,31.73,27116.0,2024
puma,4702600,47,105003.0,1874.0,1.78,47.28,20.6,53.47,25.51,15.8,2.61,46.37,23.25,9.79,39938.0,2024
puma,4702700,47,107072.0,2291.0,2.14,39.24,34.92,74.38,13.31,6.98,0.7,52.95,18.03,11.36,43818.0,2024
puma,4702800,47,116906.0,4014.0,3.43,38.61,42.25,55.06,22.99,10.19,9.69,38.22,35.05,11.95,33827.0,2024
puma,4702900,47,118211.0,1602.0,1.36,42.07,44.44,40.82,27.47,18.35,0.44,28.09,23.04,18.37,25385.0,2024
puma,4703000,47,113862.0,1694.0,1.49,43.8,33.23,48.82,19.07,21.84,3.96,29.46,24.13,9.76,29639.0,2024
puma,4703100,47,124232.0,6429.0,5.17,26.46,39.4,77.83,13.03,6.77,0.37,53.28,4.85,34.46,30490.0,2024
puma,4703200,47,110430.0,3023.0,2.74,40.59,44.49,49.69,27.59,11.91,4.6,48.08,13.68,27.81,35829.0,2024
puma,4703300,47,108425.0,2478.0,2.29,23.45,40.36,76.11,15.42,5.61,0.48,62.27,7.89,14.22,26981.0,2024
puma,4703401,47,125595.0,12286.0,9.78,22.99,47.35,71.15,15.69,5.47,6.93,68.29,22.25,28.96,30683.0,2024
puma,4703402,47,115465.0,7140.0,6.18,52.09,41.9,51.99,28.29,10.5,6.18,42.96,41.33,11.93,36156.0,2024
puma,4703403,47,135132.0,5444.0,4.03,49.28,39.47,32.24,35.07,19.8,8.89,30.89,48.6,5.11,45311.0,2024
puma,4703500,47,117251.0,2802.0,2.39,40.76,19.56,59.67,22.98,12.35,1.46,44.99,19.1,7.65,30617.0,2024
puma,4703600,47,128963.0,6725.0,5.21,50.53,35.97,51.17,20.09,19.26,5.09,48.42,29.77,15.43,34498.0,2024
puma,4703700,47,106275.0,5045.0,4.75,37.74,33.34,70.05,11.18,14.89,0.36,51.9,15.57,19.01,37002.0,2024
puma,4800100,48,173214.0,26318.0,15.19,26.3,32.78,91.11,3.95,0.98,3.27,63.33,8.82,17.99,35312.0,2024
puma,4800200,48,115975.0,16819.0,14.5,38.43,30.21,66.09,20.96,1.05,11.11,48.91,11.38,25.29,30588.0,2024
puma,4800300,48,146070.0,7575.0,5.19,57.8,30.1,47.6,29.57,8.45,11.78,33.23,36.71,19.74,42788.0,2024
puma,4800400,48,119253.0,12681.0,10.63,26.38,35.28,94.34,2.52,1.14,0.77,71.11,5.52,22.15,31250.0,2024
puma,4800501,48,161016.0,10117.0,6.28,33.61,48.68,44.84,30.13,5.57,16.1,41.99,49.41,26.66,28825.0,2024
puma,4800502,48,157868.0,9344.0,5.92,48.45,40.86,50.52,31.56,6.74,6.05,32.36,40.29,10.3,52542.0,2024
puma,4800600,48,164285.0,10056.0,6.12,38.37,20.44,78.32,10.64,7.87,1.13,56.19,13.97,10.49,36645.0,2024
puma,4800700,48,129996.0,8762.0,6.74,40.53,34.91,53.75,26.89,9.82,8.33,42.57,23.64,17.73,34559.0,2024
puma,4800800,48,223709.0,15950.0,7.13,32.87,29.81,75.78,12.18,6.64,2.35,51.3,16.43,11.65,35588.0,2024
puma,4800900,48,232589.0,19871.0,8.54,49.31,27.5,55.99,22.64,9.35,9.45,40.75,30.1,11.1,41127.0,2024
puma,4801000,48,159573.0,13612.0,8.53,37.33,23.69,85.38,5.97,4.04,1.96,55.84,9.23,16.18,34160.0,2024
puma,4801100,48,120683.0,4979.0,4.13,41.19,37.04,50.65,32.28,9.5,3.01,30.33,31.98,17.95,31235.0,2024
puma,4801200,48,122459.0,5289.0,4.32,36.89,25.73,73.27,9.47,11.21,4.44,50.56,17.83,21.78,31634.0,2024
puma,4801300,48,135183.0,6152.0,4.55,30.45,22.19,79.08,9.07,7.62,0.89,60.53,16.14,12.84,36007.0,2024
puma,4801400,48,172604.0,19660.0,11.39,50.65,29.59,62.38,14.92,2.87,19.41,42.79,23.92,15.8,38012.0,2024
puma,4801501,48,119031.0,7475.0,6.28,51.05,24.47,75.49,12.56,4.72,5.83,52.17,17.41,12.62,33827.0,2024
puma,4801502,48,122709.0,13767.0,11.22,38.22,26.19,74.0,15.58,2.24,7.59,60.92,25.76,10.93,31999.0,2024
puma,4801600,48,125480.0,10345.0,8.24,31.75,29.04,77.85,14.23,5.31,1.71,54.05,12.66,20.81,34940.0,2024
puma,4801700,48,127454.0,9105.0,7.14,31.78,16.79,90.83,4.65,2.57,0.96,58.71,6.69,20.64,32372.0,2024
puma,4801800,48,143301.0,8445.0,5.89,40.86,22.65,70.33,10.27,8.35,9.0,51.39,11.8,15.71,32025.0,2024
puma,4801901,48,141480.0,37837.0,26.74,41.71,52.48,29.97,50.88,7.66,8.99,36.39,61.78,16.2,43815.0,2024
puma,4801902,48,118558.0,42048.0,35.47,46.31,47.49,8.64,78.76,4.89,5.26,25.33,80.43,4.96,95657.0,2024
puma,4801903,48,110844.0,27256.0,24.59,47.14,39.93,36.46,52.26,5.61,4.6,43.06,46.88,9.06,40594.0,2024
puma,4801904,48,156122.0,36859.0,23.61,63.02,31.76,15.99,68.39,5.95,7.5,35.33,62.54,5.66,65470.0,2024
puma,4801905,48,167152.0,30186.0,18.06,50.47,45.16,31.43,50.52,5.68,9.66,29.91,60.18,5.34,63908.0,2024
puma,4801907,48,226064.0,34341.0,15.19,57.23,32.09,38.19,34.8,7.01,18.26,33.5,43.73,9.73,47615.0,2024
puma,4801908,48,131337.0,29456.0,22.43,49.63,49.44,15.85,68.71,5.76,6.26,19.46,72.83,4.05,101066.0,2024
puma,4801909,48,111780.0,33499.0,29.97,48.88,43.06,15.07,71.36,5.3,5.53,25.55,72.19,4.82,86487.0,2024
puma,4802001,48,138261.0,34991.0,25.31,54.83,33.78,38.16,53.25,3.35,4.12,43.91,50.49,7.77,49788.0,2024
puma,4802002,48,120509.0,26238.0,21.77,43.86,37.72,47.67,39.59,3.63,8.37,49.35,37.54,7.24,44622.0,2024
puma,4802003,48,160861.0,22192.0,13.8,57.62,33.65,29.57,49.13,13.59,3.97,23.08,66.83,3.23,78102.0,2024
puma,4802004,48,199821.0,41407.0,20.72,53.79,38.69,23.26,57.65,8.37,8.66,27.05,62.85,5.71,78058.0,2024
puma,4802005,48,135754.0,17464.0,12.86,39.73,44.57,48.48,31.99,6.29,9.93,37.51,40.31,18.73,29535.0,2024
puma,4802006,48,224355.0,28092.0,12.52,51.72,37.6,49.78,31.86,6.54,9.53,37.51,42.39,7.11,52261.0,2024
puma,4802101,48,213160.0,18153.0,8.52,43.39,18.14,80.52,8.48,3.65,6.06,50.76,17.08,8.76,38142.0,2024
puma,4802102,48,195597.0,13544.0,6.92,44.84,25.46,72.87,13.07,4.9,7.96,47.78,21.35,14.04,37856.0,2024
puma,4802200,48,148674.0,8073.0,5.43,38.33,23.99,75.39,9.92,9.15,2.89,51.36,15.6,14.11,36966.0,2024
puma,4802301,48,118767.0,27287.0,22.98,60.16,20.1,46.7,36.96,4.32,11.23,52.05,28.16,8.63,37253.0,2024
puma,4802302,48,104352.0,31880.0,30.55,27.79,38.52,79.21,12.79,0.77,6.98,66.49,13.64,17.08,33016.0,2024
puma,4802303,48,131303.0,25672.0,19.55,44.14,25.23,66.11,19.77,1.45,11.75,52.37,20.67,12.95,38400.0,2024
puma,4802304,48,126057.0,25238.0,20.02,27.68,26.66,94.26,1.93,0.77,2.92,65.59,6.34,20.0,35431.0,2024
puma,4802305,48,133871.0,38418.0,28.7,25.65,22.54,93.12,3.95,0.36,2.39,66.19,7.96,13.95,36313.0,2024
puma,4802306,48,126088.0,25329.0,20.09,28.07,28.43,82.24,8.86,3.3,5.32,59.5,13.69,13.29,34817.0,2024
puma,4802307,48,126297.0,35269.0,27.93,27.9,61.08,46.29,18.29,1.93,32.82,57.94,24.91,29.62,31382.0,2024
puma,4802308,48,115591.0,36902.0,31.92,51.01,29.81,38.52,45.02,5.14,10.89,54.37,25.51,14.68,34304.0,2024
puma,4802309,48,108584.0,21710.0,19.99,41.01,35.73,47.68,28.2,7.76,14.34,46.53,38.23,18.93,33538.0,2024
puma,4802310,48,114602.0,31626.0,27.6,35.21,46.86,57.64,22.34,5.15,11.92,49.26,36.77,13.96,36887.0,2024
puma,4802311,48,112858.0,29764.0,26.37,31.05,41.54,78.29,12.74,4.52,2.85,67.77,24.1,14.26,35863.0,2024
puma,4802312,48,112742.0,19895.0,17.65,34.12,43.2,62.92,23.56,7.61,3.59,52.13,45.49,13.53,44425.0,2024
puma,4802313,48,131824.0,19207.0,14.57,40.09,43.06,48.36,30.66,12.15,6.22,35.81,54.97,11.65,51437.0,2024
puma,4802314,48,126041.0,31556.0,25.04,25.6,29.11,96.96,1.93,0.21,0.89,73.48,5.83,19.98,30355.0,2024
puma,4802315,48,113214.0,30648.0,27.07,30.73,24.51,92.52,3.6,0.97,2.59,71.37,8.92,15.46,31963.0,2024
puma,4802316,48,106232.0,22410.0,21.1,32.13,30.58,91.54,1.54,0.88,5.61,68.33,8.82,19.97,31116.0,2024
puma,4802317,48,118284.0,10472.0,8.85,45.42,14.9,79.26,7.45,0.42,12.72,55.34,17.97,11.54,45135.0,2024
puma,4802318,48,112786.0,14306.0,12.68,50.41,18.61,73.02,15.78,2.84,7.35,53.93,22.3,8.53,44155.0,2024
puma,4802319,48,116751.0,28147.0,24.11,39.3,30.14,78.45,10.45,0.83,9.92,62.82,22.22,14.54,37400.0,2024
puma,4802320,48,115963.0,43759.0,37.74,21.78,36.54,86.01,9.99,0.36,3.51,67.96,13.27,15.49,32002.0,2024
puma,4802321,48,117881.0,48276.0,40.95,30.67,54.36,49.25,37.43,2.5,10.58,45.81,44.64,12.16,39651.0,2024
puma,4802322,48,131091.0,52299.0,39.9,37.62,51.02,19.96,72.66,2.93,3.41,29.38,70.22,6.66,85360.0,2024
puma,4802400,48,165168.0,7817.0,4.73,45.59,27.71,65.55,16.21,10.21,1.59,47.01,22.84,9.68,37164.0,2024
puma,4802501,48,121860.0,19289.0,15.83,57.7,34.45,31.1,49.87,9.49,5.61,32.73,57.67,6.51,51696.0,2024
puma,4802502,48,138818.0,28363.0,20.43,45.99,50.02,29.59,40.43,4.82,22.75,36.55,44.12,11.47,40721.0,2024
puma,4802503,48,132835.0,43910.0,33.06,27.67,51.34,64.96,22.53,0.79,11.61,61.46,16.68,20.68,29496.0,2024
puma,4802504,48,121445.0,26966.0,22.2,62.18,32.95,35.77,39.45,3.54,20.61,48.08,29.9,12.35,42348.0,2024
puma,4802505,48,131825.0,18310.0,13.89,59.43,27.01,32.85,32.86,12.57,17.12,30.91,44.68,7.11,51705.0,2024
puma,4802506,48,147824.0,20283.0,13.72,45.61,32.9,63.39,23.59,2.61,9.24,52.31,18.57,9.4,40046.0,2024
puma,4802507,48,120852.0,18746.0,15.51,42.86,36.25,60.89,23.15,3.18,10.87,47.13,28.35,16.18,36909.0,2024
puma,4802508,48,121127.0,34180.0,28.22,21.17,39.05,85.14,6.62,0.96,7.25,75.72,5.7,23.5,30875.0,2024
puma,4802509,48,147980.0,23863.0,16.13,39.87,40.7,52.65,25.28,3.34,17.81,50.99,29.24,14.21,36301.0,2024
puma,4802510,48,125127.0,13337.0,10.66,57.73,31.55,39.51,37.14,8.47,12.28,33.01,47.8,8.64,52440.0,2024
puma,4802511,48,131865.0,16988.0,12.88,56.37,36.28,32.46,46.83,6.16,12.84,32.71,45.61,6.65,49953.0,2024
puma,4802512,48,111248.0,28581.0,25.69,27.13,29.5,77.6,14.0,1.19,6.99,63.98,6.83,17.66,32242.0,2024
puma,4802513,48,136111.0,25995.0,19.1,33.45,33.64,74.89,17.56,3.27,3.75,63.14,19.31,16.37,31157.0,2024
puma,4802514,48,153789.0,16921.0,11.0,46.36,35.1,47.23,30.22,7.69,11.78,42.57,32.48,16.02,34235.0,2024
puma,4802515,48,117069.0,15763.0,13.46,38.45,30.18,74.87,16.09,5.87,2.49,55.52,18.02,19.47,35413.0,2024
puma,4802516,48,207615.0,21657.0,10.43,56.27,35.41,34.6,46.07,4.73,12.34,37.11,32.89,6.16,47575.0,2024
puma,4802600,48,191029.0,9079.0,4.75,40.35,25.0,84.27,6.91,5.31,1.93,55.56,10.62,15.87,30006.0,2024
puma,4802700,48,145863.0,9837.0,6.74,44.03,43.45,51.47,24.32,8.44,11.18,36.8,25.63,19.77,29851.0,2024
puma,4802900,48,119577.0,7133.0,5.97,49.74,24.62,70.92,13.49,8.47,5.16,46.54,21.31,12.75,36029.0,2024
puma,4803000,48,174801.0,22346.0,12.78,43.42,41.34,75.07,15.06,1.93,4.37,48.83,23.39,15.39,46545.0,2024
puma,4803100,48,164654.0,27480.0,16.69,37.83,43.2,88.11,5.6,1.07,3.61,56.67,19.32,17.2,41777.0,2024
puma,4803305,48,136217.0,26781.0,19.66,55.11,16.62,85.65,5.48,4.04,4.04,58.69,14.71,22.43,22835.0,2024
puma,4803306,48,146844.0,34186.0,23.28,55.77,30.59,85.0,7.73,4.19,1.36,57.24,40.92,16.03,35046.0,2024
puma,4803307,48,144853.0,31731.0,21.91,51.38,22.94,93.65,3.09,2.1,0.99,64.03,16.54,22.35,27657.0,2024
puma,4803308,48,181564.0,37216.0,20.5,60.37,20.45,93.47,4.05,1.63,0.31,57.38,20.99,14.61,29534.0,2024
puma,4803309,48,120191.0,36424.0,30.31,51.79,21.18,98.53,1.1,0.09,0.21,67.85,7.98,27.02,19665.0,2024
puma,4803310,48,141110.0,34974.0,24.78,45.49,24.53,94.98,1.97,1.45,1.08,68.69,13.93,36.75,17132.0,2024
puma,4803400,48,201152.0,12735.0,6.33,39.47,32.81,64.51,13.62,16.21,3.43,51.06,15.16,13.08,32177.0,2024
puma,4803501,48,184899.0,17218.0,9.31,58.97,31.53,43.9,30.1,12.06,10.0,30.17,22.11,13.18,33804.0,2024
puma,4803502,48,201998.0,15988.0,7.91,45.92,35.43,62.61,21.76,10.63,3.88,45.91,24.03,9.25,37116.0,2024
puma,4803600,48,159489.0,11047.0,6.93,40.6,29.11,83.04,9.37,5.64,0.77,57.14,14.98,16.74,36402.0,2024
puma,4803700,48,170349.0,15086.0,8.86,35.47,18.43,86.11,7.38,2.21,1.46,51.71,8.77,16.96,31849.0,2024
puma,4803801,48,109237.0,13572.0,12.42,22.71,29.78,84.86,8.34,3.23,3.21,74.24,13.64,23.29,29265.0,2024
puma,4803802,48,156830.0,9245.0,5.89,35.81,30.85,65.81,22.34,6.65,3.47,50.96,19.76,13.57,33698.0,2024
puma,4803900,48,197547.0,12238.0,6.19,42.81,26.96,76.43,7.58,3.71,10.3,52.3,14.82,16.31,32566.0,2024
puma,4804000,48,152437.0,12192.0,8.0,34.96,18.46,85.84,9.21,2.94,1.85,55.06,11.1,17.62,26956.0,2024
puma,4804100,48,107110.0,3629.0,3.39,32.87,17.36,79.33,7.77,7.52,1.02,49.44,10.92,17.73,32685.0,2024
puma,4804200,48,142949.0,4014.0,2.81,52.74,33.91,59.32,22.67,13.2,1.37,40.29,26.68,23.8,22614.0,2024
puma,4804301,48,113201.0,12494.0,11.04,35.58,40.2,66.46,25.28,1.73,5.22,54.11,22.81,24.04,33919.0,2024
puma,4804302,48,140677.0,18325.0,13.03,40.25,29.1,77.39,18.77,2.65,1.03,60.51,12.57,21.14,34012.0,2024
puma,4804400,48,154878.0,21092.0,13.62,26.51,27.74,91.25,4.49,2.56,0.66,66.98,7.24,25.24,34499.0,2024
puma,4804501,48,193174.0,32234.0,16.69,34.67,35.31,82.65,8.62,4.36,3.52,60.38,20.11,15.5,34748.0,2024
puma,4804502,48,194770.0,17907.0,9.19,50.8,34.92,58.07,20.99,10.06,8.16,38.54,39.57,10.8,36617.0,2024
puma,4804503,48,124507.0,24629.0,19.78,48.56,47.94,41.59,26.08,20.63,5.19,23.24,70.37,5.7,69671.0,2024
puma,4804504,48,171981.0,29572.0,17.19,39.37,34.41,69.53,17.33,7.76,4.18,42.15,33.16,16.02,41160.0,2024
puma,4804601,48,124516.0,22464.0,18.04,48.93,22.85,69.93,17.82,6.21,3.33,48.54,38.04,15.04,41899.0,2024
puma,4804602,48,105248.0,27102.0,25.75,28.72,27.22,89.64,6.01,1.49,2.54,69.86,14.71,17.5,30171.0,2024
puma,4804603,48,134057.0,28421.0,21.2,36.05,57.77,26.05,50.77,11.85,10.06,30.45,73.41,19.4,54091.0,2024
puma,4804604,48,160475.0,31891.0,19.87,54.94,41.91,27.8,42.79,17.72,6.15,18.15,81.84,6.09,91573.0,2024
puma,4804605,48,115250.0,34212.0,29.69,32.76,29.71,97.78,1.66,0.37,0.19,70.21,7.56,20.09,30885.0,2024
puma,4804606,48,113321.0,37956.0,33.49,29.69,29.72,96.33,2.76,0.22,0.51,77.09,7.66,22.15,32013.0,2024
puma,4804607,48,131903.0,30185.0,22.88,26.47,33.47,93.92,2.67,0.6,1.89,70.46,7.95,31.38,30670.0,2024
puma,4804608,48,101400.0,37811.0,37.29,25.04,29.25,98.06,1.54,0.0,0.15,81.9,4.15,27.4,26581.0,2024
puma,4804609,48,130346.0,34898.0,26.77,31.0,33.28,91.77,2.8,2.72,2.05,67.1,11.4,26.52,25506.0,2024
puma,4804610,48,117195.0,36684.0,31.3,32.2,29.09,89.24,9.09,0.35,1.16,72.32,9.85,19.51,30696.0,2024
puma,4804611,48,112542.0,40896.0,36.34,30.48,38.08,83.67,13.77,0.78,1.6,68.51,14.3,24.83,28372.0,2024
puma,4804612,48,114096.0,39965.0,35.03,26.28,44.55,78.28,14.4,4.56,2.05,63.1,25.72,27.82,31930.0,2024
puma,4804613,48,124290.0,40249.0,32.38,35.03,59.21,44.37,34.97,9.53,9.36,44.05,57.02,17.39,42286.0,2024
puma,4804614,48,115405.0,63932.0,55.4,16.77,60.6,77.25,13.39,1.43,7.75,78.6,16.95,29.44,24829.0,2024
puma,4804615,48,97808.0,43306.0,44.28,21.93,49.63,74.53,16.81,2.28,6.2,75.04,17.69,27.21,27933.0,2024
puma,4804616,48,110829.0,32297.0,29.14,40.29,35.11,66.31,16.2,4.25,12.63,59.51,26.87,20.09,29029.0,2024
puma,4804617,48,117529.0,23426.0,19.93,39.55,29.51,76.77,12.67,2.08,7.31,58.92,20.78,16.57,35076.0,2024
puma,4804618,48,121808.0,36080.0,29.62,30.0,31.55,90.37,8.22,0.2,1.13,74.48,6.08,22.76,28943.0,2024
puma,4804619,48,105359.0,34363.0,32.62,35.7,29.48,86.82,11.33,0.18,1.62,70.3,10.78,18.42,28683.0,2024
puma,4804620,48,116377.0,22802.0,19.59,60.39,25.72,46.26,47.61,2.62,2.43,46.06,32.91,11.7,39338.0,2024
puma,4804621,48,113935.0,17366.0,15.24,57.78,28.05,41.17,47.14,6.75,2.35,34.72,45.9,13.14,46395.0,2024
puma,4804622,48,116185.0,23107.0,19.89,36.81,20.53,91.68,6.24,0.79,1.18,61.05,11.85,17.23,34788.0,2024
puma,4804623,48,123384.0,24615.0,19.95,43.52,24.86,88.68,8.13,2.21,0.43,61.19,9.63,19.57,32541.0,2024
puma,4804624,48,138005.0,13908.0,10.08,55.62,28.32,60.3,23.13,11.64,1.96,36.89,38.0,9.83,44730.0,2024
puma,4804625,48,153104.0,22939.0,14.98,50.36,31.35,74.49,15.58,3.21,4.61,49.38,24.4,12.36,39023.0,2024
puma,4804626,48,139477.0,42390.0,30.39,29.15,43.7,85.26,9.25,0.49,4.83,70.23,12.76,25.82,31036.0,2024
puma,4804627,48,152300.0,25527.0,16.76,44.74,33.54,71.67,18.36,4.2,4.27,47.57,26.23,13.56,38114.0,2024
puma,4804628,48,116367.0,33045.0,28.4,51.48,30.17,55.07,38.71,3.16,1.94,54.55,24.08,12.53,32290.0,2024
puma,4804629,48,130746.0,23097.0,17.67,54.79,36.44,57.25,26.74,7.62,7.25,41.5,38.57,12.25,41641.0,2024
puma,4804630,48,179893.0,34879.0,19.39,55.54,44.36,48.58,35.33,8.4,4.03,36.09,51.61,11.05,54391.0,2024
puma,4804631,48,138427.0,26313.0,19.01,50.1,37.4,46.36,40.01,8.85,3.41,49.66,37.5,11.64,42141.0,2024
puma,4804633,48,112480.0,32522.0,28.91,56.28,32.74,58.43,30.68,2.08,8.44,50.92,29.71,6.65,40547.0,2024
puma,4804634,48,119163.0,38207.0,32.06,59.89,30.34,59.7,28.19,3.11,8.34,51.23,27.88,11.03,37107.0,2024
puma,4804635,48,118001.0,40482.0,34.31,46.05,46.86,50.21,26.09,6.28,16.45,43.58,39.67,16.84,37308.0,2024
puma,4804636,48,121702.0,38145.0,31.34,40.19,49.13,50.66,30.11,9.81,7.19,45.6,47.31,16.27,38983.0,2024
puma,4804637,48,126440.0,47787.0,37.79,45.86,42.96,47.02,31.63,3.44,16.65,46.58,39.75,17.07,33011.0,2024
puma,4804638,48,109217.0,51808.0,47.44,46.61,41.15,44.67,34.45,0.76,19.91,53.9,21.12,22.34,25713.0,2024
puma,4804639,48,122006.0,25362.0,20.79,61.83,35.09,35.52,48.54,6.92,5.15,30.96,57.19,7.63,66479.0,2024
puma,4804640,48,137717.0,38178.0,27.72,49.75,48.88,61.33,26.92,2.16,9.12,46.55,38.92,10.38,41367.0,2024
puma,4804701,48,179467.0,17071.0,9.51,44.57,27.04,72.78,13.87,9.28,2.24,54.39,19.89,19.33,31946.0,2024
puma,4804702,48,179523.0,19446.0,10.83,55.7,27.37,49.25,33.32,7.7,3.58,40.43,41.25,11.3,43327.0,2024
puma,4804801,48,141210.0,28526.0,20.2,63.52,33.27,29.26,53.51,4.16,12.6,33.05,55.17,4.83,64313.0,2024
puma,4804802,48,144383.0,19741.0,13.67,49.3,32.52,71.28,18.36,7.23,1.59,57.41,26.93,9.7,32649.0,2024
puma,4804803,48,105662.0,8731.0,8.26,51.49,18.45,80.01,8.12,5.45,4.68,51.05,18.87,13.35,34814.0,2024
puma,4804901,48,118019.0,28002.0,23.73,58.64,28.53,39.52,47.38,3.34,8.72,41.77,45.96,7.68,42371.0,2024
puma,4804902,48,128771.0,50321.0,39.08,63.77,32.54,13.53,76.84,2.98,5.74,35.6,62.35,8.54,55960.0,2024
puma,4804903,48,130352.0,31207.0,23.94,60.54,31.48,33.84,52.32,3.77,8.95,37.28,49.0,10.04,43267.0,2024
puma,4804904,48,193228.0,80799.0,41.82,56.68,44.8,24.67,49.28,5.42,19.52,37.26,54.1,8.38,41986.0,2024
puma,4804906,48,188039.0,56536.0,30.07,52.39,48.88,35.62,45.28,5.79,9.51,26.79,72.85,6.93,76969.0,2024
puma,4804907,48,135358.0,25884.0,19.12,60.92,31.0,46.87,34.03,3.9,14.29,41.07,41.11,8.28,51845.0,2024
puma,4805000,48,191851.0,22347.0,11.65,37.5,34.14,81.34,7.93,4.77,3.56,56.45,15.66,15.84,35438.0,2024
puma,4805100,48,198264.0,23183.0,11.69,30.78,22.64,89.67,4.78,2.73,1.2,60.29,9.66,11.35,38155.0,2024
puma,4805201,48,181748.0,19788.0,10.89,42.29,34.59,65.18,18.02,8.61,5.42,47.57,25.98,11.36,40458.0,2024
puma,4805202,48,141976.0,23186.0,16.33,52.48,43.63,37.02,44.48,8.66,8.04,38.6,55.82,7.26,51556.0,2024
puma,4805203,48,136109.0,31459.0,23.11,42.75,50.33,22.76,65.18,6.11,4.03,31.97,73.63,5.78,78986.0,2024
puma,4805204,48,212855.0,34607.0,16.26,46.67,43.89,33.1,48.63,10.43,4.57,32.65,59.79,7.55,62503.0,2024
puma,4805301,48,202924.0,42229.0,20.81,47.98,33.3,48.75,34.6,6.29,9.42,42.96,38.62,10.16,50661.0,2024
puma,4805302,48,113368.0,30725.0,27.1,25.14,58.48,53.79,34.86,4.89,4.85,48.11,46.56,21.32,40520.0,2024
puma,4805303,48,167682.0,37266.0,22.22,33.94,49.84,64.79,21.51,4.9,7.95,54.45,36.82,18.46,41566.0,2024
puma,4805304,48,135612.0,30725.0,22.66,27.78,46.0,76.67,14.49,3.59,4.52,58.53,25.13,20.48,32965.0,2024
puma,4805305,48,121632.0,20445.0,16.81,59.29,35.96,16.52,58.75,16.58,4.34,21.33,76.77,4.86,96648.0,2024
puma,4805306,48,156565.0,20171.0,12.88,38.61,55.77,32.07,43.68,16.12,4.61,28.01,74.47,18.46,42918.0,2024
puma,4805307,48,127837.0,14680.0,11.48,43.65,32.44,55.61,21.45,16.27,2.92,31.22,48.06,13.05,52270.0,2024
puma,4805308,48,121947.0,14092.0,11.56,57.0,36.98,31.52,43.4,14.46,5.9,28.11,72.42,8.12,80066.0,2024
puma,4805309,48,182448.0,30164.0,16.53,49.61,25.54,52.46,29.21,10.88,3.38,36.49,46.62,10.02,54181.0,2024
puma,4805401,48,117511.0,8524.0,7.25,57.12,33.05,50.39,23.66,17.15,3.63,32.4,50.02,15.99,56179.0,2024
puma,4805402,48,151127.0,17789.0,11.77,40.05,33.91,75.94,14.65,4.8,3.23,51.9,23.51,12.55,35806.0,2024
puma,4805500,48,150461.0,8068.0,5.36,37.25,22.88,85.67,7.29,3.31,0.79,55.26,15.17,11.49,33822.0,2024
puma,4805600,48,111281.0,8335.0,7.49,43.37,25.45,75.15,16.94,3.25,2.18,44.69,21.88,17.9,33545.0,2024
puma,4805700,48,183642.0,13796.0,7.51,47.66,21.4,67.1,17.32,10.46,3.19,45.12,26.29,12.41,39950.0,2024
puma,4805800,48,183826.0,11466.0,6.24,60.6,28.65,60.62,16.95,15.79,1.98,33.89,37.78,9.52,41272.0,2024
puma,4805901,48,107319.0,18936.0,17.64,29.74,31.25,93.3,4.02,1.59,0.77,71.26,10.94,32.32,21479.0,2024
puma,4805902,48,118844.0,13776.0,11.59,38.63,39.39,69.64,16.55,6.38,5.2,56.36,26.23,18.53,31003.0,2024
puma,4805903,48,118893.0,17171.0,14.44,31.64,24.55,94.83,2.59,0.83,0.84,63.35,7.31,26.14,26293.0,2024
puma,4805904,48,104630.0,19474.0,18.61,32.34,30.05,92.28,5.08,1.21,1.15,65.82,7.15,29.93,24637.0,2024
puma,4805905,48,113253.0,18599.0,16.42,29.31,32.67,93.99,4.36,1.15,0.33,72.61,6.59,24.7,24052.0,2024
puma,4805906,48,119840.0,22645.0,18.9,32.84,27.16,97.47,1.23,0.7,0.44,68.99,7.36,22.85,27032.0,2024
puma,4805907,48,171220.0,18564.0,10.84,42.43,26.59,81.83,9.87,2.02,5.06,51.18,17.17,14.29,34447.0,2024
puma,4805908,48,122558.0,11628.0,9.49,49.98,37.75,62.56,26.45,5.14,4.19,47.95,28.71,13.23,33036.0,2024
puma,4805909,48,112790.0,13030.0,11.55,61.18,27.04,58.7,27.97,4.73,7.27,42.55,27.89,13.05,34855.0,2024
puma,4805910,48,132794.0,26446.0,19.92,35.63,58.45,33.74,50.51,4.65,9.9,43.38,43.25,24.46,30994.0,2024
puma,4805911,48,122590.0,16557.0,13.51,46.05,40.6,69.25,17.64,6.34,4.49,45.88,47.08,19.12,42336.0,2024
puma,4805912,48,107222.0,11612.0,10.83,50.22,36.05,76.1,11.81,7.72,3.21,45.79,26.05,16.86,32687.0,2024
puma,4805913,48,139819.0,20155.0,14.42,47.37,31.55,73.15,19.02,3.56,3.23,58.77,20.21,17.17,33308.0,2024
puma,4805914,48,200602.0,19892.0,9.92,61.24,30.55,45.83,35.79,10.79,6.54,28.93,49.8,9.43,56610.0,2024
puma,4805915,48,150543.0,24492.0,16.27,60.54,35.7,50.63,36.76,6.63,2.96,32.5,61.37,6.32,60161.0,2024
puma,4805916,48,124424.0,13288.0,10.68,59.53,32.19,65.53,21.27,8.68,2.4,46.68,29.29,4.99,42034.0,2024
puma,4806000,48,142026.0,9802.0,6.9,42.18,30.32,71.92,13.91,7.17,3.65,45.94,21.03,5.85,37036.0,2024
puma,4806100,48,145158.0,10966.0,7.55,41.98,25.43,82.98,7.6,6.58,1.49,56.13,15.85,12.52,30833.0,2024
puma,4806301,48,117010.0,32890.0,28.11,29.53,27.26,99.15,0.38,0.31,0.03,78.6,11.23,30.26,22029.0,2024
puma,4806302,48,152284.0,35225.0,23.13,37.54,28.12,95.95,3.42,0.44,0.18,69.64,22.62,14.43,31111.0,2024
puma,4806500,48,132847.0,7883.0,5.93,38.36,36.97,81.1,10.92,3.13,1.48,51.58,16.6,20.5,30303.0,2024
puma,4806601,48,117311.0,8236.0,7.02,42.0,32.63,64.73,24.71,7.25,1.49,39.87,29.49,8.78,35682.0,2024
puma,4806603,48,114293.0,9119.0,7.98,53.74,37.15,48.57,35.99,10.28,3.0,32.1,41.64,10.37,38161.0,2024
puma,4806604,48,121351.0,12320.0,10.15,27.46,29.52,89.7,5.93,3.44,0.5,43.74,13.39,22.01,25223.0,2024
puma,4806701,48,126100.0,31694.0,25.13,36.38,22.21,95.93,1.64,1.22,0.16,64.16,14.96,31.25,22044.0,2024
puma,4806702,48,150930.0,24747.0,16.4,37.55,21.8,92.97,4.34,1.27,0.47,66.12,11.6,31.0,21246.0,2024
puma,4806703,48,149090.0,42289.0,28.36,41.07,26.43,96.32,2.44,1.09,0.01,66.79,19.79,28.82,21490.0,2024
puma,4806801,48,114009.0,24310.0,21.32,28.62,19.14,95.98,1.08,0.16,1.18,69.59,9.83,30.44,17675.0,2024
puma,4806802,48,118310.0,29711.0,25.11,22.61,18.79,99.49,0.3,0.16,0.0,75.92,5.08,36.25,18693.0,2024
puma,4806803,48,136604.0,40060.0,29.33,33.5,28.54,99.02,0.69,0.16,0.0,75.2,13.44,31.94,20909.0,2024
puma,4806804,48,145885.0,32277.0,22.12,30.59,25.95,89.99,8.41,0.72,0.81,66.1,17.31,31.81,23673.0,2024
puma,4806805,48,140627.0,37522.0,26.68,38.43,34.75,91.95,7.04,0.6,0.34,61.69,26.91,25.51,23595.0,2024
puma,4806806,48,116437.0,30546.0,26.23,41.2,22.71,94.28,4.2,0.27,0.68,62.56,21.33,25.23,23398.0,2024
puma,4806807,48,120105.0,38041.0,31.67,26.77,17.37,98.82,0.77,0.12,0.04,72.68,7.1,35.48,18511.0,2024
puma,4807200,48,109428.0,10170.0,9.29,34.92,29.53,89.29,6.34,2.6,0.49,58.08,10.27,17.62,30931.0,2024
puma,4807300,48,99643.0,18796.0,18.86,32.7,31.63,92.81,2.76,1.01,0.41,59.96,7.93,12.46,35629.0,2024
puma,4807401,48,129656.0,17857.0,13.77,34.15,55.21,46.71,42.63,6.05,3.76,41.94,48.91,22.84,31140.0,2024
puma,4807402,48,112655.0,13151.0,11.67,36.52,33.79,65.51,22.34,5.34,4.21,44.54,34.8,16.92,37626.0,2024
puma,4807500,48,147365.0,31401.0,21.31,47.94,26.16,96.62,1.91,0.62,0.7,68.74,13.02,23.01,24834.0,2024
puma,4807600,48,110296.0,22540.0,20.44,33.02,16.98,98.53,1.1,0.01,0.28,75.96,7.53,38.55,15792.0,2024
puma,4807700,48,108276.0,7321.0,6.76,38.85,24.19,84.0,10.93,2.27,0.86,59.74,12.38,27.57,24503.0,2024
puma,4903000,49,140593.0,5567.0,3.96,44.33,28.04,71.37,7.17,13.56,1.15,39.51,19.56,9.58,41696.0,2024
puma,4905000,49,198449.0,13097.0,6.6,42.28,35.98,61.32,18.24,10.53,3.28,38.17,32.24,13.75,39899.0,2024
puma,4911002,49,128912.0,8174.0,6.34,48.69,37.7,48.84,23.48,14.15,1.27,25.85,32.81,11.86,39462.0,2024
puma,4911003,49,107670.0,5414.0,5.03,58.42,23.48,60.42,22.87,10.31,1.46,37.39,19.03,7.02,47214.0,2024
puma,4911004,49,134342.0,7891.0,5.87,50.6,30.77,49.27,26.49,13.04,2.89,28.1,26.14,16.96,43016.0,2024
puma,4913000,49,149466.0,6448.0,4.31,43.01,36.29,68.39,11.06,9.1,1.07,42.18,27.28,11.3,40833.0,2024
puma,4921000,49,164897.0,7012.0,4.25,43.63,33.37,65.27,13.63,12.82,2.68,36.28,24.77,16.12,25353.0,2024
puma,4935008,49,105277.0,9600.0,9.12,49.82,35.77,39.85,33.19,19.8,1.92,40.58,44.05,16.64,43125.0,2024
puma,4935009,49,110613.0,12124.0,10.96,49.6,42.45,32.01,38.76,18.43,4.35,28.99,49.56,11.57,46328.0,2024
puma,4935011,49,107454.0,22469.0,20.91,36.89,36.85,58.72,20.96,8.16,6.6,50.0,27.76,17.02,35790.0,2024
puma,4935012,49,102089.0,8716.0,8.54,46.33,48.16,23.14,39.77,23.32,6.44,21.6,69.98,17.15,42798.0,2024
puma,4935013,49,133170.0,32619.0,24.49,35.1,32.32,70.64,15.48,3.36,4.3,60.78,12.52,11.79,37212.0,2024
puma,4935014,49,129837.0,22496.0,17.33,38.54,28.04,72.5,13.02,4.7,3.16,54.73,13.78,9.82,40859.0,2024
puma,4935015,49,167357.0,21345.0,12.75,46.88,48.25,40.05,34.91,11.39,9.58,37.72,41.98,13.24,39754.0,2024
puma,4935016,49,133140.0,17513.0,13.15,46.11,34.43,66.03,23.17,4.63,3.22,51.71,27.76,9.64,43999.0,2024
puma,4935017,49,207586.0,14260.0,6.87,41.82,44.51,53.27,25.36,10.2,2.08,31.72,42.28,3.96,50897.0,2024
puma,4949001,49,205210.0,13853.0,6.75,42.99,39.29,73.67,13.53,5.69,1.51,42.25,32.54,6.68,42201.0,2024
puma,4949002,49,195126.0,18735.0,9.6,37.68,37.85,70.78,13.77,5.59,3.56,46.46,33.65,13.42,36924.0,2024
puma,4949003,49,114902.0,14354.0,12.49,28.74,52.74,71.0,11.47,5.16,4.9,48.19,29.91,24.96,31112.0,2024
puma,4949004,49,190162.0,11208.0,5.89,47.19,36.63,64.65,14.87,10.05,1.95,38.48,39.0,9.79,42541.0,2024
puma,4953000,49,196431.0,11355.0,5.78,42.79,24.17,65.87,11.7,8.97,1.81,40.03,22.67,12.6,36273.0,2024
puma,4957001,49,161895.0,9293.0,5.74,49.23,19.56,69.99,14.47,10.65,1.12,45.54,17.36,5.75,42465.0,2024
puma,4957002,49,107753.0,9009.0,8.36,41.36,27.44,74.2,13.1,7.71,1.5,42.76,16.52,12.69,39849.0,2024
puma,5000100,50,148299.0,4414.0,2.98,61.1,28.91,14.84,20.98,29.66,1.5,15.52,44.23,5.28,41712.0,2024
puma,5000200,50,127442.0,4358.0,3.42,58.72,33.18,20.35,25.4,33.82,2.62,12.09,51.95,8.13,37961.0,2024
puma,5000300,50,169758.0,13358.0,7.87,66.92,40.14,8.44,44.59,23.72,10.47,26.34,52.96,12.0,51043.0,2024
puma,5000400,50,201607.0,5539.0,2.75,63.69,29.23,16.19,26.95,38.71,4.15,12.31,55.52,11.74,47319.0,2024
puma,5101301,51,120800.0,21885.0,18.12,51.36,39.42,28.28,43.57,18.83,5.97,29.71,65.98,14.74,59903.0,2024
puma,5101302,51,115454.0,31139.0,26.97,47.65,42.29,37.41,34.96,9.13,17.25,41.44,52.35,13.92,45670.0,2024
puma,5101500,51,169867.0,5420.0,3.19,48.27,31.44,52.68,26.33,13.1,4.19,38.64,31.88,7.26,34984.0,2024
puma,5101900,51,128989.0,3099.0,2.4,55.86,30.33,39.01,35.37,17.01,4.45,26.12,43.74,16.3,37132.0,2024
puma,5104101,51,117784.0,16789.0,14.25,36.53,42.71,65.87,18.36,7.65,7.48,57.46,22.06,17.0,36214.0,2024
puma,5104102,51,128121.0,11109.0,8.67,53.21,33.3,55.92,31.7,6.9,4.55,46.9,33.19,9.78,40852.0,2024
puma,5104103,51,131964.0,9370.0,7.1,67.91,27.0,26.83,39.7,14.38,13.39,28.91,47.77,3.15,53869.0,2024
puma,5105901,51,114897.0,41863.0,36.44,62.56,31.11,25.73,60.35,3.55,10.03,43.15,54.13,8.79,55340.0,2024
puma,5105902,51,174177.0,55939.0,32.12,55.98,39.18,27.44,52.6,9.15,9.79,33.33,60.87,7.02,61220.0,2024
puma,5105904,51,125436.0,39332.0,31.36,62.78,36.18,13.98,67.41,9.89,7.55,29.06,70.14,6.7,76882.0,2024
puma,5105905,51,106491.0,25935.0,24.35,75.18,21.1,20.77,60.11,5.81,12.33,32.81,56.16,4.1,58179.0,2024
puma,5105906,51,107397.0,31544.0,29.37,68.19,25.23,28.04,49.61,6.29,15.55,44.29,44.09,5.43,48025.0,2024
puma,5105907,51,146638.0,59572.0,40.63,55.34,34.56,42.85,39.61,3.46,13.84,49.83,33.5,16.87,35501.0,2024
puma,5105908,51,129317.0,33421.0,25.84,60.03,26.21,50.23,23.35,6.42,18.94,42.43,35.64,10.15,41677.0,2024
puma,5106100,51,188312.0,14757.0,7.84,52.84,32.52,62.73,14.77,14.67,6.44,44.94,31.04,14.32,50600.0,2024
puma,5106900,51,138137.0,11734.0,8.49,42.1,25.54,67.6,15.97,10.83,3.43,49.24,22.29,16.83,42135.0,2024
puma,5107300,51,172670.0,7855.0,4.55,43.59,33.44,63.23,16.44,14.22,4.25,45.54,27.96,9.6,35462.0,2024
puma,5108300,51,181283.0,4638.0,2.56,41.48,37.34,53.6,18.89,13.09,13.37,37.17,25.93,13.68,31972.0,2024
puma,5108501,51,104718.0,3554.0,3.39,53.77,22.17,24.9,26.11,37.48,7.37,18.5,36.17,4.0,51684.0,2024
puma,5108701,51,150647.0,12234.0,8.12,58.12,34.97,35.38,33.06,9.3,19.57,33.64,31.94,7.95,41950.0,2024
puma,5108702,51,185097.0,34507.0,18.64,49.29,45.57,21.47,59.53,9.24,8.0,33.4,57.61,11.02,50620.0,2024
puma,5109500,51,180455.0,13916.0,7.71,63.88,32.57,24.47,44.98,23.3,2.38,22.18,48.22,8.97,46185.0,2024
puma,5110701,51,120002.0,40023.0,33.35,57.67,35.82,41.53,45.27,6.05,6.2,46.88,44.38,7.46,51526.0,2024
puma,5110702,51,157399.0,50156.0,31.87,64.39,30.25,11.09,75.49,5.73,6.43,25.19,71.41,4.32,98399.0,2024
puma,5110703,51,155597.0,28631.0,18.4,66.9,26.82,27.02,52.75,9.63,9.04,30.43,58.05,5.23,69253.0,2024
puma,5110901,51,124223.0,6825.0,5.49,54.83,28.89,38.77,26.78,23.06,6.52,37.2,42.1,10.21,46486.0,2024
puma,5112100,51,181664.0,11019.0,6.07,37.42,54.19,19.24,51.74,16.26,8.61,21.0,64.6,24.81,34893.0,2024
puma,5114300,51,183220.0,5273.0,2.88,41.19,36.28,59.36,24.65,10.81,4.65,44.43,16.95,21.75,31577.0,2024
puma,5114501,51,116451.0,5164.0,4.43,71.38,24.42,29.01,37.14,21.69,6.18,23.02,44.65,11.11,48182.0,2024
puma,5114900,51,180321.0,8101.0,4.49,52.52,37.93,45.28,26.32,19.07,8.47,38.32,20.89,14.96,32348.0,2024
puma,5115301,51,138154.0,24835.0,17.98,69.84,27.37,32.97,47.49,7.02,11.75,34.74,49.21,4.24,61354.0,2024
puma,5115302,51,165442.0,43517.0,26.3,64.72,30.37,43.91,31.37,4.31,19.81,43.43,33.99,9.73,47012.0,2024
puma,5115303,51,107825.0,31868.0,29.56,51.72,36.13,48.42,22.52,3.07,25.38,43.08,31.64,11.88,43431.0,2024
puma,5116101,51,203496.0,8619.0,4.24,60.03,28.74,28.67,39.46,21.28,5.15,33.39,40.59,9.68,41962.0,2024
puma,5116500,51,136992.0,14462.0,10.56,40.83,42.77,56.99,19.46,15.4,7.34,58.76,23.25,17.04,34322.0,2024
puma,5117100,51,110183.0,5654.0,5.13,46.69,30.35,53.27,19.49,17.9,5.01,38.57,23.46,15.49,33723.0,2024
puma,5117700,51,206552.0,18066.0,8.75,57.17,29.75,53.68,25.41,9.07,10.18,43.74,25.75,11.26,42420.0,2024
puma,5117900,51,192339.0,26103.0,13.57,56.58,36.29,45.39,26.17,8.06,19.53,45.25,33.98,9.49,46873.0,2024
puma,5118500,51,180714.0,1807.0,1.0,55.06,26.78,30.6,34.31,14.17,7.25,29.16,27.07,23.13,26571.0,2024
puma,5119100,51,185752.0,3273.0,1.76,44.36,28.63,51.21,27.83,11.24,6.45,48.7,24.59,20.63,30511.0,2024
puma,5151000,51,156976.0,39109.0,24.91,48.86,44.07,36.35,22.85,8.67,30.75,39.88,44.6,13.45,41923.0,2024
puma,5154001,51,140092.0,14832.0,10.59,42.04,48.25,31.51,45.56,14.65,4.87,35.18,53.39,17.24,36605.0,2024
puma,5155001,51,112046.0,7427.0,6.63,59.67,28.69,40.62,44.23,10.23,4.05,37.72,34.84,9.55,42003.0,2024
puma,5155002,51,128346.0,6876.0,5.36,74.51,23.69,24.48,43.34,18.8,10.41,20.77,50.31,4.31,52538.0,2024
puma,5160001,51,162346.0,41741.0,25.71,66.9,28.86,28.09,54.95,6.94,9.12,40.2,54.77,7.5,52890.0,2024
puma,5161001,51,120874.0,34777.0,28.77,60.1,33.88,16.47,62.06,13.18,6.23,25.76,74.0,6.09,84604.0,2024
puma,5165000,51,137557.0,8117.0,5.9,72.33,39.82,35.51,37.76,10.34,13.7,30.81,31.66,8.98,33321.0,2024
puma,5168000,51,134809.0,5748.0,4.26,43.27,40.48,31.07,30.92,9.39,22.83,34.55,40.17,16.91,34070.0,2024
puma,5168701,51,137233.0,48438.0,35.3,44.24,36.64,68.61,21.49,2.94,6.7,54.71,24.16,7.15,44101.0,2024
puma,5170000,51,184216.0,14119.0,7.66,56.78,33.1,38.08,34.21,15.74,9.35,25.85,29.15,14.64,37046.0,2024
puma,5171001,51,97647.0,8654.0,8.86,55.11,45.63,39.6,33.01,13.8,10.19,35.88,31.75,15.54,33821.0,2024
puma,5171002,51,135949.0,9857.0,7.25,53.03,42.58,35.61,36.91,13.72,11.75,29.2,44.69,16.1,36581.0,2024
puma,5174001,51,109381.0,3579.0,3.27,53.9,28.7,41.46,33.39,10.56,11.01,36.66,30.19,9.78,45741.0,2024
puma,5176001,51,113057.0,6058.0,5.36,55.07,41.23,25.54,40.26,19.25,11.82,23.73,65.78,18.46,42250.0,2024
puma,5176002,51,116302.0,13218.0,11.37,20.62,52.07,83.27,6.88,3.95,5.85,64.65,21.63,26.63,33374.0,2024
puma,5177001,51,132029.0,9261.0,7.01,34.16,49.23,47.64,34.75,9.51,6.88,42.57,27.72,25.51,35061.0,2024
puma,5180000,51,164984.0,6200.0,3.76,59.98,31.39,43.15,30.26,13.9,8.94,32.38,31.72,12.72,41077.0,2024
puma,5181001,51,146490.0,10144.0,6.92,59.73,35.32,20.18,43.09,27.27,5.89,29.28,47.28,9.01,41893.0,2024
puma,5181002,51,179207.0,19984.0,11.15,62.76,33.02,21.44,60.49,10.81,5.91,34.03,39.3,8.45,44950.0,2024
puma,5181003,51,130652.0,11679.0,8.94,71.03,25.53,21.64,57.39,14.47,5.03,26.03,46.07,4.87,43770.0,2024
puma,5320501,53,121327.0,15086.0,12.43,36.56,29.02,77.73,7.32,6.91,5.38,51.44,13.24,16.89,31861.0,2024
puma,5320502,53,125844.0,16318.0,12.97,43.2,29.91,62.58,21.36,8.06,4.73,49.23,24.73,17.39,36248.0,2024
puma,5320503,53,126797.0,19463.0,15.35,39.99,20.88,77.48,10.29,9.75,0.62,60.91,13.88,16.46,36274.0,2024
puma,5320700,53,124538.0,18280.0,14.68,31.55,26.88,86.61,4.14,5.19,0.31,64.08,10.54,8.99,37234.0,2024
puma,5320900,53,111390.0,5097.0,4.58,64.55,18.91,26.47,25.64,28.08,3.32,21.49,43.66,15.71,35972.0,2024
puma,5321101,53,141615.0,11853.0,8.37,62.22,18.59,20.48,23.13,46.65,2.32,42.7,27.02,11.58,50441.0,2024
puma,5321102,53,120986.0,15359.0,12.69,58.6,27.29,23.2,45.09,20.3,3.25,39.3,43.75,4.63,54825.0,2024
puma,5321103,53,124757.0,13980.0,11.21,50.86,24.81,38.7,27.5,23.34,3.27,48.86,24.96,10.02,41513.0,2024
puma,5321104,53,129601.0,15656.0,12.08,62.31,21.14,28.81,32.61,28.28,3.78,38.8,27.89,8.41,47736.0,2024
puma,5321500,53,141012.0,6175.0,4.38,45.2,24.57,54.77,22.06,11.5,0.57,48.65,16.59,17.49,32056.0,2024
puma,5322500,53,148971.0,18699.0,12.55,26.26,26.16,85.24,5.57,5.68,0.93,63.09,7.94,20.33,35539.0,2024
puma,5322700,53,145035.0,9022.0,6.22,37.38,32.95,62.91,15.86,10.7,4.12,55.45,16.4,18.72,35211.0,2024
puma,5322900,53,105314.0,8246.0,7.83,63.58,26.05,19.48,42.42,21.51,3.32,27.65,37.11,8.44,41749.0,2024
puma,5323301,53,132450.0,26623.0,20.1,56.84,33.86,15.72,54.25,13.76,11.76,35.26,59.5,9.7,62177.0,2024
puma,5323302,53,119855.0,23696.0,19.77,48.92,40.51,11.97,60.84,18.34,2.15,22.59,77.86,3.03,124480.0,2024
puma,5323303,53,162415.0,56638.0,34.87,39.47,53.05,10.02,67.54,15.78,2.68,26.35,78.57,5.56,121275.0,2024
puma,5323304,53,154391.0,66131.0,42.83,40.53,50.62,8.64,74.48,11.1,2.59,32.17,77.22,6.39,109079.0,2024
puma,5323305,53,156617.0,49940.0,31.89,48.63,46.16,5.91,71.19,14.54,2.69,25.49,79.72,5.19,132458.0,2024
puma,5323306,53,131525.0,16744.0,12.73,56.56,37.41,13.79,52.47,24.01,3.44,34.4,49.2,8.16,66458.0,2024
puma,5323307,53,127990.0,33264.0,25.99,49.35,35.06,31.12,37.72,18.12,8.63,54.02,22.15,11.92,42849.0,2024
puma,5323308,53,133169.0,39299.0,29.51,46.98,44.14,32.99,36.07,8.36,17.09,52.37,28.28,16.84,39515.0,2024
puma,5323309,53,136206.0,45224.0,33.2,47.4,42.62,21.05,52.32,11.04,10.23,54.86,24.25,12.64,41817.0,2024
puma,5323310,53,140157.0,38377.0,27.38,58.07,33.28,19.17,61.78,9.03,7.16,49.82,36.65,9.47,46533.0,2024
puma,5323311,53,138251.0,41483.0,30.01,54.3,33.42,32.28,40.93,4.5,18.71,55.96,21.93,15.66,39482.0,2024
puma,5323312,53,107793.0,16579.0,15.38,58.72,31.92,22.17,40.17,16.7,13.46,34.07,53.74,8.97,60232.0,2024
puma,5323313,53,105083.0,29496.0,28.07,62.35,30.02,13.69,59.86,4.75,18.13,56.87,28.97,17.59,38027.0,2024
puma,5323314,53,108568.0,19060.0,17.56,47.73,47.56,13.59,52.66,17.16,10.48,25.6,67.77,18.23,74660.0,2024
puma,5323315,53,102067.0,31474.0,30.84,24.87,71.99,7.28,73.06,10.84,3.22,18.5,87.98,6.68,134209.0,2024
puma,5323316,53,105270.0,14171.0,13.46,41.9,47.39,10.9,48.24,21.4,4.37,13.76,80.54,4.65,112379.0,2024
puma,5323317,53,112433.0,19203.0,17.08,41.2,53.33,9.17,62.68,15.82,5.66,22.27,85.47,21.34,67197.0,2024
puma,5323318,53,112931.0,21976.0,19.46,53.66,43.36,18.33,50.13,13.03,12.04,32.0,58.03,11.61,55892.0,2024
puma,5323501,53,133993.0,9584.0,7.15,67.79,22.61,23.27,46.65,18.46,2.71,21.48,47.19,4.45,46054.0,2024
puma,5323502,53,143888.0,10339.0,7.19,54.44,31.5,23.3,51.97,14.25,2.72,36.04,29.32,10.35,40674.0,2024
puma,5324100,53,120967.0,7068.0,5.84,45.51,22.07,60.02,16.41,13.67,1.39,41.21,24.75,13.99,34449.0,2024
puma,5325301,53,118380.0,10961.0,9.26,61.59,24.39,18.27,45.39,25.29,3.87,38.89,34.25,18.05,45014.0,2024
puma,5325302,53,101951.0,16212.0,15.9,55.25,28.92,26.93,54.47,10.57,5.21,56.96,18.67,13.12,39516.0,2024
puma,5325303,53,102666.0,12194.0,11.88,60.35,33.04,19.47,36.27,26.95,9.9,38.05,32.85,6.81,54726.0,2024
puma,5325304,53,134166.0,8686.0,6.47,58.3,22.51,27.45,37.8,16.3,7.76,33.95,25.62,7.36,46582.0,2024
puma,5325305,53,141620.0,14528.0,10.26,56.92,30.54,29.98,39.2,17.35,9.97,44.01,25.79,6.95,49181.0,2024
puma,5325306,53,106635.0,14878.0,13.95,52.68,31.77,27.27,32.0,22.7,8.72,44.7,16.7,12.49,45320.0,2024
puma,5325307,53,110172.0,15595.0,14.16,55.4,26.7,32.28,42.67,10.55,8.5,41.4,26.38,7.99,42135.0,2024
puma,5325308,53,114729.0,8353.0,7.28,64.11,33.57,18.66,33.33,23.82,8.15,23.79,43.78,8.43,50857.0,2024
puma,5325701,53,131328.0,11811.0,8.99,47.28,22.7,59.57,17.34,13.07,1.41,50.78,22.67,14.35,34915.0,2024
puma,5326101,53,158638.0,15962.0,10.06,54.48,33.57,33.93,39.66,16.31,5.58,37.61,25.71,9.07,41506.0,2024
puma,5326102,53,150560.0,16323.0,10.84,41.93,37.63,30.02,44.58,15.78,4.11,36.23,45.6,4.58,59003.0,2024
puma,5326103,53,145525.0,38341.0,26.35,46.71,45.63,11.34,69.22,12.85,2.92,30.42,68.83,4.4,100539.0,2024
puma,5326104,53,125941.0,25740.0,20.44,58.81,33.47,18.84,52.0,12.28,12.17,42.99,43.08,10.41,46288.0,2024
puma,5326105,53,107648.0,29305.0,27.22,56.93,38.54,18.61,53.75,12.44,9.69,45.48,47.44,11.27,55054.0,2024
puma,5326106,53,156118.0,37344.0,23.92,47.23,37.46,27.35,41.09,16.82,11.32,49.62,29.32,13.47,41598.0,2024
puma,5326301,53,119968.0,5461.0,4.55,59.81,28.35,16.13,33.24,31.35,2.36,27.94,33.73,15.01,32270.0,2024
puma,5326302,53,150989.0,7687.0,5.09,60.87,30.91,14.96,30.32,31.59,5.67,40.41,32.65,14.61,39535.0,2024
puma,5326303,53,138254.0,8750.0,6.33,53.67,41.47,15.06,42.7,23.84,5.95,42.56,37.65,18.25,35415.0,2024
puma,5326304,53,139845.0,7859.0,5.62,58.82,39.27,18.02,42.83,21.86,4.72,38.49,28.38,15.55,38181.0,2024
puma,5326500,53,112929.0,7100.0,6.29,34.77,43.28,69.51,8.61,10.89,2.2,53.89,15.62,29.88,26111.0,2024
puma,5326701,53,119490.0,7526.0,6.3,53.18,18.7,35.7,35.97,16.22,1.59,39.82,33.42,15.93,36037.0,2024
puma,5326702,53,179577.0,17189.0,9.57,61.7,27.7,22.3,51.89,14.93,4.7,39.91,34.94,11.37,43894.0,2024
puma,5327301,53,114378.0,12911.0,11.29,55.15,23.24,29.8,26.81,12.25,1.12,25.8,23.86,8.3,42749.0,2024
puma,5327302,53,116125.0,9991.0,8.6,56.93,27.69,19.03,41.98,18.38,2.87,26.62,44.87,19.25,39712.0,2024
puma,5327500,53,108126.0,9702.0,8.97,27.16,39.26,58.95,25.62,7.84,2.35,53.22,28.65,24.12,28679.0,2024
puma,5327701,53,125806.0,26884.0,21.37,29.59,20.86,95.22,2.3,1.35,0.29,70.52,5.2,19.1,31692.0,2024
puma,5327702,53,131346.0,19947.0,15.19,37.94,19.18,86.03,7.25,1.88,0.84,60.68,10.53,15.06,33729.0,2024
puma,5400100,54,121683.0,1820.0,1.5,56.92,36.7,30.71,26.54,33.41,3.08,28.38,40.19,12.52,23924.0,2024
puma,5400200,54,134120.0,1246.0,0.93,68.22,26.16,18.54,44.46,25.84,6.5,25.2,44.22,21.83,50197.0,2024
puma,5400300,54,197232.0,6745.0,3.42,45.22,50.66,16.56,52.72,18.47,8.39,27.06,68.97,17.85,42347.0,2024
puma,5400400,54,188774.0,9522.0,5.04,59.28,31.84,51.51,18.58,14.78,10.01,26.16,27.69,8.12,46727.0,2024
puma,5400500,54,105668.0,1159.0,1.1,58.58,27.18,43.57,18.64,26.06,7.85,17.31,16.14,20.86,23065.0,2024
puma,5400600,54,164923.0,1300.0,0.79,61.46,32.38,22.15,35.23,24.46,12.85,21.46,58.01,11.65,34276.0,2024
puma,5400700,54,99147.0,1312.0,1.32,51.3,32.62,38.57,26.45,31.63,2.21,20.87,24.26,10.06,41223.0,2024
puma,5400800,54,174959.0,2450.0,1.4,50.78,45.31,16.98,58.57,12.9,5.55,30.36,53.73,8.54,32978.0,2024
puma,5400900,54,176537.0,3531.0,2.0,58.74,38.63,20.7,51.37,16.03,3.17,11.73,73.08,7.17,51935.0,2024
puma,5401000,54,112714.0,1207.0,1.07,54.18,52.03,19.06,46.56,13.5,16.9,21.93,56.61,16.38,31140.0,2024
puma,5401100,54,130992.0,1111.0,0.85,50.86,38.25,21.42,25.83,43.65,6.93,14.91,64.11,25.37,38980.0,2024
puma,5401200,54,171624.0,926.0,0.54,39.96,31.64,57.67,26.03,14.04,0.86,42.33,27.09,18.75,19671.0,2024
puma,5500100,55,183635.0,2896.0,1.58,53.21,35.05,24.38,30.25,31.04,4.39,24.08,30.73,11.27,28909.0,2024
puma,5500200,55,119099.0,1793.0,1.51,61.96,24.32,28.56,21.64,39.04,4.02,23.16,27.13,14.99,44494.0,2024
puma,5500300,55,131572.0,1767.0,1.34,53.82,32.6,45.27,18.0,28.52,3.51,40.08,22.72,13.93,33148.0,2024
puma,5500400,55,192826.0,8310.0,4.31,52.91,30.17,34.74,44.83,8.98,7.41,38.76,36.76,9.36,40471.0,2024
puma,5500501,55,107391.0,9563.0,8.9,36.08,36.68,59.25,24.62,4.35,9.17,54.43,20.39,25.74,33382.0,2024
puma,5500502,55,163501.0,5114.0,3.13,52.64,34.63,35.94,44.41,12.36,1.39,39.17,44.36,11.83,43169.0,2024
puma,5500600,55,132515.0,3812.0,2.88,46.67,32.97,51.84,27.78,16.97,0.84,43.15,19.37,10.19,41120.0,2024
puma,5500700,55,117991.0,6894.0,5.84,56.01,35.23,29.88,45.59,20.74,1.26,49.14,23.03,10.49,37213.0,2024
puma,5500800,55,157079.0,5957.0,3.79,48.9,38.19,47.81,32.78,10.93,5.02,45.29,27.98,6.05,47844.0,2024
puma,5500900,55,171769.0,5928.0,3.45,51.25,39.32,28.58,43.13,12.15,10.46,38.48,37.39,11.65,39971.0,2024
puma,5501000,55,111446.0,1956.0,1.76,48.62,16.97,52.76,18.35,24.34,1.74,40.59,19.72,17.41,35013.0,2024
puma,5501100,55,165959.0,4531.0,2.73,52.39,30.74,36.11,38.23,18.47,3.18,38.94,28.7,16.54,35645.0,2024
puma,5501200,55,138403.0,6009.0,4.34,56.37,32.48,29.59,58.38,8.99,0.58,50.21,23.26,23.46,32422.0,2024
puma,5501300,55,158513.0,2945.0,1.86,41.43,37.35,55.65,19.29,10.19,9.2,47.9,24.42,15.61,35773.0,2024
puma,5501400,55,142493.0,4173.0,2.93,52.05,35.9,27.56,50.4,10.78,7.21,37.22,34.73,18.16,35800.0,2024
puma,5501500,55,141560.0,3252.0,2.3,54.52,33.24,36.72,32.5,20.69,4.46,34.43,50.41,10.54,47639.0,2024
puma,5501600,55,115228.0,3282.0,2.85,33.88,33.85,67.43,16.79,13.32,0.58,51.65,22.89,15.77,35647.0,2024
puma,5501700,55,120488.0,3652.0,3.03,75.71,21.58,14.95,66.02,14.13,4.05,24.54,42.48,8.21,46537.0,2024
puma,5501800,55,119988.0,2491.0,2.08,51.87,23.56,37.45,24.41,30.91,3.61,39.8,25.42,12.13,32401.0,2024
puma,5501900,55,146801.0,3064.0,2.09,44.19,36.78,56.2,22.29,18.18,1.63,47.61,35.07,19.87,37633.0,2024
puma,5502000,55,124281.0,3961.0,3.19,47.19,35.65,58.5,14.29,20.27,2.32,34.51,26.92,11.38,34524.0,2024
puma,5502101,55,102799.0,10100.0,9.82,30.96,62.31,16.27,58.58,17.85,4.31,23.85,78.15,37.34,29509.0,2024
puma,5502102,55,129452.0,14944.0,11.54,42.04,41.07,41.11,38.69,9.76,7.96,33.88,53.9,17.51,46025.0,2024
puma,5502103,55,112887.0,12988.0,11.51,46.34,41.21,32.82,47.37,7.92,9.27,36.44,58.44,11.39,51531.0,2024
puma,5502104,55,105745.0,8928.0,8.44,40.59,46.31,30.31,40.57,12.56,15.65,25.41,46.27,7.83,51630.0,2024
puma,5502105,55,121791.0,4309.0,3.54,54.89,27.66,29.52,29.06,23.9,8.49,24.18,39.22,4.11,48274.0,2024
puma,5502200,55,164350.0,7554.0,4.6,41.71,17.59,73.06,13.13,8.23,2.91,41.1,23.48,6.01,43141.0,2024
puma,5502300,55,174745.0,5325.0,3.05,35.44,36.56,61.6,15.98,17.67,1.92,50.31,14.44,7.25,42343.0,2024
puma,5502400,55,105657.0,6578.0,6.23,45.59,17.13,67.1,10.34,19.64,0.41,47.22,19.67,10.34,40572.0,2024
puma,5502501,55,120689.0,3163.0,2.62,69.11,23.68,12.74,43.98,34.49,2.18,16.92,55.4,5.3,55707.0,2024
puma,5502502,55,125505.0,7316.0,5.83,50.11,34.19,44.94,31.88,18.12,3.1,34.08,48.17,6.81,49386.0,2024
puma,5502503,55,165568.0,12204.0,7.37,60.6,33.03,14.65,59.24,18.81,3.48,21.3,62.78,7.49,67057.0,2024
puma,5502600,55,230845.0,8617.0,3.73,63.03,28.23,18.3,32.61,38.56,6.16,24.72,52.68,6.36,49555.0,2024
puma,5502801,55,107289.0,7532.0,7.02,66.14,28.35,24.11,48.0,5.92,21.88,42.23,27.42,11.64,41284.0,2024
puma,5502802,55,112353.0,9462.0,8.42,58.31,41.02,14.88,44.42,26.41,11.31,26.49,66.17,18.73,50239.0,2024
puma,5502803,55,94800.0,5072.0,5.35,42.09,46.85,27.94,39.22,4.02,25.73,49.39,36.37,25.12,32212.0,2024
puma,5502804,55,102079.0,3605.0,3.53,57.31,32.37,31.65,40.39,7.13,20.39,43.19,23.77,14.51,40522.0,2024
puma,5502805,55,101404.0,25571.0,25.22,25.4,30.37,87.55,7.92,1.51,2.59,71.69,7.87,25.77,30407.0,2024
puma,5502806,55,116396.0,17653.0,15.17,44.23,41.66,54.4,32.25,6.27,6.25,52.62,17.28,17.82,36111.0,2024
puma,5502807,55,171500.0,12069.0,7.04,54.69,29.51,29.48,41.74,17.8,7.49,37.88,41.23,16.05,46593.0,2024
puma,5502808,55,120510.0,10442.0,8.66,55.9,39.1,20.55,45.45,25.89,6.9,36.84,43.91,8.14,51632.0,2024
puma,5502900,55,197532.0,9775.0,4.95,45.13,23.61,61.14,18.93,12.0,3.2,45.24,22.26,15.09,37033.0,2024
puma,5503000,55,168438.0,12422.0,7.37,52.7,22.27,50.77,17.65,24.03,5.4,47.69,27.34,16.98,42047.0,2024
puma,5600100,56,118214.0,5413.0,4.58,43.3,35.38,55.4,12.88,19.43,1.55,46.55,31.05,10.18,42867.0,2024
puma,5600200,56,101495.0,2564.0,2.53,38.73,31.01,67.0,17.0,9.95,2.34,46.68,12.11,21.03,41354.0,2024
puma,5600300,56,101060.0,3313.0,3.28,60.16,21.76,45.0,23.27,22.12,4.11,30.0,36.69,10.08,42750.0,2024
puma,5600400,56,146451.0,5565.0,3.8,40.04,40.04,34.93,28.86,24.47,4.28,29.84,45.24,12.94,39496.0,2024
puma,5600500,56,115177.0,3639.0,3.16,44.08,26.68,68.78,10.0,12.42,1.65,36.2,25.86,13.5,36801.0,2024
state,01,01,5086768.0,203578.0,4.0,39.38,39.6,52.35,28.28,10.62,5.71,44.16,33.44,17.53,36222.0,2024
state,02,02,735706.0,56745.0,7.71,61.84,33.48,16.29,53.19,14.36,4.74,34.64,30.14,9.5,41278.0,2024
state,04,04,7378838.0,957784.0,12.98,48.48,27.62,60.12,21.56,9.12,4.43,43.67,28.22,14.63,37950.0,2024
state,05,05,3049391.0,165740.0,5.44,34.32,34.65,62.84,21.99,6.76,2.62,48.73,24.2,14.73,35507.0,2024
state,06,06,39287377.0,10598301.0,26.98,54.32,23.24,48.95,40.53,6.42,2.04,51.84,32.25,12.89,38602.0,2024
state,08,08,5862189.0,576653.0,9.84,47.63,31.75,51.52,23.53,13.43,7.7,42.77,33.58,12.4,43133.0,2024
state,09,09,3624508.0,569177.0,15.7,55.09,31.52,49.2,23.03,20.6,4.73,39.46,36.97,11.37,42983.0,2024
state,10,10,1021191.0,109282.0,10.7,54.25,36.66,43.21,30.73,9.84,14.71,38.02,39.62,10.92,43655.0,2024
state,11,11,681294.0,97388.0,14.29,47.93,38.0,41.7,21.49,16.31,17.75,30.79,60.97,12.05,69498.0,2024
state,12,12,22416077.0,4905727.0,21.88,57.43,36.6,76.04,10.52,9.13,1.82,45.68,32.66,14.39,34013.0,2024
state,13,13,10940407.0,1222778.0,11.18,48.38,35.33,49.34,30.17,7.7,10.82,40.8,38.66,12.52,40319.0,2024
state,15,15,1445235.0,259001.0,17.92,60.79,26.51,4.77,76.44,4.88,0.97,47.72,30.2,11.17,38415.0,2024
state,16,16,1934262.0,114849.0,5.94,45.75,30.52,56.99,18.68,14.02,4.03,46.25,21.48,14.19,36629.0,2024
state,17,17,12694798.0,1872449.0,14.75,52.34,26.83,44.11,30.51,19.4,4.64,47.33,35.87,12.58,41302.0,2024
state,18,18,6851073.0,431255.0,6.29,41.15,43.96,45.92,32.1,8.68,11.17,44.56,34.45,15.54,37833.0,2024
state,19,19,3210507.0,189988.0,5.92,43.96,44.1,38.39,32.69,9.13,16.48,48.94,30.84,17.05,38681.0,2024
state,20,20,2947197.0,216817.0,7.36,42.99,35.61,54.42,29.55,7.03,7.0,49.57,29.38,13.9,39030.0,2024
state,21,21,4534824.0,211210.0,4.66,40.31,51.43,42.6,29.79,11.02,13.69,49.57,34.12,18.73,34333.0,2024
state,22,22,4611961.0,224537.0,4.87,40.34,46.71,59.87,27.27,6.66,4.51,51.74,28.95,21.23,31557.0,2024
state,23,23,1387817.0,56448.0,4.07,52.29,42.19,13.07,23.98,22.18,21.66,24.44,42.86,13.81,37312.0,2024
state,24,24,6206011.0,1030670.0,16.61,54.59,34.77,40.78,30.41,8.18,19.52,38.87,44.47,10.57,46858.0,2024
state,25,25,7044056.0,1271206.0,18.05,53.77,39.7,40.15,30.33,17.34,9.73,43.01,41.42,13.11,45281.0,2024
state,26,26,10077761.0,728881.0,7.23,56.59,38.35,20.07,52.09,16.75,5.99,38.77,44.44,15.26,40213.0,2024
state,27,27,5739445.0,497722.0,8.67,58.9,37.42,24.98,34.84,8.73,28.64,40.24,36.96,13.64,42469.0,2024
state,28,28,2946779.0,71918.0,2.44,40.67,41.67,50.55,31.16,9.19,6.1,45.83,29.51,20.15,32527.0,2024
state,29,29,6191814.0,277967.0,4.49,50.65,39.01,31.85,37.51,16.33,10.55,38.29,41.15,14.26,39690.0,2024
state,30,30,1116875.0,25679.0,2.3,53.65,34.46,20.33,27.01,30.29,4.97,19.41,40.82,11.14,36694.0,2024
state,31,31,1978707.0,159084.0,8.04,42.31,45.3,53.69,28.16,6.58,10.01,52.97,24.95,15.78,37803.0,2024
state,32,32,3184612.0,609066.0,19.13,53.3,24.54,53.84,32.44,7.51,3.43,47.21,24.33,12.33,36807.0,2024
state,33,33,1394868.0,85632.0,6.14,60.86,34.37,25.26,33.52,23.87,8.09,28.68,45.71,7.92,49581.0,2024
state,34,34,9343809.0,2236554.0,23.94,56.24,33.3,48.41,31.82,12.84,5.96,44.01,41.56,11.5,44184.0,2024
state,35,35,2120246.0,199738.0,9.42,43.46,26.03,73.18,14.87,7.81,2.5,49.31,23.45,20.78,29743.0,2024
state,36,36,19852366.0,4526014.0,22.8,59.52,29.28,48.69,29.59,15.07,4.96,45.3,34.34,15.48,38504.0,2024
state,37,37,10730404.0,973325.0,9.07,42.43,37.33,52.15,27.24,10.24,8.05,44.21,36.14,15.1,38683.0,2024
state,38,38,784841.0,36962.0,4.71,41.38,57.29,18.71,31.23,9.36,32.07,28.07,41.76,18.15,37859.0,2024
state,39,39,11810293.0,616102.0,5.22,52.98,43.78,22.86,41.1,16.34,16.67,37.78,43.68,15.74,40171.0,2024
state,40,40,4028634.0,256215.0,6.36,40.39,35.4,57.45,26.59,7.19,5.44,49.45,24.25,15.8,34614.0,2024
state,41,41,4254293.0,418367.0,9.83,49.61,28.71,42.95,32.48,14.95,4.07,42.87,34.27,12.68,40620.0,2024
state,42,42,13018639.0,1004975.0,7.72,55.36,39.11,33.84,37.53,17.25,9.36,42.12,41.48,14.76,40329.0,2024
state,44,44,1101801.0,168502.0,15.29,54.24,34.08,51.19,17.3,17.38,12.29,45.71,26.1,14.24,37355.0,2024
state,45,45,5296225.0,305101.0,5.76,44.94,37.83,52.43,23.29,16.52,4.23,40.97,33.78,15.3,36429.0,2024
state,46,46,907428.0,35988.0,3.97,43.05,49.92,32.95,29.68,13.99,19.4,39.26,32.09,12.97,37805.0,2024
state,47,47,7066383.0,431545.0,6.11,39.16,43.15,50.9,25.83,8.98,10.92,46.87,33.77,16.67,37802.0,2024
state,48,48,30188424.0,5302466.0,17.56,41.9,35.23,64.35,23.89,4.36,6.03,52.0,30.7,16.43,35607.0,2024
state,49,49,3392331.0,302552.0,8.92,42.26,36.21,60.71,19.99,9.13,3.7,43.5,29.45,12.37,39783.0,2024
state,50,50,647106.0,27669.0,4.28,64.05,35.07,12.89,34.27,29.26,6.53,19.58,51.88,10.3,46496.0,2024
state,51,51,8705170.0,1142826.0,13.13,56.63,34.56,36.31,41.81,9.24,11.14,38.58,45.37,10.3,47175.0,2024
state,53,53,7816116.0,1206843.0,15.44,48.7,36.75,28.3,45.44,13.88,6.47,41.35,42.59,11.29,48476.0,2024
state,54,54,1778373.0,32329.0,1.82,54.56,38.44,31.74,36.26,19.42,7.67,24.38,46.56,12.61,41577.0,2024
state,55,55,5914872.0,306979.0,5.19,47.73,34.24,42.09,34.08,14.64,6.36,41.23,35.29,14.95,40754.0,2024
state,56,56,582397.0,20494.0,3.52,44.71,32.35,51.99,18.9,18.81,2.82,37.54,32.51,12.86,40188.0,2024
us,,,334922499.0,47349078.0,14.14,52.11,32.06,50.71,30.79,10.25,5.83,46.42,34.71,13.88,38883.0,2024
