level,code,group,region,n,population,pct_of_immigrants,pct_naturalized,pct_recent,pct_female,pct_children,pct_bachelors,pct_less_hs,pct_limited_english,pct_employed,pct_in_labor_force,pct_homeowner,pct_insured,pct_medicaid,median_age,median_income,median_fulltime_wage,median_years_in_us
state,01,U.S.-born,,239207,4887953,,0.0,0.2,51.6,22.8,28.1,10.6,0.6,66.5,70.0,73.4,91.3,20.8,39.0,33598.0,52000.0,36.0
state,01,All immigrants,,8168,198815,100.0,40.4,39.3,48.6,8.2,33.1,26.6,44.5,70.4,73.0,61.8,68.4,8.1,41.0,35000.0,48582.0,19.0
state,01,Mexico,Mexico,1898,53867,27.09,21.2,26.3,43.0,4.4,9.3,47.8,61.5,71.1,73.6,65.0,39.6,5.8,40.0,32000.0,39528.0,21.0
state,01,Guatemala,Central America,519,18373,9.24,12.6,56.2,42.8,21.5,4.0,66.5,65.7,65.5,69.7,37.9,35.4,14.5,31.0,26153.0,32064.0,10.0
state,01,South Korea,Asia,493,11536,5.8,35.1,53.4,56.4,13.8,60.8,5.3,62.0,65.8,66.4,75.3,93.4,3.0,44.0,60727.0,84000.0,13.0
state,01,India,Asia,466,10356,5.21,55.5,43.7,44.1,7.7,74.4,5.7,22.3,81.3,84.1,58.1,90.8,8.2,42.0,57645.0,66800.0,16.0
state,01,China,Asia,404,8258,4.15,45.9,56.5,56.6,8.8,55.9,12.2,50.2,63.8,65.5,62.5,83.3,5.1,35.0,34757.0,70000.0,13.0
state,01,Germany,Europe,384,7100,3.57,61.0,19.6,64.7,2.5,30.0,13.3,7.1,65.7,67.6,77.5,95.9,7.8,59.0,37306.0,57928.0,36.0
state,01,Vietnam,Asia,307,6279,3.16,74.2,22.0,49.0,2.5,19.6,33.2,65.7,84.6,84.6,86.0,87.0,3.8,51.0,34757.0,46343.0,27.0
state,01,Philippines,Asia,313,5566,2.8,73.4,34.7,74.3,2.3,40.5,8.4,26.9,72.6,74.4,76.9,93.2,3.3,48.0,39116.0,53000.0,20.0
state,02,U.S.-born,,31590,678473,,0.3,1.1,47.1,25.7,31.7,6.0,1.5,70.3,74.9,71.5,89.6,23.4,34.0,44675.0,68000.0,24.0
state,02,All immigrants,,1900,57233,100.0,59.7,32.3,52.8,5.3,29.3,14.6,34.3,79.8,83.9,67.9,86.6,18.9,46.0,41175.0,54557.0,22.0
state,02,Philippines,Asia,693,20816,36.37,57.5,37.2,57.3,7.0,23.9,13.6,37.1,81.9,86.4,69.8,87.2,13.8,48.0,38928.0,53528.0,19.0
state,04,U.S.-born,,311824,6419954,,0.0,0.5,49.8,24.1,34.3,7.1,2.4,70.2,74.1,69.9,91.0,20.8,36.0,41175.0,58951.0,29.0
state,04,All immigrants,,40095,958884,100.0,48.7,27.6,52.1,4.7,28.1,28.3,43.6,71.4,74.2,66.0,76.2,18.6,47.0,37074.0,50000.0,25.0
state,04,Mexico,Mexico,18351,491277,51.23,38.7,19.8,51.5,3.8,10.5,43.4,58.4,69.3,72.1,64.1,64.3,22.6,46.0,33300.0,42874.0,26.0
state,04,India,Asia,2003,45077,4.7,38.2,56.1,45.7,7.2,88.0,3.9,15.1,79.3,82.4,60.1,96.4,4.7,38.0,92685.0,115857.0,12.0
state,04,Canada,Canada and other Northern America,2165,39505,4.12,41.2,37.7,52.2,3.7,40.8,5.3,0.7,65.7,67.7,82.0,93.5,5.9,64.0,50100.0,98478.0,24.0
state,04,Philippines,Asia,1728,33801,3.53,71.3,33.1,63.1,4.8,52.1,5.9,22.3,79.2,81.3,71.4,94.2,8.9,49.0,42000.0,57928.0,22.0
state,04,China,Asia,1051,21583,2.25,46.2,49.1,58.5,2.8,56.5,16.2,51.5,68.1,70.1,74.3,91.8,14.6,44.0,40000.0,75029.0,15.0
state,04,Vietnam,Asia,1029,20531,2.14,79.3,22.6,54.8,2.9,28.0,25.8,60.4,79.9,82.4,82.6,92.2,22.1,52.0,34757.0,48582.0,29.0
state,04,Guatemala,Central America,538,15954,1.66,34.9,33.5,45.1,10.3,12.6,46.2,62.4,70.2,71.5,48.7,57.6,22.2,40.0,34299.0,42509.0,23.0
state,04,Germany,Europe,754,13723,1.43,73.7,12.7,60.9,1.3,34.8,7.5,5.4,62.1,63.7,77.8,95.4,9.4,66.0,36000.0,63721.0,50.0
state,04,South Korea,Asia,661,13448,1.4,69.1,22.0,58.9,4.2,56.0,7.4,37.2,67.7,69.2,73.4,90.8,9.5,50.0,47400.0,87447.0,32.0
state,04,Cuba,Caribbean,412,10980,1.15,41.3,51.5,42.7,5.2,28.3,20.3,59.4,72.5,79.6,41.9,74.5,28.3,45.0,34757.0,46343.0,13.0
state,04,Iraq,Asia,457,10437,1.09,87.7,45.0,48.7,5.6,25.9,21.1,44.1,70.6,73.4,77.1,82.8,41.8,46.0,32155.0,43946.0,15.0
state,04,El Salvador,Central America,434,10280,1.07,49.9,21.6,51.1,5.1,15.1,43.9,53.2,74.8,78.3,66.1,74.7,20.7,49.0,36028.0,43724.0,31.0
state,04,England,Europe,485,9780,1.02,66.7,14.4,54.7,0.3,37.5,5.6,2.9,72.3,74.0,81.2,94.9,6.3,65.0,43234.0,69670.0,38.0
state,04,Colombia,South America,331,7900,0.82,64.5,28.7,61.0,2.0,40.1,15.0,35.9,70.5,72.6,66.7,86.0,17.6,51.0,35692.0,49410.0,24.0
state,04,Iran,Asia,308,7402,0.77,70.0,39.0,46.3,0.0,64.5,3.9,28.7,78.4,82.5,64.8,89.6,12.0,50.0,45253.0,60000.0,21.0
state,04,United Kingdom (not specified),Europe,412,7159,0.75,59.6,20.7,45.3,2.6,53.7,3.6,2.3,74.2,76.4,80.7,95.1,5.7,57.0,64311.0,100000.0,28.0
state,04,Romania,Europe,321,6190,0.65,87.5,12.9,53.5,1.6,36.9,12.7,30.7,80.7,82.3,84.2,81.4,11.1,52.0,45000.0,77203.0,30.0
state,04,Japan,Asia,292,6075,0.63,46.2,24.4,66.0,3.5,46.2,4.2,37.7,68.5,68.5,76.5,96.2,7.7,51.0,41888.0,82350.0,24.0
state,04,Taiwan,Asia,268,5896,0.61,62.6,38.9,54.5,7.8,76.0,2.3,47.4,68.7,69.8,67.0,96.6,5.9,48.0,60941.0,115857.0,26.0
state,04,"Africa, Ns/nec",Africa,126,5507,0.57,38.3,69.2,54.8,21.2,42.5,11.8,30.7,73.2,80.1,42.1,66.0,40.9,34.0,36000.0,41000.0,8.0
state,04,Peru,South America,219,5023,0.52,68.8,32.0,59.7,7.2,48.6,5.5,45.4,73.2,75.0,65.2,83.9,15.7,47.0,39855.0,64311.0,24.0
state,04,Poland,Europe,240,5020,0.52,82.2,12.8,54.8,1.6,36.2,6.5,23.8,86.9,86.9,82.4,93.1,6.3,54.0,56616.0,82589.0,33.0
state,05,U.S.-born,,143889,2884601,,0.0,0.2,50.8,24.0,25.7,9.5,0.7,66.5,70.1,69.6,91.6,27.5,38.0,32787.0,49818.0,32.0
state,05,All immigrants,,5969,164790,100.0,34.0,33.9,48.5,7.4,24.6,33.9,47.2,72.8,74.5,58.1,65.6,9.6,42.0,35000.0,42509.0,21.0
state,05,Mexico,Mexico,2097,66868,40.58,25.5,20.2,46.7,5.1,7.4,48.9,59.6,74.5,75.5,59.8,51.1,9.3,42.0,33970.0,37514.0,24.0
state,05,El Salvador,Central America,495,15793,9.58,27.5,35.5,48.7,7.0,6.1,50.1,65.6,76.7,78.6,57.8,56.3,8.5,41.0,33441.0,37074.0,21.0
state,05,India,Asia,351,10798,6.55,23.3,66.7,43.8,11.9,83.7,7.4,14.7,76.6,78.6,45.3,93.5,3.8,35.0,92685.0,111222.0,10.0
state,05,Guatemala,Central America,210,6722,4.08,25.0,40.8,43.2,12.7,7.6,57.7,67.7,68.9,71.0,47.9,40.5,7.3,36.0,37058.0,41175.0,19.0
state,05,Philippines,Asia,258,5370,3.26,56.5,51.4,72.2,5.9,52.1,6.1,31.0,81.9,82.8,60.8,91.2,5.8,47.0,28940.0,44263.0,14.0
state,06,U.S.-born,,1363984,28679912,,0.0,0.7,49.5,28.6,39.8,6.8,3.9,68.3,73.5,59.7,95.2,26.8,31.0,45100.0,72057.0,25.0
state,06,All immigrants,,503079,10607465,100.0,54.3,23.2,51.4,4.0,32.3,30.4,51.9,72.2,76.3,53.7,88.0,28.0,49.0,37622.0,60245.0,27.0
state,06,Mexico,Mexico,165645,3877888,36.56,39.4,12.9,49.2,2.9,7.5,53.7,66.2,70.1,74.4,47.2,79.6,34.1,49.0,31578.0,43234.0,31.0
state,06,Philippines,Asia,45537,827719,7.8,78.6,19.9,58.1,2.7,51.9,6.0,30.9,79.0,82.1,65.8,96.1,18.5,54.0,47590.0,69670.0,29.0
state,06,China,Asia,37094,695724,6.56,53.2,41.1,54.4,4.2,51.6,18.0,61.7,70.7,74.9,66.4,95.8,22.8,49.0,43946.0,95000.0,19.0
state,06,India,Asia,27545,577090,5.44,49.4,45.9,47.5,5.6,77.6,8.0,22.1,79.2,82.3,63.4,97.3,11.3,41.0,108000.0,148175.0,16.0
state,06,Vietnam,Asia,29139,517659,4.88,83.6,18.7,53.6,2.6,29.7,28.6,67.6,72.6,76.7,67.5,96.3,36.0,54.0,32155.0,69514.0,32.0
state,06,El Salvador,Central America,19108,439990,4.15,45.2,21.6,51.3,4.9,9.0,47.9,68.0,72.8,77.1,41.2,81.5,37.4,48.0,31180.0,42867.0,30.0
state,06,South Korea,Asia,16370,317147,2.99,67.8,17.8,55.6,3.2,60.4,6.6,56.3,72.1,75.8,54.9,93.6,20.9,53.0,46153.0,92178.0,30.0
state,06,Guatemala,Central America,12723,311005,2.93,33.1,29.9,46.1,7.4,8.1,55.5,71.7,72.9,77.1,28.6,73.0,40.8,42.0,30000.0,40550.0,23.0
state,06,Iran,Asia,9747,214882,2.03,81.3,26.5,50.0,1.8,54.5,8.8,41.2,72.8,78.2,56.4,95.7,29.7,56.0,46528.0,97164.0,26.0
state,06,Taiwan,Asia,10539,176976,1.67,80.5,17.6,56.2,1.7,75.1,3.9,49.5,73.7,76.4,80.9,97.2,10.6,54.0,69514.0,115382.0,33.0
state,06,Canada,Canada and other Northern America,7177,127490,1.2,53.3,27.6,52.7,5.5,57.8,4.2,2.3,74.9,77.9,67.8,97.3,8.6,52.0,75075.0,128621.0,27.0
state,06,Hong Kong,Asia,6222,103141,0.97,84.7,13.3,53.4,2.8,58.9,10.1,42.3,76.0,79.2,80.1,97.6,12.3,57.0,68015.0,103237.0,35.0
state,06,Japan,Asia,5536,99741,0.94,39.1,28.4,63.8,6.2,54.6,5.5,45.6,70.4,73.3,57.2,96.7,10.3,53.0,50000.0,92644.0,27.0
state,06,Armenia,Europe,3413,89397,0.84,70.7,34.8,53.5,6.4,38.2,6.7,52.1,63.0,70.4,40.7,93.4,49.3,46.0,34757.0,67000.0,23.0
state,06,Other Ussr/russia,Europe,3405,76155,0.72,61.7,44.3,57.6,10.6,67.6,3.5,41.9,72.0,76.4,41.7,93.5,30.0,40.0,49305.0,97164.0,18.0
state,06,Peru,South America,3486,76007,0.72,61.1,21.5,51.5,4.3,32.6,13.5,52.8,75.4,81.1,50.6,88.4,26.7,54.0,35951.0,55000.0,27.0
state,06,Honduras,Central America,2965,75169,0.71,27.8,38.4,52.4,12.3,8.4,48.4,68.8,67.5,72.1,28.3,75.0,44.0,40.0,30000.0,39116.0,20.0
state,06,Germany,Europe,4097,71506,0.67,61.2,22.4,57.2,2.0,49.5,7.1,8.7,71.5,74.5,67.5,97.7,11.8,59.0,56616.0,117903.0,35.0
state,06,Colombia,South America,3064,69265,0.65,51.5,40.8,54.8,7.5,38.4,15.2,52.0,71.3,75.9,38.2,84.6,28.8,44.0,34999.0,55611.0,21.0
state,06,Ukraine,Europe,2918,67173,0.63,65.4,36.6,55.7,7.4,54.6,5.0,49.2,70.8,75.7,48.3,94.1,36.1,43.0,45184.0,92685.0,22.0
state,06,Afghanistan,Asia,2814,66690,0.63,47.4,66.0,49.1,26.2,31.8,24.1,52.7,56.0,63.9,27.2,95.9,66.0,34.0,28964.0,57928.0,8.0
state,06,Thailand,Asia,3666,66253,0.62,72.4,20.8,60.5,2.6,41.7,13.3,47.1,71.8,75.5,58.0,91.2,26.1,44.0,39391.0,60000.0,30.0
state,06,Nicaragua,Central America,2916,65282,0.62,54.2,29.2,51.6,5.4,19.7,28.7,58.3,73.1,78.2,41.6,82.3,31.9,48.0,32550.0,47375.0,31.0
state,06,United Kingdom (not specified),Europe,3180,57807,0.54,52.5,35.0,43.0,5.9,66.6,2.8,2.0,77.1,81.6,65.7,96.5,6.4,50.0,92644.0,145746.0,24.0
state,06,England,Europe,3074,56686,0.53,63.0,16.2,48.1,2.2,50.4,4.7,1.0,78.4,82.2,72.4,97.0,8.5,58.0,68819.0,121455.0,36.0
state,06,Brazil,South America,2490,54947,0.52,44.0,52.4,56.0,6.1,59.4,6.9,27.8,74.9,79.0,40.4,84.6,14.1,40.0,53592.0,78946.0,14.0
state,06,Cambodia (kampuchea),Asia,2998,54797,0.52,83.6,15.4,55.4,2.3,19.0,38.6,64.9,67.4,71.7,62.6,94.5,38.7,54.0,29891.0,56616.0,39.0
state,06,Pakistan,Asia,2477,52897,0.5,70.5,37.3,47.9,7.1,57.3,14.4,33.2,66.5,70.0,55.6,94.3,35.8,44.0,49554.0,90000.0,21.0
state,06,Laos,Asia,2449,46506,0.44,84.6,7.7,51.6,0.9,17.2,39.1,65.2,63.2,66.4,63.3,94.9,39.7,54.0,31000.0,56616.0,39.0
state,06,Egypt/united Arab Rep,Africa,1916,44418,0.42,72.1,41.2,46.9,7.1,65.0,5.2,30.7,69.0,73.7,53.7,93.2,34.3,48.0,42751.0,90000.0,18.0
state,06,Iraq,Asia,1846,42373,0.4,81.7,41.3,48.8,7.7,36.0,20.5,46.3,61.8,68.9,43.4,95.2,52.1,46.0,27570.0,60733.0,16.0
state,06,France,Europe,2063,38931,0.37,52.1,43.6,45.3,4.1,70.5,3.8,13.5,76.8,79.4,54.1,97.0,8.0,45.0,77203.0,139028.0,18.0
state,06,Nigeria,Africa,1360,38245,0.36,58.7,45.6,48.2,7.9,66.6,6.0,11.8,83.1,86.7,48.7,92.2,23.6,45.0,59087.0,82589.0,16.0
state,06,Indonesia,Asia,2018,37107,0.35,61.1,23.3,58.6,2.4,55.0,6.1,39.7,74.9,78.3,68.4,95.2,15.6,52.0,45000.0,70000.0,26.0
state,06,Israel/palestine,Asia,1681,34910,0.33,71.0,32.0,43.6,7.6,56.8,5.3,18.3,75.0,78.8,59.7,96.3,13.4,49.0,69595.0,116831.0,25.0
state,06,Lebanon,Asia,1570,34052,0.32,81.3,20.2,46.5,2.4,45.6,13.6,31.1,70.0,77.1,57.8,94.7,27.5,56.0,47590.0,94735.0,35.0
state,06,Fiji,Oceania,1531,33008,0.31,76.1,21.6,54.4,2.7,22.3,20.2,26.5,75.1,80.4,75.2,95.6,20.8,52.0,47000.0,64311.0,28.0
state,06,Italy,Europe,1681,30443,0.29,65.7,29.4,48.1,2.4,45.2,13.5,20.0,77.5,82.0,65.5,95.7,10.9,56.0,51469.0,97164.0,31.0
state,06,Argentina,South America,1566,29792,0.28,70.1,18.3,51.4,1.1,38.9,12.8,32.6,74.5,80.2,58.5,92.6,18.1,54.0,45000.0,78946.0,32.0
state,06,Syria,Asia,1219,29635,0.28,69.7,42.3,48.0,6.7,33.5,21.7,52.0,60.1,65.0,39.6,95.7,46.6,50.0,30881.0,75000.0,20.0
state,06,Burma (myanmar),Asia,1689,28864,0.27,76.9,25.2,51.4,2.0,47.2,19.0,59.3,76.0,79.5,69.5,96.2,23.1,55.0,42874.0,72873.0,26.0
state,06,Cuba,Caribbean,1458,26435,0.25,81.9,8.6,49.9,0.4,30.0,19.8,38.5,71.6,74.9,64.3,94.5,23.9,62.0,38349.0,66910.0,49.0
state,06,Turkey,Asia,1118,24525,0.23,50.9,53.4,44.0,8.7,68.2,5.7,29.2,69.2,73.9,43.7,89.3,18.7,41.0,72873.0,117903.0,14.0
state,06,Australia,Oceania,1276,24287,0.23,40.0,46.9,45.9,7.0,61.4,5.4,2.4,77.8,83.4,54.3,96.1,6.8,44.0,92644.0,150000.0,16.0
state,06,Romania,Europe,1257,23931,0.23,80.2,17.1,56.4,2.2,53.3,7.7,28.1,74.6,77.8,64.5,94.6,17.8,50.0,53528.0,96466.0,27.0
state,06,Ecuador,South America,1196,23848,0.22,67.4,19.1,55.8,3.2,27.1,14.9,44.0,72.2,77.3,53.4,90.7,27.1,56.0,33455.0,58951.0,34.0
state,06,Ethiopia,Africa,872,22774,0.21,74.4,37.1,48.2,8.4,34.0,16.7,37.9,70.0,75.6,31.5,92.7,33.0,45.0,41175.0,71813.0,19.0
state,06,Venezuela,South America,926,21749,0.21,43.5,50.5,48.5,7.3,59.5,6.8,42.8,74.5,79.6,37.7,86.3,25.5,42.0,46922.0,66800.0,14.0
state,06,South Africa (union Of),Africa,1061,21191,0.2,71.3,26.8,49.8,3.6,64.6,1.9,4.4,79.7,83.7,60.0,97.1,8.7,50.0,80000.0,128621.0,26.0
state,06,Poland,Europe,1113,20606,0.19,71.1,22.8,58.2,2.6,61.0,3.1,25.7,77.7,80.6,64.0,96.0,11.7,53.0,66038.0,115857.0,30.0
state,06,Bangladesh,Asia,988,20111,0.19,64.7,44.1,47.8,3.9,58.1,12.4,44.3,71.2,74.9,43.6,93.3,32.6,45.0,46343.0,85747.0,17.0
state,06,Nepal,Asia,925,18804,0.18,45.1,62.2,46.1,7.2,56.6,15.6,40.2,77.1,81.8,55.9,93.6,21.2,37.0,48582.0,66454.0,11.0
state,06,"Asia, Nec/ns",Asia,826,18681,0.18,68.7,33.2,50.2,6.6,45.1,20.8,34.4,64.1,67.3,53.2,96.0,33.1,47.0,46322.0,95000.0,23.0
state,06,Malaysia,Asia,1002,18052,0.17,58.8,23.5,54.7,3.6,67.6,6.6,24.4,73.9,77.0,76.8,97.6,11.6,50.0,75458.0,115857.0,27.0
state,06,Jordan,Asia,741,17547,0.17,70.8,35.1,45.3,8.8,45.2,10.4,33.8,64.3,70.7,47.8,94.7,40.9,51.0,34757.0,71658.0,26.0
state,06,Portugal,Europe,892,16666,0.16,76.3,8.2,50.9,0.9,16.0,34.5,37.3,71.2,73.1,75.2,95.7,17.6,64.0,37058.0,83604.0,49.0
state,06,Netherlands,Europe,998,16655,0.16,57.5,18.8,44.3,1.9,47.9,5.9,6.7,76.5,79.5,71.6,98.3,10.6,64.0,52831.0,115382.0,44.0
state,06,Spain,Europe,810,16257,0.15,52.1,41.1,47.5,6.6,56.5,12.0,25.4,76.5,79.6,51.2,94.3,9.1,47.0,63000.0,100000.0,22.0
state,06,Chile,South America,811,16241,0.15,56.2,25.9,53.7,4.1,45.4,9.7,38.0,76.4,82.6,51.3,91.1,17.3,50.0,41690.0,69670.0,29.0
state,06,Jamaica,Caribbean,652,16205,0.15,65.8,25.1,46.9,2.0,42.2,14.6,2.7,72.9,78.1,50.2,90.9,17.9,47.0,49554.0,78244.0,26.0
state,06,Ireland,Europe,908,16145,0.15,66.0,23.1,45.1,1.9,53.1,6.5,1.9,81.8,85.0,62.7,97.1,6.9,55.0,84000.0,139340.0,30.0
state,06,Belize/british Honduras,Central America,685,14875,0.14,68.8,12.7,58.1,1.7,18.1,19.6,10.5,69.0,73.8,50.4,89.6,30.9,57.0,34757.0,54655.0,35.0
state,06,Kenya,Africa,502,12391,0.12,66.8,28.9,56.7,4.5,52.6,4.6,16.4,79.2,83.5,54.6,94.8,18.7,46.0,57084.0,85018.0,21.0
state,06,Costa Rica,Central America,635,12244,0.12,70.2,18.5,55.5,2.6,30.2,21.3,31.4,76.2,78.8,60.4,92.0,21.5,55.0,41175.0,69670.0,35.0
state,06,Sri Lanka (ceylon),Asia,651,11893,0.11,70.2,27.6,50.4,4.0,58.8,7.0,22.7,77.8,81.7,68.5,97.4,17.0,52.0,63822.0,92306.0,24.0
state,06,Byelorussia,Europe,538,11138,0.11,67.7,38.2,50.0,3.8,64.8,2.5,44.0,76.1,81.3,46.0,95.6,22.4,41.0,69998.0,107184.0,21.0
state,06,Singapore,Asia,587,10741,0.1,42.0,40.9,51.7,10.9,75.9,2.8,10.6,69.1,71.9,64.6,98.8,7.1,42.0,66454.0,112543.0,19.0
state,06,Yemen Arab Republic (north),Asia,357,10406,0.1,69.2,43.9,48.8,15.6,21.1,45.4,47.6,48.5,51.9,37.3,91.2,57.7,35.0,38380.0,60000.0,15.0
state,06,Greece,Europe,568,10296,0.1,77.1,18.5,49.8,1.9,46.8,15.5,23.6,67.1,72.7,67.6,95.7,13.2,63.0,45000.0,115857.0,39.0
state,06,Moldavia,Europe,426,10140,0.1,68.5,31.5,51.5,5.1,42.0,8.8,47.4,76.8,81.9,52.8,92.7,34.3,42.0,46000.0,72873.0,19.0
state,06,"Ussr, Ns",Europe,555,10084,0.1,80.8,19.3,47.5,0.0,81.8,2.1,41.9,79.3,82.5,60.4,96.3,21.4,58.0,68169.0,121455.0,30.0
state,06,Sweden,Europe,545,9967,0.09,55.5,29.2,61.9,6.3,59.8,2.1,5.9,74.5,78.1,55.0,97.4,10.5,50.0,75302.0,135000.0,26.0
state,06,Bolivia,South America,484,9641,0.09,73.5,13.7,57.6,3.0,31.2,10.3,41.9,75.7,78.5,61.0,90.0,25.5,57.0,40000.0,64311.0,35.0
state,06,Bulgaria,Europe,452,9612,0.09,78.9,22.8,53.7,2.1,66.6,0.7,23.9,77.9,82.2,51.6,92.7,16.4,46.0,68529.0,123525.0,24.0
state,06,Hungary,Europe,517,9433,0.09,78.5,16.3,57.3,1.0,50.0,5.1,21.1,73.6,80.9,64.0,95.7,16.4,63.0,51469.0,92685.0,36.0
state,06,Panama,Central America,442,8819,0.08,78.1,6.2,63.5,1.0,32.9,9.3,27.7,66.9,73.2,57.0,95.0,15.3,60.0,36228.0,63721.0,39.0
state,06,"Africa, Ns/nec",Africa,276,8532,0.08,68.0,32.5,49.0,5.2,38.4,9.0,18.4,69.9,74.8,45.0,91.3,26.5,48.0,45763.0,62167.0,22.0
state,06,Kazakhstan,Europe,354,8423,0.08,41.9,61.1,61.8,14.6,74.5,2.2,48.4,65.1,67.9,39.6,82.1,24.4,34.0,52310.0,90000.0,9.0
state,06,Ghana,Africa,328,8281,0.08,68.1,35.0,42.1,3.3,62.2,3.9,12.9,79.5,83.8,48.6,92.7,13.4,44.0,65768.0,78946.0,21.0
state,06,Scotland,Europe,487,8219,0.08,63.8,15.5,52.0,2.3,48.0,3.1,1.4,80.2,81.6,76.7,95.6,8.7,59.0,66910.0,121455.0,36.0
state,06,Switzerland,Europe,470,8019,0.08,56.1,26.9,49.8,4.7,67.9,3.4,10.1,73.8,78.7,65.7,96.3,7.7,58.0,64857.0,109309.0,30.0
state,06,Dominican Republic,Caribbean,362,7961,0.08,64.6,29.8,48.6,3.7,36.9,16.9,37.2,69.4,73.4,47.5,91.5,22.0,43.0,44267.0,66910.0,25.0
state,06,Morocco,Africa,342,7673,0.07,69.2,33.9,45.5,4.8,40.4,14.8,28.4,69.3,73.7,43.1,92.9,26.9,50.0,46322.0,80000.0,23.0
state,06,New Zealand,Oceania,362,7098,0.07,46.6,37.9,39.6,5.5,55.6,2.8,3.5,77.9,81.8,62.7,93.9,4.8,48.0,91091.0,131171.0,23.0
state,06,Saudi Arabia,Asia,293,7080,0.07,51.0,57.9,45.5,13.1,73.7,2.0,18.5,64.2,68.9,35.4,92.2,25.4,31.0,53528.0,102938.0,11.0
state,06,Uzbekistan,Europe,277,6990,0.07,68.3,33.4,58.0,3.0,57.5,4.9,46.5,78.1,82.1,38.2,96.5,41.4,45.0,39391.0,64311.0,21.0
state,06,Austria,Europe,419,6924,0.07,56.2,21.2,50.1,3.4,55.2,3.3,4.2,71.2,73.7,67.0,96.6,10.2,58.0,50162.0,121455.0,37.0
state,06,Haiti,Caribbean,224,6776,0.06,69.0,30.1,46.1,2.5,41.9,14.6,29.0,71.9,76.3,44.7,90.8,23.7,43.0,42874.0,69514.0,27.0
state,06,Kuwait,Asia,272,6567,0.06,66.5,38.2,43.0,9.1,57.1,6.3,14.9,71.9,75.9,50.0,92.4,26.8,43.0,61095.0,107184.0,23.0
state,06,Belgium,Europe,347,6409,0.06,56.8,35.7,53.0,7.3,70.3,4.0,4.5,79.9,82.7,57.1,97.0,5.8,45.0,69514.0,154407.0,24.0
state,06,Eritrea,Africa,243,6229,0.06,76.6,31.3,50.0,0.9,27.7,20.5,43.8,70.3,72.0,39.3,98.0,34.7,53.0,50861.0,87497.0,27.0
state,06,Azerbaijan,Europe,245,6200,0.06,77.1,27.4,56.6,4.0,52.2,9.1,55.4,69.9,72.7,42.2,93.6,39.9,53.0,40550.0,100000.0,25.0
state,06,Croatia,Europe,323,5990,0.06,85.9,12.5,49.5,0.5,46.0,8.5,25.3,71.4,75.4,76.3,98.3,9.5,64.0,55736.0,110064.0,40.0
state,06,Denmark,Europe,340,5476,0.05,56.4,19.2,49.7,3.8,54.7,5.7,5.0,77.2,80.0,65.1,96.3,9.0,57.0,79262.0,154407.0,34.0
state,06,Trinidad and Tobago,Caribbean,268,5447,0.05,78.5,19.6,51.3,7.4,44.8,5.4,5.8,80.1,84.2,66.9,97.1,17.0,55.0,62910.0,81100.0,35.0
state,06,Algeria,Africa,211,5287,0.05,61.8,55.2,41.5,3.9,50.3,8.4,49.8,77.8,86.0,22.6,92.0,40.0,40.0,46153.0,60727.0,13.0
state,06,"Europe, Ns",Europe,301,5262,0.05,67.0,22.5,56.5,2.9,53.4,4.3,11.9,75.1,79.7,65.1,95.1,16.6,54.0,51770.0,95000.0,30.0
state,06,Bosnia,Europe,242,5225,0.05,81.0,14.4,44.2,1.4,43.2,8.1,30.0,79.3,81.1,52.8,97.0,9.0,46.0,64311.0,94703.0,27.0
state,06,Czech Republic,Europe,249,5153,0.05,59.4,25.7,62.2,1.5,51.1,6.0,18.5,68.4,75.6,60.1,94.9,10.0,48.0,58160.0,95732.0,27.0
state,08,U.S.-born,,266749,5290374,,0.0,0.5,49.2,22.6,47.3,4.4,1.3,76.3,80.0,71.1,93.9,18.2,36.0,48946.0,69670.0,31.0
state,08,All immigrants,,23263,571815,100.0,48.4,31.8,50.4,6.3,34.2,25.7,41.8,75.5,78.8,60.7,76.5,15.7,43.0,42752.0,57928.0,23.0
state,08,Mexico,Mexico,6744,205206,35.89,31.4,21.7,46.3,4.6,8.8,48.2,60.0,74.6,77.2,56.0,59.3,14.5,43.0,40000.0,48381.0,24.0
state,08,India,Asia,1082,23918,4.18,40.5,53.4,44.1,7.1,83.8,5.3,15.6,80.4,82.7,62.4,94.8,3.8,38.0,100000.0,120000.0,13.0
state,08,China,Asia,1016,18011,3.15,58.3,40.5,59.1,11.2,61.1,11.7,38.8,74.7,77.6,79.8,93.0,11.4,35.0,41708.0,82350.0,18.0
state,08,Vietnam,Asia,788,16434,2.87,77.8,19.3,51.9,3.1,27.7,36.6,60.4,77.8,81.5,77.4,91.6,24.6,50.0,36436.0,56616.0,30.0
state,08,Canada,Canada and other Northern America,873,15362,2.69,57.8,19.6,51.4,4.2,59.9,2.8,1.6,78.5,81.3,72.9,96.5,8.6,54.0,72135.0,102938.0,28.0
state,08,South Korea,Asia,792,15247,2.67,82.6,13.9,62.9,4.7,50.0,9.5,37.7,71.2,75.3,75.3,91.2,14.5,49.0,45232.0,68015.0,34.0
state,08,Germany,Europe,774,13731,2.4,64.2,17.8,63.6,2.2,37.2,5.9,5.6,74.5,78.2,75.1,94.8,11.8,61.0,41708.0,77203.0,38.0
state,08,Philippines,Asia,661,12358,2.16,72.1,26.1,68.0,3.5,48.3,6.7,17.8,75.2,77.2,73.0,93.6,11.0,46.0,46089.0,60000.0,23.0
state,08,Ethiopia,Africa,329,10836,1.9,67.0,54.0,49.6,13.8,28.9,13.1,47.8,73.1,77.9,50.1,77.5,37.3,38.0,30364.0,47161.0,14.0
state,08,El Salvador,Central America,330,10666,1.87,35.6,34.3,45.2,5.7,15.0,37.7,62.8,73.9,77.6,65.5,59.3,19.4,42.0,35222.0,46343.0,22.0
state,08,Venezuela,South America,317,10498,1.84,20.3,76.5,46.7,22.6,40.2,19.6,58.5,68.6,80.8,20.9,56.9,21.3,30.0,35000.0,47367.0,5.0
state,08,Colombia,South America,326,9192,1.61,37.4,56.2,59.7,12.1,33.2,17.5,45.7,76.2,81.0,36.8,69.2,18.3,37.0,38586.0,51448.0,8.0
state,08,Other Ussr/russia,Europe,392,8420,1.47,85.4,23.9,65.7,1.4,66.4,3.1,31.6,81.0,84.8,71.2,90.0,19.5,45.0,45068.0,69998.0,24.0
state,08,Guatemala,Central America,267,8291,1.45,33.9,37.0,44.9,9.3,13.7,44.3,59.2,74.6,77.6,46.8,53.9,16.7,36.0,36028.0,41175.0,19.0
state,08,Brazil,South America,327,7540,1.32,34.5,60.8,56.2,9.5,64.8,7.1,19.0,79.1,82.2,52.4,85.7,6.4,36.0,62792.0,75307.0,10.0
state,08,Peru,South America,261,7136,1.25,57.3,37.8,62.4,11.5,44.7,6.7,32.3,78.3,79.5,69.9,79.7,10.5,41.0,46322.0,60023.0,20.0
state,08,England,Europe,373,6963,1.22,68.4,12.2,51.4,0.1,50.5,4.0,0.6,78.0,81.5,77.5,97.2,10.2,56.0,61600.0,109309.0,33.0
state,08,United Kingdom (not specified),Europe,362,6223,1.09,55.2,31.7,47.9,6.8,60.5,1.6,0.4,81.8,82.9,80.9,97.0,7.8,51.0,64439.0,100000.0,24.0
state,08,Honduras,Central America,204,5910,1.03,23.1,56.8,44.1,21.0,15.3,40.3,70.0,66.8,72.8,39.8,42.3,12.8,33.0,38087.0,47501.0,10.0
state,08,Ukraine,Europe,278,5864,1.03,69.4,35.3,60.4,7.7,62.5,3.7,46.6,73.7,78.7,62.5,85.6,26.4,41.0,38866.0,69670.0,22.0
state,08,Nepal,Asia,257,5016,0.88,49.8,60.2,48.4,10.1,56.7,13.3,43.0,83.4,87.3,77.1,90.0,10.0,33.0,38866.0,48582.0,12.0
state,09,U.S.-born,,153878,3054475,,0.0,1.2,50.8,22.8,43.6,5.9,2.8,73.3,77.8,72.7,96.8,23.0,39.0,48233.0,75029.0,27.0
state,09,All immigrants,,24367,570033,100.0,55.4,31.6,51.7,6.3,36.8,18.7,38.6,76.2,80.6,61.5,83.6,20.9,46.0,42509.0,63721.0,23.0
state,09,Jamaica,Caribbean,1580,46306,8.12,68.7,29.0,56.5,5.6,20.4,13.2,1.5,80.9,85.9,62.7,87.5,23.4,47.0,42513.0,54655.0,24.0
state,09,India,Asia,1927,39834,6.99,44.5,48.1,49.2,7.7,82.8,4.7,21.7,76.9,80.7,63.0,96.9,9.7,41.0,96573.0,112202.0,15.0
state,09,Dominican Republic,Caribbean,1068,31156,5.47,48.9,40.1,52.1,10.2,18.4,31.6,60.2,75.8,81.7,44.5,82.3,43.2,42.0,31281.0,42205.0,19.0
state,09,Ecuador,South America,852,28251,4.96,34.4,34.7,46.4,6.9,14.8,35.3,72.1,79.1,83.1,50.5,56.9,17.8,41.0,31911.0,42616.0,21.0
state,09,Brazil,South America,932,25771,4.52,29.2,50.8,51.3,12.4,22.1,24.4,57.0,75.2,80.5,39.1,55.0,17.8,39.0,36436.0,50000.0,14.0
state,09,Mexico,Mexico,844,24403,4.28,29.7,21.8,46.6,2.6,15.0,37.2,64.5,77.2,81.0,45.6,59.2,16.1,41.0,34900.0,48554.0,23.0
state,09,China,Asia,1257,24309,4.26,51.5,41.7,55.7,4.4,58.2,16.7,52.4,72.0,74.5,73.5,94.0,17.9,42.0,42874.0,88051.0,19.0
state,09,Poland,Europe,1082,21726,3.81,75.5,9.6,54.6,1.1,28.9,13.3,45.9,78.3,81.0,80.7,91.1,17.2,55.0,46153.0,69670.0,30.0
state,09,Colombia,South America,708,19054,3.34,54.6,29.5,53.6,5.5,28.4,18.3,56.9,81.2,85.5,52.5,77.8,21.9,47.0,35000.0,52136.0,24.0
state,09,Haiti,Caribbean,557,17868,3.13,66.1,33.5,53.2,7.1,27.1,18.6,42.8,81.0,84.3,56.5,87.6,32.1,46.0,40000.0,55000.0,23.0
state,09,Guatemala,Central America,539,17516,3.07,27.5,31.6,41.9,9.7,7.7,48.5,69.2,74.0,78.7,29.6,45.8,19.4,38.0,29149.0,41175.0,20.0
state,09,Peru,South America,574,14628,2.57,53.8,29.0,55.3,5.7,29.3,11.8,54.4,78.8,85.1,60.9,76.8,24.7,47.0,36000.0,49410.0,23.0
state,09,Italy,Europe,762,13988,2.45,77.0,4.5,51.1,0.4,20.5,29.0,33.4,70.9,75.6,86.4,98.3,15.1,69.0,37165.0,81100.0,55.0
state,09,Canada,Canada and other Northern America,737,12282,2.15,50.1,22.5,51.5,4.7,48.3,11.6,7.2,75.2,76.9,79.4,97.6,10.3,56.0,50805.0,104271.0,32.0
state,09,Philippines,Asia,559,11188,1.96,70.9,29.0,62.2,2.8,61.6,4.6,25.0,81.6,83.4,72.1,95.0,17.7,49.0,47146.0,85747.0,21.0
state,09,Portugal,Europe,477,9590,1.68,73.0,6.5,51.8,0.4,12.1,43.6,50.1,73.9,75.3,84.2,97.2,17.9,65.0,35714.0,60245.0,49.0
state,09,Honduras,Central America,228,7785,1.37,23.3,48.5,46.2,14.3,9.8,55.2,70.7,73.3,79.3,32.0,50.7,24.0,36.0,33000.0,44589.0,16.0
state,09,Other Ussr/russia,Europe,291,7124,1.25,82.2,20.4,52.8,9.1,72.3,3.6,22.0,63.4,76.9,75.4,92.1,12.1,42.0,55010.0,96466.0,23.0
state,09,Vietnam,Asia,380,7022,1.23,83.7,18.0,56.6,1.9,29.9,29.4,64.0,76.2,79.5,82.6,93.8,22.7,52.0,43724.0,64311.0,29.0
state,09,El Salvador,Central America,229,7008,1.23,35.5,32.6,52.1,4.8,8.0,42.5,67.0,72.5,75.1,43.9,61.1,18.2,40.0,30586.0,40550.0,20.0
state,09,South Korea,Asia,388,6991,1.23,69.7,16.6,57.0,4.5,69.1,3.2,39.1,74.7,78.0,71.6,96.4,17.1,48.0,52136.0,82350.0,26.0
state,09,Germany,Europe,459,6762,1.19,63.1,15.2,54.7,3.4,47.2,6.3,6.5,81.1,85.1,87.8,97.7,6.8,67.0,55586.0,110000.0,51.0
state,09,Pakistan,Asia,252,6673,1.17,59.7,41.1,48.2,9.0,51.7,22.4,30.9,66.8,72.6,74.5,86.3,29.3,42.0,49948.0,80000.0,19.0
state,09,United Kingdom (not specified),Europe,371,6122,1.07,56.6,28.7,40.3,8.5,65.6,1.4,1.1,77.4,79.9,84.6,96.8,5.0,50.0,85747.0,150058.0,23.0
state,09,Guyana/british Guiana,South America,199,6006,1.05,81.5,33.1,62.0,7.7,17.1,17.4,2.3,74.6,77.9,72.7,93.6,22.6,50.0,46153.0,66454.0,23.0
state,09,England,Europe,373,5796,1.02,55.6,25.6,48.3,7.0,56.6,2.8,1.3,79.4,82.7,80.7,95.7,8.4,54.0,70000.0,128621.0,31.0
state,09,Albania,Europe,229,5657,0.99,70.8,29.2,45.1,5.3,26.1,9.3,43.5,75.3,85.9,67.3,92.7,32.8,46.0,48582.0,63721.0,22.0
state,09,Ukraine,Europe,263,5488,0.96,59.9,38.2,53.0,9.8,64.5,3.7,52.0,69.5,71.9,65.4,90.9,31.1,43.0,51469.0,82350.0,19.0
state,09,Ghana,Africa,206,5009,0.88,60.7,51.6,48.9,4.4,46.0,8.0,16.3,80.8,83.4,50.7,89.2,25.6,43.0,44257.0,53592.0,14.0
state,10,U.S.-born,,42828,913606,,0.0,0.6,51.6,22.4,35.0,6.5,1.5,72.2,76.2,76.5,94.8,21.6,41.0,42388.0,60727.0,26.0
state,10,All immigrants,,3992,107586,100.0,54.0,35.7,51.0,6.4,38.7,20.0,38.5,76.9,80.2,63.8,81.1,14.1,43.0,42509.0,59513.0,20.0
state,10,Mexico,Mexico,459,14760,13.72,26.4,24.3,41.0,4.4,7.0,52.3,69.8,78.2,80.3,54.1,54.7,14.3,40.0,36028.0,42509.0,23.0
state,10,India,Asia,429,11216,10.43,46.3,49.7,49.0,6.1,84.3,7.2,22.7,82.3,87.7,63.1,97.1,7.6,42.0,100467.0,109328.0,15.0
state,10,Guatemala,Central America,220,6638,6.17,16.4,46.0,45.6,8.4,2.1,62.1,79.5,65.5,69.9,40.8,33.0,13.6,36.0,37514.0,40550.0,18.0
state,10,China,Asia,246,5900,5.48,42.9,52.4,55.9,7.0,71.6,14.9,46.6,75.9,77.3,71.2,91.4,5.8,38.0,69670.0,93673.0,14.0
state,11,U.S.-born,,28046,584812,,0.0,0.8,52.6,21.0,65.4,5.6,0.9,74.3,79.7,46.2,97.2,25.6,33.0,72057.0,102938.0,24.0
state,11,All immigrants,,4459,96482,100.0,48.6,39.1,52.2,4.5,61.3,14.1,31.2,78.6,82.3,42.5,91.2,19.7,42.0,68015.0,97164.0,20.0
state,11,El Salvador,Central America,293,11551,11.97,32.0,24.4,45.8,4.1,12.3,57.1,74.5,80.7,83.1,33.7,77.5,41.0,47.0,36028.0,48381.0,24.0
state,11,Ethiopia,Africa,232,7807,8.09,59.5,41.6,49.7,5.2,34.1,9.7,53.4,76.9,84.2,24.6,97.4,50.5,41.0,37514.0,58951.0,17.0
state,12,U.S.-born,,787133,17517507,,0.0,1.9,50.4,23.3,34.6,7.1,2.7,69.6,73.3,70.9,90.0,18.3,39.0,38349.0,55032.0,23.0
state,12,All immigrants,,195735,4898570,100.0,57.5,36.5,52.3,6.1,32.5,18.1,45.7,75.3,78.7,59.8,81.1,14.7,48.0,32940.0,46343.0,22.0
state,12,Cuba,Caribbean,43307,1051839,21.47,63.8,37.5,50.8,4.3,24.7,21.4,64.4,76.2,79.5,58.5,85.3,24.5,53.0,28964.0,42509.0,20.0
state,12,Haiti,Caribbean,10445,364479,7.44,57.9,36.7,52.9,7.4,16.9,24.6,50.6,73.1,79.5,53.8,77.9,20.1,45.0,30123.0,38866.0,21.0
state,12,Colombia,South America,12897,327463,6.68,61.6,36.6,56.5,5.4,37.9,11.6,55.4,76.7,80.1,59.7,83.9,12.9,49.0,32793.0,46343.0,22.0
state,12,Venezuela,South America,11386,323070,6.6,30.7,70.6,52.1,13.0,51.9,6.5,56.8,78.8,82.1,39.1,86.9,10.6,40.0,34757.0,42205.0,8.0
state,12,Mexico,Mexico,9372,265234,5.41,30.8,27.0,42.3,4.1,11.7,46.5,61.6,75.3,77.7,50.0,48.6,8.3,41.0,31578.0,38866.0,23.0
state,12,Jamaica,Caribbean,8211,235244,4.8,74.7,26.0,56.7,4.1,25.0,13.8,1.9,78.7,83.6,67.2,86.3,12.4,53.0,34942.0,46528.0,27.0
state,12,Brazil,South America,5953,152501,3.11,37.3,57.4,55.4,12.8,46.6,8.1,41.4,69.8,72.1,47.6,73.7,7.6,41.0,40080.0,56616.0,10.0
state,12,Dominican Republic,Caribbean,5476,144586,2.95,68.1,30.4,53.6,4.4,25.8,20.1,51.8,76.7,80.7,60.8,85.4,19.6,49.0,30881.0,46089.0,24.0
state,12,Honduras,Central America,3784,115208,2.35,31.6,43.9,51.7,12.5,12.0,42.1,68.5,71.6,75.2,38.2,53.7,13.7,40.0,27806.0,36436.0,18.0
state,12,Nicaragua,Central America,4435,115028,2.35,57.7,30.9,52.8,5.0,22.1,22.1,58.5,74.8,79.0,49.8,72.6,15.4,46.0,28964.0,42874.0,26.0
state,12,Canada,Canada and other Northern America,5914,108265,2.21,48.1,33.4,52.3,3.8,41.6,8.6,7.5,66.1,68.3,84.7,91.1,5.9,62.0,50000.0,80292.0,25.0
state,12,Guatemala,Central America,3418,107440,2.19,21.0,52.8,40.0,12.6,10.5,56.1,75.5,78.7,80.9,27.0,35.3,8.2,35.0,28385.0,32000.0,13.0
state,12,India,Asia,4709,106057,2.17,55.6,40.3,48.9,6.2,78.0,6.0,19.4,75.7,78.4,72.0,93.0,5.3,44.0,72873.0,107184.0,19.0
state,12,Peru,South America,4038,101786,2.08,70.3,23.3,55.4,4.4,34.5,8.0,48.4,80.0,82.2,63.1,82.2,12.9,52.0,35000.0,47124.0,24.0
state,12,Philippines,Asia,4509,89649,1.83,75.3,28.6,64.8,4.2,54.1,6.2,21.6,76.4,78.8,78.3,92.3,7.2,52.0,40146.0,54655.0,24.0
state,12,Vietnam,Asia,2751,62016,1.27,73.4,26.9,53.9,4.3,25.6,28.7,60.5,79.0,81.1,84.5,88.8,15.5,50.0,30655.0,44026.0,26.0
state,12,Argentina,South America,2616,57449,1.17,57.8,29.8,48.7,5.3,38.1,8.5,41.0,76.0,78.3,62.3,84.1,10.1,49.0,40600.0,56616.0,23.0
state,12,China,Asia,2633,55595,1.13,53.8,38.1,57.7,6.3,50.1,18.0,52.4,69.1,71.7,79.8,89.4,10.5,45.0,35222.0,57000.0,19.0
state,12,Ecuador,South America,2336,54633,1.12,66.9,30.5,55.9,5.3,33.7,11.1,44.9,77.6,80.4,66.1,84.6,14.1,51.0,33227.0,48582.0,24.0
state,12,El Salvador,Central America,1880,51898,1.06,40.5,31.6,49.3,6.1,13.6,42.6,65.3,77.7,79.8,52.8,60.9,13.5,44.0,28940.0,36028.0,22.0
state,12,Germany,Europe,2873,51602,1.05,68.5,16.9,62.1,1.6,35.9,9.0,8.2,73.4,75.0,81.6,94.4,7.9,67.0,36436.0,61763.0,43.0
state,12,Trinidad and Tobago,Caribbean,1863,47991,0.98,77.5,16.2,55.1,2.2,28.2,9.8,2.2,78.0,81.1,76.9,88.8,11.6,55.0,36436.0,52226.0,31.0
state,12,England,Europe,2020,38980,0.8,62.3,18.0,54.0,2.8,34.4,7.5,1.0,74.3,77.2,80.4,93.6,7.3,61.0,41175.0,72057.0,34.0
state,12,Guyana/british Guiana,South America,1417,37648,0.77,80.1,16.3,54.4,2.4,25.9,17.0,3.9,74.2,76.4,82.2,89.5,12.9,58.0,32671.0,48233.0,33.0
state,12,Other Ussr/russia,Europe,1594,36379,0.74,63.1,38.8,60.1,7.9,64.8,3.4,35.8,71.5,75.2,62.2,80.5,9.4,40.0,42874.0,63239.0,20.0
state,12,Italy,Europe,1610,30997,0.63,68.6,27.4,44.5,5.7,29.4,21.3,26.8,73.2,75.7,80.1,93.5,10.0,66.0,37074.0,66910.0,40.0
state,12,United Kingdom (not specified),Europe,1673,30898,0.63,55.2,28.7,48.1,4.8,44.2,5.5,1.8,75.5,78.8,79.4,90.3,3.7,57.0,53294.0,77203.0,25.0
state,12,Ukraine,Europe,1293,27710,0.57,64.0,41.9,56.8,8.0,56.8,4.4,40.8,68.9,75.1,62.9,81.2,14.0,43.0,35000.0,63721.0,19.0
state,12,Poland,Europe,1198,25915,0.53,79.1,15.4,61.3,1.6,45.4,4.4,33.0,75.8,80.6,82.2,88.6,9.5,59.0,41295.0,69514.0,32.0
state,12,Panama,Central America,977,23822,0.49,71.9,23.3,61.4,6.0,29.2,8.7,29.5,71.6,73.2,63.7,89.2,14.6,54.0,33763.0,45424.0,32.0
state,12,Chile,South America,1034,23500,0.48,53.5,38.0,48.3,14.3,38.4,9.6,49.2,77.2,78.8,54.1,82.4,13.8,49.0,40730.0,56616.0,23.0
state,12,Spain,Europe,1031,22049,0.45,51.5,50.4,48.3,18.9,47.8,14.6,30.4,71.5,73.6,64.1,92.4,15.5,46.0,43234.0,71000.0,14.0
state,12,France,Europe,1049,21731,0.44,56.2,39.6,50.3,9.7,50.3,6.3,15.5,73.9,77.8,71.6,90.2,7.6,49.0,46343.0,70000.0,20.0
state,12,Bahamas,Caribbean,689,19307,0.39,53.4,34.8,57.9,9.8,29.1,8.3,2.6,78.8,82.9,53.4,80.6,16.4,45.0,35000.0,50000.0,25.0
state,12,South Korea,Asia,932,18968,0.39,73.3,17.8,63.9,3.2,42.6,11.1,38.0,64.7,67.3,76.1,90.7,9.4,53.0,37514.0,63239.0,34.0
state,12,Costa Rica,Central America,791,18699,0.38,63.7,28.3,57.6,5.4,27.7,14.4,37.3,71.8,75.3,60.8,80.6,14.8,47.0,36436.0,52136.0,25.0
state,12,Uruguay,South America,608,16432,0.34,56.2,22.0,49.0,3.0,19.6,23.4,54.2,78.7,80.8,59.0,82.2,11.6,53.0,35000.0,50000.0,23.0
state,12,Egypt/united Arab Rep,Africa,658,15592,0.32,75.4,43.7,49.0,10.9,74.0,2.3,23.1,70.6,74.7,72.7,88.8,14.3,45.0,38586.0,57928.0,16.0
state,12,Romania,Europe,745,15532,0.32,80.2,23.3,56.3,1.3,49.3,4.5,28.3,77.8,82.2,75.4,85.5,9.6,51.0,46153.0,64311.0,25.0
state,12,Pakistan,Asia,691,15217,0.31,79.2,25.1,44.2,4.2,63.4,8.7,26.9,70.7,73.5,77.1,90.0,14.5,49.0,51000.0,72873.0,24.0
state,12,Israel/palestine,Asia,739,15187,0.31,76.0,28.0,44.5,4.9,40.8,6.9,17.4,76.3,78.3,70.9,92.5,12.6,53.0,46322.0,60727.0,29.0
state,12,Thailand,Asia,659,13911,0.28,73.9,28.6,69.1,5.6,42.5,15.5,45.2,72.7,77.2,74.6,87.2,9.3,50.0,31602.0,46089.0,26.0
state,12,Turkey,Asia,559,12848,0.26,50.9,50.0,43.6,8.5,57.7,8.1,32.3,71.0,73.5,56.4,83.0,6.9,45.0,48000.0,77000.0,14.0
state,12,South Africa (union Of),Africa,570,12640,0.26,70.7,33.2,45.2,1.8,46.7,3.1,8.4,79.5,82.3,79.4,94.4,3.8,48.0,48233.0,57928.0,23.0
state,12,Bangladesh,Asia,541,12065,0.25,69.4,39.7,48.0,6.1,56.3,9.5,45.5,69.6,71.6,60.3,85.5,15.2,42.0,31200.0,48000.0,17.0
state,12,Nigeria,Africa,408,11616,0.24,62.6,40.8,39.4,4.1,66.6,5.2,7.7,72.7,79.9,62.9,89.6,7.4,46.0,42509.0,56808.0,18.0
state,12,Iran,Asia,536,11588,0.24,68.8,30.8,43.9,1.1,65.4,3.1,24.0,75.0,76.8,75.4,95.2,10.3,56.0,54453.0,91091.0,31.0
state,12,Albania,Europe,412,10915,0.22,63.2,40.9,51.6,6.6,33.7,8.5,45.5,77.8,78.6,70.6,84.6,11.6,40.0,38233.0,51469.0,18.0
state,12,Bolivia,South America,464,10846,0.22,64.8,29.4,55.2,4.6,43.7,6.4,36.5,76.7,79.5,65.6,76.0,10.4,46.0,33598.0,57928.0,24.0
state,12,Morocco,Africa,449,10629,0.22,75.3,30.6,46.5,1.7,34.7,12.5,34.8,69.6,75.5,64.1,86.2,16.1,48.0,34007.0,52954.0,22.0
state,12,Japan,Asia,514,10550,0.22,48.1,26.4,75.2,7.9,39.4,6.6,33.4,61.8,63.0,76.9,93.8,8.8,55.0,34999.0,55000.0,26.0
state,12,Greece,Europe,487,9770,0.2,82.4,12.9,46.9,0.6,29.4,22.0,30.1,63.7,70.6,78.5,93.3,11.8,66.0,30364.0,77731.0,47.0
state,12,Ireland,Europe,469,9476,0.19,71.2,17.1,48.8,3.0,41.6,6.6,0.8,79.6,82.1,83.5,92.1,4.6,62.0,43116.0,85747.0,37.0
state,12,Hungary,Europe,489,9438,0.19,68.8,30.0,54.5,2.1,42.9,4.6,24.7,83.2,85.4,75.9,83.0,9.2,54.0,36436.0,53528.0,26.0
state,12,Lebanon,Asia,446,9149,0.19,76.9,29.5,42.8,3.1,54.9,10.7,22.3,64.2,72.9,80.7,86.5,9.7,55.0,50600.0,91091.0,28.0
state,12,Portugal,Europe,423,9070,0.19,76.4,11.9,48.4,1.8,17.7,28.7,31.9,69.3,70.4,78.4,92.4,10.0,64.0,35829.0,64311.0,48.0
state,12,Syria,Asia,305,8888,0.18,66.1,55.4,43.4,15.3,43.3,17.3,41.6,60.3,68.7,45.9,88.7,35.4,42.0,30881.0,58000.0,12.0
state,12,"Asia, Nec/ns",Asia,275,7964,0.16,62.2,33.2,37.9,5.7,54.1,10.5,34.9,66.0,68.2,61.5,93.3,11.9,42.0,40146.0,57000.0,25.0
state,12,Taiwan,Asia,484,7799,0.16,79.9,18.2,60.2,2.2,62.4,5.1,45.7,68.0,70.1,85.7,93.1,6.1,59.0,44366.0,72057.0,35.0
state,12,Bosnia,Europe,317,7773,0.16,88.5,8.1,47.4,0.0,25.0,5.7,34.6,75.7,82.5,77.6,88.6,10.4,49.0,37074.0,56616.0,26.0
state,12,"Caribbean, Ns",Caribbean,296,7762,0.16,61.5,30.7,56.4,5.7,40.8,6.0,4.6,75.9,77.5,66.9,91.5,9.6,47.0,41999.0,47367.0,26.0
state,12,Bulgaria,Europe,321,7190,0.15,68.2,33.5,54.8,6.1,56.5,4.5,30.4,78.5,82.6,73.2,82.2,9.6,44.0,55736.0,70000.0,19.0
state,12,Netherlands,Europe,381,7049,0.14,65.5,15.3,47.6,1.9,51.5,7.1,5.3,63.5,64.5,80.8,94.9,4.7,63.0,42391.0,85747.0,36.0
state,12,Scotland,Europe,361,6583,0.13,60.6,13.5,58.3,0.2,32.3,5.8,0.0,70.1,71.8,82.6,93.3,6.1,69.0,41708.0,75307.0,44.0
state,12,Australia,Oceania,304,6358,0.13,45.4,39.6,51.3,9.8,38.0,8.1,0.0,78.3,80.7,83.6,92.6,3.5,52.0,50028.0,80388.0,19.0
state,12,Barbados,Caribbean,223,6052,0.12,70.5,17.4,52.1,0.5,25.6,9.6,1.9,76.4,79.4,72.8,92.1,14.7,61.0,32208.0,48582.0,37.0
state,12,"Ussr, Ns",Europe,274,5315,0.11,73.6,26.1,55.5,1.0,72.9,4.0,49.7,63.2,67.2,73.2,89.2,14.8,61.0,31911.0,68015.0,27.0
state,12,Belize/british Honduras,Central America,210,5098,0.1,69.8,24.2,48.7,2.2,37.9,10.3,5.2,77.9,80.4,67.3,87.4,21.2,52.0,40000.0,61763.0,27.0
state,12,Jordan,Asia,196,5077,0.1,76.2,32.9,41.3,11.5,37.3,6.5,16.0,58.6,64.0,57.8,76.1,25.0,46.0,42874.0,61000.0,24.0
state,12,Hong Kong,Asia,290,5067,0.1,79.9,13.4,47.5,3.0,55.5,11.5,30.1,71.4,78.6,91.3,92.0,10.7,57.0,53294.0,76000.0,35.0
state,13,U.S.-born,,444976,9720164,,0.0,0.6,51.4,25.3,34.3,8.7,1.2,69.5,73.5,69.0,88.9,19.3,35.0,38293.0,57084.0,26.0
state,13,All immigrants,,48675,1220243,100.0,48.9,34.7,50.1,7.0,38.4,22.8,40.6,75.3,78.2,64.7,73.4,8.4,44.0,40000.0,52136.0,21.0
state,13,Mexico,Mexico,7876,232075,19.02,22.5,22.7,42.7,4.7,8.2,51.7,68.0,74.8,76.5,54.5,39.6,4.8,42.0,34757.0,40000.0,24.0
state,13,India,Asia,5069,112556,9.22,46.6,47.6,48.8,8.0,80.9,6.0,20.3,76.2,79.4,71.2,94.3,4.9,42.0,92000.0,113232.0,16.0
state,13,Jamaica,Caribbean,1759,54537,4.47,73.4,28.1,57.3,4.6,33.9,8.4,0.9,81.9,84.8,71.7,86.7,7.6,50.0,45017.0,56616.0,27.0
state,13,Guatemala,Central America,1473,47327,3.88,15.0,51.0,39.8,15.0,6.3,68.0,77.2,72.4,74.5,29.2,25.3,5.4,33.0,29646.0,32940.0,14.0
state,13,Vietnam,Asia,2102,46425,3.8,64.9,34.0,53.1,4.7,23.0,32.7,71.0,78.6,80.7,85.9,89.2,13.9,50.0,30607.0,39000.0,24.0
state,13,South Korea,Asia,2195,44287,3.63,61.0,26.0,57.6,5.1,52.8,8.9,54.2,72.1,74.1,74.5,87.1,10.6,51.0,39391.0,61763.0,26.0
state,13,China,Asia,2171,41900,3.43,50.4,44.0,56.2,6.5,60.7,15.1,52.0,71.5,73.4,79.9,89.6,9.4,42.0,45000.0,78946.0,17.0
state,13,El Salvador,Central America,1054,32953,2.7,30.9,29.5,47.2,7.0,7.8,54.2,70.9,77.3,80.1,62.1,51.1,10.0,43.0,32000.0,37514.0,23.0
state,13,Colombia,South America,1289,31098,2.55,59.8,34.5,56.3,6.4,43.6,16.7,45.9,78.6,81.6,67.2,78.2,7.0,47.0,37044.0,52000.0,21.0
state,13,Nigeria,Africa,1003,30536,2.5,68.4,39.5,48.0,6.5,67.5,3.3,8.1,79.1,84.6,64.9,83.4,9.2,45.0,43724.0,57928.0,20.0
state,13,Venezuela,South America,991,26909,2.21,21.2,73.9,49.2,17.4,48.6,10.6,57.5,76.5,80.8,39.7,79.7,13.1,39.0,34757.0,46153.0,7.0
state,13,Honduras,Central America,788,25330,2.08,18.0,48.8,46.3,12.7,12.8,48.5,70.8,70.1,72.3,33.9,34.8,5.9,36.0,33249.0,39116.0,15.0
state,13,Ethiopia,Africa,685,23485,1.92,63.2,43.8,47.2,10.8,26.7,13.3,37.9,68.5,74.3,67.6,82.7,15.1,40.0,34621.0,42172.0,16.0
state,13,Philippines,Asia,1165,22486,1.84,64.4,40.0,68.4,7.2,58.0,6.0,24.1,73.7,75.3,74.5,92.0,9.1,45.0,40550.0,57879.0,20.0
state,13,Haiti,Caribbean,642,21296,1.75,65.1,29.0,53.2,4.2,32.2,9.0,24.5,74.1,81.3,61.5,83.3,12.4,45.0,37651.0,53592.0,24.0
state,13,Brazil,South America,785,20321,1.67,37.1,54.5,53.5,10.1,47.1,6.7,36.5,74.7,77.9,45.6,66.4,5.6,39.0,51448.0,69514.0,11.0
state,13,Germany,Europe,885,17282,1.42,62.6,19.5,63.7,5.3,39.4,6.9,6.8,74.2,77.1,78.4,94.2,8.3,55.0,46734.0,75029.0,32.0
state,13,Canada,Canada and other Northern America,956,17168,1.41,58.1,21.1,51.1,5.1,58.4,3.3,1.5,78.2,80.0,81.7,93.7,4.6,52.0,63157.0,92685.0,27.0
state,13,Cuba,Caribbean,601,14934,1.22,69.8,24.6,48.5,5.9,34.6,14.4,43.6,73.9,75.7,71.6,82.2,13.3,54.0,35000.0,51254.0,28.0
state,13,Dominican Republic,Caribbean,485,11979,0.98,56.6,35.7,49.9,7.6,23.2,21.4,45.2,77.9,81.8,61.0,79.8,12.6,43.0,36436.0,48233.0,23.0
state,13,Pakistan,Asia,553,11611,0.95,73.5,36.7,43.2,8.4,57.1,12.2,32.3,73.4,75.3,74.6,88.7,10.1,47.0,48582.0,89556.0,23.0
state,13,Ghana,Africa,358,11070,0.91,69.2,35.5,44.5,7.8,50.8,6.6,9.4,79.2,84.7,61.3,85.8,9.9,40.0,42751.0,49410.0,19.0
state,13,Guyana/british Guiana,South America,390,10938,0.9,79.7,21.5,58.7,2.8,28.1,10.5,1.5,79.3,82.5,82.8,89.9,9.7,50.0,39500.0,51469.0,29.0
state,13,Peru,South America,436,10660,0.87,58.6,24.4,50.8,5.3,29.2,14.3,48.7,79.4,80.9,76.1,72.9,8.0,50.0,40550.0,49000.0,24.0
state,13,United Kingdom (not specified),Europe,509,10210,0.84,52.1,28.4,48.2,5.6,69.1,5.0,1.7,78.6,80.8,78.6,91.9,3.7,49.0,80000.0,115000.0,24.0
state,13,Trinidad and Tobago,Caribbean,348,10035,0.82,73.7,20.9,60.8,2.5,41.6,6.1,0.7,77.8,81.7,72.7,91.1,5.4,48.0,49733.0,62563.0,29.0
state,13,England,Europe,499,9036,0.74,61.3,16.5,51.8,2.6,43.7,6.1,1.0,78.4,80.2,87.1,93.8,7.1,57.0,51469.0,75302.0,29.0
state,13,Bangladesh,Asia,423,9025,0.74,62.9,38.8,48.0,6.0,46.2,21.9,43.7,69.8,71.2,76.6,89.8,13.7,46.0,36700.0,58298.0,16.0
state,13,Kenya,Africa,293,8831,0.72,58.8,43.4,56.1,7.1,50.0,9.5,15.8,79.6,83.5,52.6,78.4,9.9,41.0,49410.0,60727.0,16.0
state,13,Japan,Asia,351,7280,0.6,29.3,47.9,59.0,9.2,55.6,3.2,55.2,69.7,70.2,53.4,98.2,8.1,46.0,51440.0,70000.0,17.0
state,13,South Africa (union Of),Africa,315,7250,0.59,62.9,30.6,49.0,6.5,60.7,4.4,3.5,76.5,79.7,76.8,95.0,8.0,43.0,72057.0,122669.0,23.0
state,13,Iran,Asia,396,6899,0.57,81.4,29.6,50.1,1.4,69.4,5.5,33.8,82.2,86.2,80.9,92.3,9.1,53.0,56165.0,96466.0,24.0
state,13,Other Ussr/russia,Europe,320,6544,0.54,70.9,28.2,56.8,6.8,70.8,5.5,30.0,70.4,73.3,70.5,91.2,6.6,41.0,40558.0,66910.0,22.0
state,13,Nicaragua,Central America,234,6541,0.54,33.3,48.0,55.8,7.1,21.4,35.7,63.2,77.3,85.1,41.2,44.4,5.1,38.0,30881.0,37572.0,19.0
state,13,Taiwan,Asia,348,6201,0.51,82.0,14.8,51.8,2.3,74.3,4.5,39.4,72.7,74.9,88.4,94.0,4.9,58.0,50282.0,85747.0,36.0
state,13,Romania,Europe,273,5867,0.48,85.9,17.3,50.7,2.4,45.6,4.6,24.3,77.6,79.3,86.4,84.6,7.2,46.0,50000.0,75000.0,24.0
state,13,Panama,Central America,223,5702,0.47,75.8,11.1,60.9,3.9,24.0,7.3,24.4,70.0,70.0,78.5,92.4,8.0,56.0,39600.0,59087.0,34.0
state,13,Burma (myanmar),Asia,233,5453,0.45,56.8,62.9,46.8,9.5,14.5,61.3,68.9,64.2,67.9,71.0,80.0,22.7,37.0,31335.0,38000.0,14.0
state,13,Bosnia,Europe,233,5360,0.44,84.0,10.5,48.7,1.4,28.0,6.0,34.4,74.5,79.2,81.1,85.0,14.9,44.0,46000.0,55611.0,25.0
state,13,Liberia,Africa,141,5239,0.43,60.2,21.5,52.3,2.9,35.9,9.4,4.3,78.2,81.2,62.7,91.4,5.7,50.0,54664.0,63157.0,24.0
state,15,U.S.-born,,62220,1186379,,0.2,1.5,48.2,24.2,37.8,4.3,2.1,73.5,77.4,66.0,96.9,20.2,37.0,46343.0,63157.0,24.0
state,15,All immigrants,,12630,258856,100.0,60.9,26.7,57.0,4.7,30.6,15.6,49.0,75.1,78.4,62.4,94.9,17.4,52.0,36979.0,51469.0,26.0
state,15,Philippines,Asia,5577,114478,44.22,69.4,24.8,55.3,4.8,25.1,15.6,51.6,82.0,83.8,71.4,96.8,13.7,54.0,37651.0,48000.0,27.0
state,15,Japan,Asia,1212,24963,9.64,39.1,28.0,71.7,3.9,38.8,6.5,58.8,68.0,72.1,61.5,96.8,8.3,54.0,37514.0,56000.0,26.0
state,15,China,Asia,1051,21479,8.3,62.2,32.5,57.1,5.8,26.9,36.4,68.9,73.3,77.8,72.7,91.3,27.5,51.0,28964.0,58951.0,23.0
state,15,South Korea,Asia,716,13552,5.24,78.7,12.1,66.9,1.2,34.2,11.9,59.5,63.0,70.6,60.6,95.8,21.8,61.0,32671.0,66800.0,38.0
state,15,Micronesia,Oceania,358,11339,4.38,8.2,48.5,53.8,10.6,9.4,22.4,57.0,63.4,67.2,10.0,89.3,44.9,37.0,26796.0,35222.0,16.0
state,15,Vietnam,Asia,491,9983,3.86,80.4,16.7,54.5,3.2,23.9,30.0,69.1,71.9,74.6,58.5,96.7,37.5,52.0,30364.0,46153.0,32.0
state,15,Canada,Canada and other Northern America,319,5675,2.19,47.9,26.5,55.6,4.8,50.6,3.4,1.6,73.9,75.4,71.4,97.0,10.4,56.0,56616.0,74115.0,30.0
state,16,U.S.-born,,90145,1818938,,0.0,0.2,49.7,25.2,32.7,5.9,0.8,72.5,75.4,75.2,92.1,19.1,36.0,36801.0,55586.0,35.0
state,16,All immigrants,,4477,115325,100.0,46.4,30.9,49.7,6.1,22.3,34.5,46.5,75.4,77.2,66.0,75.7,16.6,43.0,35585.0,46304.0,23.0
state,16,Mexico,Mexico,1871,54768,47.49,35.9,21.4,43.2,3.8,6.6,54.7,62.5,77.6,79.5,65.7,61.6,11.6,43.0,36028.0,42509.0,25.0
state,16,Canada,Canada and other Northern America,319,6434,5.58,49.5,21.7,62.8,1.3,41.5,5.0,1.1,71.2,72.3,79.5,94.2,12.3,55.0,40730.0,71813.0,30.0
state,17,U.S.-born,,556005,10831303,,0.0,0.5,50.7,24.8,38.3,6.2,1.9,72.1,76.8,72.6,95.1,20.6,36.0,43000.0,65000.0,25.0
state,17,All immigrants,,71715,1863495,100.0,52.7,26.7,49.8,4.8,36.1,23.5,47.2,75.1,79.0,65.5,81.7,15.5,47.0,40730.0,57928.0,25.0
state,17,Mexico,Mexico,20829,637284,34.2,38.9,13.1,46.4,2.6,8.6,45.4,65.3,74.0,78.1,65.3,69.6,15.0,48.0,35000.0,44026.0,28.0
state,17,India,Asia,7078,166788,8.95,52.8,42.8,48.0,6.0,76.7,7.1,24.9,76.8,79.8,67.7,93.5,9.5,43.0,72873.0,102938.0,17.0
state,17,Poland,Europe,5001,117148,6.29,74.2,9.3,55.3,0.8,29.5,11.7,53.6,80.6,83.3,82.8,87.3,12.1,53.0,43724.0,62563.0,29.0
state,17,Philippines,Asia,4404,95009,5.1,77.6,23.9,58.6,3.8,65.8,4.3,23.0,81.5,84.5,76.5,93.9,10.1,53.0,49305.0,71000.0,26.0
state,17,China,Asia,3315,73848,3.96,49.7,43.0,55.8,4.5,56.2,19.0,55.2,72.4,76.1,68.3,93.0,16.9,44.0,40730.0,82350.0,18.0
state,17,South Korea,Asia,1758,38958,2.09,70.8,18.3,56.2,3.2,65.1,4.8,46.5,73.9,76.5,68.6,92.0,13.3,51.0,46089.0,82350.0,30.0
state,17,Ukraine,Europe,1281,37074,1.99,49.5,51.3,52.6,12.1,58.4,4.6,56.4,77.1,80.8,53.2,85.0,29.5,39.0,44938.0,63000.0,14.0
state,17,Pakistan,Asia,1258,31851,1.71,71.8,36.7,47.8,5.0,58.9,8.4,34.5,68.8,72.9,71.5,89.5,25.7,46.0,40000.0,72873.0,22.0
state,17,Nigeria,Africa,743,25647,1.38,49.5,57.1,46.6,14.0,65.0,3.7,16.6,76.9,80.7,41.8,84.3,22.9,40.0,45293.0,66910.0,12.0
state,17,Guatemala,Central America,897,24164,1.3,46.8,20.6,44.4,5.1,11.8,37.7,62.9,71.8,76.1,53.9,68.1,16.9,46.0,31821.0,45807.0,26.0
state,17,Colombia,South America,847,23088,1.24,46.8,46.6,50.1,8.3,42.4,13.9,54.0,71.7,77.6,46.6,74.3,15.5,42.0,37514.0,57928.0,18.0
state,17,Vietnam,Asia,941,21626,1.16,74.0,24.2,51.7,5.5,35.0,27.3,59.1,77.0,79.9,79.7,92.9,18.6,50.0,38000.0,60000.0,29.0
state,17,Canada,Canada and other Northern America,957,20956,1.12,51.0,29.0,52.8,8.2,68.3,3.7,3.9,78.5,81.3,73.1,96.4,9.0,48.0,72873.0,112381.0,26.0
state,17,Venezuela,South America,597,19177,1.03,16.5,80.5,48.7,16.7,47.3,10.7,66.0,62.3,70.9,25.8,69.9,21.4,31.0,30000.0,42874.0,5.0
state,17,Germany,Europe,1081,18635,1.0,64.9,16.6,57.4,2.7,40.3,8.9,8.8,73.1,75.4,76.2,97.6,7.6,68.0,46322.0,92644.0,51.0
state,17,Ecuador,South America,626,18361,0.99,39.1,34.0,44.8,6.9,16.1,28.1,66.4,75.7,83.3,60.4,64.5,19.6,43.0,30702.0,40550.0,22.0
state,17,Other Ussr/russia,Europe,697,17436,0.94,68.5,33.6,56.1,11.4,70.4,4.4,34.7,72.0,75.4,59.8,88.5,20.9,36.0,48582.0,75000.0,21.0
state,17,Honduras,Central America,458,15430,0.83,23.4,49.4,46.9,17.7,14.9,43.9,70.2,75.1,80.6,36.8,62.8,21.9,35.0,34299.0,46343.0,16.0
state,17,Italy,Europe,760,15207,0.82,73.3,14.6,48.4,1.9,22.3,31.1,30.2,77.2,79.8,83.4,96.3,6.5,68.0,37600.0,73957.0,53.0
state,17,Bulgaria,Europe,563,14379,0.77,75.5,26.6,44.2,2.8,50.5,1.6,42.4,84.0,89.2,70.9,80.8,11.4,48.0,48582.0,61942.0,22.0
state,17,Romania,Europe,645,13980,0.75,76.3,18.3,53.0,1.2,48.5,7.3,29.0,80.8,82.7,78.9,85.3,16.7,47.0,53592.0,72057.0,24.0
state,17,Iraq,Asia,469,12223,0.66,80.8,33.5,51.3,5.8,40.0,22.5,41.9,67.3,70.2,64.1,89.6,32.7,51.0,35000.0,65000.0,20.0
state,17,Lithuania,Europe,416,11239,0.6,61.9,23.4,55.9,3.3,50.9,4.3,47.4,79.5,81.3,84.4,83.0,21.3,46.0,44331.0,58298.0,23.0
state,17,El Salvador,Central America,374,11100,0.6,46.2,26.7,52.1,6.7,12.1,34.0,52.5,76.1,79.8,51.6,73.7,20.3,42.0,30264.0,44026.0,25.0
state,17,Greece,Europe,549,10740,0.58,84.2,10.8,51.1,1.6,28.2,31.3,35.8,75.2,77.8,82.5,96.0,13.7,68.0,32600.0,65000.0,52.0
state,17,Japan,Asia,513,10214,0.55,27.0,47.5,57.3,9.8,62.9,4.2,42.7,72.0,75.2,56.3,94.6,5.9,47.0,54664.0,81100.0,16.0
state,17,Bosnia,Europe,414,10091,0.54,84.4,7.5,47.1,0.0,23.5,10.7,43.8,84.7,87.6,73.3,94.3,14.2,49.0,49587.0,63721.0,26.0
state,17,Peru,South America,348,9975,0.54,59.2,29.6,52.4,9.3,40.5,7.3,46.8,78.4,81.0,65.7,85.8,19.2,47.0,43234.0,51469.0,23.0
state,17,Brazil,South America,397,9310,0.5,38.0,58.0,56.2,7.5,69.5,3.4,22.3,77.1,82.7,55.1,89.1,5.5,39.0,53592.0,96466.0,10.0
state,17,Taiwan,Asia,414,9097,0.49,73.0,30.3,59.2,3.2,85.9,1.3,36.4,71.6,74.0,76.8,94.2,6.4,49.0,51011.0,101825.0,30.0
state,17,England,Europe,452,9011,0.48,56.7,25.1,44.3,4.5,51.5,3.7,3.3,81.2,84.7,75.0,95.6,6.0,53.0,62671.0,77731.0,29.0
state,17,United Kingdom (not specified),Europe,454,8959,0.48,43.0,38.6,40.5,11.3,70.2,1.7,4.7,81.9,85.1,74.4,96.4,5.4,47.0,97791.0,124334.0,22.0
state,17,"Asia, Nec/ns",Asia,301,8797,0.47,63.4,36.4,45.1,6.8,30.4,20.6,41.1,66.9,73.7,49.9,84.0,36.5,44.0,36014.0,50000.0,19.0
state,17,Jamaica,Caribbean,328,8617,0.46,55.4,28.0,60.7,10.7,37.3,8.4,1.3,78.5,81.3,58.1,89.2,20.4,52.0,40550.0,59704.0,26.0
state,17,Jordan,Asia,323,8453,0.45,64.3,45.1,44.4,7.8,42.8,13.1,37.0,64.0,68.8,48.6,80.8,39.5,38.0,41175.0,50000.0,16.0
state,17,Cuba,Caribbean,362,8309,0.45,72.7,17.8,50.3,2.2,34.4,19.4,38.4,66.6,70.8,69.7,90.7,24.5,60.0,32117.0,61763.0,44.0
state,17,Iran,Asia,348,7499,0.4,74.0,34.2,48.3,0.7,66.3,3.8,28.7,78.8,81.2,69.6,93.3,15.2,53.0,55792.0,102938.0,24.0
state,17,Albania,Europe,277,7348,0.39,80.5,25.9,48.6,2.4,52.1,7.3,36.3,86.0,90.2,77.8,91.1,18.6,44.0,46322.0,52226.0,22.0
state,17,Thailand,Asia,311,7291,0.39,66.2,27.4,63.5,4.3,58.6,8.6,47.6,76.9,82.0,68.1,86.7,12.9,48.0,41000.0,50000.0,27.0
state,17,Serbia,Europe,284,7207,0.39,64.9,31.7,47.3,2.1,38.0,5.9,37.2,83.5,85.6,66.2,78.9,10.6,48.0,57581.0,66800.0,24.0
state,17,France,Europe,262,7147,0.38,46.9,40.0,45.8,10.7,70.2,4.6,13.6,80.5,83.3,64.2,92.2,5.0,47.0,96000.0,121455.0,18.0
state,17,Ghana,Africa,255,6970,0.37,61.8,44.5,44.0,6.5,37.9,8.2,23.9,77.1,81.9,47.1,88.4,19.3,45.0,41802.0,53592.0,17.0
state,17,Ireland,Europe,346,6781,0.36,69.6,18.6,47.1,3.5,36.9,13.3,1.2,81.5,84.7,81.3,96.5,7.8,57.0,58906.0,97164.0,35.0
state,17,Moldavia,Europe,212,6648,0.36,35.5,69.9,43.4,5.1,45.1,12.1,53.5,75.6,80.3,65.5,66.3,14.2,34.0,48233.0,60727.0,11.0
state,17,Burma (myanmar),Asia,231,5970,0.32,57.5,66.7,46.4,8.0,22.6,49.9,68.5,65.9,70.0,56.7,91.1,46.1,40.0,35000.0,41000.0,11.0
state,17,Byelorussia,Europe,221,5548,0.3,66.2,35.0,56.7,7.9,63.7,2.8,49.3,85.5,87.2,54.1,90.5,28.9,46.0,58951.0,109309.0,25.0
state,17,Syria,Asia,233,5542,0.3,83.7,29.1,51.3,3.8,37.4,20.1,48.4,62.4,65.1,69.7,87.0,23.3,54.0,32155.0,78946.0,25.0
state,18,U.S.-born,,321141,6415594,,0.0,0.3,50.5,24.3,29.0,8.3,1.0,72.4,75.7,75.4,93.4,21.0,37.0,38137.0,56000.0,25.0
state,18,All immigrants,,15152,435479,100.0,41.7,43.9,48.8,8.7,35.1,24.5,43.4,74.4,77.8,61.1,81.0,17.2,40.0,37514.0,49305.0,17.0
state,18,Mexico,Mexico,3638,111417,25.58,29.2,21.5,44.7,3.9,9.6,44.1,58.2,75.1,79.1,63.0,68.3,16.2,42.0,35000.0,42509.0,24.0
state,18,India,Asia,1250,37388,8.59,39.0,56.6,43.0,5.8,73.4,9.5,26.7,76.7,78.5,60.9,94.8,9.9,37.0,60000.0,89877.0,12.0
state,18,Nigeria,Africa,358,18164,4.17,34.1,79.2,48.9,19.5,46.6,3.4,11.2,84.9,86.9,42.3,81.7,27.4,38.0,33100.0,50000.0,8.0
state,18,China,Asia,794,18148,4.17,42.9,55.3,51.3,7.2,65.3,15.3,45.9,66.5,70.2,67.2,94.2,9.7,35.0,40146.0,66038.0,13.0
state,18,Philippines,Asia,587,14887,3.42,60.8,40.5,70.0,5.1,53.8,6.9,24.2,79.6,80.9,71.2,91.1,10.2,45.0,42509.0,52000.0,18.0
state,18,Burma (myanmar),Asia,506,14496,3.33,58.8,51.8,45.8,5.2,15.3,49.7,73.3,69.9,73.0,86.7,86.7,33.1,36.0,39116.0,46153.0,14.0
state,18,Guatemala,Central America,366,12318,2.83,27.1,54.2,40.5,17.8,13.0,55.4,63.9,66.4,71.5,57.8,60.9,24.5,34.0,30881.0,40000.0,12.0
state,18,El Salvador,Central America,365,11506,2.64,36.3,30.7,47.3,5.6,10.2,45.4,63.7,70.9,74.2,66.6,63.6,16.5,41.0,35300.0,43337.0,20.0
state,18,Venezuela,South America,310,10432,2.4,17.2,76.9,56.4,15.8,58.5,12.4,56.5,75.0,81.8,42.6,80.4,18.8,37.0,34757.0,40550.0,7.0
state,18,Haiti,Caribbean,206,9981,2.29,27.8,84.1,49.4,9.9,19.8,20.4,68.8,77.5,85.7,21.2,79.9,21.7,36.0,35000.0,41175.0,6.0
state,18,Honduras,Central America,252,9858,2.26,17.6,57.2,44.1,15.6,9.0,37.5,67.0,72.6,78.1,40.5,56.7,25.1,33.0,30000.0,39116.0,11.0
state,18,South Korea,Asia,357,8582,1.97,67.6,32.5,62.8,5.2,50.1,9.1,36.7,60.3,63.3,72.5,91.3,7.6,44.0,44331.0,77203.0,26.0
state,18,Canada,Canada and other Northern America,395,7170,1.65,46.5,26.9,50.2,6.0,48.4,4.2,2.7,76.9,79.9,82.7,91.3,9.0,51.0,52136.0,80388.0,29.0
state,18,Vietnam,Asia,277,5775,1.33,71.9,31.2,50.9,4.4,23.8,25.7,59.4,79.2,82.4,77.2,87.5,16.2,45.0,34372.0,46343.0,25.0
state,18,Germany,Europe,324,5431,1.25,63.7,18.1,67.9,3.1,32.1,11.2,5.2,69.0,71.1,80.2,92.6,9.9,62.0,34621.0,66910.0,45.0
state,18,Thailand,Asia,164,5234,1.2,59.6,47.1,55.5,20.8,26.4,36.4,50.6,66.4,66.9,76.3,88.1,34.5,26.0,40000.0,41175.0,15.0
state,18,Colombia,South America,182,5152,1.18,40.8,56.3,49.2,4.5,44.9,18.0,46.0,77.0,80.9,50.9,76.0,12.5,42.0,30123.0,53592.0,13.0
state,19,U.S.-born,,160582,3020257,,0.0,0.3,49.9,23.7,31.3,5.0,0.8,77.4,80.1,77.0,95.7,20.4,38.0,40550.0,57928.0,25.0
state,19,All immigrants,,5782,190250,100.0,43.8,44.5,48.5,9.6,32.1,28.1,48.4,75.5,79.2,58.7,80.6,19.5,39.0,38586.0,50000.0,17.0
state,19,Mexico,Mexico,1309,44333,23.3,35.8,25.9,46.7,4.9,11.8,46.9,64.4,78.8,82.1,68.8,68.3,12.2,42.0,37000.0,45000.0,23.0
state,19,India,Asia,297,11889,6.25,27.5,64.3,43.0,10.0,87.5,2.1,19.8,77.1,77.7,52.2,95.6,3.1,37.0,99057.0,112543.0,10.0
state,19,Guatemala,Central America,215,8189,4.3,16.8,58.6,39.0,12.6,1.2,54.1,68.5,76.2,78.4,38.1,45.0,8.9,33.0,32940.0,41802.0,11.0
state,19,Vietnam,Asia,215,7336,3.86,68.8,32.7,62.5,4.5,28.1,30.5,73.1,77.9,77.9,80.4,95.0,22.8,50.0,36727.0,40800.0,21.0
state,19,China,Asia,198,6786,3.57,47.0,43.2,52.5,5.3,71.7,4.6,39.0,72.8,74.3,61.9,90.9,3.3,35.0,48175.0,69998.0,16.0
state,19,Bosnia,Europe,169,6010,3.16,77.9,3.6,50.3,1.6,18.1,26.6,55.0,83.5,86.5,85.5,90.9,21.4,46.0,47367.0,53592.0,26.0
state,19,Burma (myanmar),Asia,134,5836,3.07,48.3,66.6,49.8,1.4,4.0,62.6,73.3,60.2,69.4,49.3,86.1,33.1,37.0,36958.0,42874.0,13.0
state,20,U.S.-born,,142063,2728961,,0.0,0.4,49.9,25.1,36.1,5.7,1.0,75.4,78.4,72.3,92.5,15.2,36.0,40000.0,56000.0,28.0
state,20,All immigrants,,7490,218236,100.0,43.0,35.4,49.2,6.5,30.1,30.2,49.0,74.1,76.8,62.2,72.6,7.7,42.0,38400.0,50000.0,21.0
state,20,Mexico,Mexico,2580,84373,38.66,30.8,20.4,47.6,3.7,7.0,49.0,62.8,74.2,77.1,66.0,57.1,6.4,44.0,35000.0,42874.0,24.0
state,20,India,Asia,525,14412,6.6,38.5,50.6,45.6,5.5,84.6,3.6,19.6,74.7,77.9,59.4,97.5,4.7,36.0,82361.0,102938.0,14.0
state,20,Vietnam,Asia,370,10201,4.67,78.1,27.8,54.2,3.6,22.3,31.4,64.2,78.5,79.6,76.5,92.5,9.6,50.0,41000.0,53000.0,27.0
state,20,Guatemala,Central America,196,8057,3.69,21.1,53.8,40.6,20.7,6.2,67.7,80.7,63.5,71.9,36.3,33.9,10.3,30.0,29852.0,38400.0,13.0
state,20,China,Asia,279,7038,3.22,47.8,43.1,54.9,8.1,64.2,4.8,52.2,68.9,72.3,76.4,90.4,6.3,41.0,50000.0,65000.0,17.0
state,20,Philippines,Asia,248,5977,2.74,67.6,37.8,72.8,6.2,55.3,9.4,16.7,83.0,83.7,76.5,97.5,10.6,43.0,45293.0,54655.0,19.0
state,20,El Salvador,Central America,172,5309,2.43,42.2,28.0,50.9,4.3,12.7,45.2,72.8,76.0,76.7,66.7,56.4,6.1,45.0,28823.0,35478.0,21.0
state,20,Honduras,Central America,134,5158,2.36,11.3,66.7,37.9,23.5,22.6,45.2,71.4,75.2,76.7,44.3,32.8,3.3,33.0,35000.0,42874.0,9.0
state,21,U.S.-born,,218331,4328141,,0.0,0.2,50.5,23.1,27.1,10.4,0.6,67.8,71.5,72.2,94.5,28.2,39.0,34757.0,52498.0,29.0
state,21,All immigrants,,8181,206683,100.0,41.6,50.5,48.8,11.3,34.0,24.4,48.6,71.7,75.4,52.2,77.2,24.0,39.0,34007.0,44026.0,14.0
state,21,Mexico,Mexico,1109,34417,16.65,21.2,31.7,40.1,5.2,9.9,45.8,61.4,75.1,77.6,39.2,47.6,13.9,40.0,32000.0,37894.0,20.0
state,21,Cuba,Caribbean,703,21613,10.46,33.8,73.1,50.2,9.1,27.8,24.1,78.1,72.3,77.5,46.7,74.2,37.4,41.0,28000.0,37514.0,9.0
state,21,India,Asia,575,11987,5.8,38.3,62.6,45.5,10.4,73.7,8.6,24.6,72.2,74.4,54.1,89.3,6.5,37.0,78233.0,95000.0,11.0
state,21,Guatemala,Central America,302,9310,4.5,19.0,55.0,41.0,23.8,5.5,63.8,68.6,67.6,70.1,26.9,43.8,18.3,26.0,24330.0,37165.0,12.0
state,21,Philippines,Asia,279,6319,3.06,62.9,50.0,73.8,11.9,51.2,2.2,23.9,76.7,78.7,62.6,94.7,16.2,46.0,39000.0,45424.0,14.0
state,21,China,Asia,306,5667,2.74,42.9,47.6,63.5,19.9,58.9,23.0,43.5,66.2,70.6,69.2,92.2,18.9,34.0,35000.0,59756.0,15.0
state,22,U.S.-born,,201886,4389827,,0.0,0.3,51.2,24.2,26.8,11.8,0.7,65.2,69.8,70.8,93.1,32.2,37.0,32584.0,52498.0,26.0
state,22,All immigrants,,9339,222134,100.0,41.8,46.3,48.4,9.6,30.0,27.0,51.0,69.5,73.4,51.3,62.6,16.6,40.0,31000.0,44984.0,16.0
state,22,Honduras,Central America,1486,48818,21.98,20.6,62.2,46.4,20.1,10.0,44.8,72.4,70.5,74.8,29.6,32.9,13.1,34.0,25724.0,36147.0,10.0
state,22,Mexico,Mexico,1121,27788,12.51,21.6,41.1,39.3,6.7,8.9,38.4,69.8,72.8,76.8,47.2,37.0,11.1,39.0,30123.0,36436.0,17.0
state,22,Vietnam,Asia,912,17351,7.81,74.8,25.4,49.6,4.0,19.5,37.6,61.0,77.1,78.9,86.8,91.1,25.5,53.0,27327.0,46343.0,31.0
state,22,Cuba,Caribbean,318,8389,3.78,60.0,41.9,45.9,4.8,34.5,18.2,61.8,61.1,69.3,59.3,81.6,31.9,51.0,36436.0,48000.0,19.0
state,22,India,Asia,324,7310,3.29,49.4,44.1,51.9,4.6,78.0,6.0,18.7,73.6,75.2,56.5,94.5,10.6,40.0,75029.0,90000.0,17.0
state,22,Guatemala,Central America,284,7309,3.29,25.0,56.8,42.1,15.8,11.5,40.6,61.4,74.3,77.4,34.3,44.7,17.7,34.0,22646.0,37074.0,12.0
state,22,Philippines,Asia,349,6663,3.0,67.9,43.0,70.1,7.9,51.9,12.7,27.7,66.3,69.3,74.0,93.9,12.2,43.0,35371.0,50000.0,17.0
state,22,Nicaragua,Central America,239,6328,2.85,34.6,45.6,38.4,3.8,20.4,30.8,70.9,75.3,82.6,37.2,48.3,19.4,41.0,23319.0,39528.0,17.0
state,22,China,Asia,309,5974,2.69,45.3,48.9,53.2,4.5,53.5,19.3,45.9,77.8,78.2,60.1,84.4,14.7,36.0,32155.0,42874.0,15.0
state,22,El Salvador,Central America,204,5005,2.25,21.8,45.0,44.9,12.4,8.7,48.9,60.7,73.7,76.5,49.3,39.1,13.1,36.0,36443.0,38190.0,16.0
state,23,U.S.-born,,68758,1331093,,0.0,0.2,50.6,18.4,35.3,5.1,0.5,73.8,76.7,79.1,93.9,20.7,44.0,39116.0,57928.0,40.0
state,23,All immigrants,,2441,56724,100.0,52.2,43.5,54.7,8.8,42.3,12.6,24.2,75.8,78.3,61.3,90.7,20.4,45.0,35000.0,57879.0,19.0
state,23,Canada,Canada and other Northern America,601,10285,18.13,54.9,15.4,63.5,2.2,31.5,10.6,5.6,68.6,73.5,82.5,94.9,14.0,62.0,33522.0,61763.0,48.0
state,24,U.S.-born,,255659,5172990,,0.0,0.6,51.4,25.2,43.3,6.1,1.4,74.0,77.8,72.9,96.0,20.1,37.0,51700.0,76000.0,24.0
state,24,All immigrants,,43763,1033021,100.0,54.9,34.9,51.0,7.1,44.4,19.4,38.7,78.3,82.0,62.3,81.2,16.9,45.0,46322.0,64311.0,21.0
state,24,El Salvador,Central America,4274,133677,12.94,28.5,34.9,46.2,9.7,7.1,53.7,69.2,77.5,81.0,55.5,57.9,17.7,41.0,36436.0,42874.0,19.0
state,24,India,Asia,3249,61989,6.0,58.8,32.5,49.7,3.3,82.0,5.8,18.6,81.3,84.2,73.4,96.5,8.4,47.0,92644.0,116597.0,21.0
state,24,Nigeria,Africa,1726,50832,4.92,59.3,52.1,49.1,10.1,64.8,5.4,11.2,82.2,86.0,57.1,85.0,18.7,44.0,51469.0,68968.0,14.0
state,24,Guatemala,Central America,1526,47349,4.58,19.3,48.0,41.5,13.0,7.8,57.9,75.0,74.9,77.9,36.4,40.6,14.2,35.0,33970.0,40550.0,16.0
state,24,China,Asia,2681,45930,4.45,58.5,33.3,54.1,4.1,64.8,14.6,52.7,77.1,80.1,77.9,94.7,15.9,49.0,56808.0,101825.0,22.0
state,24,Philippines,Asia,2065,39620,3.84,67.9,29.1,59.3,3.6,58.4,5.1,26.1,82.5,84.5,75.5,94.9,9.2,49.0,50977.0,69670.0,21.0
state,24,Mexico,Mexico,1347,37392,3.62,25.8,24.0,41.5,3.7,13.9,47.7,65.8,77.7,80.1,49.1,54.4,8.9,43.0,39391.0,46343.0,23.0
state,24,Ethiopia,Africa,1213,32990,3.19,69.9,41.1,50.1,9.8,45.3,7.5,33.3,76.5,82.7,56.9,92.0,33.2,42.0,44026.0,73000.0,17.0
state,24,South Korea,Asia,1743,32588,3.15,76.5,13.3,56.1,4.4,58.0,8.6,47.5,72.6,75.6,71.7,95.0,17.9,54.0,42900.0,91107.0,31.0
state,24,Honduras,Central America,908,31409,3.04,21.2,58.8,49.9,19.5,7.1,51.9,66.0,75.1,80.7,32.6,40.4,14.1,34.0,30881.0,36436.0,11.0
state,24,Jamaica,Caribbean,1060,30037,2.91,72.7,26.9,56.3,3.0,36.3,12.2,1.6,82.8,87.8,67.5,90.0,15.6,49.0,51469.0,69670.0,25.0
state,24,Cameroon,Africa,857,24422,2.36,55.0,57.2,51.8,8.6,51.3,6.2,23.1,79.3,85.7,52.7,85.5,24.1,39.0,53592.0,68000.0,12.0
state,24,Pakistan,Asia,782,18489,1.79,72.8,35.9,46.0,7.2,53.9,15.7,35.5,64.9,67.8,68.1,88.4,35.9,44.0,41175.0,69514.0,20.0
state,24,Ghana,Africa,628,17733,1.72,68.0,36.7,47.3,4.6,47.8,6.1,13.6,79.2,85.3,56.0,90.4,15.4,46.0,53592.0,70000.0,19.0
state,24,Peru,South America,644,16653,1.61,56.3,22.4,52.8,2.6,31.5,9.1,49.3,80.3,84.3,62.3,70.9,12.2,49.0,37074.0,53592.0,23.0
state,24,Vietnam,Asia,941,16338,1.58,81.2,16.8,56.9,2.1,38.3,25.2,56.3,81.8,83.3,88.6,94.3,18.5,51.0,41175.0,70000.0,31.0
state,24,Dominican Republic,Caribbean,491,14955,1.45,59.3,31.4,53.0,4.2,22.1,20.5,53.4,79.9,83.8,59.7,81.2,24.6,46.0,32793.0,48582.0,23.0
state,24,Colombia,South America,589,14355,1.39,56.7,37.3,58.3,7.4,45.8,14.7,50.2,80.5,84.3,64.8,77.6,10.3,45.0,48582.0,61763.0,22.0
state,24,Iran,Asia,682,13472,1.3,80.8,25.5,50.7,2.0,75.3,5.0,33.9,76.8,83.7,74.1,94.6,19.1,56.0,68812.0,107184.0,30.0
state,24,Brazil,South America,515,12191,1.18,33.4,54.8,59.3,12.9,54.4,9.2,44.1,82.2,84.5,43.9,76.6,10.7,40.0,48582.0,69998.0,11.0
state,24,Sierra Leone,Africa,397,11168,1.08,67.8,33.9,58.1,2.7,38.4,10.0,12.9,84.0,89.2,59.1,87.1,23.2,47.0,48233.0,55736.0,21.0
state,24,Trinidad and Tobago,Caribbean,493,11038,1.07,77.4,14.2,57.7,1.4,34.0,10.4,2.4,78.9,85.6,67.9,92.0,15.8,55.0,51469.0,66910.0,31.0
state,24,Germany,Europe,602,10404,1.01,70.6,14.3,60.7,2.6,48.7,5.3,8.2,80.3,81.1,83.0,98.0,8.2,60.0,59600.0,91107.0,40.0
state,24,Nepal,Asia,386,10302,1.0,47.2,58.2,45.6,8.2,55.7,16.6,43.5,73.6,78.3,64.6,93.5,21.8,36.0,39959.0,54655.0,12.0
state,24,Haiti,Caribbean,374,10026,0.97,63.0,33.2,49.3,5.2,31.0,16.5,42.3,80.6,84.8,56.9,85.0,22.5,45.0,44938.0,56770.0,19.0
state,24,Other Ussr/russia,Europe,501,9269,0.9,73.6,24.3,58.7,4.5,77.4,3.0,27.9,78.5,81.1,79.4,97.2,15.6,47.0,59087.0,100000.0,24.0
state,24,Bolivia,South America,329,8915,0.86,57.8,21.7,53.5,5.2,34.7,8.5,48.9,81.6,82.8,69.9,83.3,22.8,52.0,38000.0,56000.0,26.0
state,24,Canada,Canada and other Northern America,540,8745,0.85,60.8,26.0,55.8,9.0,68.5,3.0,2.9,78.8,81.2,76.6,98.4,7.9,48.0,83804.0,120000.0,26.0
state,24,Bangladesh,Asia,399,8714,0.84,68.3,45.6,46.4,5.7,62.4,13.8,37.0,74.2,80.6,72.3,95.9,28.8,44.0,44984.0,77203.0,15.0
state,24,Taiwan,Asia,534,8431,0.82,84.2,15.2,56.0,1.4,78.8,3.3,45.7,79.9,80.5,88.4,95.1,6.6,59.0,74148.0,110064.0,36.0
state,24,Guyana/british Guiana,South America,337,8268,0.8,84.6,14.9,59.4,1.8,38.6,5.1,3.5,86.0,89.7,73.8,90.2,15.6,53.0,55000.0,72057.0,34.0
state,24,Nicaragua,Central America,269,7439,0.72,44.1,35.2,52.3,9.6,23.3,31.4,54.9,74.8,82.2,48.5,66.1,12.1,42.0,36147.0,49796.0,19.0
state,24,Ukraine,Europe,341,6671,0.65,67.8,35.3,62.0,6.9,71.3,2.1,43.6,84.0,87.4,78.1,92.5,14.9,43.0,66910.0,99637.0,24.0
state,24,United Kingdom (not specified),Europe,392,6634,0.64,58.2,37.1,53.5,10.3,73.7,1.4,0.7,84.0,85.7,73.3,98.3,5.2,49.0,77203.0,95394.0,21.0
state,24,Kenya,Africa,239,6429,0.62,62.5,36.7,53.3,3.2,54.7,3.1,12.7,85.5,87.3,59.2,94.2,9.6,46.0,53592.0,69998.0,19.0
state,24,Ecuador,South America,235,6421,0.62,60.6,24.8,41.1,5.9,29.8,26.0,55.9,75.3,76.0,75.8,73.6,10.9,49.0,47610.0,60727.0,24.0
state,24,Venezuela,South America,258,6205,0.6,30.4,67.1,52.9,10.1,55.1,7.8,46.4,78.3,83.1,40.5,71.3,18.2,42.0,34757.0,53440.0,8.0
state,24,England,Europe,329,6102,0.59,74.3,11.5,49.5,0.9,54.7,3.9,1.8,87.2,89.1,80.6,98.0,6.5,56.0,75958.0,101825.0,36.0
state,24,Liberia,Africa,224,5934,0.57,73.1,19.6,52.6,4.8,46.6,5.4,4.5,85.5,89.5,52.8,94.2,19.9,52.0,50000.0,70444.0,27.0
state,24,"Africa, Ns/nec",Africa,166,5679,0.55,64.0,43.9,44.0,11.5,46.2,4.4,27.1,77.7,84.6,41.1,80.2,17.2,40.0,49857.0,60000.0,16.0
state,24,Japan,Asia,286,5427,0.53,26.9,52.9,69.3,12.8,76.0,4.8,44.3,65.4,66.2,50.0,97.6,8.1,45.0,57928.0,85747.0,13.0
state,24,Togo,Africa,143,5222,0.51,71.8,41.6,51.6,5.8,24.3,11.2,40.4,80.2,85.8,44.5,85.9,21.2,42.0,51469.0,60000.0,19.0
state,24,Afghanistan,Asia,244,5151,0.5,27.7,84.2,43.8,36.3,34.9,33.9,58.2,45.3,55.2,19.1,91.8,71.1,31.0,34757.0,87447.0,5.0
state,25,U.S.-born,,295035,5772881,,0.0,1.3,51.1,22.2,48.8,5.5,2.3,74.2,78.3,70.8,97.9,21.6,38.0,50525.0,81100.0,24.0
state,25,All immigrants,,54832,1271175,100.0,53.8,39.8,51.3,6.5,41.1,19.8,43.1,76.4,80.5,51.5,94.6,31.7,44.0,44263.0,69514.0,20.0
state,25,Brazil,South America,3561,108593,8.54,26.8,57.2,50.0,11.6,24.0,19.4,62.1,77.8,82.1,29.8,88.1,52.9,38.0,37514.0,51469.0,9.0
state,25,Dominican Republic,Caribbean,3537,106391,8.37,51.5,46.1,54.6,9.1,13.5,32.6,66.5,72.5,80.4,26.8,93.6,57.9,42.0,30012.0,46343.0,16.0
state,25,China,Asia,5431,103416,8.14,49.0,44.6,55.5,3.1,57.3,19.5,52.9,72.2,75.0,63.7,97.1,21.2,45.0,48582.0,97164.0,16.0
state,25,India,Asia,4192,86093,6.77,41.9,51.0,47.6,5.0,88.2,4.3,17.3,78.5,81.2,59.2,97.9,7.5,39.0,104271.0,128621.0,14.0
state,25,Haiti,Caribbean,2152,60744,4.78,62.4,39.5,54.3,6.6,22.1,19.6,50.6,78.6,82.8,47.2,92.8,39.5,47.0,39229.0,56616.0,19.0
state,25,El Salvador,Central America,1437,45488,3.58,27.7,39.0,48.0,7.6,10.4,47.1,72.6,74.1,80.9,40.9,91.0,49.6,40.0,37894.0,47351.0,19.0
state,25,Vietnam,Asia,1649,37665,2.96,74.2,28.3,53.0,3.6,25.7,35.7,67.6,76.5,79.9,62.0,97.0,37.9,50.0,37300.0,58298.0,27.0
state,25,Portugal,Europe,1759,36269,2.85,76.6,8.0,50.3,1.6,10.8,44.1,44.0,72.6,75.7,74.4,96.8,21.6,61.0,37894.0,60727.0,47.0
state,25,Guatemala,Central America,1149,35590,2.8,26.1,45.9,43.4,11.8,6.6,53.1,74.0,76.1,79.9,31.4,87.8,52.8,37.0,33000.0,47617.0,17.0
state,25,Cape Verde,Canada and other Northern America,1162,33203,2.61,66.4,40.8,54.2,9.8,13.3,35.9,55.0,74.8,80.0,48.6,92.4,45.0,42.0,36028.0,50000.0,17.0
state,25,Canada,Canada and other Northern America,1595,27419,2.16,52.1,22.8,54.0,3.7,57.6,8.1,3.6,80.6,82.2,73.0,98.8,10.3,54.0,66910.0,130000.0,31.0
state,25,Colombia,South America,1049,26921,2.12,46.3,44.1,53.1,4.9,29.9,19.7,58.8,80.3,85.8,38.1,93.7,35.8,44.0,41175.0,56000.0,18.0
state,25,Jamaica,Caribbean,705,20085,1.58,74.0,29.3,51.7,3.3,27.0,13.8,3.2,82.4,86.5,56.3,94.3,28.1,48.0,43700.0,57928.0,23.0
state,25,Other Ussr/russia,Europe,938,19052,1.5,75.5,30.2,59.0,5.5,75.0,4.0,37.1,74.3,78.1,57.4,98.5,29.4,45.0,45017.0,109328.0,23.0
state,25,South Korea,Asia,1095,18416,1.45,57.3,37.0,54.8,5.9,76.3,3.3,33.9,71.0,72.7,52.8,97.8,11.7,40.0,62447.0,93520.0,21.0
state,25,Italy,Europe,870,16141,1.27,71.7,14.7,46.6,1.2,33.3,27.7,27.1,83.5,85.1,74.7,99.7,13.6,67.0,41381.0,97164.0,52.0
state,25,Cambodia (kampuchea),Asia,641,15627,1.23,72.2,24.9,55.2,5.3,15.0,42.5,67.6,72.5,76.4,68.3,97.6,37.8,52.0,41175.0,55383.0,27.0
state,25,Ecuador,South America,437,15022,1.18,24.5,67.3,41.9,11.2,16.5,25.0,71.5,77.9,82.9,21.0,75.1,47.1,32.0,31911.0,52000.0,9.0
state,25,Albania,Europe,592,14293,1.12,73.2,41.4,51.8,4.4,48.0,8.9,46.3,84.2,87.9,60.0,97.2,26.8,46.0,42981.0,60727.0,19.0
state,25,Honduras,Central America,482,13566,1.07,31.4,46.3,50.3,12.8,14.1,38.7,64.4,73.3,76.4,31.1,93.7,56.4,39.0,34007.0,46089.0,16.0
state,25,Mexico,Mexico,584,13535,1.06,39.1,39.0,45.5,2.7,44.0,22.3,43.6,73.8,77.4,44.2,91.5,26.5,41.0,50000.0,61763.0,20.0
state,25,Ireland,Europe,661,13195,1.04,68.8,16.5,46.6,3.0,35.2,11.2,3.9,82.9,86.8,79.1,98.0,16.4,56.0,57928.0,91107.0,32.0
state,25,Ghana,Africa,492,13185,1.04,67.5,47.4,48.2,8.8,45.5,9.6,18.6,81.7,85.8,49.2,96.3,32.2,43.0,45000.0,64311.0,15.0
state,25,Germany,Europe,718,11875,0.93,58.2,28.1,58.5,4.9,60.1,5.5,4.7,81.7,83.1,68.2,99.7,12.0,56.0,57614.0,105000.0,31.0
state,25,United Kingdom (not specified),Europe,630,11515,0.91,50.4,37.4,42.9,9.0,70.9,3.4,2.5,86.2,86.4,71.1,98.7,5.2,51.0,78946.0,115857.0,22.0
state,25,England,Europe,583,10836,0.85,62.9,14.7,46.7,0.9,54.4,4.6,0.7,77.9,79.9,80.8,98.4,10.8,59.0,64311.0,135000.0,36.0
state,25,Poland,Europe,535,10570,0.83,74.1,14.1,58.4,0.2,46.2,10.5,34.0,76.8,78.4,83.0,94.9,15.9,58.0,57084.0,85018.0,32.0
state,25,Morocco,Africa,380,10559,0.83,74.6,38.8,45.6,4.4,30.8,14.2,51.7,71.0,77.6,40.1,95.4,45.6,44.0,40730.0,61763.0,16.0
state,25,Ukraine,Europe,506,10000,0.79,70.8,28.4,57.5,3.9,66.1,3.6,40.9,82.5,84.6,63.1,94.8,28.1,46.0,50000.0,83604.0,25.0
state,25,Philippines,Asia,602,9983,0.79,76.1,24.3,65.5,2.0,60.2,4.8,21.4,78.7,81.4,73.0,96.2,13.0,50.0,53592.0,77173.0,23.0
state,25,Nigeria,Africa,378,9783,0.77,48.5,61.4,45.1,8.4,62.5,5.8,13.6,78.6,82.1,44.2,97.8,35.4,40.0,47146.0,67197.0,11.0
state,25,Kenya,Africa,354,9647,0.76,61.6,40.1,57.1,5.3,41.2,5.3,15.9,85.4,89.7,47.6,97.1,23.8,41.0,53440.0,70000.0,17.0
state,25,Taiwan,Asia,538,9604,0.76,58.5,38.8,56.8,2.5,85.8,2.8,39.4,75.9,78.0,66.0,98.3,5.2,42.0,75353.0,108085.0,18.0
state,25,Greece,Europe,471,9555,0.75,80.9,14.4,47.7,1.7,35.7,25.9,44.1,78.0,79.1,78.1,96.5,16.7,67.0,37058.0,97164.0,50.0
state,25,Hong Kong,Asia,510,9537,0.75,77.9,18.0,51.8,2.7,66.8,9.6,42.2,86.1,88.1,79.2,98.8,14.5,54.0,78783.0,101954.0,33.0
state,25,Lebanon,Asia,369,8024,0.63,85.8,17.5,44.4,2.1,47.9,13.9,22.6,72.5,78.1,77.0,97.5,24.2,52.0,56616.0,86893.0,31.0
state,25,Peru,South America,345,7917,0.62,56.9,29.7,55.3,4.1,38.5,13.6,48.9,79.8,82.2,56.5,95.8,35.9,48.0,37400.0,63721.0,22.0
state,25,Pakistan,Asia,378,7867,0.62,63.4,37.9,50.8,7.2,62.4,7.3,27.3,68.7,72.2,63.8,96.4,26.4,41.0,54655.0,85747.0,19.0
state,25,Nepal,Asia,355,7567,0.6,48.9,62.6,52.9,13.4,43.1,24.3,45.2,74.1,75.9,61.1,95.2,39.4,35.0,39658.0,57000.0,12.0
state,25,Iran,Asia,369,7438,0.59,68.5,39.6,47.6,1.1,75.0,3.6,29.6,87.2,88.4,61.1,96.6,17.9,50.0,69670.0,101954.0,21.0
state,25,France,Europe,404,7032,0.55,50.7,46.9,49.5,6.1,81.4,1.5,11.2,76.4,81.8,61.0,98.7,6.2,44.0,80160.0,149260.0,16.0
state,25,Egypt/united Arab Rep,Africa,321,6662,0.52,66.3,53.0,44.5,15.5,66.4,3.5,34.2,75.7,79.3,54.7,98.0,42.5,40.0,42874.0,85747.0,13.0
state,25,Trinidad and Tobago,Caribbean,250,6610,0.52,76.7,15.5,54.9,5.0,32.2,11.6,4.0,78.6,87.5,63.2,95.4,29.7,54.0,46031.0,78946.0,32.0
state,25,Japan,Asia,401,6508,0.51,21.1,45.4,63.2,9.8,82.3,1.0,36.8,68.1,70.2,45.5,98.7,7.4,43.0,66910.0,100000.0,18.0
state,25,Venezuela,South America,279,6269,0.49,46.7,56.2,47.4,7.3,59.8,7.7,38.0,81.7,84.1,45.2,89.2,23.9,39.0,51469.0,77203.0,13.0
state,25,Israel/palestine,Asia,312,6090,0.48,50.9,48.3,40.2,21.1,87.3,1.3,15.9,82.5,84.6,62.4,99.2,3.7,40.0,94735.0,135000.0,16.0
state,25,Iraq,Asia,181,5967,0.47,78.5,67.5,48.6,11.2,31.3,25.4,51.3,54.4,62.9,36.5,92.0,68.3,36.0,25735.0,60000.0,12.0
state,25,Thailand,Asia,274,5907,0.46,63.1,31.4,58.9,3.1,52.8,14.8,39.8,76.6,78.8,63.7,93.7,16.3,40.0,58906.0,75029.0,25.0
state,25,Turkey,Asia,294,5814,0.46,48.5,61.9,40.9,2.1,76.3,1.6,24.3,78.7,80.4,51.1,95.5,7.1,39.0,70000.0,97791.0,11.0
state,25,Uganda,Africa,207,5780,0.45,35.7,72.2,47.2,13.4,51.2,6.2,21.2,82.9,92.7,30.6,85.8,37.1,38.0,42874.0,49204.0,8.0
state,25,Ethiopia,Africa,236,5652,0.44,75.2,42.0,49.0,5.8,31.6,10.7,38.2,69.5,79.8,24.6,97.0,39.0,41.0,34757.0,52498.0,17.0
state,25,Bangladesh,Asia,262,5445,0.43,52.2,57.3,48.7,8.6,68.8,4.9,45.9,71.2,74.1,45.4,97.0,36.0,43.0,40080.0,84676.0,12.0
state,26,U.S.-born,,477849,9341807,,0.0,0.3,50.5,22.4,31.1,6.9,0.8,70.2,74.6,77.5,95.2,23.5,39.0,37514.0,58951.0,25.0
state,26,All immigrants,,27840,735954,100.0,57.1,38.1,50.1,7.0,44.4,18.8,38.6,70.5,73.7,69.2,90.2,23.7,44.0,40000.0,65000.0,21.0
state,26,Mexico,Mexico,2864,83098,11.29,29.3,27.5,45.7,4.8,18.9,45.4,58.2,70.3,73.5,66.8,72.8,16.3,42.0,37514.0,46343.0,23.0
state,26,India,Asia,2794,80532,10.94,45.1,51.2,46.9,6.6,87.3,4.5,19.5,81.3,83.2,61.3,97.0,7.3,40.0,90000.0,105430.0,14.0
state,26,Iraq,Asia,1870,55181,7.5,82.9,39.3,50.8,7.4,22.2,33.4,54.8,61.1,65.6,71.7,93.0,56.9,46.0,21862.0,42509.0,18.0
state,26,Canada,Canada and other Northern America,1782,34830,4.73,52.9,22.7,52.9,5.9,47.6,4.5,1.9,71.4,74.5,83.7,96.1,8.4,55.0,47000.0,85018.0,29.0
state,26,China,Asia,1361,32873,4.47,50.1,42.6,55.5,4.2,67.3,9.7,47.5,71.0,72.0,71.1,96.1,10.9,43.0,45000.0,86893.0,17.0
state,26,Yemen Arab Republic (north),Asia,766,27551,3.74,69.7,52.9,47.1,13.9,7.9,43.0,72.1,44.1,47.4,65.9,91.1,71.2,37.0,25000.0,41175.0,14.0
state,26,Lebanon,Asia,894,26666,3.62,81.1,28.0,48.7,3.5,30.8,19.9,47.7,65.9,72.0,80.9,94.2,48.3,51.0,25734.0,60727.0,25.0
state,26,Bangladesh,Asia,724,22990,3.12,62.6,51.5,49.3,8.8,30.6,31.5,59.1,60.5,64.0,71.1,90.1,53.7,40.0,30881.0,48233.0,14.0
state,26,South Korea,Asia,865,21405,2.91,61.8,29.7,54.9,8.1,63.9,5.8,32.4,69.6,71.6,66.1,92.1,9.4,41.0,56654.0,77203.0,24.0
state,26,Philippines,Asia,907,20564,2.79,74.3,29.5,66.1,5.4,61.8,4.5,20.0,78.0,80.1,80.0,94.7,14.8,51.0,45000.0,55869.0,23.0
state,26,Germany,Europe,894,16144,2.19,63.2,17.1,54.5,3.6,43.6,8.7,6.7,78.0,79.2,85.6,98.5,7.8,61.0,49305.0,101825.0,38.0
state,26,Albania,Europe,493,13257,1.8,64.0,43.4,47.1,2.4,31.2,11.1,48.7,72.5,76.7,69.9,91.3,25.7,44.0,36028.0,41175.0,18.0
state,26,Vietnam,Asia,478,13241,1.8,66.8,33.4,54.0,4.2,24.2,34.2,66.9,82.1,84.9,81.3,95.6,22.0,50.0,32440.0,42205.0,25.0
state,26,Poland,Europe,476,11194,1.52,86.9,10.0,54.8,1.2,34.6,9.1,29.0,72.2,77.6,89.5,96.7,14.1,55.0,36443.0,70000.0,32.0
state,26,Pakistan,Asia,395,10666,1.45,77.2,34.1,48.7,7.3,69.7,7.6,28.2,64.1,67.3,77.6,91.0,18.7,47.0,49305.0,88527.0,20.0
state,26,Syria,Asia,296,9775,1.33,65.4,68.4,49.8,26.6,38.3,29.5,55.9,53.3,61.7,54.1,92.1,60.8,38.0,25870.0,51448.0,8.0
state,26,Japan,Asia,412,9392,1.28,12.5,67.0,52.4,17.9,66.6,2.9,63.3,68.1,68.4,37.4,98.5,2.1,41.0,72873.0,99000.0,7.0
state,26,Romania,Europe,387,9105,1.24,86.0,17.9,49.6,1.2,40.6,8.4,36.7,81.0,82.6,83.5,86.9,16.4,50.0,48582.0,80000.0,25.0
state,26,Brazil,South America,381,8782,1.19,24.2,72.9,55.4,15.1,81.1,1.3,24.2,67.9,71.3,72.2,94.9,3.7,36.0,64311.0,100879.0,8.0
state,26,Cuba,Caribbean,221,8435,1.15,49.7,45.2,46.5,6.4,21.2,17.4,55.2,69.7,75.4,59.7,84.6,37.1,40.0,29635.0,43946.0,17.0
state,26,Guatemala,Central America,265,8252,1.12,35.7,35.9,49.6,17.2,12.4,60.5,55.5,69.6,73.6,51.0,58.9,13.0,29.0,39700.0,48233.0,18.0
state,26,Ukraine,Europe,308,8021,1.09,57.1,43.6,57.1,8.1,64.2,3.8,50.2,75.3,78.8,70.5,90.6,26.1,42.0,44778.0,67197.0,18.0
state,26,Italy,Europe,352,7970,1.08,70.7,18.8,48.9,6.1,19.7,29.8,25.1,71.2,74.9,89.4,98.6,8.6,70.0,33598.0,88000.0,56.0
state,26,Nigeria,Africa,215,7301,0.99,58.7,49.0,41.0,10.3,59.2,3.8,9.5,77.5,80.9,49.2,89.7,21.4,44.0,42874.0,61763.0,16.0
state,26,England,Europe,344,6416,0.87,61.5,11.5,49.2,1.4,42.6,5.6,0.9,70.4,75.3,85.4,93.9,9.2,62.0,38087.0,94000.0,37.0
state,26,Other Ussr/russia,Europe,273,5992,0.81,81.3,17.8,58.4,5.6,60.8,3.6,29.4,73.7,75.0,69.5,95.4,22.9,38.0,27806.0,62000.0,23.0
state,26,Jordan,Asia,183,5836,0.79,77.3,41.9,47.6,13.0,40.9,23.9,37.6,64.2,66.0,65.1,88.2,47.2,46.0,31000.0,67197.0,18.0
state,26,Jamaica,Caribbean,197,5813,0.79,56.0,42.8,52.1,3.5,27.5,12.9,6.0,88.9,92.2,64.7,76.6,17.8,44.0,36436.0,51469.0,18.0
state,26,Bosnia,Europe,177,5602,0.76,75.5,8.2,49.3,0.0,19.5,16.4,42.6,71.4,73.5,76.9,97.3,27.3,49.0,41295.0,53592.0,26.0
state,26,Colombia,South America,184,5156,0.7,56.6,48.3,52.0,7.8,50.9,14.6,42.4,79.4,81.5,56.6,86.3,21.3,41.0,32155.0,66910.0,16.0
state,26,United Kingdom (not specified),Europe,261,5098,0.69,47.4,27.0,43.4,4.2,64.8,3.1,3.1,77.5,78.3,82.6,98.0,8.5,52.0,53100.0,128621.0,23.0
state,27,U.S.-born,,278310,5248256,,0.0,0.3,50.0,24.2,39.6,4.0,1.1,78.5,81.9,79.2,96.1,17.9,38.0,46343.0,66910.0,25.0
state,27,All immigrants,,12720,491189,100.0,59.4,37.8,49.5,8.4,36.8,22.1,40.1,77.3,80.4,59.8,86.9,25.7,40.0,41175.0,56000.0,19.0
state,27,Mexico,Mexico,1554,61898,12.6,27.8,26.8,41.2,4.9,14.7,42.4,58.4,76.2,79.3,56.9,65.1,15.6,41.0,40660.0,47660.0,23.0
state,27,Somalia,Africa,544,36765,7.48,80.2,42.7,51.8,4.1,15.2,38.9,54.8,71.3,77.1,18.9,92.3,62.3,38.0,28964.0,45982.0,18.0
state,27,India,Asia,718,31170,6.35,44.2,53.3,44.9,9.9,85.1,3.1,16.1,84.5,86.3,66.6,97.5,4.4,38.0,95949.0,109309.0,13.0
state,27,Ethiopia,Africa,472,28234,5.75,72.2,46.8,48.7,14.1,24.1,21.8,40.2,77.9,81.9,39.8,91.6,45.1,36.0,38866.0,49818.0,15.0
state,27,Laos,Asia,651,23256,4.73,89.4,9.4,48.9,1.5,17.5,37.7,67.0,65.5,67.2,83.0,94.2,31.2,52.0,37793.0,53440.0,35.0
state,27,Thailand,Asia,521,19968,4.07,76.0,28.3,49.2,16.5,26.0,17.1,49.2,81.1,82.4,68.4,94.0,40.7,34.0,40000.0,50440.0,23.0
state,27,China,Asia,559,17450,3.55,57.3,34.6,57.5,10.3,56.4,20.5,48.4,79.0,80.3,76.4,96.7,19.3,42.0,40100.0,80000.0,19.0
state,27,Kenya,Africa,313,17070,3.48,62.3,60.9,48.4,19.4,38.9,9.9,31.2,78.4,83.2,40.7,91.3,32.3,30.0,40000.0,57000.0,13.0
state,27,Vietnam,Asia,475,15859,3.23,85.1,17.4,56.0,3.0,31.1,29.1,63.3,83.4,85.1,82.1,97.3,22.5,50.0,37514.0,50000.0,30.0
state,27,Liberia,Africa,216,12792,2.6,55.7,51.8,49.4,11.4,26.7,7.4,9.9,81.6,82.7,41.7,88.2,36.5,37.0,38586.0,48582.0,14.0
state,27,South Korea,Asia,434,12333,2.51,84.8,18.7,59.0,8.4,66.1,4.3,14.8,85.5,87.2,79.1,95.0,9.3,39.0,59000.0,75000.0,36.0
state,27,Canada,Canada and other Northern America,516,11192,2.28,60.4,15.5,50.2,3.1,50.1,3.2,1.4,77.1,81.1,82.9,95.9,8.9,50.0,60245.0,92306.0,29.0
state,27,Nigeria,Africa,195,11013,2.24,58.9,55.4,49.1,6.2,56.0,4.0,14.9,90.2,92.8,53.1,88.2,18.7,43.0,46806.0,52136.0,13.0
state,27,Philippines,Asia,375,10907,2.22,65.7,39.2,68.3,2.3,51.2,8.4,21.1,77.0,78.0,68.2,91.8,16.1,45.0,45017.0,54557.0,18.0
state,27,Ecuador,South America,218,10468,2.13,40.8,49.2,46.4,18.3,13.2,43.8,63.5,76.7,81.7,62.4,61.5,24.5,34.0,32370.0,40550.0,16.0
state,27,Burma (myanmar),Asia,216,8744,1.78,79.1,53.1,48.1,2.0,13.3,68.2,79.6,66.5,67.8,77.5,91.5,60.9,39.0,35907.0,46574.0,14.0
state,27,Guatemala,Central America,211,8179,1.67,34.5,44.9,42.7,20.5,8.4,53.1,53.1,70.7,76.6,50.5,52.9,11.4,30.0,30123.0,46343.0,16.0
state,27,El Salvador,Central America,168,7829,1.59,35.0,36.5,49.5,11.5,15.0,37.3,64.7,83.3,84.2,68.4,69.8,19.0,40.0,43234.0,46343.0,21.0
state,27,Other Ussr/russia,Europe,216,5938,1.21,89.0,12.6,54.5,11.9,50.2,1.4,23.4,71.2,80.1,75.0,88.9,19.5,41.0,33400.0,56808.0,23.0
state,27,Ukraine,Europe,191,5782,1.18,62.0,42.8,59.9,13.0,41.8,14.9,43.1,78.5,82.2,68.1,89.4,38.8,40.0,27546.0,57928.0,19.0
state,27,Germany,Europe,279,5401,1.1,62.6,20.1,56.3,9.8,50.2,5.1,7.8,76.4,76.5,82.0,96.7,19.8,60.0,40516.0,100000.0,45.0
state,27,Honduras,Central America,110,5259,1.07,13.5,63.2,44.9,14.5,6.8,46.0,63.7,58.0,68.0,57.2,53.4,16.9,33.0,32000.0,51469.0,9.0
state,27,Cambodia (kampuchea),Asia,139,5078,1.03,74.6,34.5,49.7,1.6,17.7,33.9,51.7,80.7,81.5,83.2,89.6,14.8,46.0,40730.0,47043.0,21.0
state,28,U.S.-born,,135120,2875345,,0.0,0.2,51.6,23.7,24.9,12.3,0.5,64.7,68.8,72.3,88.9,24.5,38.0,30700.0,47697.0,29.0
state,28,All immigrants,,3401,71434,100.0,39.5,43.1,47.6,9.3,28.4,29.8,47.2,68.6,71.4,61.2,62.9,8.2,40.0,30881.0,42410.0,18.0
state,28,Mexico,Mexico,718,15967,22.35,21.6,33.0,39.5,5.6,11.5,48.0,62.5,71.3,72.5,62.2,39.1,7.6,39.0,30123.0,34999.0,20.0
state,28,Honduras,Central America,171,6221,8.71,13.5,74.0,47.8,25.8,7.3,51.2,75.7,69.2,75.7,35.2,30.0,6.5,30.0,29852.0,34999.0,9.0
state,29,U.S.-born,,303693,5914066,,0.0,0.2,50.7,23.0,31.8,7.6,0.5,72.9,76.1,72.7,91.5,16.7,38.0,37514.0,54655.0,33.0
state,29,All immigrants,,11047,277748,100.0,50.7,39.9,50.6,8.1,41.2,18.5,37.7,74.4,77.0,62.3,80.4,10.6,41.0,39500.0,54655.0,20.0
state,29,Mexico,Mexico,1506,42470,15.29,30.3,24.6,44.8,4.2,11.7,38.5,60.3,77.3,79.3,66.6,55.5,6.6,42.0,35568.0,42000.0,23.0
state,29,India,Asia,891,24378,8.78,38.9,55.7,47.1,6.7,87.8,3.8,18.0,75.9,78.3,52.0,97.7,1.9,38.0,98378.0,107184.0,12.0
state,29,China,Asia,723,16113,5.8,46.9,52.2,57.4,8.2,65.6,11.4,45.6,71.2,73.1,60.9,94.0,6.4,35.0,40000.0,69514.0,14.0
state,29,Philippines,Asia,569,11664,4.2,70.1,41.0,68.9,3.2,54.8,6.0,28.0,82.7,84.7,71.7,93.5,6.2,46.0,39980.0,46343.0,19.0
state,29,Vietnam,Asia,491,11333,4.08,75.5,22.3,53.7,6.7,27.2,28.4,68.8,81.1,83.0,83.3,91.3,12.6,50.0,30364.0,48582.0,29.0
state,29,Bosnia,Europe,323,8702,3.13,77.9,7.6,51.3,0.6,17.4,21.3,50.9,77.5,78.8,85.8,95.4,18.1,45.0,42874.0,54655.0,25.0
state,29,Germany,Europe,415,7901,2.84,62.2,17.6,61.9,2.7,29.0,15.6,7.3,71.6,72.2,76.9,93.0,6.1,62.0,33135.0,51469.0,43.0
state,29,South Korea,Asia,325,7296,2.63,67.7,23.6,55.7,5.3,60.6,5.4,33.9,66.8,68.4,75.5,94.5,8.4,48.0,42874.0,70000.0,34.0
state,29,Guatemala,Central America,228,6723,2.42,32.6,40.4,47.0,17.9,9.3,47.9,55.1,68.9,71.0,55.4,53.8,7.8,34.0,26531.0,33000.0,17.0
state,29,Honduras,Central America,150,6308,2.27,30.7,58.3,52.9,24.4,12.8,40.4,61.5,67.8,68.9,55.2,36.5,11.1,30.0,36000.0,54557.0,12.0
state,29,El Salvador,Central America,203,6278,2.26,34.0,41.7,47.8,10.9,5.2,51.0,65.9,75.9,77.5,59.0,59.4,13.3,40.0,30881.0,36028.0,18.0
state,30,U.S.-born,,54022,1091588,,0.0,0.2,49.2,21.3,35.2,5.2,0.5,74.1,76.9,73.1,91.6,21.3,40.0,37096.0,53592.0,38.0
state,30,All immigrants,,1158,25287,100.0,58.4,31.9,56.4,5.5,39.0,9.7,19.1,76.2,78.4,65.8,87.6,12.3,45.0,34757.0,48233.0,24.0
state,31,U.S.-born,,95089,1819730,,0.0,0.4,49.9,25.8,35.5,4.7,1.0,79.1,81.6,73.0,94.2,15.8,36.0,41200.0,57928.0,23.0
state,31,All immigrants,,4831,158977,100.0,42.2,44.5,47.9,10.2,25.6,36.6,50.9,74.3,77.0,56.9,73.9,14.6,39.0,37058.0,48582.0,17.0
state,31,Mexico,Mexico,1338,47802,30.07,35.5,24.7,46.3,6.6,7.3,53.2,60.9,76.0,77.8,65.4,62.7,10.1,43.0,37074.0,48233.0,24.0
state,31,Guatemala,Central America,304,13722,8.63,23.1,50.5,38.5,16.4,5.3,63.4,77.1,67.9,70.2,52.2,40.6,6.0,35.0,40600.0,43000.0,14.0
state,31,El Salvador,Central America,192,6860,4.32,24.3,41.8,50.1,11.3,10.5,57.6,72.0,78.1,81.1,59.3,65.8,9.5,37.0,36028.0,48233.0,18.0
state,31,India,Asia,247,6784,4.27,28.1,67.1,46.5,9.5,83.1,5.7,14.1,80.4,82.2,45.7,96.0,7.2,35.0,80388.0,100000.0,11.0
state,31,Cuba,Caribbean,170,6045,3.8,27.1,73.8,44.0,10.4,24.3,29.8,72.9,67.9,70.6,30.9,70.8,22.9,36.0,28000.0,40000.0,9.0
state,31,Vietnam,Asia,185,5441,3.42,77.4,41.8,54.4,7.1,18.8,24.0,66.0,83.1,83.1,84.5,98.7,18.3,45.0,39837.0,48233.0,17.0
state,32,U.S.-born,,119731,2574969,,0.0,0.7,49.1,26.0,29.1,7.4,2.1,68.9,74.4,61.4,91.1,21.8,35.0,40080.0,57928.0,28.0
state,32,All immigrants,,26492,609643,100.0,53.3,24.8,51.8,3.6,24.5,27.8,47.3,72.8,77.2,61.3,77.6,13.7,48.0,36436.0,46322.0,25.0
state,32,Mexico,Mexico,8403,215321,35.32,36.3,15.7,47.7,2.9,6.8,49.2,60.0,72.8,76.8,54.9,63.2,11.8,46.0,35000.0,42000.0,26.0
state,32,Philippines,Asia,4624,93403,15.32,77.7,24.2,58.5,2.6,42.5,6.7,29.8,78.0,81.1,72.9,92.6,12.4,54.0,37943.0,48582.0,26.0
state,32,Cuba,Caribbean,978,26547,4.35,42.4,57.5,46.7,5.0,18.1,25.0,71.2,68.9,78.4,38.9,78.1,32.2,43.0,30364.0,41175.0,12.0
state,32,El Salvador,Central America,1023,26152,4.29,39.8,31.2,49.8,6.5,6.6,47.2,63.5,78.6,82.5,52.6,67.2,13.4,44.0,33712.0,39528.0,23.0
state,32,China,Asia,1098,21728,3.56,54.6,38.1,59.3,3.5,36.4,18.9,64.1,66.1,71.4,83.4,88.5,12.9,51.0,36028.0,52000.0,19.0
state,32,Guatemala,Central America,586,14793,2.43,36.4,27.8,45.3,6.9,6.0,56.1,66.7,68.7,72.8,49.4,62.9,13.4,43.0,33262.0,39658.0,22.0
state,32,South Korea,Asia,636,13771,2.26,75.6,14.9,55.4,1.2,40.7,10.7,46.8,69.0,73.7,68.4,87.1,16.2,55.0,39623.0,61763.0,34.0
state,32,Vietnam,Asia,595,12548,2.06,81.0,22.6,58.3,3.1,30.1,23.0,58.0,75.5,78.8,77.4,92.6,17.1,51.0,37058.0,56616.0,32.0
state,32,Canada,Canada and other Northern America,656,11818,1.94,51.9,24.3,52.0,3.2,36.5,9.9,2.0,72.8,75.8,75.9,92.8,7.6,58.0,57928.0,75307.0,28.0
state,32,India,Asia,456,10515,1.72,51.5,42.8,47.1,3.9,71.8,8.9,22.1,77.9,80.1,66.6,95.9,9.7,42.0,78946.0,99593.0,17.0
state,32,Ethiopia,Africa,302,9503,1.56,66.8,40.5,45.3,4.5,25.2,10.6,48.7,71.7,81.0,45.5,79.0,18.7,41.0,36028.0,40000.0,16.0
state,32,Germany,Europe,372,6590,1.08,66.4,14.7,59.9,0.5,27.0,8.9,5.0,66.1,68.0,74.8,94.0,10.9,65.0,33227.0,60727.0,44.0
state,32,Honduras,Central America,196,5865,0.96,36.9,35.7,53.3,9.7,9.9,51.3,67.5,66.9,71.7,49.0,49.9,12.1,40.0,32940.0,38866.0,19.0
state,32,Thailand,Asia,313,5832,0.96,75.5,21.9,65.0,2.2,34.7,18.9,45.0,68.2,73.4,76.3,89.6,12.3,51.0,35222.0,50000.0,30.0
state,32,Colombia,South America,225,5758,0.94,59.2,39.3,54.3,7.9,25.9,10.4,53.2,74.9,79.3,56.6,83.2,10.8,46.0,35000.0,40000.0,23.0
state,32,Nicaragua,Central America,216,5737,0.94,39.2,36.0,56.2,4.7,13.3,35.5,57.3,75.1,79.0,51.6,64.9,16.8,43.0,32155.0,41175.0,21.0
state,32,Taiwan,Asia,313,5547,0.91,85.8,12.4,62.7,1.9,58.9,7.9,46.0,60.1,62.7,79.9,93.4,13.9,62.0,32940.0,72873.0,37.0
state,32,Japan,Asia,276,5199,0.85,48.7,16.7,71.5,3.3,37.8,7.8,37.1,69.4,71.6,66.6,94.9,8.1,55.0,34587.0,51469.0,29.0
state,32,Iran,Asia,253,5194,0.85,76.4,23.6,42.5,3.3,53.7,9.8,42.7,70.2,75.9,72.0,90.3,21.9,58.0,36550.0,60727.0,30.0
state,33,U.S.-born,,65527,1309042,,0.0,0.3,50.2,19.1,40.2,4.9,0.5,77.0,79.7,77.9,95.3,13.6,43.0,46459.0,68968.0,38.0
state,33,All immigrants,,3566,85827,100.0,61.1,34.0,49.0,5.2,46.7,13.3,27.6,78.3,81.5,62.8,87.7,9.4,46.0,48594.0,69000.0,22.0
state,33,Canada,Canada and other Northern America,439,7876,9.18,64.2,8.9,53.4,0.3,27.2,25.9,15.8,73.8,79.0,83.8,99.2,6.2,63.0,42874.0,85018.0,50.0
state,33,India,Asia,252,7313,8.52,38.3,55.6,35.2,9.1,93.4,0.4,18.2,82.3,84.4,51.3,93.2,2.5,36.0,107184.0,125000.0,14.0
state,33,Dominican Republic,Caribbean,152,5938,6.92,49.8,53.5,40.4,14.1,16.9,31.6,61.1,72.8,80.7,37.8,59.5,13.1,36.0,39116.0,42874.0,13.0
state,34,U.S.-born,,349799,7116683,,0.0,1.0,50.7,26.7,44.4,5.5,2.6,71.7,76.7,71.6,96.0,19.2,36.0,50000.0,77203.0,29.0
state,34,All immigrants,,95141,2227126,100.0,56.6,33.0,51.1,6.2,41.8,17.9,43.6,76.0,80.8,53.7,81.4,16.1,46.0,43088.0,66910.0,23.0
state,34,India,Asia,13783,279408,12.55,51.0,43.7,47.9,6.6,81.8,6.7,22.3,79.7,82.7,65.4,95.9,7.2,43.0,98246.0,123525.0,17.0
state,34,Dominican Republic,Caribbean,7225,210288,9.44,52.9,42.0,54.5,9.8,15.9,30.0,66.1,70.3,78.4,33.5,77.3,34.3,43.0,30012.0,42874.0,18.0
state,34,Mexico,Mexico,3814,108737,4.88,21.1,23.9,44.1,3.6,10.0,49.0,71.0,75.6,80.3,27.4,42.8,11.3,41.0,31578.0,40000.0,22.0
state,34,Ecuador,South America,3506,103728,4.66,47.0,33.5,48.3,6.2,18.2,27.6,67.0,77.5,83.1,42.5,61.9,18.5,45.0,33549.0,42874.0,22.0
state,34,Colombia,South America,3804,99799,4.48,56.5,35.9,53.7,6.8,25.4,16.0,59.9,76.0,80.3,44.7,75.5,17.3,47.0,34942.0,48582.0,22.0
state,34,Philippines,Asia,4623,87317,3.92,78.4,20.0,57.8,2.4,67.2,3.7,25.8,83.0,85.9,72.6,94.9,10.4,54.0,54453.0,85000.0,27.0
state,34,China,Asia,4691,84467,3.79,49.8,40.8,54.1,3.4,73.2,8.4,44.9,73.6,77.0,70.7,94.2,9.9,46.0,78137.0,117903.0,19.0
state,34,South Korea,Asia,3512,69168,3.11,67.9,17.6,54.7,3.8,67.1,5.4,54.9,76.1,80.2,60.2,92.8,14.2,51.0,52136.0,85747.0,29.0
state,34,Peru,South America,2529,65305,2.93,59.4,23.8,49.4,4.7,22.0,12.3,62.4,78.1,83.8,47.0,76.1,19.8,51.0,35222.0,51448.0,24.0
state,34,Guatemala,Central America,1770,56310,2.53,21.9,48.8,41.8,12.7,7.4,54.9,75.8,75.7,80.5,26.6,40.7,13.2,35.0,30364.0,36979.0,15.0
state,34,Brazil,South America,2134,55195,2.48,33.7,50.5,54.5,10.5,30.2,14.7,53.8,75.1,80.1,32.8,55.5,10.3,40.0,37881.0,53592.0,14.0
state,34,Jamaica,Caribbean,1745,53610,2.41,71.7,25.3,55.6,5.8,29.5,11.5,2.3,78.0,84.5,56.3,87.6,15.8,48.0,50000.0,64311.0,26.0
state,34,El Salvador,Central America,1739,50608,2.27,31.7,34.4,48.6,7.3,8.0,50.5,72.0,76.0,80.0,33.3,56.6,16.0,42.0,30500.0,40000.0,20.0
state,34,Haiti,Caribbean,1522,48994,2.2,61.8,38.4,54.4,5.6,21.7,17.0,46.8,75.6,83.3,46.6,83.7,23.2,46.0,40455.0,51448.0,20.0
state,34,Poland,Europe,2262,45832,2.06,77.6,10.7,53.9,0.7,36.6,10.1,44.5,78.6,81.9,79.1,89.1,10.8,53.0,52306.0,77203.0,30.0
state,34,Cuba,Caribbean,1759,44029,1.98,76.8,18.8,51.7,2.0,30.9,21.0,50.3,73.7,78.2,53.9,91.3,24.3,60.0,34129.0,60023.0,41.0
state,34,Honduras,Central America,1160,40267,1.81,27.1,47.1,49.2,12.8,12.4,42.6,67.6,75.8,80.1,24.9,47.6,14.4,38.0,32155.0,41708.0,17.0
state,34,Egypt/united Arab Rep,Africa,1431,33429,1.5,74.1,39.6,43.2,8.8,65.4,5.8,34.1,69.1,74.7,53.1,91.5,36.5,47.0,42509.0,72873.0,19.0
state,34,Italy,Europe,1657,31067,1.39,82.4,7.0,49.3,1.5,22.2,31.4,36.6,78.0,80.6,80.3,97.9,11.0,69.0,37778.0,75029.0,54.0
state,34,Portugal,Europe,1304,27376,1.23,71.3,7.0,48.1,1.4,15.2,44.5,52.8,70.1,74.4,75.6,90.4,10.3,58.0,50768.0,77203.0,38.0
state,34,Pakistan,Asia,1382,27359,1.23,72.6,38.2,47.3,5.6,58.1,13.1,34.5,67.2,72.4,62.5,90.8,25.7,43.0,48196.0,85018.0,20.0
state,34,Nigeria,Africa,911,27287,1.23,53.5,56.9,50.2,12.8,57.8,6.5,9.8,76.6,83.3,43.0,84.5,19.9,42.0,50000.0,64311.0,12.0
state,34,Guyana/british Guiana,South America,949,25733,1.16,80.4,21.0,52.9,2.5,23.9,12.8,3.6,75.4,81.7,67.6,92.1,19.2,52.0,42205.0,57928.0,26.0
state,34,Ukraine,Europe,1133,24497,1.1,73.2,26.7,53.9,6.6,68.6,4.0,43.1,76.9,82.2,70.4,91.9,16.9,48.0,57934.0,102938.0,26.0
state,34,Other Ussr/russia,Europe,921,19936,0.9,78.8,25.8,56.1,4.1,76.1,2.1,32.3,77.4,82.7,64.8,92.4,15.3,46.0,58000.0,102938.0,25.0
state,34,Turkey,Asia,803,18157,0.82,59.4,37.3,43.2,5.9,48.7,12.8,44.2,68.8,73.9,53.2,82.6,22.1,44.0,49305.0,85747.0,21.0
state,34,Vietnam,Asia,956,17906,0.8,77.2,23.1,56.8,3.6,34.3,29.1,64.1,76.0,81.6,76.7,88.6,21.7,51.0,36028.0,65000.0,30.0
state,34,Canada,Canada and other Northern America,1004,17625,0.79,54.0,37.5,51.3,9.8,68.0,3.8,3.9,72.8,76.1,74.3,96.7,7.1,44.0,81100.0,140000.0,21.0
state,34,Ghana,Africa,612,17558,0.79,65.2,38.4,51.7,4.9,38.3,8.5,14.8,77.7,84.2,46.6,87.4,16.5,43.0,48233.0,61763.0,19.0
state,34,Venezuela,South America,659,17516,0.79,36.1,61.5,51.5,9.7,50.3,8.3,56.1,72.5,78.0,38.7,71.8,14.6,40.0,36000.0,50000.0,8.0
state,34,Costa Rica,Central America,587,16748,0.75,42.2,28.3,44.2,5.2,16.9,30.9,60.3,80.9,83.9,36.4,64.0,13.7,44.0,38586.0,51448.0,23.0
state,34,Bangladesh,Asia,798,15907,0.71,69.7,43.1,49.7,9.7,46.9,17.7,52.3,69.9,73.7,57.3,90.3,38.2,42.0,38087.0,66910.0,17.0
state,34,Trinidad and Tobago,Caribbean,598,15564,0.7,76.0,13.9,61.1,3.2,32.7,10.5,2.0,79.9,84.5,55.8,90.7,15.7,53.0,49410.0,62167.0,28.0
state,34,Taiwan,Asia,936,15545,0.7,83.4,13.7,54.8,0.5,82.5,3.0,45.8,75.0,78.7,87.4,97.8,4.9,58.0,77173.0,125000.0,36.0
state,34,Germany,Europe,917,15108,0.68,74.5,13.6,61.7,2.2,42.0,11.5,11.2,79.3,85.7,79.7,98.5,9.0,71.0,46322.0,91107.0,56.0
state,34,Hong Kong,Asia,679,11454,0.51,83.0,18.9,52.3,5.4,66.9,10.3,33.9,75.1,78.0,87.9,97.1,6.6,55.0,74148.0,130000.0,36.0
state,34,United Kingdom (not specified),Europe,676,11418,0.51,45.3,39.8,44.6,12.4,66.5,4.0,2.6,77.1,82.2,69.9,96.9,5.5,48.0,92685.0,139028.0,20.0
state,34,Japan,Asia,582,11116,0.5,25.6,43.7,61.0,14.5,64.6,4.3,44.3,66.0,67.9,48.8,98.5,5.9,47.0,69991.0,116000.0,20.0
state,34,Argentina,South America,494,10776,0.48,60.3,20.1,52.8,3.8,32.3,15.1,35.3,78.6,81.4,61.0,85.3,12.0,50.0,45303.0,60000.0,25.0
state,34,England,Europe,633,10605,0.48,66.0,20.3,46.5,4.0,53.0,3.8,0.7,80.5,84.4,83.5,98.7,7.2,55.0,72000.0,102938.0,32.0
state,34,Spain,Europe,406,10120,0.45,58.1,31.0,45.7,14.1,31.1,21.2,42.6,79.8,81.1,66.1,92.0,10.2,54.0,48587.0,78946.0,35.0
state,34,Israel/palestine,Asia,536,9614,0.43,64.1,37.4,46.8,14.5,57.8,6.1,18.1,81.8,85.7,74.2,96.1,9.6,46.0,80388.0,107184.0,21.0
state,34,Ireland,Europe,425,8604,0.39,70.2,18.7,43.9,5.3,33.6,12.6,3.5,78.0,86.8,81.6,95.2,11.1,57.0,60023.0,139340.0,36.0
state,34,Liberia,Africa,259,8374,0.38,64.5,38.1,54.5,6.9,26.3,9.4,8.7,78.2,84.4,59.7,90.9,17.9,44.0,40550.0,48582.0,18.0
state,34,Greece,Europe,405,7637,0.34,84.3,7.0,45.7,1.2,28.8,26.2,37.7,70.1,77.2,77.5,96.3,16.5,65.0,37651.0,85747.0,48.0
state,34,Uruguay,South America,282,7621,0.34,53.4,10.9,47.9,2.3,16.4,24.4,56.1,80.9,84.6,46.0,71.3,12.8,49.0,41245.0,62792.0,24.0
state,34,Chile,South America,283,6910,0.31,54.4,22.0,51.7,9.1,18.5,9.5,52.8,76.0,81.4,49.3,78.3,17.3,54.0,34757.0,48582.0,30.0
state,34,Syria,Asia,296,6687,0.3,71.6,32.5,48.3,9.2,34.7,13.2,34.4,68.8,71.5,50.8,89.5,26.6,53.0,38600.0,80000.0,28.0
state,34,Kenya,Africa,243,6618,0.3,63.0,36.2,49.5,10.6,56.3,4.2,11.3,85.6,87.2,38.0,92.6,6.8,44.0,65586.0,82589.0,20.0
state,34,Albania,Europe,287,6474,0.29,66.9,42.1,50.8,6.3,44.1,5.2,38.0,77.6,81.8,58.1,75.8,12.5,39.0,41175.0,60000.0,20.0
state,34,"Africa, Ns/nec",Africa,191,6460,0.29,53.6,41.3,48.4,7.3,37.1,8.8,23.3,77.2,84.5,35.6,77.3,15.7,44.0,38586.0,57928.0,19.0
state,34,Nicaragua,Central America,254,6359,0.29,51.0,26.3,56.7,6.2,20.6,29.6,66.7,72.9,74.0,41.0,77.1,20.7,47.0,35222.0,48233.0,26.0
state,34,Romania,Europe,339,6346,0.28,86.3,18.6,53.1,0.2,72.2,5.0,17.4,85.4,90.8,77.3,96.0,4.7,51.0,63000.0,102938.0,28.0
state,34,France,Europe,335,6238,0.28,44.4,44.9,55.5,9.5,70.6,3.0,12.0,76.3,79.7,66.5,99.3,8.3,47.0,100000.0,115857.0,16.0
state,34,Morocco,Africa,260,5980,0.27,61.8,41.1,55.2,3.4,34.5,21.2,53.3,73.5,79.0,35.9,82.0,31.5,42.0,36436.0,60000.0,17.0
state,34,"Asia, Nec/ns",Asia,256,5730,0.26,73.2,28.7,45.1,4.6,37.6,21.3,38.4,71.6,74.7,66.0,92.1,21.8,49.0,42509.0,72057.0,31.0
state,34,Iran,Asia,264,5141,0.23,75.6,30.1,42.6,0.2,82.1,2.3,30.1,80.1,85.0,74.7,96.9,8.5,58.0,87497.0,128000.0,34.0
state,35,U.S.-born,,89560,1923233,,0.0,0.3,50.2,23.5,32.1,8.8,4.5,65.7,70.2,73.2,92.3,34.9,38.0,34500.0,53592.0,34.0
state,35,All immigrants,,7566,197013,100.0,43.7,25.7,51.2,4.7,23.2,37.0,48.7,69.6,73.2,69.3,72.5,23.6,47.0,29646.0,46153.0,25.0
state,35,Mexico,Mexico,4473,126568,64.24,37.8,18.7,50.9,3.0,9.2,49.9,61.4,68.2,71.8,71.9,64.1,27.3,48.0,25734.0,40000.0,26.0
state,35,Philippines,Asia,335,6950,3.53,53.7,57.0,62.9,10.7,60.2,7.7,24.1,69.9,74.4,52.1,92.3,11.5,41.0,51011.0,69514.0,9.0
state,36,U.S.-born,,792801,15319089,,0.0,0.9,50.8,25.1,42.6,7.5,3.6,68.8,73.6,62.2,96.4,27.0,35.0,45532.0,72057.0,30.0
state,36,All immigrants,,191673,4533277,100.0,59.7,29.1,52.4,4.9,34.3,23.0,45.2,72.4,77.4,45.1,90.1,33.2,49.0,37514.0,61000.0,24.0
state,36,Dominican Republic,Caribbean,14822,492198,10.86,58.0,32.1,56.5,7.2,16.3,36.8,67.4,66.0,73.1,18.5,92.9,55.5,49.0,25506.0,47000.0,24.0
state,36,China,Asia,21987,414597,9.15,54.7,31.2,54.7,3.2,31.1,36.3,72.2,71.7,76.0,58.1,93.0,41.9,50.0,28823.0,60000.0,22.0
state,36,Jamaica,Caribbean,8752,229554,5.06,72.2,24.3,58.4,4.3,25.8,15.6,2.0,76.0,81.6,51.9,93.2,26.6,52.0,43234.0,59149.0,28.0
state,36,Mexico,Mexico,6880,210585,4.65,22.9,24.7,41.8,2.9,10.9,46.2,72.4,73.6,78.3,17.5,61.6,31.5,42.0,33367.0,41600.0,23.0
state,36,Ecuador,South America,6362,193526,4.27,42.0,30.8,46.1,6.4,13.7,34.9,70.4,74.2,79.2,31.4,75.3,35.6,44.0,34757.0,47367.0,23.0
state,36,Guyana/british Guiana,South America,7420,166158,3.67,78.6,21.8,54.9,4.0,21.9,22.7,3.8,72.7,77.7,64.5,93.4,28.6,54.0,38928.0,58951.0,28.0
state,36,India,Asia,7969,152108,3.36,59.8,34.2,47.9,3.7,66.9,11.1,29.5,77.3,80.7,63.5,95.7,17.4,47.0,64311.0,94703.0,22.0
state,36,Bangladesh,Asia,6317,129875,2.86,64.3,45.8,49.8,9.1,36.1,23.4,60.1,62.9,68.0,44.0,95.1,57.6,43.0,33000.0,51020.0,16.0
state,36,Haiti,Caribbean,5026,129769,2.86,69.7,25.5,54.1,4.7,26.1,18.2,42.5,75.1,80.5,50.4,93.7,30.8,53.0,40146.0,58675.0,28.0
state,36,El Salvador,Central America,3874,116462,2.57,37.0,26.7,47.7,6.4,9.9,47.0,70.8,74.8,79.1,49.0,76.6,31.0,44.0,35916.0,46343.0,23.0
state,36,Colombia,South America,4442,115204,2.54,60.1,26.5,55.9,4.9,28.0,19.7,58.1,73.3,78.6,41.2,88.5,31.9,51.0,35000.0,54000.0,26.0
state,36,Philippines,Asia,5085,90944,2.01,73.5,26.0,61.1,3.6,66.4,6.2,24.1,78.8,82.2,58.3,95.1,18.1,52.0,53440.0,80160.0,24.0
state,36,Trinidad and Tobago,Caribbean,3681,87777,1.94,74.1,10.7,59.6,1.2,25.2,13.3,1.5,73.5,79.5,50.9,92.1,25.6,55.0,42874.0,63822.0,32.0
state,36,South Korea,Asia,4430,82657,1.82,64.7,19.6,56.7,2.6,59.6,7.0,51.2,72.7,76.4,49.6,91.5,24.5,49.0,45184.0,80388.0,29.0
state,36,Ukraine,Europe,3637,81585,1.8,75.4,24.1,55.3,4.1,57.8,5.6,58.8,76.9,81.3,42.1,94.0,37.7,54.0,40000.0,78000.0,27.0
state,36,Italy,Europe,4071,76703,1.69,75.6,11.6,48.8,1.3,26.4,31.9,36.1,75.0,78.3,78.3,97.5,14.6,69.0,36436.0,92644.0,53.0
state,36,Other Ussr/russia,Europe,3061,72250,1.59,74.8,26.7,58.1,4.5,66.3,4.3,49.1,73.1,77.1,43.2,95.2,37.3,50.0,41175.0,85747.0,26.0
state,36,Guatemala,Central America,2290,68499,1.51,27.3,43.5,40.4,8.4,8.5,51.0,74.5,74.2,78.2,26.7,64.1,29.2,37.0,31083.0,42000.0,17.0
state,36,Pakistan,Asia,3042,63524,1.4,70.1,35.8,47.4,7.7,44.4,19.2,44.9,63.2,66.5,51.2,94.2,43.6,45.0,38000.0,65000.0,20.0
state,36,Poland,Europe,2784,60854,1.34,72.9,12.0,55.7,1.5,38.8,10.1,45.0,77.5,80.3,59.3,93.0,16.3,54.0,52136.0,75000.0,30.0
state,36,Canada,Canada and other Northern America,3057,59384,1.31,47.7,32.6,53.2,2.9,65.1,4.4,3.8,77.7,81.5,60.6,95.9,12.2,47.0,67197.0,112953.0,24.0
state,36,Peru,South America,2079,55740,1.23,62.5,19.8,52.1,3.5,25.9,15.7,59.5,74.0,79.9,49.9,87.4,26.3,53.0,36700.0,55736.0,26.0
state,36,Honduras,Central America,1941,55713,1.23,35.5,38.5,53.7,10.7,12.0,40.6,66.9,67.5,73.7,32.6,79.5,39.6,40.0,30000.0,46343.0,20.0
state,36,Hong Kong,Asia,2535,41451,0.91,82.3,11.7,53.4,1.9,47.2,19.8,49.4,74.8,77.6,74.9,95.7,20.5,57.0,57928.0,92644.0,35.0
state,36,Ghana,Africa,1206,40332,0.89,63.5,43.6,46.7,7.7,30.1,11.4,24.5,76.6,81.7,21.6,92.2,38.3,44.0,40660.0,60727.0,16.0
state,36,Germany,Europe,2164,37456,0.83,63.8,20.6,53.3,1.9,51.6,9.3,7.9,78.2,79.6,69.0,97.4,11.6,65.0,53440.0,115857.0,42.0
state,36,Nigeria,Africa,1435,35687,0.79,68.6,36.9,48.2,6.6,59.8,5.7,15.1,79.7,84.0,48.1,94.8,24.4,46.0,54000.0,72873.0,20.0
state,36,Uzbekistan,Europe,1298,32463,0.72,53.9,45.0,49.0,11.4,49.2,9.0,61.2,70.9,75.6,24.3,91.1,50.6,40.0,41708.0,61763.0,16.0
state,36,Brazil,South America,1400,31730,0.7,46.3,44.5,58.1,5.6,54.1,8.9,31.3,73.9,79.3,43.0,86.4,18.6,42.0,51127.0,80000.0,18.0
state,36,United Kingdom (not specified),Europe,1504,31323,0.69,46.5,41.6,41.7,5.1,74.3,2.8,4.5,79.6,84.1,52.5,96.5,9.8,46.0,98820.0,144821.0,18.0
state,36,Israel/palestine,Asia,1254,29996,0.66,72.0,24.7,42.5,4.8,49.0,10.2,23.2,72.2,76.7,54.6,96.2,31.1,49.0,60727.0,103969.0,30.0
state,36,Taiwan,Asia,1697,29792,0.66,76.2,18.8,61.0,0.7,68.2,7.6,51.0,76.4,79.6,74.7,96.1,16.4,54.0,57851.0,100879.0,33.0
state,36,Albania,Europe,1147,29656,0.65,59.9,44.0,50.4,5.9,40.2,14.4,44.4,74.1,81.3,41.1,94.1,30.0,42.0,46343.0,66910.0,17.0
state,36,Japan,Asia,1454,28624,0.63,24.9,42.0,59.8,7.0,67.6,3.3,50.5,69.7,73.0,35.3,94.0,8.6,46.0,65366.0,92685.0,19.0
state,36,Greece,Europe,1388,28003,0.62,79.2,14.4,47.9,0.8,29.7,29.4,40.7,67.2,72.0,68.2,96.2,18.9,66.0,34007.0,92644.0,49.0
state,36,Egypt/united Arab Rep,Africa,1085,25869,0.57,71.2,34.0,42.2,9.1,59.3,5.8,38.6,68.6,72.7,45.3,96.0,37.5,48.0,40000.0,70000.0,23.0
state,36,France,Europe,1143,25756,0.57,41.3,53.4,49.4,4.9,76.3,5.0,14.0,77.5,81.7,39.5,97.5,9.5,41.0,90035.0,151000.0,14.0
state,36,Ireland,Europe,1235,25285,0.56,70.8,18.6,49.9,2.2,34.1,13.2,3.1,81.6,86.8,67.1,94.7,11.7,57.0,57645.0,94322.0,36.0
state,36,England,Europe,1267,24173,0.53,62.1,22.4,49.2,2.7,51.4,5.8,1.5,78.2,82.2,63.6,96.5,13.3,56.0,69229.0,112543.0,34.0
state,36,Venezuela,South America,1063,23663,0.52,37.1,58.7,51.5,8.8,44.3,10.3,51.2,71.7,78.7,34.2,87.2,39.4,37.0,38600.0,55736.0,10.0
state,36,Vietnam,Asia,1376,23504,0.52,76.9,19.0,52.0,3.0,33.6,33.8,60.3,70.8,76.9,67.8,94.2,31.2,52.0,32155.0,61095.0,30.0
state,36,Barbados,Caribbean,928,22584,0.5,84.4,5.9,63.4,0.4,24.6,15.7,1.1,74.6,78.0,55.0,96.7,23.7,62.0,37074.0,61763.0,40.0
state,36,Turkey,Asia,948,22333,0.49,57.6,34.5,44.5,2.6,55.9,11.5,37.0,66.9,71.5,42.2,89.5,24.9,47.0,48582.0,84575.0,23.0
state,36,Cuba,Caribbean,926,22078,0.49,69.6,19.2,51.9,1.1,31.0,21.4,47.4,66.7,69.7,50.0,92.5,30.5,63.0,34406.0,60245.0,44.0
state,36,Argentina,South America,811,19953,0.44,60.0,23.9,44.6,4.0,44.6,13.4,33.7,74.2,78.9,50.5,89.9,18.4,50.0,44984.0,82350.0,28.0
state,36,Grenada,Caribbean,731,19841,0.44,75.9,13.6,66.1,2.5,26.5,17.4,0.8,75.5,81.7,41.6,92.2,26.6,57.0,37514.0,61095.0,34.0
state,36,Byelorussia,Europe,803,18055,0.4,80.1,23.3,54.5,6.5,59.8,5.5,56.1,80.9,84.3,45.6,96.0,41.3,50.0,45017.0,75000.0,25.0
state,36,Romania,Europe,768,17467,0.39,82.3,15.3,56.7,1.4,63.7,6.1,24.2,77.4,81.6,51.5,95.8,15.6,54.0,62600.0,104271.0,30.0
state,36,"Ussr, Ns",Europe,711,17162,0.38,88.5,10.5,50.5,0.2,65.2,4.6,61.8,75.3,80.4,47.9,96.7,36.9,61.0,49410.0,81321.0,31.0
state,36,Iran,Asia,830,17148,0.38,80.9,22.4,50.4,0.1,66.1,6.3,27.2,80.5,83.8,65.1,98.5,16.1,53.0,75307.0,107184.0,32.0
state,36,Nepal,Asia,820,17125,0.38,35.6,67.9,48.5,9.0,38.6,23.8,50.8,69.2,74.4,29.5,90.4,47.1,35.0,40080.0,52000.0,11.0
state,36,Panama,Central America,678,16167,0.36,79.4,9.4,59.3,1.8,25.8,15.0,25.7,63.7,68.8,41.7,95.6,28.4,63.0,34299.0,68968.0,40.0
state,36,Burma (myanmar),Asia,824,16037,0.35,66.3,38.5,49.4,4.2,34.8,38.9,69.6,75.7,77.7,61.0,94.9,51.6,45.0,32100.0,46343.0,16.0
state,36,Yemen Arab Republic (north),Asia,549,15722,0.35,67.8,45.6,51.4,20.5,13.4,44.0,56.3,53.1,57.3,32.2,93.4,62.3,34.0,30000.0,46322.0,15.0
state,36,Spain,Europe,667,15470,0.34,38.4,51.7,49.1,10.2,57.5,10.0,31.0,67.8,73.3,39.9,94.9,15.5,42.0,53592.0,100795.0,14.0
state,36,"Africa, Ns/nec",Africa,459,14797,0.33,56.9,34.0,47.8,4.5,24.2,18.4,34.2,66.1,73.1,17.1,84.1,46.7,46.0,34757.0,45000.0,20.0
state,36,Republic of Georgia,Europe,536,13454,0.3,47.0,54.0,51.1,7.3,58.4,4.4,61.5,73.6,81.9,31.4,87.9,45.7,46.0,40000.0,50000.0,13.0
state,36,Chile,South America,448,12967,0.29,59.7,25.9,47.1,5.4,34.5,12.7,45.4,65.4,74.8,43.4,91.6,25.9,52.0,41175.0,72057.0,31.0
state,36,Australia,Oceania,528,12901,0.28,25.0,66.1,49.0,3.4,81.2,1.9,5.6,82.7,85.6,40.0,97.4,5.4,37.0,113540.0,154407.0,10.0
state,36,St. Lucia,Caribbean,400,12815,0.28,60.4,28.1,59.0,4.5,22.3,23.4,6.5,67.7,81.0,32.1,84.5,31.5,49.0,36436.0,58951.0,23.0
state,36,"Asia, Nec/ns",Asia,564,12094,0.27,63.7,35.4,48.0,6.9,44.2,12.9,43.7,67.4,70.2,42.2,94.2,41.4,46.0,37514.0,85747.0,22.0
state,36,Thailand,Asia,645,11963,0.26,55.5,41.7,61.6,15.7,51.9,14.2,51.6,65.9,69.9,52.2,90.9,38.0,38.0,30881.0,53528.0,16.0
state,36,Malaysia,Asia,594,11371,0.25,55.6,21.5,54.7,6.3,27.0,23.5,53.7,77.2,80.9,61.4,90.3,29.9,50.0,32425.0,57928.0,26.0
state,36,Morocco,Africa,434,10944,0.24,70.9,26.1,46.5,2.4,39.9,13.1,40.3,66.4,73.9,28.9,94.1,35.8,48.0,39400.0,77731.0,23.0
state,36,Portugal,Europe,471,10332,0.23,68.5,14.6,49.4,1.7,30.0,36.7,35.8,73.5,76.2,64.4,94.7,9.9,57.0,51469.0,83604.0,38.0
state,36,"Western Africa, Ns",Africa,277,10208,0.23,51.5,44.4,44.7,4.0,33.8,27.0,48.5,72.9,83.6,5.5,83.4,55.3,42.0,25488.0,40000.0,17.0
state,36,Nicaragua,Central America,366,10084,0.22,56.2,29.0,51.3,4.7,24.1,34.0,53.8,72.6,84.5,29.2,84.1,33.0,45.0,32117.0,56616.0,26.0
state,36,Afghanistan,Asia,428,9631,0.21,53.9,55.1,42.9,20.6,24.8,40.2,54.2,61.4,67.3,43.3,95.9,62.8,37.0,30364.0,57084.0,12.0
state,36,Bosnia,Europe,365,8764,0.19,78.6,9.1,46.9,0.2,26.5,18.0,42.0,66.9,69.7,71.2,96.1,29.7,48.0,42509.0,61763.0,26.0
state,36,South Africa (union Of),Africa,407,8734,0.19,51.1,42.4,48.2,5.1,61.1,6.3,8.4,76.4,81.1,45.7,90.8,12.2,45.0,80646.0,128621.0,18.0
state,36,Senegal,Africa,235,8591,0.19,50.4,37.2,31.4,6.4,18.7,23.9,43.3,61.7,70.9,13.8,80.6,36.9,43.0,32155.0,45017.0,19.0
state,36,Syria,Asia,342,8246,0.18,71.4,35.3,44.8,9.5,29.0,30.8,47.1,59.2,63.0,55.6,94.4,48.9,48.0,37514.0,70000.0,24.0
state,36,Lebanon,Asia,373,8193,0.18,73.8,19.3,47.3,2.6,46.4,13.1,31.6,75.8,77.9,58.8,96.2,32.7,53.0,53000.0,90000.0,28.0
state,36,Hungary,Europe,433,8092,0.18,77.6,16.0,54.6,1.1,36.7,14.5,30.4,81.6,83.3,54.6,91.7,24.2,67.0,43440.0,82350.0,47.0
state,36,Dominica,Caribbean,268,8026,0.18,71.7,28.5,58.5,5.7,28.9,26.1,31.6,70.6,74.5,32.5,91.5,39.8,47.0,39594.0,55000.0,29.0
state,36,Costa Rica,Central America,303,7568,0.17,68.0,20.1,48.5,3.2,29.6,15.0,30.1,64.2,71.0,48.5,95.9,26.4,54.0,35000.0,61763.0,30.0
state,36,Kazakhstan,Europe,334,7277,0.16,55.4,53.4,57.0,12.0,66.5,5.7,51.2,66.0,70.1,33.5,93.1,42.0,39.0,39546.0,68968.0,14.0
state,36,Belize/british Honduras,Central America,299,7009,0.15,77.2,12.0,61.8,1.4,24.0,18.9,7.0,63.1,71.3,46.0,95.9,31.4,58.0,31578.0,60727.0,36.0
state,36,Sri Lanka (ceylon),Asia,388,6944,0.15,59.9,40.0,48.9,6.7,42.7,12.1,35.5,76.6,79.4,65.4,97.1,29.2,46.0,46343.0,69670.0,17.0
state,36,Indonesia,Asia,354,6864,0.15,51.5,26.3,57.2,1.3,44.0,15.6,42.5,73.8,75.9,54.7,89.2,28.2,48.0,37074.0,64311.0,24.0
state,36,Croatia,Europe,340,6523,0.14,78.8,16.3,51.5,2.0,31.9,19.7,32.3,66.1,73.5,72.3,92.8,13.9,66.0,41175.0,84000.0,49.0
state,36,"Europe, Ns",Europe,296,6455,0.14,72.4,16.4,57.1,0.3,48.6,12.1,21.0,75.8,78.5,51.3,95.9,16.4,58.0,42000.0,80388.0,33.0
state,36,Azerbaijan,Europe,248,6222,0.14,72.9,27.2,58.8,3.9,56.3,10.7,61.4,79.6,82.0,30.5,95.7,49.5,54.0,35000.0,75145.0,26.0
state,36,Ethiopia,Africa,222,6059,0.13,60.9,47.0,57.0,16.8,44.8,7.5,36.3,74.4,77.0,32.1,96.4,33.7,39.0,52831.0,98000.0,16.0
state,36,Moldavia,Europe,294,5992,0.13,84.4,14.5,58.9,0.2,63.8,5.9,49.3,79.0,84.1,54.7,93.1,31.9,54.0,42874.0,72885.0,28.0
state,36,Ivory Coast,Africa,197,5928,0.13,52.1,48.8,57.4,7.7,24.2,28.3,43.1,73.8,81.5,12.0,88.2,53.0,41.0,30012.0,48582.0,15.0
state,36,Kenya,Africa,186,5776,0.13,39.5,55.6,56.6,14.5,68.5,4.9,13.2,82.6,84.8,27.0,94.2,38.3,30.0,36028.0,64311.0,12.0
state,36,Iraq,Asia,269,5667,0.13,79.1,59.8,47.0,13.9,39.3,18.1,43.5,62.4,66.4,42.7,95.1,57.5,39.0,23676.0,61763.0,11.0
state,36,Jordan,Asia,252,5644,0.12,64.5,38.7,45.1,7.8,39.9,18.0,39.6,66.6,71.8,48.0,91.6,40.2,45.0,37514.0,64311.0,22.0
state,36,Bolivia,South America,212,5501,0.12,65.8,16.7,57.3,3.6,33.7,13.6,46.7,77.0,80.1,48.7,94.6,26.6,55.0,45000.0,61404.0,30.0
state,36,Uruguay,South America,223,5460,0.12,61.1,15.2,44.4,3.3,29.4,18.1,39.0,78.2,78.7,48.3,93.0,20.4,53.0,60727.0,77173.0,28.0
state,36,Netherlands,Europe,302,5188,0.11,39.6,37.0,45.1,3.5,74.1,2.1,4.7,85.9,87.9,59.3,97.1,6.8,48.0,84587.0,136029.0,20.0
state,36,Bulgaria,Europe,280,5186,0.11,80.2,20.5,53.8,4.3,73.7,1.5,21.1,82.7,86.6,61.8,97.3,10.0,47.0,69670.0,87447.0,25.0
state,36,Serbia,Europe,219,5157,0.11,67.3,38.1,52.0,5.0,57.8,12.8,25.6,77.6,84.7,41.9,87.9,14.0,43.0,69514.0,99637.0,20.0
state,36,Belgium,Europe,234,5017,0.11,60.2,28.2,43.2,5.3,65.0,3.7,11.8,77.7,82.7,63.0,96.4,21.1,53.0,90000.0,139028.0,27.0
state,37,U.S.-born,,477267,9761379,,0.0,0.5,51.2,23.1,35.6,7.7,1.0,70.9,74.5,70.3,92.1,20.0,38.0,37653.0,55586.0,27.0
state,37,All immigrants,,38374,969025,100.0,42.8,37.2,49.9,8.2,36.5,26.0,43.7,74.3,77.5,59.8,69.8,9.5,42.0,38500.0,50000.0,20.0
state,37,Mexico,Mexico,7541,228441,23.57,20.2,22.7,44.2,5.3,6.9,54.0,66.8,73.8,76.5,54.3,38.4,7.0,42.0,32155.0,37514.0,23.0
state,37,India,Asia,3664,90815,9.37,40.4,53.0,47.6,8.9,87.9,3.8,18.3,78.2,81.0,67.7,96.9,3.8,40.0,104271.0,115000.0,14.0
state,37,Honduras,Central America,1578,52061,5.37,12.5,60.7,49.9,22.2,8.5,56.8,71.2,73.3,77.9,29.7,30.4,7.9,32.0,28823.0,36436.0,10.0
state,37,El Salvador,Central America,1217,39262,4.05,25.0,33.7,48.9,9.0,6.7,54.7,70.2,75.0,77.4,53.7,51.0,12.4,41.0,32940.0,37514.0,21.0
state,37,Guatemala,Central America,982,30756,3.17,15.8,52.4,49.1,17.8,7.3,58.4,70.7,65.6,69.2,29.6,28.2,5.4,33.0,26764.0,34757.0,12.0
state,37,China,Asia,1612,29935,3.09,49.8,42.7,57.2,6.5,68.6,11.2,42.6,71.3,74.0,73.8,92.6,8.3,41.0,51448.0,89000.0,18.0
state,37,Vietnam,Asia,1116,26160,2.7,70.9,28.3,49.4,6.3,24.0,32.6,60.9,79.5,81.1,78.8,88.6,14.0,48.0,34757.0,43302.0,23.0
state,37,Colombia,South America,991,25102,2.59,44.9,50.2,56.9,12.5,36.4,10.9,52.0,79.2,82.1,55.5,67.9,11.8,42.0,31578.0,42874.0,14.0
state,37,Philippines,Asia,1137,22430,2.31,65.0,38.3,66.6,6.1,58.9,5.6,21.8,75.4,79.8,74.6,92.4,8.2,45.0,37900.0,53592.0,19.0
state,37,Canada,Canada and other Northern America,1036,18201,1.88,58.7,21.4,54.7,4.3,58.8,2.5,1.9,77.9,80.6,78.2,95.7,3.9,52.0,67205.0,101825.0,26.0
state,37,Dominican Republic,Caribbean,564,17081,1.76,64.8,38.5,50.7,10.4,22.4,24.1,49.8,75.3,79.5,56.8,83.6,23.6,43.0,30881.0,42874.0,21.0
state,37,South Korea,Asia,846,16234,1.68,67.8,22.9,59.8,6.7,55.4,11.7,43.3,70.3,71.4,77.9,92.3,9.6,49.0,42767.0,60000.0,28.0
state,37,Germany,Europe,915,16224,1.67,57.0,23.7,62.8,4.1,36.6,6.5,8.3,64.7,69.0,73.4,95.5,7.2,57.0,39658.0,80000.0,34.0
state,37,Venezuela,South America,495,14130,1.46,27.8,64.5,52.1,13.0,50.3,10.2,55.9,79.4,85.9,47.3,79.0,8.6,41.0,34587.0,45000.0,9.0
state,37,Jamaica,Caribbean,522,13267,1.37,57.3,41.6,56.1,8.2,44.8,5.2,1.5,78.8,81.7,49.5,86.9,6.8,41.0,45000.0,52000.0,19.0
state,37,England,Europe,607,11286,1.16,52.2,22.2,49.0,3.4,44.4,4.5,4.1,81.1,84.0,77.0,94.0,5.1,54.0,49841.0,72057.0,32.0
state,37,Brazil,South America,417,11174,1.15,32.8,52.9,58.1,9.6,60.2,5.2,28.3,71.2,76.7,57.1,79.3,3.2,41.0,48582.0,61763.0,12.0
state,37,Cuba,Caribbean,430,10161,1.05,71.4,25.9,45.2,4.7,32.7,15.1,41.9,72.0,74.4,67.7,85.6,15.6,58.0,33441.0,51448.0,29.0
state,37,Other Ussr/russia,Europe,465,9413,0.97,70.3,37.2,56.5,8.7,73.4,3.5,28.8,70.0,72.7,68.5,88.3,11.5,36.0,43800.0,78946.0,19.0
state,37,Nigeria,Africa,273,9203,0.95,54.9,53.6,45.3,8.4,68.3,1.6,8.3,84.2,87.3,46.2,87.9,16.9,41.0,54000.0,66800.0,13.0
state,37,United Kingdom (not specified),Europe,486,8767,0.9,53.0,32.8,49.6,4.6,55.3,3.8,1.8,79.8,82.0,76.7,93.0,3.7,52.0,57928.0,95003.0,22.0
state,37,Haiti,Caribbean,279,8245,0.85,54.0,54.1,45.7,8.0,19.9,15.3,45.7,72.3,78.2,37.4,77.2,23.5,38.0,34757.0,42509.0,14.0
state,37,Ecuador,South America,316,8087,0.83,50.5,40.4,48.4,11.0,31.1,21.3,49.6,78.8,82.4,48.6,73.2,13.2,43.0,30364.0,53440.0,18.0
state,37,Peru,South America,318,7352,0.76,68.8,20.8,58.1,4.1,40.0,6.8,41.5,77.3,80.3,68.9,77.7,16.1,49.0,36666.0,53000.0,25.0
state,37,Ukraine,Europe,335,7137,0.74,64.3,43.4,57.6,9.8,65.8,2.4,42.9,75.8,78.3,64.9,82.2,14.9,36.0,41175.0,60727.0,18.0
state,37,Pakistan,Asia,296,7092,0.73,75.1,35.1,50.1,7.6,56.0,10.3,35.0,62.6,68.3,63.0,87.2,11.7,46.0,50000.0,80388.0,17.0
state,37,Thailand,Asia,295,6600,0.68,73.2,28.5,58.7,6.7,37.1,23.0,38.7,60.7,69.2,84.8,86.2,24.6,43.0,31500.0,41824.0,24.0
state,37,Nicaragua,Central America,230,6470,0.67,42.6,42.8,56.9,9.5,21.2,31.1,60.1,65.8,69.9,43.0,62.3,10.6,41.0,29428.0,37469.0,20.0
state,37,Japan,Asia,315,6012,0.62,29.4,46.3,60.7,6.9,53.4,6.5,44.3,66.0,66.4,59.4,97.5,2.1,50.0,49900.0,76101.0,21.0
state,37,Laos,Asia,263,5957,0.61,80.8,7.8,50.4,0.2,12.3,31.5,60.2,79.1,81.5,82.9,95.0,16.3,51.0,38586.0,51011.0,38.0
state,37,Ethiopia,Africa,177,5575,0.58,67.6,53.3,44.3,10.8,39.6,17.4,34.8,73.3,82.2,66.2,78.0,8.5,39.0,40080.0,50000.0,14.0
state,37,"Africa, Ns/nec",Africa,150,5349,0.55,60.1,46.5,45.3,7.9,36.4,12.7,24.9,70.3,72.4,55.0,81.0,11.5,40.0,37058.0,41708.0,16.0
state,37,Burma (myanmar),Asia,219,5302,0.55,60.1,58.1,45.5,7.8,17.4,46.7,69.0,71.6,74.1,78.6,69.5,25.8,37.0,34007.0,36436.0,13.0
state,37,Liberia,Africa,135,5209,0.54,67.1,23.9,53.3,3.3,42.0,3.4,6.3,80.9,88.0,48.1,85.6,8.0,41.0,34484.0,38586.0,23.0
state,37,Nepal,Asia,230,5062,0.52,44.2,58.7,45.5,6.1,65.0,9.8,33.7,76.9,79.5,64.2,87.4,8.3,36.0,49410.0,85018.0,12.0
state,38,U.S.-born,,39289,748801,,0.0,0.6,48.7,24.0,32.6,5.6,0.8,79.2,81.2,70.8,93.9,12.4,35.0,43116.0,58951.0,16.0
state,38,All immigrants,,1106,36040,100.0,42.2,56.8,49.8,12.7,37.1,15.0,29.7,78.9,81.7,33.8,84.6,12.5,36.0,39116.0,53485.0,12.0
state,39,U.S.-born,,563022,11201441,,0.0,0.4,50.7,22.8,30.6,7.6,0.9,72.4,76.1,71.8,94.0,21.8,39.0,38586.0,57928.0,25.0
state,39,All immigrants,,23914,608852,100.0,53.4,43.5,49.8,8.0,43.8,16.9,37.3,73.1,76.7,57.8,82.6,17.9,41.0,40000.0,58951.0,17.0
state,39,India,Asia,2477,66921,10.99,43.9,53.2,44.4,6.0,82.1,6.4,19.7,76.9,80.3,61.2,94.4,7.2,40.0,85018.0,106588.0,13.0
state,39,Mexico,Mexico,1591,46789,7.68,27.0,35.5,41.3,5.9,18.5,38.3,59.6,76.0,78.2,46.4,50.0,10.2,39.0,35000.0,46322.0,19.0
state,39,China,Asia,1564,32961,5.41,45.7,48.3,54.2,6.9,63.2,14.0,48.3,67.7,71.1,73.7,87.6,10.4,38.0,39959.0,75029.0,15.0
state,39,Philippines,Asia,859,19181,3.15,71.1,35.2,65.9,4.6,56.5,4.1,21.3,78.3,79.3,75.5,94.3,11.5,48.0,42200.0,51469.0,22.0
state,39,Canada,Canada and other Northern America,809,14833,2.44,52.4,25.4,57.1,6.5,52.1,3.6,1.1,77.2,80.9,81.3,95.1,5.4,51.0,62300.0,91091.0,28.0
state,39,Bhutan,Asia,405,14820,2.43,79.4,59.7,47.0,3.5,9.3,55.9,72.3,71.8,74.9,79.3,87.8,50.5,42.0,30000.0,38000.0,13.0
state,39,Ukraine,Europe,617,13984,2.3,59.2,41.8,50.4,12.6,42.4,8.9,59.3,74.0,78.2,65.1,84.3,39.8,42.0,34757.0,53592.0,19.0
state,39,Nepal,Asia,399,13676,2.25,51.4,79.3,50.7,19.5,32.6,25.9,43.1,66.4,69.6,59.5,83.6,46.5,26.0,30123.0,37514.0,11.0
state,39,Somalia,Africa,317,13358,2.19,80.6,32.8,54.3,3.8,11.1,33.3,42.3,66.1,70.9,9.4,77.4,58.8,37.0,23441.0,46322.0,19.0
state,39,Germany,Europe,730,13353,2.19,70.4,10.7,67.3,2.5,33.1,7.3,6.9,72.2,73.6,75.4,96.6,11.5,70.0,33764.0,65000.0,57.0
state,39,Vietnam,Asia,546,12043,1.98,68.6,34.8,52.5,3.3,27.0,24.5,60.1,79.9,81.4,81.7,89.2,13.9,48.0,32155.0,46343.0,22.0
state,39,Guatemala,Central America,388,12029,1.98,19.3,52.5,44.3,21.6,7.1,56.1,70.2,63.0,70.7,33.7,38.0,8.1,30.0,26796.0,38400.0,12.0
state,39,Ghana,Africa,362,10981,1.8,58.0,49.0,41.1,5.3,40.6,9.3,24.2,80.8,82.4,38.2,82.6,12.1,40.0,40550.0,51375.0,15.0
state,39,South Korea,Asia,483,10535,1.73,68.1,26.2,63.3,9.0,53.8,12.5,35.1,68.1,71.3,72.8,94.7,13.1,48.0,40000.0,69514.0,27.0
state,39,Nigeria,Africa,282,9016,1.48,50.5,59.5,46.2,9.0,66.9,4.8,10.7,79.4,83.2,48.7,78.2,11.8,41.0,48582.0,60000.0,11.0
state,39,El Salvador,Central America,244,8465,1.39,30.2,40.1,44.2,10.5,9.7,55.5,63.8,68.6,71.9,36.1,42.3,11.6,39.0,36436.0,51469.0,18.0
state,39,Honduras,Central America,243,8345,1.37,18.2,60.3,45.5,20.4,14.9,35.2,71.7,68.7,73.1,26.1,41.7,10.4,32.0,31405.0,33598.0,9.0
state,39,Japan,Asia,340,8085,1.33,20.5,59.5,56.0,14.9,56.0,4.2,48.6,72.7,72.7,34.9,96.0,2.7,41.0,60245.0,83000.0,7.0
state,39,Other Ussr/russia,Europe,370,8027,1.32,85.9,17.7,54.5,7.0,59.3,3.3,29.9,73.7,78.4,74.0,88.5,23.1,40.0,39400.0,63239.0,23.0
state,39,Dominican Republic,Caribbean,248,7947,1.31,45.0,58.8,56.9,14.9,23.5,30.1,63.4,75.8,79.5,38.2,73.5,28.7,37.0,30000.0,34900.0,11.0
state,39,Venezuela,South America,229,7215,1.19,24.4,76.8,50.1,15.6,44.7,7.5,58.7,73.0,78.8,28.0,79.9,20.2,32.0,29149.0,50000.0,5.0
state,39,Pakistan,Asia,256,7112,1.17,62.9,46.0,48.3,14.1,59.3,13.1,31.4,64.8,67.0,49.9,86.4,20.5,38.0,47161.0,66910.0,16.0
state,39,England,Europe,351,6534,1.07,56.1,19.8,48.2,1.7,43.1,5.0,0.5,72.9,75.8,82.1,97.8,6.7,58.0,48660.0,85018.0,34.0
state,39,Ethiopia,Africa,201,6368,1.05,67.7,52.8,43.9,13.2,28.0,15.9,49.9,72.4,73.8,45.8,78.9,27.1,38.0,32440.0,46732.0,13.0
state,39,Brazil,South America,252,6275,1.03,33.1,66.4,53.7,12.1,58.2,10.5,33.3,69.3,71.3,48.6,71.6,4.8,36.0,45000.0,77173.0,9.0
state,39,Italy,Europe,339,6239,1.02,78.6,11.8,49.6,2.2,20.9,23.0,22.1,62.0,73.5,75.1,97.4,12.3,70.0,33251.0,64880.0,57.0
state,39,Colombia,South America,231,6090,1.0,42.0,48.6,52.3,12.6,50.1,7.4,40.4,70.8,73.0,48.7,71.2,6.0,40.0,40550.0,63822.0,16.0
state,39,Kenya,Africa,180,5771,0.95,71.4,44.6,45.0,15.2,50.9,3.6,11.9,72.8,82.3,40.6,92.5,35.6,35.0,43724.0,63000.0,16.0
state,39,Romania,Europe,289,5748,0.94,86.1,15.0,50.1,0.2,47.0,9.9,24.9,82.8,84.1,74.1,91.0,11.4,52.0,46000.0,66800.0,26.0
state,39,"Africa, Ns/nec",Africa,106,5574,0.92,35.8,57.0,42.4,2.7,19.3,16.6,47.9,77.9,85.4,26.0,72.0,18.9,38.0,36443.0,42874.0,10.0
state,39,United Kingdom (not specified),Europe,261,5232,0.86,51.0,27.9,52.1,5.0,56.9,2.0,1.7,72.2,73.8,76.9,97.7,4.7,51.0,62215.0,99593.0,25.0
state,39,Jamaica,Caribbean,193,5146,0.85,66.3,35.9,45.3,6.1,36.9,12.8,1.9,82.3,87.1,52.6,91.3,8.6,45.0,38158.0,49305.0,19.0
state,40,U.S.-born,,184778,3773783,,0.0,0.3,50.3,25.1,28.8,8.5,1.0,68.1,72.0,68.9,88.1,22.0,36.0,35222.0,51469.0,31.0
state,40,All immigrants,,9088,254851,100.0,40.9,34.0,48.3,6.5,24.4,33.8,49.6,73.6,76.5,63.5,66.4,9.5,42.0,34757.0,44000.0,21.0
state,40,Mexico,Mexico,3762,105864,41.54,29.2,23.4,43.9,4.4,6.6,51.4,62.1,73.9,76.6,64.1,51.1,7.7,42.0,34007.0,40550.0,24.0
state,40,Vietnam,Asia,473,13987,5.49,71.2,32.0,51.1,4.2,30.1,27.8,66.4,79.5,81.1,84.8,91.1,17.0,50.0,36443.0,48233.0,27.0
state,40,Guatemala,Central America,346,12051,4.73,16.0,39.8,42.2,8.3,10.4,57.2,72.0,79.1,80.6,53.4,34.6,4.2,34.0,26796.0,36028.0,18.0
state,40,India,Asia,285,9284,3.64,62.8,30.2,51.0,8.6,67.1,9.6,24.7,79.0,80.3,74.7,91.1,5.5,42.0,63157.0,81460.0,19.0
state,40,China,Asia,296,7557,2.97,45.9,51.5,51.9,7.4,50.8,18.3,54.6,67.5,70.5,66.7,88.5,3.2,39.0,40000.0,72885.0,14.0
state,40,Philippines,Asia,291,7100,2.79,64.4,46.1,70.7,5.7,45.6,10.0,26.9,75.8,78.1,62.3,90.8,6.2,44.0,30881.0,44373.0,16.0
state,40,Honduras,Central America,186,6085,2.39,17.0,51.9,46.5,21.4,8.1,60.7,74.2,67.5,76.6,44.7,33.9,13.4,36.0,29149.0,32155.0,14.0
state,40,El Salvador,Central America,152,5364,2.1,22.2,47.4,46.0,8.8,4.2,48.5,61.8,86.6,89.2,59.7,44.2,9.1,35.0,29000.0,38586.0,16.0
state,40,Burma (myanmar),Asia,174,5094,2.0,60.1,61.6,46.4,8.5,10.6,48.3,66.7,75.0,76.3,75.4,88.4,30.4,36.0,37514.0,42874.0,13.0
state,41,U.S.-born,,192217,3832657,,0.0,0.3,50.1,21.5,37.3,5.6,1.2,71.3,75.6,67.6,95.0,24.4,39.0,41159.0,64000.0,33.0
state,41,All immigrants,,16988,421636,100.0,49.7,28.9,50.3,5.3,33.9,26.5,42.6,75.0,77.9,58.7,84.2,20.7,45.0,39200.0,54655.0,24.0
state,41,Mexico,Mexico,4539,144017,34.16,28.4,20.9,45.0,3.8,8.1,52.2,63.6,76.5,79.4,48.2,67.4,23.4,43.0,34757.0,41708.0,25.0
state,41,Vietnam,Asia,1008,20980,4.98,82.4,25.6,50.7,2.8,28.6,28.0,64.4,77.8,80.3,78.8,95.3,22.8,51.0,36000.0,57928.0,30.0
state,41,India,Asia,853,20652,4.9,42.1,49.0,48.0,8.7,86.9,2.5,13.6,80.6,82.8,64.8,99.0,4.9,38.0,115857.0,133980.0,15.0
state,41,China,Asia,962,20220,4.8,54.6,42.0,57.9,7.6,47.9,22.3,52.8,66.8,70.2,66.8,93.9,25.1,43.0,36436.0,78946.0,17.0
state,41,Canada,Canada and other Northern America,771,14706,3.49,53.2,13.8,61.6,1.1,46.8,5.8,1.0,74.4,76.5,77.7,96.9,10.2,59.0,47268.0,102897.0,36.0
state,41,Philippines,Asia,696,13954,3.31,77.6,25.5,67.9,2.0,45.9,6.2,16.8,77.4,80.5,69.2,95.8,13.0,49.0,45000.0,60000.0,28.0
state,41,South Korea,Asia,575,10548,2.5,68.1,20.6,55.8,5.5,56.3,4.2,36.6,69.9,72.8,64.5,92.0,12.7,47.0,41175.0,80000.0,30.0
state,41,Ukraine,Europe,412,10211,2.42,62.3,34.7,53.6,6.3,29.9,10.3,53.0,70.6,72.9,54.2,85.4,31.1,39.0,43794.0,56000.0,21.0
state,41,Guatemala,Central America,262,8161,1.94,34.5,44.5,44.8,13.9,12.5,53.0,63.5,69.0,71.6,34.2,66.2,24.8,36.0,31083.0,46343.0,17.0
state,41,Germany,Europe,449,7764,1.84,62.9,18.8,55.8,2.6,41.5,8.9,9.3,72.4,74.4,74.8,98.7,12.1,63.0,42874.0,75307.0,42.0
state,41,England,Europe,321,6988,1.66,66.5,9.7,45.7,0.3,44.9,3.0,0.6,81.3,82.2,75.9,96.5,7.5,62.0,42874.0,96466.0,38.0
state,41,Japan,Asia,301,6294,1.49,31.2,32.3,73.0,2.0,59.5,4.0,39.9,68.7,69.0,68.0,98.1,9.4,51.0,44026.0,75029.0,24.0
state,42,U.S.-born,,625476,12011125,,0.0,0.7,50.7,21.5,34.4,6.7,1.7,72.2,76.3,74.5,94.7,21.1,40.0,40146.0,61763.0,24.0
state,42,All immigrants,,34666,1007514,100.0,55.6,38.6,51.0,7.4,41.7,18.5,42.1,73.2,77.2,62.4,85.3,20.5,43.0,39015.0,58951.0,20.0
state,42,Dominican Republic,Caribbean,2596,103235,10.25,45.4,53.3,51.2,12.8,13.9,31.6,69.6,70.1,77.1,53.4,77.2,40.5,38.0,28964.0,39658.0,14.0
state,42,India,Asia,3738,102082,10.13,47.9,47.9,47.9,7.5,78.4,7.3,26.1,78.4,80.1,65.9,95.5,8.7,41.0,83380.0,102938.0,16.0
state,42,China,Asia,2796,73024,7.25,46.3,41.0,54.1,5.6,49.6,25.4,56.5,69.3,71.3,72.3,90.9,22.2,41.0,34757.0,61763.0,17.0
state,42,Mexico,Mexico,1653,56861,5.64,32.8,24.4,44.4,4.2,14.5,44.7,59.6,74.0,77.2,43.6,60.1,13.3,41.0,36028.0,43195.0,22.0
state,42,Vietnam,Asia,1293,33974,3.37,76.1,26.7,55.2,3.2,25.5,37.0,66.6,75.3,78.5,84.9,93.3,25.9,53.0,32798.0,51469.0,26.0
state,42,South Korea,Asia,1073,24245,2.41,73.4,18.2,58.2,2.9,55.8,5.7,46.1,72.0,75.4,68.1,91.8,12.4,48.0,40000.0,64311.0,31.0
state,42,Jamaica,Caribbean,621,24218,2.4,68.4,30.0,57.3,3.5,23.3,12.7,3.7,76.6,81.0,67.7,87.0,21.3,51.0,40000.0,51469.0,24.0
state,42,Philippines,Asia,1005,23148,2.3,73.1,30.0,66.9,4.9,57.5,8.7,25.0,75.7,77.6,77.2,95.9,11.2,49.0,44300.0,61000.0,21.0
state,42,Ukraine,Europe,794,21966,2.18,72.9,31.7,52.7,9.1,53.5,7.9,53.9,73.1,78.3,69.0,93.2,30.3,44.0,41900.0,66910.0,23.0
state,42,Guatemala,Central America,420,18926,1.88,32.8,48.0,43.9,15.5,10.0,57.5,70.2,64.6,71.9,34.9,46.0,17.6,33.0,24330.0,37514.0,15.0
state,42,Brazil,South America,500,17457,1.73,22.4,68.7,54.4,15.4,42.6,11.9,54.6,71.6,77.5,32.7,53.8,7.2,35.0,33227.0,49410.0,6.0
state,42,Germany,Europe,904,17363,1.72,71.6,16.4,59.3,1.5,41.7,7.1,8.4,68.8,72.9,77.7,97.8,7.9,67.0,43234.0,80388.0,53.0
state,42,Canada,Canada and other Northern America,846,17007,1.69,52.1,26.8,55.1,5.8,61.4,4.9,2.4,77.2,79.3,76.4,98.0,7.4,50.0,62563.0,89000.0,25.0
state,42,Colombia,South America,519,16754,1.66,56.6,44.1,54.9,7.2,35.5,17.5,57.2,65.6,71.3,55.0,79.5,15.7,44.0,32000.0,52136.0,18.0
state,42,Other Ussr/russia,Europe,650,16433,1.63,77.1,29.4,57.2,7.3,63.0,2.3,35.4,73.8,76.3,66.6,92.2,23.0,37.0,37514.0,75029.0,23.0
state,42,Haiti,Caribbean,397,16300,1.62,55.9,43.6,53.8,9.8,23.6,22.2,47.5,68.6,75.3,51.7,80.8,25.9,43.0,35220.0,43946.0,17.0
state,42,Italy,Europe,669,15015,1.49,76.9,11.9,51.5,0.6,24.2,26.4,30.7,74.6,80.6,86.3,96.3,9.0,68.0,31578.0,80388.0,54.0
state,42,Nigeria,Africa,321,12780,1.27,54.0,58.0,44.6,12.2,66.5,4.9,11.3,77.9,81.6,47.8,81.8,16.3,39.0,47610.0,68015.0,12.0
state,42,Liberia,Africa,286,12676,1.26,58.7,49.0,51.9,10.5,26.7,8.0,22.1,74.3,83.1,48.6,88.3,33.6,38.0,36000.0,40550.0,15.0
state,42,Poland,Europe,581,12189,1.21,76.8,9.7,56.6,0.2,38.0,8.2,45.2,74.3,78.9,85.3,91.3,10.1,57.0,45293.0,68000.0,30.0
state,42,Bangladesh,Asia,343,11896,1.18,73.5,40.5,48.3,5.9,50.2,10.8,51.8,71.6,75.0,68.3,88.3,32.7,39.0,39500.0,61763.0,15.0
state,42,Pakistan,Asia,386,11624,1.15,66.6,44.5,42.9,7.0,55.8,13.9,30.0,66.0,69.9,57.7,93.6,30.1,41.0,50000.0,91000.0,18.0
state,42,Ecuador,South America,312,11612,1.15,58.7,33.4,47.1,8.9,23.0,14.6,48.9,80.4,86.2,67.8,78.6,16.3,44.0,36028.0,53592.0,23.0
state,42,Honduras,Central America,273,11496,1.14,22.6,57.5,43.6,22.1,11.9,40.9,68.5,65.4,71.8,29.0,47.4,20.5,31.0,30869.0,38233.0,11.0
state,42,England,Europe,514,9936,0.99,71.7,12.9,50.7,1.1,42.2,3.7,1.3,71.9,73.6,85.0,96.6,7.6,58.0,46300.0,85018.0,39.0
state,42,Bhutan,Asia,323,9885,0.98,73.2,62.4,44.2,4.3,12.6,50.8,68.7,73.7,75.0,75.3,87.7,49.8,39.0,30700.0,43000.0,13.0
state,42,United Kingdom (not specified),Europe,446,9782,0.97,51.4,29.0,38.9,6.6,61.2,5.8,2.5,80.6,84.1,65.5,97.7,7.0,51.0,69514.0,102938.0,24.0
state,42,Cambodia (kampuchea),Asia,259,8832,0.88,77.4,15.8,53.7,3.3,9.1,46.7,77.0,60.3,65.3,77.2,92.8,40.5,53.0,26000.0,50000.0,33.0
state,42,El Salvador,Central America,242,8397,0.83,41.4,41.3,58.3,9.3,13.2,40.1,58.8,74.3,78.4,52.9,73.6,26.9,40.0,25488.0,37074.0,18.0
state,42,Egypt/united Arab Rep,Africa,232,7896,0.78,69.7,43.9,43.7,11.5,67.2,1.5,35.7,65.8,70.2,59.0,85.3,26.9,42.0,41295.0,72057.0,17.0
state,42,"Africa, Ns/nec",Africa,149,7453,0.74,52.1,52.4,45.7,6.1,33.5,11.7,28.7,80.9,84.0,51.1,78.1,15.7,43.0,36764.0,52000.0,14.0
state,42,Nepal,Asia,241,7046,0.7,51.7,69.3,48.4,21.7,40.7,26.5,44.1,75.5,79.3,50.4,77.4,32.0,28.0,36500.0,46343.0,12.0
state,42,Trinidad and Tobago,Caribbean,222,6608,0.66,66.3,9.2,46.6,0.0,24.4,8.4,0.0,76.1,80.1,68.3,90.0,19.0,53.0,41295.0,58951.0,30.0
state,42,Peru,South America,219,6358,0.63,65.5,24.7,51.4,5.6,32.1,8.4,40.4,75.2,82.0,69.6,85.7,14.8,46.0,46343.0,60000.0,24.0
state,42,Taiwan,Asia,281,6344,0.63,74.6,21.0,54.2,1.9,79.9,4.8,39.3,80.8,81.7,82.6,96.3,9.3,51.0,68500.0,102938.0,31.0
state,42,Venezuela,South America,200,6309,0.63,46.0,52.9,50.4,5.8,51.1,6.7,43.0,72.6,78.0,50.8,74.7,14.3,44.0,38866.0,46343.0,12.0
state,42,"Ussr, Ns",Europe,136,6202,0.62,62.9,40.6,53.1,0.0,64.3,4.0,73.4,74.3,82.7,47.8,97.3,29.1,53.0,29600.0,69514.0,23.0
state,42,Albania,Europe,185,5982,0.59,51.6,46.9,49.4,2.6,43.9,10.7,42.6,85.4,88.6,65.9,85.4,18.5,37.0,40550.0,47351.0,16.0
state,42,Turkey,Asia,224,5893,0.58,44.8,53.5,46.5,8.3,64.9,10.9,33.8,64.5,69.2,51.4,75.5,15.8,38.0,36121.0,90000.0,14.0
state,42,Byelorussia,Europe,187,5767,0.57,50.7,55.8,53.0,18.0,65.0,3.5,52.5,79.1,85.1,47.8,86.2,15.3,36.0,57928.0,80388.0,11.0
state,42,Romania,Europe,236,5655,0.56,85.0,14.4,50.5,4.8,57.3,4.4,21.1,84.9,86.6,76.3,91.7,12.0,47.0,51011.0,85018.0,25.0
state,42,Ghana,Africa,150,5648,0.56,64.3,46.3,45.0,5.4,39.2,5.3,14.4,75.6,86.2,46.9,87.4,16.6,39.0,44026.0,53592.0,16.0
state,42,Syria,Asia,194,5457,0.54,68.0,43.2,51.2,6.3,43.9,18.3,48.9,61.5,68.2,69.3,83.9,30.8,44.0,29149.0,66910.0,22.0
state,42,Uzbekistan,Europe,132,5233,0.52,35.5,49.2,47.8,17.8,35.6,7.8,49.8,77.1,79.9,47.6,80.3,29.8,36.0,41175.0,54655.0,15.0
state,42,Greece,Europe,215,5209,0.52,82.4,15.9,54.2,2.4,28.8,29.7,33.8,75.9,76.0,79.8,95.0,11.2,65.0,36436.0,72873.0,50.0
state,42,Japan,Asia,260,5143,0.51,35.2,42.2,68.1,7.8,56.7,6.9,42.6,66.3,66.4,58.0,91.0,8.5,45.0,49410.0,69670.0,22.0
state,42,Cuba,Caribbean,200,5085,0.5,55.3,45.5,47.2,3.0,31.7,20.4,55.4,74.4,83.8,52.0,87.5,33.0,48.0,37885.0,55611.0,16.0
state,42,Morocco,Africa,142,5063,0.5,69.6,49.5,46.2,6.0,39.6,10.7,44.9,67.7,80.2,52.3,79.0,38.4,39.0,36436.0,45184.0,15.0
state,44,U.S.-born,,43878,934473,,0.0,1.1,51.0,21.0,40.5,6.7,2.0,73.4,77.8,70.9,97.0,22.3,39.0,43724.0,69229.0,22.0
state,44,All immigrants,,5947,167328,100.0,54.5,33.9,50.5,6.6,25.9,26.2,46.0,73.0,78.3,54.4,88.1,28.5,46.0,36436.0,52498.0,23.0
state,44,Dominican Republic,Caribbean,954,35692,21.33,51.0,43.1,50.0,10.5,12.2,35.2,65.2,63.9,72.1,42.4,90.1,51.7,44.0,26720.0,40000.0,18.0
state,44,Guatemala,Central America,478,19486,11.65,26.7,43.8,46.7,11.4,5.2,41.7,63.5,70.3,78.5,41.5,66.1,32.1,37.0,31200.0,41052.0,18.0
state,44,Portugal,Europe,542,11604,6.93,74.9,2.2,52.9,0.5,9.1,44.5,43.8,79.9,81.4,82.7,98.8,16.8,63.0,32940.0,60245.0,49.0
state,44,Cape Verde,Canada and other Northern America,267,7938,4.74,70.2,30.2,56.9,7.2,11.1,45.2,48.6,80.5,85.8,52.2,93.1,29.2,51.0,36436.0,48233.0,25.0
state,44,Colombia,South America,264,7042,4.21,67.4,27.0,58.2,2.2,20.2,21.7,55.0,80.0,84.3,48.8,87.8,23.3,48.0,34757.0,49068.0,25.0
state,44,India,Asia,204,5844,3.49,16.2,70.4,49.4,11.4,89.7,1.8,8.3,71.3,73.1,48.8,97.0,2.5,35.0,99000.0,118174.0,10.0
state,44,China,Asia,275,5170,3.09,43.0,49.1,56.0,5.6,56.0,13.6,51.5,66.8,68.9,63.5,93.8,18.5,37.0,43724.0,65000.0,15.0
state,45,U.S.-born,,243609,4989772,,0.0,0.3,51.4,22.3,31.9,9.0,0.7,69.7,73.5,74.2,91.4,20.3,39.0,36028.0,53000.0,33.0
state,45,All immigrants,,12555,306453,100.0,44.6,38.6,49.5,7.3,34.8,21.9,40.2,74.2,76.9,64.1,70.3,9.6,42.0,36436.0,48660.0,20.0
state,45,Mexico,Mexico,2325,65146,21.26,17.3,33.6,39.9,5.0,7.5,48.1,65.6,74.5,76.3,52.6,37.1,7.1,39.0,30881.0,37651.0,20.0
state,45,India,Asia,838,21511,7.02,43.9,51.1,47.1,7.4,71.0,8.7,23.0,79.4,80.9,76.3,90.1,7.5,40.0,62000.0,90000.0,14.0
state,45,Colombia,South America,589,15785,5.15,50.3,38.4,52.7,8.4,33.9,18.5,53.8,79.1,81.1,62.3,76.8,11.9,45.0,36436.0,48381.0,22.0
state,45,Honduras,Central America,447,14880,4.86,13.1,62.8,50.2,21.7,9.3,40.3,66.4,63.5,69.2,40.6,35.7,13.9,32.0,27793.0,34000.0,8.0
state,45,Philippines,Asia,553,11392,3.72,74.5,39.0,63.6,4.3,53.3,5.1,24.5,79.5,80.8,82.2,93.7,5.3,48.0,42719.0,50440.0,20.0
state,45,Guatemala,Central America,351,10455,3.41,26.1,46.9,42.0,12.4,6.7,52.6,74.3,66.3,69.5,40.7,33.2,6.8,33.0,27000.0,34007.0,17.0
state,45,Germany,Europe,511,9721,3.17,57.4,22.8,58.6,4.6,40.6,6.0,7.5,71.9,73.1,82.4,90.6,4.4,57.0,41175.0,77173.0,33.0
state,45,Jamaica,Caribbean,261,9583,3.13,33.9,65.4,56.1,13.4,47.4,10.2,2.7,74.6,80.4,32.2,74.4,6.2,38.0,35586.0,42000.0,8.0
state,45,Canada,Canada and other Northern America,492,8740,2.85,57.6,24.3,52.8,6.3,50.9,6.0,1.8,73.9,76.1,86.7,91.5,3.1,58.0,53000.0,85000.0,30.0
state,45,China,Asia,365,7939,2.59,46.8,47.3,56.2,12.0,63.1,18.9,41.7,73.1,77.7,76.1,88.2,9.2,38.0,47500.0,82350.0,15.0
state,45,Ukraine,Europe,280,7522,2.45,60.3,36.8,50.8,10.7,33.4,3.5,40.8,67.0,70.4,71.2,85.2,43.3,36.0,31629.0,47351.0,20.0
state,45,Venezuela,South America,224,6960,2.27,26.6,74.6,52.4,11.3,45.9,15.5,68.5,84.9,86.9,36.5,86.3,4.4,41.0,29852.0,37000.0,7.0
state,45,Brazil,South America,245,6512,2.12,25.4,59.3,52.8,8.2,47.0,9.6,36.7,75.7,77.4,47.9,63.7,5.3,40.0,40146.0,53592.0,9.0
state,45,Vietnam,Asia,286,6118,2.0,75.5,27.7,50.0,4.3,26.2,24.2,58.1,78.8,79.8,83.2,92.1,15.8,52.0,28411.0,46000.0,27.0
state,45,England,Europe,296,5031,1.64,60.5,14.4,52.7,1.5,40.3,6.7,1.4,73.3,77.2,88.2,92.0,5.4,59.0,47246.0,72873.0,35.0
state,46,U.S.-born,,45084,872221,,0.0,0.2,49.2,24.7,31.5,5.6,0.6,78.0,80.4,74.2,91.4,14.2,38.0,40700.0,53592.0,30.0
state,46,All immigrants,,1107,35207,100.0,45.9,47.5,51.2,13.2,36.8,23.9,34.6,80.7,84.2,49.7,83.9,10.7,37.0,37514.0,50000.0,15.0
state,47,U.S.-born,,325081,6640779,,0.0,0.3,51.0,22.9,30.9,8.7,0.8,70.4,74.0,70.3,91.2,20.2,38.0,36800.0,53592.0,27.0
state,47,All immigrants,,16050,425605,100.0,39.5,43.0,49.2,11.0,33.5,26.2,46.7,73.8,76.7,53.3,65.2,11.4,40.0,36436.0,46343.0,18.0
state,47,Mexico,Mexico,3116,95077,22.34,21.0,30.1,44.8,7.0,8.0,48.8,66.6,74.1,76.5,47.0,38.2,8.2,40.0,32155.0,38158.0,21.0
state,47,Guatemala,Central America,1017,31959,7.51,9.9,61.0,40.8,23.0,6.2,61.7,73.5,70.0,73.9,16.9,26.0,10.2,31.0,27110.0,32000.0,10.0
state,47,Honduras,Central America,755,26792,6.3,12.6,65.6,47.6,29.2,8.2,52.2,71.4,72.6,76.9,27.0,24.7,9.9,30.0,28000.0,36436.0,9.0
state,47,India,Asia,1035,25233,5.93,39.7,50.8,47.9,7.1,79.9,7.1,19.2,77.3,78.2,57.3,91.1,2.5,39.0,85018.0,100000.0,14.0
state,47,Philippines,Asia,568,12831,3.01,65.9,40.9,67.9,9.4,49.9,6.3,19.1,75.1,77.7,73.6,93.2,7.7,43.0,41175.0,52000.0,19.0
state,47,China,Asia,641,12677,2.98,49.2,43.5,60.1,11.8,67.5,13.6,42.1,71.6,73.2,79.6,90.8,5.5,42.0,45000.0,66910.0,17.0
state,47,Venezuela,South America,407,12280,2.89,17.8,80.1,50.6,18.4,55.6,11.9,57.4,76.3,79.7,28.0,66.6,12.7,36.0,37000.0,39658.0,5.0
state,47,El Salvador,Central America,361,11093,2.61,16.5,36.4,49.1,9.9,7.7,56.4,70.0,71.5,77.4,50.7,41.0,6.3,40.0,30881.0,40000.0,22.0
state,47,Canada,Canada and other Northern America,530,11052,2.6,48.8,29.8,47.6,6.4,56.8,4.2,1.2,78.0,79.7,77.3,92.0,5.0,48.0,56593.0,87497.0,26.0
state,47,Egypt/united Arab Rep,Africa,329,10970,2.58,65.7,62.3,46.4,14.8,45.7,6.8,58.7,69.8,75.1,72.5,82.9,28.5,37.0,34299.0,42509.0,13.0
state,47,Vietnam,Asia,427,9403,2.21,72.3,30.6,55.6,4.0,26.6,26.4,64.2,83.1,85.4,83.9,91.8,13.1,50.0,37058.0,49410.0,26.0
state,47,Germany,Europe,492,8628,2.03,56.2,21.4,64.9,4.1,39.1,6.7,8.7,70.4,72.6,71.8,94.1,10.2,56.0,42981.0,71000.0,32.0
state,47,South Korea,Asia,419,8570,2.01,66.5,22.3,62.2,7.6,54.7,6.2,37.1,69.2,71.0,63.9,94.2,7.7,48.0,39716.0,74087.0,29.0
state,47,Cuba,Caribbean,244,6579,1.55,43.2,38.1,48.3,2.8,24.9,17.8,61.5,70.1,72.6,60.1,76.8,16.3,52.0,25734.0,37058.0,20.0
state,47,Iraq,Asia,194,6267,1.47,72.1,57.7,45.0,17.1,31.2,14.9,39.3,61.2,71.6,64.1,84.0,45.3,38.0,29149.0,40080.0,13.0
state,47,Colombia,South America,241,6144,1.44,41.4,50.6,50.4,12.4,33.0,14.3,50.0,77.2,81.9,52.6,68.8,8.3,41.0,32000.0,46343.0,14.0
state,48,U.S.-born,,1122247,24902430,,0.0,0.8,50.2,28.8,34.7,8.3,4.0,70.2,74.3,67.8,85.9,17.7,32.0,40550.0,59704.0,22.0
state,48,All immigrants,,204048,5285994,100.0,42.2,35.0,49.7,7.1,30.6,33.0,51.9,72.3,75.6,62.3,66.3,9.7,44.0,34979.0,50000.0,22.0
state,48,Mexico,Mexico,90244,2408340,45.56,34.8,21.3,49.1,4.2,11.0,50.3,65.4,70.0,72.9,67.4,54.4,10.6,47.0,30012.0,41175.0,26.0
state,48,India,Asia,15601,354317,6.7,44.7,50.7,46.8,7.9,83.1,5.1,19.2,77.3,80.3,64.8,93.6,3.6,40.0,95000.0,114000.0,14.0
state,48,El Salvador,Central America,7035,223512,4.23,29.4,37.0,48.2,9.2,7.4,52.8,70.5,74.3,77.3,51.1,46.5,7.8,42.0,30012.0,37514.0,20.0
state,48,Vietnam,Asia,8669,192693,3.65,77.3,27.4,53.9,4.1,27.9,28.3,65.5,77.9,80.1,82.0,88.4,14.6,52.0,31281.0,48582.0,27.0
state,48,Honduras,Central America,5229,182911,3.46,11.7,66.4,47.5,21.4,8.0,55.5,77.1,68.4,73.4,25.7,29.3,9.4,31.0,25724.0,33500.0,9.0
state,48,China,Asia,6054,118617,2.24,48.4,45.2,55.1,6.0,67.9,10.0,49.0,74.3,76.5,76.3,91.1,6.7,44.0,54655.0,90000.0,16.0
state,48,Philippines,Asia,5525,111869,2.12,70.9,33.2,62.1,4.8,63.2,5.0,23.1,78.1,80.7,77.0,92.7,6.3,48.0,48582.0,66910.0,20.0
state,48,Nigeria,Africa,3011,110006,2.08,52.8,61.6,49.2,12.6,64.2,4.6,8.0,78.9,84.5,49.0,74.0,9.3,41.0,45184.0,61763.0,11.0
state,48,Venezuela,South America,3271,104251,1.97,22.7,76.8,50.2,15.1,55.8,9.3,60.3,73.3,78.3,31.5,75.2,10.3,36.0,33300.0,46322.0,6.0
state,48,Guatemala,Central America,3096,98611,1.87,21.2,54.1,40.8,13.7,8.9,57.3,75.6,75.4,79.4,31.0,33.7,8.2,33.0,28411.0,33441.0,12.0
state,48,Cuba,Caribbean,2872,91549,1.73,32.5,66.5,45.3,7.0,29.8,18.7,70.7,70.7,77.5,33.2,63.9,15.0,40.0,30869.0,41175.0,9.0
state,48,Pakistan,Asia,2839,69440,1.31,72.6,35.0,48.3,5.6,60.9,9.9,29.2,69.6,73.9,71.2,82.4,11.3,45.0,46343.0,75029.0,22.0
state,48,Colombia,South America,2538,69405,1.31,49.1,44.5,55.7,8.0,43.9,11.9,52.6,73.3,77.2,56.7,76.6,10.3,43.0,34757.0,55727.0,18.0
state,48,South Korea,Asia,3090,62426,1.18,60.4,28.1,56.2,3.5,59.6,7.9,48.5,70.2,72.9,66.1,85.9,5.7,47.0,46153.0,75000.0,24.0
state,48,Canada,Canada and other Northern America,2732,57663,1.09,46.7,37.9,48.4,13.7,57.8,3.9,3.6,74.8,77.9,76.4,92.2,2.6,46.0,72873.0,107184.0,23.0
state,48,Germany,Europe,2100,39346,0.74,63.8,21.8,63.1,3.3,36.9,6.4,7.7,70.5,73.4,76.8,89.4,6.5,56.0,42874.0,67526.0,33.0
state,48,Brazil,South America,1379,32980,0.62,41.4,59.2,54.2,10.1,61.9,6.1,24.7,70.6,73.6,57.6,80.2,4.1,40.0,57928.0,82350.0,11.0
state,48,Iran,Asia,1442,32430,0.61,74.2,38.8,48.4,2.9,66.2,4.1,34.8,77.5,79.7,69.6,90.0,8.6,51.0,47969.0,78000.0,21.0
state,48,Nepal,Asia,1271,30130,0.57,41.3,62.5,45.9,7.3,63.2,11.1,33.7,75.3,79.5,58.2,85.6,9.2,34.0,46000.0,61763.0,11.0
state,48,Taiwan,Asia,1731,29474,0.56,79.6,21.3,55.9,3.8,75.4,3.7,43.2,72.4,74.6,86.8,94.8,5.2,53.0,60000.0,91091.0,31.0
state,48,Ethiopia,Africa,817,27532,0.52,63.7,50.9,47.1,9.6,27.9,12.7,39.7,73.4,79.8,45.8,73.1,12.8,40.0,36495.0,44263.0,14.0
state,48,Nicaragua,Central America,919,27301,0.52,34.2,51.2,51.4,9.6,20.7,33.0,67.4,72.7,75.9,38.3,46.4,7.0,39.0,27921.0,36000.0,14.0
state,48,Iraq,Asia,793,27128,0.51,67.8,76.9,44.8,20.7,47.5,18.2,35.2,65.5,69.6,52.6,82.0,32.5,35.0,27935.0,54655.0,11.0
state,48,Peru,South America,977,24486,0.46,52.5,32.4,52.1,6.4,42.7,10.5,46.9,78.0,81.6,64.0,75.8,8.0,48.0,37514.0,59087.0,22.0
state,48,Kenya,Africa,761,24234,0.46,59.5,46.5,49.6,10.4,50.5,3.7,13.0,82.0,87.6,51.4,79.5,8.8,39.0,56000.0,72885.0,16.0
state,48,United Kingdom (not specified),Europe,1155,23611,0.45,41.4,39.8,43.9,12.4,61.6,3.0,1.7,72.4,74.8,75.9,92.7,3.1,48.0,79941.0,120000.0,21.0
state,48,England,Europe,1195,23441,0.44,57.0,21.8,49.4,4.6,48.7,5.7,1.5,77.0,79.8,79.5,92.6,4.1,56.0,62060.0,107184.0,32.0
state,48,Afghanistan,Asia,772,23380,0.44,20.9,90.4,42.9,39.2,22.6,41.2,55.4,51.6,57.9,20.1,78.1,49.9,26.0,30850.0,43000.0,5.0
state,48,Bangladesh,Asia,906,19617,0.37,58.2,50.0,49.5,6.0,64.7,8.6,37.5,70.9,73.9,57.7,86.5,10.6,40.0,41700.0,68968.0,14.0
state,48,Jamaica,Caribbean,611,19498,0.37,70.8,38.0,49.3,8.2,42.8,5.0,1.6,79.2,82.7,62.7,83.3,6.8,44.0,48582.0,58000.0,21.0
state,48,Other Ussr/russia,Europe,816,19003,0.36,67.8,44.4,60.9,14.9,74.6,2.0,18.6,69.7,73.4,74.0,87.3,7.7,36.0,57812.0,78783.0,17.0
state,48,Japan,Asia,1033,18811,0.36,32.1,45.6,59.0,10.1,55.8,4.0,44.4,69.2,70.4,56.5,96.1,4.8,48.0,58663.0,92000.0,17.0
state,48,Cameroon,Africa,412,17747,0.34,50.3,61.1,50.6,9.0,53.3,7.4,17.7,74.4,81.0,35.1,73.3,11.5,34.0,41175.0,53592.0,11.0
state,48,Dominican Republic,Caribbean,578,16543,0.31,56.6,38.6,54.0,6.7,32.2,15.4,50.5,74.9,80.4,54.3,78.2,13.6,42.0,34525.0,46343.0,19.0
state,48,Thailand,Asia,792,16128,0.31,68.8,33.1,65.7,7.3,48.6,15.9,41.7,65.7,67.9,72.1,85.9,6.3,44.0,37000.0,63721.0,22.0
state,48,Egypt/united Arab Rep,Africa,586,14817,0.28,59.3,52.0,42.5,11.2,73.8,2.2,28.0,75.2,77.1,58.9,88.7,11.4,41.0,49818.0,74087.0,14.0
state,48,South Africa (union Of),Africa,592,14698,0.28,62.6,48.3,48.0,12.4,56.1,3.3,3.5,74.5,77.1,68.7,89.0,6.1,43.0,56000.0,92685.0,16.0
state,48,Argentina,South America,604,14539,0.28,54.5,31.1,48.4,3.7,46.6,11.2,30.7,78.6,80.1,65.8,77.9,4.8,49.0,50000.0,69514.0,23.0
state,48,"Africa, Ns/nec",Africa,348,14493,0.27,51.1,48.9,50.9,7.1,48.4,6.3,23.2,74.0,75.6,39.8,71.6,10.8,37.0,48196.0,50629.0,15.0
state,48,Ecuador,South America,541,14070,0.27,52.4,40.8,52.7,10.9,43.0,14.6,43.8,71.4,76.9,60.5,77.7,13.0,42.0,34000.0,64000.0,23.0
state,48,Turkey,Asia,577,13845,0.26,41.4,67.9,44.7,15.4,72.2,5.6,39.5,69.2,73.9,57.2,79.7,6.2,35.0,53592.0,77203.0,8.0
state,48,Ghana,Africa,403,13225,0.25,63.0,55.9,40.1,12.1,51.6,3.8,13.4,87.9,89.6,55.3,87.8,10.2,40.0,52226.0,61000.0,13.0
state,48,France,Europe,585,12495,0.24,49.1,46.2,52.5,9.6,61.5,5.2,12.8,80.4,82.7,63.8,91.8,2.4,45.0,61763.0,92685.0,16.0
state,48,Ukraine,Europe,534,12470,0.24,53.0,55.7,61.8,9.0,67.2,4.6,36.6,66.7,72.6,59.4,78.6,10.9,35.0,55586.0,85747.0,13.0
state,48,Cambodia (kampuchea),Asia,496,11766,0.22,82.0,18.4,54.4,3.6,24.4,35.2,60.8,76.4,80.4,87.7,78.2,10.0,50.0,32155.0,44938.0,32.0
state,48,Burma (myanmar),Asia,507,10905,0.21,45.1,65.4,44.4,3.7,18.6,55.7,68.1,72.2,74.3,60.9,69.6,18.7,38.0,35000.0,37074.0,13.0
state,48,Trinidad and Tobago,Caribbean,398,10815,0.2,71.1,29.1,58.4,5.0,41.7,6.1,1.5,71.8,77.4,69.6,86.4,9.9,48.0,46632.0,56000.0,26.0
state,48,Spain,Europe,438,10599,0.2,34.8,61.7,48.7,17.0,67.2,10.0,31.4,73.2,76.0,51.4,89.7,5.1,42.0,52000.0,91091.0,10.0
state,48,Hong Kong,Asia,559,10309,0.2,79.2,16.2,48.2,4.9,68.3,8.4,41.6,80.6,82.1,83.2,94.0,8.2,52.0,61763.0,90000.0,30.0
state,48,Lebanon,Asia,464,9872,0.19,75.0,29.9,46.8,4.8,60.3,6.7,18.8,70.4,74.4,74.8,93.2,10.6,53.0,61763.0,85747.0,24.0
state,48,Laos,Asia,420,9656,0.18,79.9,9.1,51.1,1.1,20.1,31.7,54.7,76.1,77.9,79.2,89.9,7.0,54.0,41175.0,55000.0,42.0
state,48,Saudi Arabia,Asia,302,9520,0.18,36.3,70.4,41.9,19.4,74.2,9.0,22.8,55.1,61.8,37.5,82.2,7.7,29.0,36436.0,60245.0,10.0
state,48,Poland,Europe,455,9035,0.17,71.8,25.2,58.8,6.1,61.3,3.0,16.4,77.7,81.6,77.3,92.2,2.7,48.0,58951.0,82589.0,27.0
state,48,Jordan,Asia,361,8917,0.17,57.8,49.9,39.9,9.9,60.3,7.0,34.0,70.8,75.0,44.0,79.1,17.0,38.0,49239.0,65586.0,15.0
state,48,Chile,South America,325,8423,0.16,58.4,26.9,47.4,4.0,41.4,8.4,39.5,77.2,82.7,66.9,81.1,7.4,50.0,42874.0,70444.0,26.0
state,48,Panama,Central America,390,8382,0.16,69.6,13.7,66.4,3.7,36.1,10.5,27.4,66.4,74.3,71.4,90.1,9.0,56.0,36028.0,57928.0,34.0
state,48,Malaysia,Asia,400,7837,0.15,60.8,35.0,56.2,16.8,63.3,6.0,25.9,74.1,77.6,79.3,89.5,9.9,49.0,56616.0,86893.0,23.0
state,48,"Asia, Nec/ns",Asia,326,7822,0.15,54.3,45.7,50.1,11.7,63.6,11.7,30.1,73.3,75.9,54.7,77.4,14.2,39.0,42205.0,56000.0,17.0
state,48,Syria,Asia,267,7618,0.14,48.8,57.2,45.7,13.4,56.6,13.8,34.2,67.5,73.1,55.1,91.3,21.4,42.0,51448.0,72873.0,12.0
state,48,Italy,Europe,362,7595,0.14,45.8,45.6,46.4,10.0,60.4,8.0,17.3,74.4,75.5,69.5,90.1,4.6,47.0,55000.0,87497.0,17.0
state,48,Australia,Oceania,401,7460,0.14,31.8,54.1,44.0,14.8,60.7,5.4,2.6,71.0,72.8,69.1,91.6,2.5,41.0,77265.0,133600.0,12.0
state,48,Romania,Europe,346,7436,0.14,81.3,31.9,51.1,1.1,58.9,5.1,21.7,76.8,80.6,73.4,86.2,3.5,44.0,69514.0,82258.0,24.0
state,48,United Arab Emirates,Asia,244,7078,0.13,47.1,63.7,50.0,31.6,80.1,2.9,10.6,71.7,73.8,63.3,85.5,12.1,26.0,47853.0,75000.0,9.0
state,48,Sudan,Africa,219,6908,0.13,56.3,58.6,44.4,14.7,56.1,12.5,40.9,67.8,73.8,30.2,70.2,19.2,38.0,36500.0,52226.0,11.0
state,48,Congo,Africa,157,6832,0.13,30.8,75.0,53.1,11.7,24.6,21.7,46.2,70.9,75.0,40.3,72.3,22.2,34.0,30881.0,32440.0,8.0
state,48,Eritrea,Africa,203,6753,0.13,55.6,62.2,39.0,4.8,28.5,22.3,39.0,67.5,73.9,45.6,76.8,23.1,39.0,39015.0,42874.0,12.0
state,48,Costa Rica,Central America,296,6749,0.13,51.9,39.7,54.0,5.6,40.8,12.5,32.3,71.9,73.5,63.7,74.5,4.9,44.0,36436.0,65382.0,21.0
state,48,Zaire,Africa,206,6649,0.13,46.1,69.0,44.0,11.4,31.4,13.7,49.1,82.3,85.8,31.0,71.3,15.5,34.0,36436.0,45000.0,10.0
state,48,Indonesia,Asia,363,6634,0.13,56.0,27.4,61.0,1.6,64.7,2.3,24.9,73.0,75.3,77.8,87.8,3.1,48.0,48582.0,82258.0,23.0
state,48,Israel/palestine,Asia,305,6509,0.12,51.7,51.5,47.1,15.0,66.7,4.3,12.6,83.9,85.5,55.5,92.7,8.2,39.0,87497.0,128672.0,12.0
state,48,Scotland,Europe,267,6384,0.12,51.7,31.9,55.4,6.0,51.6,2.2,0.0,79.8,81.6,82.5,97.4,3.2,57.0,59000.0,96466.0,27.0
state,48,Netherlands,Europe,315,6200,0.12,49.7,37.5,37.3,11.6,57.8,4.0,8.4,79.3,80.2,77.1,95.7,6.0,49.0,64311.0,102938.0,23.0
state,48,Sri Lanka (ceylon),Asia,265,5912,0.11,53.0,44.5,42.0,5.7,52.7,13.6,21.6,70.1,77.3,65.0,84.8,9.7,46.0,50000.0,75307.0,17.0
state,48,Haiti,Caribbean,202,5886,0.11,69.7,39.1,53.0,5.3,34.0,7.5,31.9,82.9,85.3,52.8,86.9,11.0,40.0,43028.0,46700.0,18.0
state,49,U.S.-born,,160887,3091126,,0.1,0.4,49.2,29.8,38.7,4.4,1.2,75.8,78.7,76.0,93.2,11.2,30.0,41175.0,62167.0,24.0
state,49,All immigrants,,11566,301205,100.0,42.0,36.7,50.3,6.8,29.1,22.8,43.6,76.7,79.7,60.9,72.3,8.1,41.0,38866.0,48876.0,20.0
state,49,Mexico,Mexico,3437,104058,34.55,31.0,21.2,47.5,3.5,11.7,41.4,56.1,78.6,81.0,62.9,56.4,6.1,42.0,38000.0,44000.0,24.0
state,49,Venezuela,South America,377,13264,4.4,15.3,77.6,48.9,18.8,37.3,5.3,64.8,75.3,80.7,27.7,68.7,8.6,33.0,35049.0,39116.0,6.0
state,49,Peru,South America,360,9271,3.08,40.9,41.4,48.6,6.8,31.8,8.1,51.3,78.7,82.9,68.6,70.1,6.0,41.0,38000.0,49410.0,17.0
state,49,Brazil,South America,367,9117,3.03,29.9,68.8,52.7,15.0,51.1,3.7,23.3,65.8,69.1,45.3,83.7,7.9,36.0,40300.0,55869.0,9.0
state,49,India,Asia,340,8924,2.96,32.8,66.7,46.0,12.5,85.0,2.6,12.0,81.4,86.4,62.3,95.8,2.2,35.0,91107.0,110000.0,11.0
state,49,El Salvador,Central America,253,8859,2.94,41.6,27.4,47.1,4.3,12.4,24.8,49.3,87.6,90.0,56.0,63.8,6.7,44.0,34757.0,42509.0,23.0
state,49,Canada,Canada and other Northern America,469,8471,2.81,56.2,23.7,58.0,1.3,49.0,3.7,0.9,69.2,74.7,77.3,94.2,6.5,53.0,50000.0,80000.0,32.0
state,49,China,Asia,438,8420,2.8,43.7,53.3,57.2,8.8,58.6,13.1,52.7,74.6,79.7,72.3,91.5,4.6,37.0,36436.0,60733.0,13.0
state,49,Colombia,South America,318,8282,2.75,31.9,65.6,49.5,14.7,35.9,12.7,64.7,75.2,76.3,39.7,63.7,9.5,37.0,26720.0,42874.0,7.0
state,49,Guatemala,Central America,269,8014,2.66,31.2,37.3,44.0,9.7,13.0,29.7,63.4,77.2,79.9,57.7,46.6,6.4,40.0,35000.0,48233.0,19.0
state,49,Vietnam,Asia,333,7364,2.44,66.3,34.9,48.0,4.4,25.6,26.7,63.6,84.9,87.3,88.7,88.3,7.8,48.0,38015.0,53592.0,23.0
state,49,Philippines,Asia,329,7084,2.35,58.7,42.1,62.9,3.9,50.5,6.0,23.4,80.5,80.6,64.7,85.9,6.9,44.0,42509.0,53000.0,17.0
state,49,Chile,South America,187,5148,1.71,20.6,69.3,46.1,18.4,30.5,9.6,54.1,70.9,73.6,45.0,66.8,5.1,32.0,37058.0,51618.0,7.0
state,50,U.S.-born,,32405,618156,,0.0,0.3,50.3,18.5,43.3,4.9,0.3,75.4,78.3,78.0,96.2,23.5,42.0,42016.0,60727.0,33.0
state,50,All immigrants,,1326,28950,100.0,64.5,35.7,54.2,6.0,51.5,10.3,21.8,75.8,78.5,70.7,93.2,15.0,47.0,43946.0,61942.0,22.0
state,51,U.S.-born,,374765,7570845,,0.0,0.7,50.4,23.9,41.5,6.5,1.0,73.0,76.2,71.5,94.8,17.1,37.0,45300.0,66800.0,27.0
state,51,All immigrants,,47927,1134325,100.0,56.8,34.4,51.9,7.0,45.2,17.9,38.4,77.0,80.6,62.7,81.3,11.8,44.0,46153.0,66038.0,21.0
state,51,El Salvador,Central America,3009,108778,9.59,32.8,34.3,47.8,8.6,8.3,49.8,64.3,78.3,81.8,53.5,56.7,12.2,41.0,37000.0,46000.0,21.0
state,51,India,Asia,4559,98440,8.68,56.3,36.1,49.3,4.9,85.7,4.6,16.3,82.7,84.9,75.4,97.1,4.3,43.0,108000.0,128621.0,19.0
state,51,Mexico,Mexico,2015,58677,5.17,29.7,25.7,44.8,4.2,14.0,47.7,60.2,77.9,81.0,50.9,51.5,7.3,41.0,37058.0,46000.0,22.0
state,51,South Korea,Asia,2681,52406,4.62,72.9,16.2,57.5,3.5,58.5,7.0,48.7,75.4,78.7,75.1,90.7,11.4,53.0,50337.0,85747.0,29.0
state,51,Philippines,Asia,2739,52158,4.6,76.5,25.3,62.7,3.6,51.7,5.6,22.0,78.4,81.2,77.7,94.9,7.9,52.0,46116.0,60000.0,26.0
state,51,Vietnam,Asia,2378,45039,3.97,81.5,21.9,55.9,3.3,37.2,25.0,59.9,77.1,80.1,83.2,94.0,14.0,53.0,41000.0,63157.0,31.0
state,51,China,Asia,2268,42622,3.76,57.9,38.8,57.8,5.5,68.2,13.0,42.7,73.6,75.9,74.7,93.9,8.8,43.0,64311.0,107184.0,19.0
state,51,Guatemala,Central America,1156,42140,3.71,24.6,49.5,41.5,16.4,8.1,58.6,66.4,74.0,78.2,31.3,44.1,9.5,36.0,30881.0,42509.0,15.0
state,51,Honduras,Central America,1115,41240,3.64,16.1,57.7,47.1,16.8,12.4,47.3,68.4,75.9,82.1,32.3,41.2,10.8,33.0,29440.0,35000.0,11.0
state,51,Ethiopia,Africa,1190,32519,2.87,70.5,41.2,50.1,8.5,40.3,10.3,36.9,72.8,77.5,48.5,88.4,18.9,43.0,41295.0,58951.0,17.0
state,51,Pakistan,Asia,1308,28187,2.48,69.1,39.8,47.5,6.8,57.4,10.4,31.7,71.4,76.1,70.0,89.1,16.7,43.0,44817.0,79262.0,18.0
state,51,Peru,South America,1018,27452,2.42,59.4,24.4,52.5,5.0,31.4,8.8,48.4,79.5,83.4,66.6,81.3,12.2,47.0,41175.0,53592.0,23.0
state,51,Afghanistan,Asia,1107,24518,2.16,46.2,70.3,50.7,23.9,40.4,18.5,44.8,66.6,70.6,40.6,91.8,55.5,34.0,38233.0,54664.0,8.0
state,51,Bolivia,South America,904,23902,2.11,54.1,22.5,49.2,6.7,30.2,16.3,45.9,83.2,85.2,67.9,72.8,8.2,47.0,42410.0,54557.0,24.0
state,51,Colombia,South America,670,18584,1.64,62.6,32.3,57.3,5.7,40.9,11.4,40.3,77.5,79.7,59.0,81.2,12.3,46.0,41173.0,60727.0,24.0
state,51,Germany,Europe,967,17669,1.56,63.5,21.0,61.3,5.0,37.3,7.2,6.8,71.3,72.3,76.8,94.9,6.7,57.0,48233.0,77624.0,35.0
state,51,Ghana,Africa,581,17334,1.53,71.1,36.8,46.2,4.9,44.3,5.4,19.5,85.5,88.9,53.9,84.1,11.7,43.0,48233.0,64311.0,18.0
state,51,Iran,Asia,817,15837,1.4,78.1,37.0,46.3,2.4,65.0,4.2,35.1,79.0,82.6,71.7,91.5,12.5,55.0,63399.0,97164.0,23.0
state,51,Bangladesh,Asia,586,13799,1.22,67.1,47.5,50.6,9.0,59.6,14.1,41.9,77.8,81.1,65.8,87.1,19.9,41.0,38586.0,69998.0,16.0
state,51,Canada,Canada and other Northern America,765,13385,1.18,62.9,21.6,55.6,5.0,61.1,2.9,2.0,81.1,83.6,80.2,96.4,3.1,50.0,72873.0,108000.0,29.0
state,51,Egypt/united Arab Rep,Africa,504,12495,1.1,73.8,49.0,47.6,11.7,62.2,5.2,24.5,71.0,76.9,62.5,87.4,22.1,43.0,38866.0,70000.0,15.0
state,51,Jamaica,Caribbean,441,11807,1.04,69.8,30.2,55.5,4.8,35.5,10.2,2.9,79.8,85.0,60.3,87.8,11.2,46.0,41484.0,62563.0,25.0
state,51,Nepal,Asia,536,10345,0.91,51.3,59.7,47.9,6.5,54.5,13.5,41.4,79.0,82.5,73.8,86.1,11.4,36.0,42874.0,60727.0,12.0
state,51,Other Ussr/russia,Europe,505,10160,0.9,76.0,28.6,58.1,7.1,74.2,2.4,21.9,72.4,76.1,64.4,92.6,12.6,36.0,51011.0,90035.0,21.0
state,51,Venezuela,South America,330,9718,0.86,34.5,59.1,52.7,14.8,47.3,12.3,45.0,80.4,85.8,46.6,73.3,7.4,40.0,40550.0,52520.0,10.0
state,51,England,Europe,494,9612,0.85,57.9,13.9,53.2,2.3,44.5,4.5,0.7,84.1,84.3,81.7,98.6,6.4,60.0,58951.0,86468.0,36.0
state,51,Iraq,Asia,358,8612,0.76,83.0,56.4,44.2,10.0,55.6,14.2,35.7,73.5,76.2,59.6,83.3,27.1,38.0,39391.0,66800.0,14.0
state,51,Turkey,Asia,357,8472,0.75,44.2,50.2,50.5,14.1,67.7,10.8,37.5,72.7,75.3,48.2,80.4,9.9,40.0,54557.0,100000.0,14.0
state,51,Brazil,South America,393,8061,0.71,38.0,61.6,66.6,7.9,55.8,5.8,29.3,71.0,74.5,58.9,84.4,3.0,38.0,47248.0,71658.0,8.0
state,51,Japan,Asia,435,7877,0.69,44.8,33.0,69.4,6.8,51.2,3.5,35.6,67.0,67.5,67.9,96.3,5.2,50.0,44095.0,92644.0,23.0
state,51,Nigeria,Africa,277,7780,0.69,67.0,46.2,41.8,6.9,72.9,1.7,8.9,81.3,88.4,59.4,87.8,8.4,42.0,61763.0,78946.0,16.0
state,51,United Kingdom (not specified),Europe,479,7642,0.67,63.4,23.6,45.5,3.4,62.0,3.4,1.9,77.7,79.6,78.0,97.9,3.2,54.0,69670.0,105041.0,26.0
state,51,Morocco,Africa,305,7445,0.66,74.0,38.2,48.6,5.0,38.3,15.5,47.1,73.5,77.7,56.5,79.5,24.2,44.0,36436.0,69514.0,18.0
state,51,Dominican Republic,Caribbean,231,7355,0.65,57.0,42.8,56.0,8.6,28.3,22.2,52.1,79.7,81.2,51.8,79.9,13.0,39.0,29337.0,42205.0,19.0
state,51,Thailand,Asia,376,7349,0.65,60.1,29.7,70.4,3.5,53.7,11.9,43.8,74.2,79.0,79.4,85.2,10.2,45.0,42509.0,61000.0,23.0
state,51,Taiwan,Asia,408,6879,0.61,89.4,10.9,63.1,0.5,72.5,6.3,33.2,79.3,82.5,82.8,98.5,6.3,57.0,72057.0,115857.0,35.0
state,51,Nicaragua,Central America,244,6784,0.6,57.3,26.9,50.2,4.2,35.8,17.8,48.0,75.4,77.9,56.8,84.6,13.6,46.0,44938.0,57928.0,29.0
state,51,Haiti,Caribbean,201,6235,0.55,51.0,37.2,61.8,8.5,33.5,13.6,39.1,76.9,81.7,48.1,74.9,12.1,43.0,40550.0,48582.0,17.0
state,51,Argentina,South America,243,5782,0.51,54.0,19.9,49.3,3.3,44.3,15.6,35.8,78.5,84.1,65.9,80.6,5.3,45.0,49410.0,60000.0,24.0
state,51,Lebanon,Asia,264,5766,0.51,83.3,17.7,49.0,0.8,57.5,7.7,19.0,73.0,79.4,81.6,91.7,8.7,55.0,60727.0,91091.0,31.0
state,51,Sierra Leone,Africa,187,5735,0.51,70.4,34.4,49.5,5.6,30.7,12.9,20.0,83.3,85.2,49.7,86.5,15.9,44.0,40550.0,60000.0,21.0
state,51,Ukraine,Europe,263,5582,0.49,62.6,45.4,61.8,8.5,68.4,2.0,34.8,82.8,87.4,61.2,87.5,20.0,37.0,42509.0,82350.0,16.0
state,51,France,Europe,276,5406,0.48,60.0,34.8,54.6,7.9,60.6,2.7,10.5,74.3,81.3,69.4,95.9,4.8,50.0,62000.0,104271.0,21.0
state,51,Panama,Central America,183,5405,0.48,82.5,16.9,63.0,7.3,32.3,8.2,25.8,77.2,82.4,52.0,93.2,17.4,53.0,43731.0,67526.0,34.0
state,51,Ecuador,South America,232,5405,0.48,76.2,14.5,62.4,0.6,37.2,14.2,46.4,72.6,74.6,71.6,89.6,6.8,51.0,43000.0,80388.0,25.0
state,51,Italy,Europe,251,5335,0.47,57.8,33.3,56.0,7.5,48.0,13.6,21.2,69.0,74.1,63.5,88.6,7.3,51.0,60345.0,72000.0,24.0
state,53,U.S.-born,,336637,6607803,,0.1,0.6,49.4,24.1,38.9,5.1,1.5,72.1,76.1,68.8,95.2,21.2,36.0,48460.0,74000.0,29.0
state,53,All immigrants,,52892,1208313,100.0,48.8,36.8,50.8,6.3,42.8,18.8,41.3,75.5,79.0,60.0,85.0,16.7,42.0,48000.0,73000.0,20.0
state,53,Mexico,Mexico,9166,247954,20.52,26.6,22.5,45.2,5.1,9.3,49.5,63.9,74.9,79.0,49.1,59.8,17.2,42.0,35916.0,45000.0,24.0
state,53,India,Asia,4885,116227,9.62,29.1,63.9,45.5,7.7,87.5,4.0,15.9,82.4,84.9,60.6,97.6,4.8,36.0,130000.0,156000.0,11.0
state,53,China,Asia,4685,94449,7.82,39.4,55.0,53.2,4.7,70.0,9.9,46.5,75.4,78.4,72.1,95.5,9.9,37.0,80388.0,145746.0,13.0
state,53,Philippines,Asia,3805,73201,6.06,74.3,29.0,61.0,4.1,43.6,6.4,29.7,79.7,82.5,72.4,94.6,13.4,51.0,46760.0,61763.0,24.0
state,53,Vietnam,Asia,3066,64120,5.31,78.6,25.5,54.6,2.9,27.7,27.2,65.5,77.3,80.7,77.5,95.0,22.0,50.0,40090.0,64371.0,28.0
state,53,South Korea,Asia,2445,49345,4.08,71.2,19.6,57.0,2.4,52.8,6.6,52.4,73.0,75.7,69.0,89.9,14.0,51.0,46411.0,82350.0,29.0
state,53,Canada,Canada and other Northern America,2616,44803,3.71,53.6,23.2,52.2,5.9,53.9,3.8,1.6,75.4,78.4,79.2,96.5,7.7,53.0,69831.0,113540.0,28.0
state,53,Ukraine,Europe,1586,42448,3.51,53.2,42.8,51.8,12.2,30.5,9.2,56.2,69.4,73.4,51.3,86.6,37.5,38.0,41175.0,69514.0,18.0
state,53,Other Ussr/russia,Europe,952,22116,1.83,68.3,32.7,51.9,6.0,52.6,4.8,34.5,75.0,78.2,60.3,89.9,19.9,39.0,50000.0,82350.0,21.0
state,53,Ethiopia,Africa,609,20360,1.68,69.0,46.4,48.5,8.9,28.8,16.1,43.1,76.3,79.6,42.5,86.2,32.8,40.0,41708.0,55000.0,15.0
state,53,Germany,Europe,968,18149,1.5,60.6,20.0,63.2,4.3,39.0,6.6,8.6,70.4,74.1,71.5,96.7,12.8,60.0,43234.0,80388.0,35.0
state,53,Taiwan,Asia,927,17192,1.42,71.7,29.4,55.3,2.1,80.1,2.8,42.8,73.6,75.4,79.9,96.9,7.1,48.0,86893.0,130000.0,26.0
state,53,Japan,Asia,884,16438,1.36,38.1,25.8,70.6,3.1,56.4,4.8,42.0,68.9,70.1,69.6,95.9,6.2,52.0,55200.0,86468.0,26.0
state,53,El Salvador,Central America,488,15556,1.29,30.5,33.9,47.6,9.4,12.8,47.4,67.7,69.7,75.8,39.9,62.7,21.7,41.0,36028.0,44452.0,20.0
state,53,Guatemala,Central America,496,15037,1.24,21.7,51.9,46.5,16.0,7.2,49.9,71.8,71.3,77.8,30.6,58.9,25.8,32.0,32793.0,42509.0,13.0
state,53,Kenya,Africa,436,12959,1.07,50.1,55.1,53.5,8.7,35.6,2.7,24.3,81.0,85.2,36.5,77.3,20.0,40.0,48400.0,51448.0,13.0
state,53,Cambodia (kampuchea),Asia,573,12051,1.0,77.7,15.1,53.8,3.3,11.6,35.5,65.4,73.2,76.5,81.3,94.2,21.7,52.0,44026.0,55000.0,39.0
state,53,Brazil,South America,398,11213,0.93,35.8,61.8,54.1,8.5,53.7,8.3,31.7,75.4,76.8,33.2,80.5,13.8,37.0,48582.0,77173.0,9.0
state,53,Thailand,Asia,538,10874,0.9,60.7,37.7,66.1,6.6,40.9,17.9,50.8,73.2,78.7,65.1,89.5,16.4,41.0,44331.0,65000.0,23.0
state,53,Afghanistan,Asia,345,10319,0.85,16.8,91.1,43.9,42.5,17.9,27.1,56.7,58.3,64.3,13.8,96.4,78.8,26.0,30000.0,47975.0,5.0
state,53,Iran,Asia,459,10252,0.85,77.5,37.3,47.8,1.4,69.0,4.0,29.7,76.1,81.3,64.2,97.4,20.0,48.0,61763.0,118174.0,20.0
state,53,England,Europe,628,9674,0.8,65.6,12.8,50.4,1.8,49.8,4.7,0.7,72.8,74.0,81.4,96.2,9.7,61.0,61763.0,102938.0,35.0
state,53,Hong Kong,Asia,524,9541,0.79,79.2,19.5,57.8,3.2,65.8,6.4,33.0,77.4,79.0,82.1,97.4,6.7,54.0,80000.0,102938.0,32.0
state,53,United Kingdom (not specified),Europe,531,9487,0.79,50.4,34.3,41.2,7.1,65.5,2.7,2.3,81.5,84.7,72.6,97.6,5.8,48.0,94703.0,150058.0,23.0
state,53,Somalia,Africa,191,8384,0.69,76.5,37.2,53.4,2.3,19.4,24.9,47.7,65.4,73.6,15.7,88.0,51.0,39.0,30000.0,46343.0,18.0
state,53,Romania,Europe,368,7841,0.65,78.4,22.8,56.4,2.4,54.2,4.4,24.1,74.9,77.8,74.8,90.8,12.5,46.0,66910.0,90000.0,24.0
state,53,Colombia,South America,316,7719,0.64,45.7,49.7,56.5,7.9,48.9,5.4,40.9,79.4,82.5,51.2,81.3,16.6,40.0,32155.0,64000.0,15.0
state,53,Honduras,Central America,205,7171,0.59,16.7,61.8,43.1,20.2,9.4,46.4,69.6,68.0,71.9,20.1,55.9,21.3,29.0,32064.0,40000.0,9.0
state,53,Iraq,Asia,251,7151,0.59,63.0,71.6,50.1,23.6,33.1,19.4,42.2,55.6,59.1,31.6,96.0,60.1,34.0,32000.0,48582.0,10.0
state,53,Peru,South America,235,5464,0.45,54.1,35.4,42.8,5.6,34.4,7.8,50.7,72.8,75.4,60.2,79.7,18.1,46.0,42874.0,66910.0,20.0
state,53,Pakistan,Asia,256,5429,0.45,69.5,39.4,43.3,3.1,73.9,5.7,23.3,74.3,76.9,74.8,96.3,18.9,41.0,80000.0,138459.0,18.0
state,53,Moldavia,Europe,225,5352,0.44,65.6,36.9,58.5,3.6,23.9,11.9,44.8,71.6,72.6,60.7,84.3,25.0,36.0,44803.0,53592.0,19.0
state,53,Indonesia,Asia,247,5312,0.44,46.6,36.1,55.2,3.7,62.7,7.4,30.0,75.2,78.2,78.7,92.1,9.5,46.0,50977.0,96000.0,20.0
state,53,Venezuela,South America,179,5250,0.43,26.2,69.6,51.2,14.1,59.7,9.5,53.1,70.1,77.4,32.7,80.4,23.0,37.0,38380.0,50000.0,7.0
state,53,Laos,Asia,260,5106,0.42,84.9,7.6,52.8,1.1,17.9,27.5,55.7,75.2,77.2,81.5,90.8,19.1,50.0,49410.0,61763.0,40.0
state,54,U.S.-born,,85030,1745984,,0.0,0.1,50.1,20.3,23.4,10.6,0.2,63.7,67.6,77.6,93.3,27.1,42.0,32155.0,51011.0,37.0
state,54,All immigrants,,1545,32389,100.0,53.5,37.0,49.7,6.4,44.4,12.2,24.2,69.9,72.3,65.1,87.6,14.8,44.0,40000.0,61763.0,20.0
state,55,U.S.-born,,297697,5606381,,0.0,0.3,50.0,22.1,33.0,5.3,1.0,77.0,79.6,73.4,95.2,18.2,40.0,42509.0,60000.0,24.0
state,55,All immigrants,,9594,308491,100.0,47.4,34.3,49.3,7.6,35.6,23.2,40.6,76.1,78.4,58.2,81.3,15.7,42.0,40000.0,52136.0,21.0
state,55,Mexico,Mexico,2419,90085,29.2,26.4,23.6,44.2,5.1,7.5,45.8,64.0,76.4,78.2,53.3,59.4,13.4,42.0,36028.0,42874.0,23.0
state,55,India,Asia,589,22216,7.2,36.7,53.9,44.8,7.5,85.4,4.9,14.3,85.8,86.7,57.2,94.0,1.1,40.0,90791.0,104271.0,13.0
state,55,China,Asia,450,14090,4.57,52.0,50.3,55.6,13.3,67.9,12.8,41.2,69.6,70.7,63.9,95.8,13.0,32.0,45000.0,78000.0,14.0
state,55,Laos,Asia,388,12244,3.97,84.6,9.0,52.7,1.4,14.3,41.5,67.3,72.4,73.1,79.4,95.3,32.8,54.0,31457.0,46322.0,35.0
state,55,Philippines,Asia,425,11214,3.64,64.5,37.8,69.3,8.9,49.8,6.2,30.8,80.9,85.7,70.8,96.8,12.7,45.0,36121.0,46322.0,21.0
state,55,Thailand,Asia,284,9976,3.23,77.3,19.1,50.5,12.6,27.9,13.4,31.9,79.5,81.0,68.7,92.4,27.0,33.0,42874.0,51469.0,28.0
state,55,Germany,Europe,460,8410,2.73,62.5,14.6,57.7,2.5,38.6,7.1,5.9,77.8,80.6,76.5,98.5,7.2,69.0,42874.0,67000.0,50.0
state,55,Canada,Canada and other Northern America,373,7946,2.58,45.7,30.7,51.7,8.5,57.4,2.0,2.0,72.6,73.5,77.0,97.6,5.6,49.0,55586.0,75145.0,23.0
state,55,South Korea,Asia,200,6036,1.96,72.9,25.2,51.2,4.2,66.8,2.5,19.5,69.3,74.1,66.4,96.1,13.6,42.0,59087.0,72057.0,31.0
state,55,Nicaragua,Central America,128,5465,1.77,14.0,79.3,54.5,13.5,21.6,34.7,75.2,80.9,86.2,11.6,49.1,12.6,30.0,24000.0,37500.0,3.0
state,56,U.S.-born,,28447,562417,,0.0,0.2,48.8,23.1,30.3,5.3,0.6,75.4,78.4,75.9,89.3,12.7,39.0,40146.0,57928.0,44.0
state,56,All immigrants,,850,19980,100.0,44.4,31.4,52.9,5.7,33.1,24.8,37.0,76.0,79.5,64.5,72.1,6.5,40.0,39108.0,53592.0,21.0
state,56,Mexico,Mexico,268,7508,37.58,32.3,21.2,40.5,4.4,6.8,48.3,61.1,81.6,83.0,60.7,50.6,5.4,40.0,42751.0,53528.0,22.0
us,,U.S.-born,,14125246,287633576,,0.0,0.6,50.4,24.6,35.8,7.2,2.0,71.0,75.1,70.0,93.0,21.3,36.0,41000.0,61404.0,26.0
us,,All immigrants,,1970482,47288927,100.0,52.3,31.9,51.0,5.9,34.7,24.9,46.3,73.8,77.6,57.6,81.6,19.8,46.0,38000.0,55736.0,23.0
us,,Mexico,Mexico,412556,10879003,23.01,34.6,18.5,47.6,3.7,9.2,50.2,64.6,71.8,75.3,55.2,64.8,20.5,46.0,32155.0,42509.0,26.0
us,,India,Asia,128240,2892285,6.12,47.3,47.3,47.3,6.5,80.7,6.4,20.9,78.8,81.5,64.6,95.6,7.6,41.0,93000.0,118379.0,16.0
us,,China,Asia,114563,2249979,4.76,51.6,40.8,55.1,4.8,52.2,20.2,57.6,71.6,75.0,67.8,93.7,21.4,46.0,41500.0,84575.0,18.0
us,,Philippines,Asia,105739,2047323,4.33,74.8,25.6,60.4,3.7,52.5,6.5,28.6,79.1,81.8,70.0,94.8,13.9,52.0,45017.0,63000.0,25.0
us,,El Salvador,Central America,52054,1473458,3.12,36.0,30.1,48.9,7.1,8.9,49.0,68.0,75.2,78.9,48.5,66.1,22.9,44.0,32734.0,41802.0,23.0
us,,Cuba,Caribbean,57301,1423551,3.01,61.0,39.0,49.8,4.5,26.0,21.0,62.5,74.7,78.6,56.0,83.8,24.2,52.0,30000.0,42874.0,20.0
us,,Vietnam,Asia,67854,1366677,2.89,78.7,23.5,53.8,3.4,28.7,29.1,65.2,76.0,79.2,75.5,93.3,25.4,52.0,33558.0,56000.0,29.0
us,,Dominican Republic,Caribbean,40610,1267474,2.68,56.1,37.9,54.4,8.3,18.0,31.0,63.5,70.0,76.8,34.6,86.5,42.5,45.0,29000.0,45000.0,21.0
us,,Guatemala,Central America,40422,1195952,2.53,26.0,43.2,43.1,12.1,8.3,55.2,71.6,73.1,76.9,32.5,52.2,21.6,37.0,30000.0,38000.0,18.0
us,,South Korea,Asia,51797,1037298,2.19,68.1,20.2,57.0,3.9,58.6,7.1,49.0,71.9,75.1,63.1,92.1,15.5,51.0,46089.0,80388.0,29.0
us,,Colombia,South America,38381,988209,2.09,56.1,38.3,55.4,6.6,36.2,14.1,54.1,75.5,79.5,52.5,81.3,17.1,46.0,34793.0,50913.0,22.0
us,,Honduras,Central America,26667,861085,1.82,21.3,54.3,49.0,17.3,10.3,47.6,70.4,70.3,75.1,31.6,46.1,17.5,35.0,28964.0,37514.0,12.0
us,,Jamaica,Caribbean,29284,828227,1.75,70.7,28.1,56.1,4.7,28.2,13.2,2.0,78.5,83.4,59.8,88.5,17.5,50.0,41159.0,54557.0,25.0
us,,Canada,Canada and other Northern America,44564,824607,1.74,51.3,28.0,52.8,5.3,52.9,5.5,3.2,74.2,76.9,76.2,95.0,7.4,54.0,60100.0,100000.0,27.0
us,,Haiti,Caribbean,23703,752070,1.59,60.5,36.4,52.9,6.9,21.4,21.0,47.1,74.6,80.5,51.5,83.1,24.0,46.0,33970.0,45017.0,21.0
us,,Venezuela,South America,24243,696285,1.47,28.5,70.5,51.1,13.3,51.5,8.2,56.5,76.0,80.4,37.1,81.0,13.1,39.0,35000.0,44938.0,8.0
us,,Brazil,South America,25061,643296,1.36,35.0,56.4,54.4,10.7,45.3,10.6,41.6,73.7,77.3,42.8,76.6,16.8,39.0,42509.0,61763.0,11.0
us,,Germany,Europe,29471,530942,1.12,64.4,18.8,60.5,2.8,41.1,7.8,7.7,72.7,75.2,75.7,95.8,9.7,61.0,43602.0,79941.0,39.0
us,,Ecuador,South America,18610,530063,1.12,47.6,33.2,48.7,6.6,20.8,26.6,62.0,75.9,80.6,45.2,73.0,24.6,44.0,34062.0,48000.0,23.0
us,,Peru,South America,19763,492575,1.04,61.4,24.9,52.7,4.8,32.3,10.9,51.4,77.7,81.7,58.5,81.9,17.7,50.0,36550.0,52136.0,24.0
us,,Nigeria,Africa,15005,472897,1.0,56.7,53.8,47.3,10.1,64.0,4.6,10.8,80.0,84.5,50.4,84.0,16.4,42.0,48233.0,64311.0,13.0
us,,Ukraine,Europe,18801,444564,0.94,64.1,36.9,55.1,8.2,54.1,5.6,49.8,73.5,77.8,56.2,89.2,29.8,43.0,41295.0,72873.0,21.0
us,,Other Ussr/russia,Europe,18794,421940,0.89,71.7,31.9,57.8,7.8,65.9,3.6,34.9,72.8,76.8,57.8,90.8,22.5,40.0,43234.0,78946.0,22.0
us,,Pakistan,Asia,18221,415744,0.88,70.4,36.9,47.1,6.5,57.6,12.4,32.8,67.8,71.6,64.4,89.8,24.7,44.0,46343.0,77203.0,20.0
us,,Iran,Asia,18860,409349,0.87,78.0,30.2,48.7,1.9,61.2,6.6,36.4,75.3,80.0,62.3,94.6,22.2,55.0,51011.0,92644.0,25.0
us,,Poland,Europe,18476,394342,0.83,75.5,12.4,56.3,1.3,39.1,9.2,41.0,78.7,81.8,77.0,90.9,11.9,54.0,48233.0,72873.0,30.0
us,,Taiwan,Asia,21782,380998,0.81,77.9,20.6,57.0,2.2,75.2,4.2,46.3,73.7,76.1,80.3,96.2,9.0,53.0,64311.0,105000.0,32.0
us,,Japan,Asia,17688,341168,0.72,34.6,36.5,64.2,7.7,55.2,5.2,45.4,68.4,70.5,56.5,96.1,7.8,50.0,49412.0,83417.0,23.0
us,,England,Europe,17592,326323,0.69,61.8,17.5,50.0,2.4,45.5,5.3,1.3,76.9,80.0,78.1,95.4,7.8,58.0,55000.0,92644.0,34.0
us,,Nicaragua,Central America,11835,312338,0.66,49.0,37.1,51.6,6.3,21.6,27.0,59.9,73.4,78.4,44.0,69.4,18.4,44.0,30364.0,43000.0,24.0
us,,Bangladesh,Asia,13868,309563,0.65,62.9,47.1,48.5,7.8,48.4,17.8,50.9,67.6,71.7,53.0,92.3,40.0,42.0,36028.0,60000.0,15.0
us,,United Kingdom (not specified),Europe,16334,306753,0.65,50.9,33.7,44.9,6.6,62.5,3.3,2.3,77.5,80.6,71.9,95.3,5.9,51.0,72873.0,115857.0,23.0
us,,Italy,Europe,15760,301034,0.64,72.0,18.2,48.6,2.8,31.2,24.8,28.8,74.9,78.2,77.4,96.4,11.1,66.0,39000.0,83604.0,50.0
us,,Ethiopia,Africa,9205,290698,0.61,67.8,45.8,48.7,11.6,34.0,14.0,38.8,73.7,79.1,47.4,86.4,27.3,40.0,38479.0,51448.0,15.0
us,,Guyana/british Guiana,South America,12016,286412,0.61,79.3,20.6,54.6,3.4,25.0,18.9,3.7,74.3,79.0,68.8,92.4,22.8,54.0,40000.0,57928.0,29.0
us,,Thailand,Asia,12219,260456,0.55,68.3,29.0,61.6,7.9,41.2,15.6,44.6,71.8,75.2,68.3,89.3,22.1,41.0,38190.0,54221.0,24.0
us,,Hong Kong,Asia,13956,242518,0.51,82.3,15.0,53.1,2.9,57.9,11.8,40.8,76.3,79.1,80.6,96.6,12.6,56.0,63721.0,100000.0,34.0
us,,Iraq,Asia,8483,232247,0.49,77.5,51.9,48.3,11.3,35.2,22.4,44.1,63.1,68.1,56.8,90.0,47.4,41.0,28297.0,53440.0,14.0
us,,Trinidad and Tobago,Caribbean,9292,231962,0.49,74.9,14.8,57.5,2.1,30.6,10.4,1.9,76.1,81.0,62.3,91.2,17.9,54.0,43234.0,61000.0,31.0
us,,Egypt/united Arab Rep,Africa,9272,228038,0.48,70.0,43.9,44.7,10.2,66.4,4.4,31.7,70.3,74.5,57.8,90.9,29.2,44.0,41295.0,71658.0,17.0
us,,Ghana,Africa,6963,211297,0.45,63.0,45.9,45.3,7.4,44.4,7.3,17.2,79.6,84.0,43.7,88.8,19.4,41.0,45293.0,60245.0,16.0
us,,Argentina,South America,9082,200079,0.42,59.7,26.8,49.8,4.0,43.1,10.5,33.0,77.1,80.1,62.7,87.2,11.4,50.0,46153.0,69514.0,24.0
us,,Afghanistan,Asia,7565,187814,0.4,39.4,73.2,47.3,29.3,31.5,27.4,52.5,59.1,65.0,30.0,91.7,60.7,32.0,30881.0,51469.0,7.0
us,,France,Europe,9409,186865,0.4,52.3,41.3,49.8,6.6,65.6,4.4,13.5,77.1,80.1,61.7,95.1,7.2,47.0,66910.0,109309.0,20.0
us,,Nepal,Asia,7501,179638,0.38,43.9,65.4,47.3,9.8,55.3,15.9,39.5,75.6,79.1,56.2,88.9,22.9,34.0,41295.0,58298.0,11.0
us,,Laos,Asia,7362,168675,0.36,83.8,7.9,50.8,1.0,16.0,35.2,62.2,70.9,73.4,75.8,92.8,26.0,54.0,37500.0,51469.0,39.0
us,,Kenya,Africa,5486,167093,0.35,58.9,45.6,52.1,11.2,49.7,4.8,17.4,81.2,85.2,46.9,87.7,18.8,39.0,50000.0,64311.0,16.0
us,,Romania,Europe,7770,161971,0.34,81.0,19.4,54.7,1.7,53.7,6.6,25.1,78.8,81.9,72.4,89.9,12.5,49.0,54557.0,80000.0,26.0
us,,Burma (myanmar),Asia,6852,160182,0.34,63.4,49.9,48.2,4.4,25.8,44.2,67.7,71.7,74.6,70.0,87.8,34.0,41.0,36436.0,45424.0,15.0
us,,Turkey,Asia,7015,158095,0.33,51.2,49.4,44.7,7.9,64.1,7.6,33.2,70.4,74.3,52.7,86.1,14.9,42.0,56538.0,92644.0,15.0
us,,Cambodia (kampuchea),Asia,7439,157329,0.33,79.7,18.7,55.4,2.9,18.5,36.7,63.3,71.9,75.5,73.5,92.5,28.2,53.0,34757.0,51618.0,35.0
us,,Lebanon,Asia,6130,140762,0.3,79.7,24.3,46.8,2.9,47.8,12.7,29.5,70.6,76.0,71.6,94.1,25.7,54.0,46459.0,85018.0,28.0
us,,Israel/palestine,Asia,6632,140728,0.3,69.3,32.8,43.6,8.6,55.0,7.0,17.6,76.3,79.8,63.8,95.2,15.5,47.0,63822.0,102897.0,24.0
us,,Portugal,Europe,6691,138241,0.29,72.9,10.1,50.0,1.5,16.5,38.7,41.5,72.4,75.1,75.2,94.5,15.0,60.0,39776.0,70000.0,45.0
us,,South Africa (union Of),Africa,6213,132876,0.28,61.5,39.3,47.9,7.7,59.0,3.2,5.6,77.4,80.5,66.9,92.6,8.0,45.0,63399.0,96466.0,21.0
us,,"Africa, Ns/nec",Africa,3564,131377,0.28,54.9,47.2,48.1,9.2,33.5,12.2,29.1,72.1,77.2,38.4,79.2,24.6,40.0,38866.0,50000.0,16.0
us,,Spain,Europe,5767,128223,0.27,44.5,48.5,49.7,12.7,55.5,11.6,28.6,74.1,76.5,57.2,92.8,10.1,45.0,53294.0,85000.0,15.0
us,,Ireland,Europe,6229,120276,0.25,67.9,20.3,47.5,3.0,42.5,9.2,2.3,81.0,84.9,75.4,95.9,9.7,57.0,58951.0,102938.0,34.0
us,,Chile,South America,5048,120270,0.25,51.8,34.9,50.4,9.7,40.1,9.3,42.3,74.7,79.3,53.5,84.8,15.1,48.0,40550.0,62167.0,24.0
us,,Greece,Europe,5916,117267,0.25,79.1,14.9,47.7,1.3,34.0,24.4,33.0,72.5,76.2,75.1,95.7,14.3,65.0,36337.0,85000.0,48.0
us,,Syria,Asia,4516,115421,0.24,66.1,47.7,46.5,11.4,40.1,20.6,45.0,60.6,65.6,52.5,91.8,40.0,46.0,34757.0,72057.0,16.0
us,,Albania,Europe,4470,112953,0.24,66.3,40.7,50.3,4.7,41.9,9.9,42.8,78.6,83.3,59.4,90.5,22.5,42.0,41534.0,56770.0,19.0
us,,Bosnia,Europe,4307,106574,0.23,83.1,7.8,49.8,0.7,25.4,13.2,42.2,78.8,81.6,77.4,93.3,16.9,48.0,46343.0,60000.0,26.0
us,,Armenia,Europe,4116,106158,0.22,71.4,34.5,53.4,6.0,42.5,6.6,50.0,65.4,72.3,44.5,92.7,44.9,46.0,36436.0,69514.0,23.0
us,,Panama,Central America,4429,105037,0.22,74.6,16.1,61.1,4.0,30.8,10.1,26.7,72.2,75.6,62.0,92.0,15.6,56.0,37074.0,55611.0,35.0
us,,Australia,Oceania,5298,102893,0.22,37.1,48.7,46.2,7.5,59.0,4.9,2.1,77.2,80.4,64.7,95.3,5.6,44.0,78783.0,117000.0,15.0
us,,Costa Rica,Central America,4118,100981,0.21,54.9,29.8,52.0,4.8,30.4,19.3,37.9,75.0,78.4,54.8,81.1,15.1,46.0,39116.0,57928.0,24.0
us,,"Asia, Nec/ns",Asia,4128,99995,0.21,61.6,37.5,47.2,7.3,48.1,15.3,35.0,67.4,71.3,55.2,89.4,24.8,43.0,45000.0,75029.0,21.0
us,,Indonesia,Asia,5071,99304,0.21,54.6,28.9,59.1,2.5,55.0,7.6,35.9,74.4,77.1,68.1,90.8,12.1,49.0,42874.0,66910.0,24.0
us,,Morocco,Africa,3771,97982,0.21,71.5,37.7,46.5,3.9,37.3,13.7,40.6,70.0,76.1,49.7,87.0,29.3,45.0,40550.0,62792.0,18.0
us,,Liberia,Africa,2581,95746,0.2,65.2,36.7,52.7,7.0,32.7,8.6,10.9,80.1,85.0,46.7,88.2,22.7,42.0,39337.0,48582.0,19.0
us,,Somalia,Africa,2088,95287,0.2,77.8,38.7,51.4,4.3,16.2,36.9,49.1,68.5,74.3,20.3,86.2,53.0,39.0,28964.0,42874.0,18.0
us,,Jordan,Asia,3508,89436,0.19,65.7,44.1,43.6,9.8,46.7,10.6,33.6,64.5,69.8,50.0,86.0,33.4,43.0,39015.0,63721.0,17.0
us,,Cameroon,Africa,2748,89114,0.19,54.7,58.2,50.1,8.1,52.7,7.8,21.5,79.0,84.0,45.5,83.1,19.4,38.0,46343.0,57928.0,12.0
us,,Bolivia,South America,3404,83158,0.18,60.9,22.7,54.0,4.8,36.5,11.8,42.3,79.5,81.7,65.9,81.2,15.6,48.0,40146.0,57928.0,25.0
us,,Malaysia,Asia,4003,82671,0.17,52.8,36.1,55.2,15.1,59.5,9.9,29.5,74.1,77.8,71.4,94.0,20.7,46.0,54000.0,90000.0,23.0
us,,Netherlands,Europe,4647,80521,0.17,56.0,23.2,45.6,3.7,51.6,5.1,6.0,75.7,77.8,75.1,97.2,7.5,61.0,53830.0,101825.0,34.0
us,,Uzbekistan,Europe,2909,75065,0.16,59.4,40.7,50.5,8.4,52.4,8.4,52.4,72.3,77.0,44.6,87.2,36.4,40.0,42509.0,62792.0,17.0
us,,Bulgaria,Europe,3462,74945,0.16,78.3,25.5,52.2,4.1,62.2,2.0,27.1,80.7,85.0,69.4,88.0,11.3,45.0,57344.0,78233.0,22.0
us,,Byelorussia,Europe,3291,74250,0.16,73.0,32.4,54.8,6.1,63.1,3.3,45.7,79.8,83.1,57.0,93.2,23.8,43.0,53528.0,85018.0,23.0
us,,"Ussr, Ns",Europe,3232,70553,0.15,80.2,18.5,52.7,0.2,73.2,3.7,47.9,76.4,80.3,63.3,94.3,22.2,58.0,53440.0,97791.0,29.0
us,,Yemen Arab Republic (north),Asia,2291,70534,0.15,69.6,50.0,47.6,15.9,14.9,41.6,58.8,49.3,52.9,49.5,88.7,60.5,35.0,29756.0,45500.0,14.0
us,,Zaire,Africa,1948,62919,0.13,43.4,74.2,46.3,14.9,29.4,17.4,52.6,76.3,82.2,37.2,82.8,32.7,34.0,32425.0,41802.0,9.0
us,,Hungary,Europe,3275,61603,0.13,73.6,21.0,55.3,2.6,46.4,6.8,21.2,73.8,78.3,69.7,91.7,12.7,60.0,44674.0,76000.0,34.0
us,,Saudi Arabia,Asia,2210,60210,0.13,38.0,67.0,44.9,14.5,76.2,2.8,25.3,55.2,59.4,35.5,89.6,14.1,30.0,42509.0,80000.0,10.0
us,,Sudan,Africa,1755,60102,0.13,62.2,49.7,43.6,8.6,42.9,14.9,42.9,69.7,77.0,33.4,81.0,36.8,41.0,36028.0,48582.0,15.0
us,,Sri Lanka (ceylon),Asia,2918,58715,0.12,61.6,37.4,50.5,4.5,57.0,8.3,25.0,76.6,80.8,65.9,93.4,15.0,47.0,54557.0,81100.0,19.0
us,,Moldavia,Europe,2275,56897,0.12,67.2,39.8,53.1,4.7,48.3,7.1,42.6,75.9,79.7,65.3,83.8,24.3,38.0,44803.0,68015.0,17.0
us,,Scotland,Europe,3094,56735,0.12,60.7,14.9,53.5,1.7,42.6,5.4,0.6,76.5,79.0,81.0,96.4,6.3,62.0,52498.0,95394.0,38.0
us,,Uruguay,South America,2121,54162,0.11,54.5,18.0,47.5,2.9,23.6,20.7,46.8,77.8,80.4,56.4,80.4,13.1,50.0,41175.0,58298.0,23.0
us,,Eritrea,Africa,1648,49866,0.11,65.3,44.5,48.0,7.6,24.4,23.1,43.6,71.6,75.8,52.6,87.9,33.4,45.0,37881.0,50000.0,16.0
us,,Barbados,Caribbean,2007,49805,0.11,79.3,10.8,57.5,1.0,29.0,11.6,1.1,77.2,80.9,60.5,95.9,19.3,60.0,40000.0,60727.0,38.0
us,,Belize/british Honduras,Central America,2009,47456,0.1,65.1,19.1,58.0,3.3,25.3,17.4,9.6,71.6,76.4,56.1,86.1,22.6,53.0,36436.0,56770.0,32.0
us,,Sierra Leone,Africa,1566,47021,0.1,68.0,35.8,52.8,4.1,36.2,11.7,17.5,79.7,84.9,50.0,87.6,21.7,43.0,42995.0,52136.0,21.0
us,,"Western Africa, Ns",Africa,1358,45982,0.1,49.5,54.2,40.6,6.8,39.7,18.1,43.6,76.0,82.4,29.2,77.8,27.1,38.0,37044.0,48660.0,13.0
us,,Cape Verde,Canada and other Northern America,1597,45726,0.1,67.9,36.5,55.6,8.6,14.1,35.5,51.9,76.9,81.7,50.1,92.0,39.2,45.0,36028.0,50629.0,20.0
us,,Kazakhstan,Europe,2027,45449,0.1,56.5,49.5,59.6,13.7,62.9,4.7,38.4,68.8,73.0,55.2,86.1,23.0,35.0,39546.0,69514.0,15.0
us,,Sweden,Europe,2479,45422,0.1,54.0,31.3,56.9,5.7,58.8,2.1,5.1,75.4,77.5,68.4,96.5,7.5,51.0,66500.0,112202.0,25.0
us,,Bhutan,Asia,1448,44411,0.09,72.2,62.2,45.9,2.8,11.8,55.5,69.3,71.7,74.2,73.5,88.3,46.2,41.0,30869.0,40080.0,13.0
us,,Congo,Africa,1115,42582,0.09,31.7,77.3,50.5,18.5,21.2,24.9,55.0,69.5,74.3,32.0,83.6,41.5,32.0,31000.0,39594.0,8.0
us,,Serbia,Europe,1904,42253,0.09,67.5,32.2,50.9,2.7,49.2,6.8,26.3,78.9,82.8,66.2,88.4,11.2,47.0,56204.0,79262.0,24.0
us,,Fiji,Oceania,1926,41423,0.09,76.5,22.2,53.6,2.6,23.4,18.6,25.9,75.7,80.2,74.7,95.3,19.8,51.0,48233.0,63157.0,27.0
us,,Uganda,Africa,1531,41163,0.09,48.6,58.9,48.6,22.9,58.6,6.8,15.7,75.9,80.2,42.9,89.0,33.9,37.0,42874.0,57928.0,11.0
us,,Croatia,Europe,1933,39584,0.08,81.7,13.1,51.8,1.0,39.6,12.6,28.0,77.3,81.6,75.6,92.7,10.4,58.0,47268.0,75029.0,30.0
us,,Switzerland,Europe,2206,39064,0.08,56.9,29.6,48.5,7.4,61.1,3.3,8.3,73.5,76.7,69.1,96.5,7.2,54.0,59189.0,107184.0,28.0
us,,Austria,Europe,2194,38894,0.08,63.7,18.1,52.7,2.0,48.1,6.5,5.4,74.0,77.0,74.9,97.0,9.5,68.0,44263.0,91091.0,48.0
us,,"Europe, Ns",Europe,1861,38576,0.08,71.1,19.8,55.7,2.0,47.5,8.8,15.1,75.6,78.4,67.3,91.8,12.0,51.0,46343.0,75029.0,28.0
us,,Algeria,Africa,1415,37937,0.08,58.7,54.7,41.3,5.5,56.6,10.4,46.5,72.2,78.3,36.7,82.3,28.3,40.0,38464.0,61942.0,13.0
us,,Singapore,Asia,1992,37586,0.08,38.0,44.8,53.1,10.9,73.0,3.9,11.0,71.5,74.9,65.7,96.8,4.7,39.0,58675.0,100879.0,17.0
us,,Bahamas,Caribbean,1395,36758,0.08,50.3,38.3,55.7,6.8,40.0,6.9,2.5,74.4,79.2,52.4,83.9,14.6,44.0,38050.0,57879.0,23.0
us,,Tanzania,Africa,1374,36453,0.08,48.5,49.0,52.6,22.0,52.2,10.0,29.7,70.7,76.5,50.7,87.1,31.6,36.0,41175.0,60023.0,15.0
us,,"Eastern Africa, Nec/ns",Africa,1226,36171,0.08,50.8,52.4,52.2,15.3,47.9,12.3,29.8,71.7,76.8,49.6,88.1,28.8,39.0,37600.0,57084.0,14.0
us,,Micronesia,Oceania,1328,36011,0.08,12.0,53.9,51.9,12.1,10.4,21.8,46.9,67.3,72.2,16.9,74.9,29.0,35.0,31900.0,39000.0,13.0
us,,Senegal,Africa,1053,35992,0.08,56.0,34.1,39.7,4.3,37.4,15.7,35.9,74.5,82.2,39.2,77.9,19.3,44.0,42509.0,58420.0,20.0
us,,Kuwait,Asia,1432,35931,0.08,64.9,40.2,43.8,7.5,62.2,4.7,20.2,67.3,71.3,58.8,89.0,19.5,41.0,57928.0,87000.0,20.0
us,,Togo,Africa,1064,35569,0.08,60.6,54.3,45.3,8.3,29.2,18.2,47.3,78.8,83.6,36.8,82.9,23.8,37.0,39855.0,47367.0,13.0
us,,Belgium,Europe,1844,35339,0.07,57.7,31.3,50.0,7.1,63.9,3.9,7.3,75.4,78.6,70.1,95.7,9.2,51.0,69514.0,107184.0,26.0
us,,Lithuania,Europe,1541,34942,0.07,62.8,26.5,58.2,3.1,58.4,3.9,31.7,77.6,79.8,70.9,87.8,14.1,47.0,48554.0,72057.0,23.0
us,,New Zealand,Oceania,1715,33566,0.07,45.4,37.6,45.3,4.7,54.1,4.9,2.2,73.8,77.1,69.9,93.1,5.2,48.0,66800.0,97320.0,22.0
us,,Republic of Georgia,Europe,1292,32323,0.07,55.0,48.0,52.9,7.3,61.8,3.8,51.5,74.7,81.0,39.4,87.5,32.1,43.0,41793.0,63721.0,16.0
us,,Grenada,Caribbean,1128,31402,0.07,74.4,14.4,58.8,2.9,29.3,13.9,1.0,74.4,82.5,53.0,92.1,22.9,56.0,40866.0,61404.0,34.0
us,,Former Yugoslavia,Europe,1340,30711,0.06,84.8,10.8,51.6,0.7,31.8,17.4,31.8,79.6,82.6,79.3,93.4,13.9,62.0,43845.0,75302.0,35.0
us,,Ivory Coast,Africa,947,30681,0.06,56.9,50.6,50.5,7.2,37.0,14.3,37.5,77.7,81.7,35.5,80.9,23.0,39.0,40809.0,51127.0,14.0
us,,Dominica,Caribbean,959,30517,0.06,68.7,33.9,56.6,5.7,29.8,17.1,27.2,76.9,81.9,46.7,86.4,23.5,47.0,39116.0,48233.0,23.0
us,,Zimbabwe,Africa,1159,29376,0.06,54.0,41.6,47.2,6.5,62.1,3.4,9.0,81.1,84.0,57.7,90.1,9.1,41.0,64311.0,78244.0,18.0
us,,United Arab Emirates,Asia,1244,28419,0.06,45.2,64.9,49.4,26.0,78.2,2.3,10.8,68.9,73.3,53.2,90.8,16.1,27.0,60727.0,87447.0,10.0
us,,St. Lucia,Caribbean,937,28240,0.06,67.3,27.7,57.2,2.6,25.9,17.2,6.3,73.1,82.2,52.8,87.0,21.6,48.0,41175.0,60023.0,24.0
us,,Azerbaijan,Europe,1169,28111,0.06,68.5,35.0,52.0,6.6,61.2,6.1,49.7,74.1,77.0,49.6,92.5,27.8,46.0,44803.0,77203.0,24.0
us,,Czech Republic,Europe,1337,27884,0.06,61.4,27.6,60.8,2.0,47.8,3.5,17.9,76.8,80.7,68.0,90.3,9.9,47.0,52601.0,86893.0,25.0
us,,Macedonia,Europe,1174,27874,0.06,66.1,33.4,46.2,2.4,35.0,15.8,37.2,74.7,79.6,71.3,85.8,17.7,46.0,41175.0,60727.0,22.0
us,,"Caribbean, Ns",Caribbean,1005,25560,0.05,62.5,26.6,50.1,5.9,42.8,7.7,6.4,76.8,80.0,62.5,92.8,13.1,49.0,41999.0,56616.0,29.0
us,,Denmark,Europe,1466,25112,0.05,54.6,27.9,50.1,4.8,57.1,6.6,5.5,73.9,75.7,70.3,95.6,6.6,55.0,68379.0,133600.0,29.0
