month,fiscal_year,agency,border,office,encounter_type,encounters
1999-10,2000,Border Patrol,"Air, sea and other",Livermore Sector,Apprehensions,716
1999-10,2000,Border Patrol,"Air, sea and other",Miami Sector,Apprehensions,401
1999-10,2000,Border Patrol,"Air, sea and other",New Orleans Sector,Apprehensions,559
1999-10,2000,Border Patrol,"Air, sea and other",Ramey Sector,Apprehensions,221
1999-10,2000,Border Patrol,Northern border,Blaine Sector,Apprehensions,246
1999-10,2000,Border Patrol,Northern border,Buffalo Sector,Apprehensions,168
1999-10,2000,Border Patrol,Northern border,Detroit Sector,Apprehensions,213
1999-10,2000,Border Patrol,Northern border,Grand Forks Sector,Apprehensions,68
1999-10,2000,Border Patrol,Northern border,Havre Sector,Apprehensions,73
1999-10,2000,Border Patrol,Northern border,Houlton Sector,Apprehensions,51
1999-10,2000,Border Patrol,Northern border,Spokane Sector,Apprehensions,112
1999-10,2000,Border Patrol,Northern border,Swanton Sector,Apprehensions,153
1999-10,2000,Border Patrol,Southwest border,Big Bend Sector,Apprehensions,891
1999-10,2000,Border Patrol,Southwest border,Del Rio Sector,Apprehensions,8161
1999-10,2000,Border Patrol,Southwest border,El Centro Sector,Apprehensions,13761
1999-10,2000,Border Patrol,Southwest border,El Paso Sector,Apprehensions,6386
1999-10,2000,Border Patrol,Southwest border,Laredo Sector,Apprehensions,6962
1999-10,2000,Border Patrol,Southwest border,Rio Grande Valley Sector,Apprehensions,8416
1999-10,2000,Border Patrol,Southwest border,San Diego Sector,Apprehensions,9046
1999-10,2000,Border Patrol,Southwest border,Tucson Sector,Apprehensions,32384
1999-10,2000,Border Patrol,Southwest border,Yuma Sector,Apprehensions,5403
1999-11,2000,Border Patrol,"Air, sea and other",Livermore Sector,Apprehensions,523
1999-11,2000,Border Patrol,"Air, sea and other",Miami Sector,Apprehensions,342
1999-11,2000,Border Patrol,"Air, sea and other",New Orleans Sector,Apprehensions,626
1999-11,2000,Border Patrol,"Air, sea and other",Ramey Sector,Apprehensions,102
1999-11,2000,Border Patrol,Northern border,Blaine Sector,Apprehensions,184
1999-11,2000,Border Patrol,Northern border,Buffalo Sector,Apprehensions,106
1999-11,2000,Border Patrol,Northern border,Detroit Sector,Apprehensions,145
1999-11,2000,Border Patrol,Northern border,Grand Forks Sector,Apprehensions,30
1999-11,2000,Border Patrol,Northern border,Havre Sector,Apprehensions,82
1999-11,2000,Border Patrol,Northern border,Houlton Sector,Apprehensions,37
1999-11,2000,Border Patrol,Northern border,Spokane Sector,Apprehensions,103
1999-11,2000,Border Patrol,Northern border,Swanton Sector,Apprehensions,111
1999-11,2000,Border Patrol,Southwest border,Big Bend Sector,Apprehensions,1111
1999-11,2000,Border Patrol,Southwest border,Del Rio Sector,Apprehensions,6812
1999-11,2000,Border Patrol,Southwest border,El Centro Sector,Apprehensions,11035
1999-11,2000,Border Patrol,Southwest border,El Paso Sector,Apprehensions,5203
1999-11,2000,Border Patrol,Southwest border,Laredo Sector,Apprehensions,6058
1999-11,2000,Border Patrol,Southwest border,Rio Grande Valley Sector,Apprehensions,7371
1999-11,2000,Border Patrol,Southwest border,San Diego Sector,Apprehensions,7620
1999-11,2000,Border Patrol,Southwest border,Tucson Sector,Apprehensions,25767
1999-11,2000,Border Patrol,Southwest border,Yuma Sector,Apprehensions,5219
1999-12,2000,Border Patrol,"Air, sea and other",Livermore Sector,Apprehensions,514
1999-12,2000,Border Patrol,"Air, sea and other",Miami Sector,Apprehensions,493
1999-12,2000,Border Patrol,"Air, sea and other",New Orleans Sector,Apprehensions,333
1999-12,2000,Border Patrol,"Air, sea and other",Ramey Sector,Apprehensions,115
1999-12,2000,Border Patrol,Northern border,Blaine Sector,Apprehensions,177
1999-12,2000,Border Patrol,Northern border,Buffalo Sector,Apprehensions,61
1999-12,2000,Border Patrol,Northern border,Detroit Sector,Apprehensions,191
1999-12,2000,Border Patrol,Northern border,Grand Forks Sector,Apprehensions,20
1999-12,2000,Border Patrol,Northern border,Havre Sector,Apprehensions,80
1999-12,2000,Border Patrol,Northern border,Houlton Sector,Apprehensions,32
1999-12,2000,Border Patrol,Northern border,Spokane Sector,Apprehensions,65
1999-12,2000,Border Patrol,Northern border,Swanton Sector,Apprehensions,125
1999-12,2000,Border Patrol,Southwest border,Big Bend Sector,Apprehensions,1192
1999-12,2000,Border Patrol,Southwest border,Del Rio Sector,Apprehensions,5118
1999-12,2000,Border Patrol,Southwest border,El Centro Sector,Apprehensions,8882
1999-12,2000,Border Patrol,Southwest border,El Paso Sector,Apprehensions,4651
1999-12,2000,Border Patrol,Southwest border,Laredo Sector,Apprehensions,4477
1999-12,2000,Border Patrol,Southwest border,Rio Grande Valley Sector,Apprehensions,5808
1999-12,2000,Border Patrol,Southwest border,San Diego Sector,Apprehensions,5978
1999-12,2000,Border Patrol,Southwest border,Tucson Sector,Apprehensions,30182
1999-12,2000,Border Patrol,Southwest border,Yuma Sector,Apprehensions,4964
2000-01,2000,Border Patrol,"Air, sea and other",Livermore Sector,Apprehensions,527
2000-01,2000,Border Patrol,"Air, sea and other",Miami Sector,Apprehensions,375
2000-01,2000,Border Patrol,"Air, sea and other",New Orleans Sector,Apprehensions,596
2000-01,2000,Border Patrol,"Air, sea and other",Ramey Sector,Apprehensions,142
2000-01,2000,Border Patrol,Northern border,Blaine Sector,Apprehensions,228
2000-01,2000,Border Patrol,Northern border,Buffalo Sector,Apprehensions,80
2000-01,2000,Border Patrol,Northern border,Detroit Sector,Apprehensions,190
2000-01,2000,Border Patrol,Northern border,Grand Forks Sector,Apprehensions,33
2000-01,2000,Border Patrol,Northern border,Havre Sector,Apprehensions,122
2000-01,2000,Border Patrol,Northern border,Houlton Sector,Apprehensions,25
2000-01,2000,Border Patrol,Northern border,Spokane Sector,Apprehensions,92
2000-01,2000,Border Patrol,Northern border,Swanton Sector,Apprehensions,97
2000-01,2000,Border Patrol,Southwest border,Big Bend Sector,Apprehensions,1093
2000-01,2000,Border Patrol,Southwest border,Del Rio Sector,Apprehensions,20354
2000-01,2000,Border Patrol,Southwest border,El Centro Sector,Apprehensions,21924
2000-01,2000,Border Patrol,Southwest border,El Paso Sector,Apprehensions,14914
2000-01,2000,Border Patrol,Southwest border,Laredo Sector,Apprehensions,13794
2000-01,2000,Border Patrol,Southwest border,Rio Grande Valley Sector,Apprehensions,15443
2000-01,2000,Border Patrol,Southwest border,San Diego Sector,Apprehensions,15363
2000-01,2000,Border Patrol,Southwest border,Tucson Sector,Apprehensions,70632
2000-01,2000,Border Patrol,Southwest border,Yuma Sector,Apprehensions,12462
2000-02,2000,Border Patrol,"Air, sea and other",Livermore Sector,Apprehensions,525
2000-02,2000,Border Patrol,"Air, sea and other",Miami Sector,Apprehensions,562
2000-02,2000,Border Patrol,"Air, sea and other",New Orleans Sector,Apprehensions,684
2000-02,2000,Border Patrol,"Air, sea and other",Ramey Sector,Apprehensions,28
2000-02,2000,Border Patrol,Northern border,Blaine Sector,Apprehensions,204
2000-02,2000,Border Patrol,Northern border,Buffalo Sector,Apprehensions,65
2000-02,2000,Border Patrol,Northern border,Detroit Sector,Apprehensions,183
2000-02,2000,Border Patrol,Northern border,Grand Forks Sector,Apprehensions,33
2000-02,2000,Border Patrol,Northern border,Havre Sector,Apprehensions,78
2000-02,2000,Border Patrol,Northern border,Houlton Sector,Apprehensions,42
2000-02,2000,Border Patrol,Northern border,Spokane Sector,Apprehensions,100
2000-02,2000,Border Patrol,Northern border,Swanton Sector,Apprehensions,87
2000-02,2000,Border Patrol,Southwest border,Big Bend Sector,Apprehensions,1675
2000-02,2000,Border Patrol,Southwest border,Del Rio Sector,Apprehensions,24706
2000-02,2000,Border Patrol,Southwest border,El Centro Sector,Apprehensions,31072
2000-02,2000,Border Patrol,Southwest border,El Paso Sector,Apprehensions,15049
2000-02,2000,Border Patrol,Southwest border,Laredo Sector,Apprehensions,14745
2000-02,2000,Border Patrol,Southwest border,Rio Grande Valley Sector,Apprehensions,16814
2000-02,2000,Border Patrol,Southwest border,San Diego Sector,Apprehensions,20204
2000-02,2000,Border Patrol,Southwest border,Tucson Sector,Apprehensions,73506
2000-02,2000,Border Patrol,Southwest border,Yuma Sector,Apprehensions,13557
2000-03,2000,Border Patrol,"Air, sea and other",Livermore Sector,Apprehensions,588
2000-03,2000,Border Patrol,"Air, sea and other",Miami Sector,Apprehensions,614
2000-03,2000,Border Patrol,"Air, sea and other",New Orleans Sector,Apprehensions,1000
2000-03,2000,Border Patrol,"Air, sea and other",Ramey Sector,Apprehensions,71
2000-03,2000,Border Patrol,Northern border,Blaine Sector,Apprehensions,226
2000-03,2000,Border Patrol,Northern border,Buffalo Sector,Apprehensions,117
2000-03,2000,Border Patrol,Northern border,Detroit Sector,Apprehensions,227
2000-03,2000,Border Patrol,Northern border,Grand Forks Sector,Apprehensions,71
2000-03,2000,Border Patrol,Northern border,Havre Sector,Apprehensions,100
2000-03,2000,Border Patrol,Northern border,Houlton Sector,Apprehensions,25
2000-03,2000,Border Patrol,Northern border,Spokane Sector,Apprehensions,95
2000-03,2000,Border Patrol,Northern border,Swanton Sector,Apprehensions,108
2000-03,2000,Border Patrol,Southwest border,Big Bend Sector,Apprehensions,1597
2000-03,2000,Border Patrol,Southwest border,Del Rio Sector,Apprehensions,24416
2000-03,2000,Border Patrol,Southwest border,El Centro Sector,Apprehensions,33301
2000-03,2000,Border Patrol,Southwest border,El Paso Sector,Apprehensions,16018
2000-03,2000,Border Patrol,Southwest border,Laredo Sector,Apprehensions,15549
2000-03,2000,Border Patrol,Southwest border,Rio Grande Valley Sector,Apprehensions,17995
2000-03,2000,Border Patrol,Southwest border,San Diego Sector,Apprehensions,18279
2000-03,2000,Border Patrol,Southwest border,Tucson Sector,Apprehensions,76245
2000-03,2000,Border Patrol,Southwest border,Yuma Sector,Apprehensions,16663
2000-04,2000,Border Patrol,"Air, sea and other",Livermore Sector,Apprehensions,496
2000-04,2000,Border Patrol,"Air, sea and other",Miami Sector,Apprehensions,461
2000-04,2000,Border Patrol,"Air, sea and other",New Orleans Sector,Apprehensions,581
2000-04,2000,Border Patrol,"Air, sea and other",Ramey Sector,Apprehensions,63
2000-04,2000,Border Patrol,Northern border,Blaine Sector,Apprehensions,200
2000-04,2000,Border Patrol,Northern border,Buffalo Sector,Apprehensions,117
2000-04,2000,Border Patrol,Northern border,Detroit Sector,Apprehensions,169
2000-04,2000,Border Patrol,Northern border,Grand Forks Sector,Apprehensions,44
2000-04,2000,Border Patrol,Northern border,Havre Sector,Apprehensions,190
2000-04,2000,Border Patrol,Northern border,Houlton Sector,Apprehensions,30
2000-04,2000,Border Patrol,Northern border,Spokane Sector,Apprehensions,80
2000-04,2000,Border Patrol,Northern border,Swanton Sector,Apprehensions,132
2000-04,2000,Border Patrol,Southwest border,Big Bend Sector,Apprehensions,1272
2000-04,2000,Border Patrol,Southwest border,Del Rio Sector,Apprehensions,18145
2000-04,2000,Border Patrol,Southwest border,El Centro Sector,Apprehensions,26534
2000-04,2000,Border Patrol,Southwest border,El Paso Sector,Apprehensions,12883
2000-04,2000,Border Patrol,Southwest border,Laredo Sector,Apprehensions,11174
2000-04,2000,Border Patrol,Southwest border,Rio Grande Valley Sector,Apprehensions,15005
2000-04,2000,Border Patrol,Southwest border,San Diego Sector,Apprehensions,16751
2000-04,2000,Border Patrol,Southwest border,Tucson Sector,Apprehensions,65213
2000-04,2000,Border Patrol,Southwest border,Yuma Sector,Apprehensions,13073
2000-05,2000,Border Patrol,"Air, sea and other",Livermore Sector,Apprehensions,529
2000-05,2000,Border Patrol,"Air, sea and other",Miami Sector,Apprehensions,613
2000-05,2000,Border Patrol,"Air, sea and other",New Orleans Sector,Apprehensions,507
2000-05,2000,Border Patrol,"Air, sea and other",Ramey Sector,Apprehensions,202
2000-05,2000,Border Patrol,Northern border,Blaine Sector,Apprehensions,311
2000-05,2000,Border Patrol,Northern border,Buffalo Sector,Apprehensions,110
2000-05,2000,Border Patrol,Northern border,Detroit Sector,Apprehensions,146
2000-05,2000,Border Patrol,Northern border,Grand Forks Sector,Apprehensions,57
2000-05,2000,Border Patrol,Northern border,Havre Sector,Apprehensions,246
2000-05,2000,Border Patrol,Northern border,Houlton Sector,Apprehensions,30
2000-05,2000,Border Patrol,Northern border,Spokane Sector,Apprehensions,102
2000-05,2000,Border Patrol,Northern border,Swanton Sector,Apprehensions,118
2000-05,2000,Border Patrol,Southwest border,Big Bend Sector,Apprehensions,1154
2000-05,2000,Border Patrol,Southwest border,Del Rio Sector,Apprehensions,13443
2000-05,2000,Border Patrol,Southwest border,El Centro Sector,Apprehensions,27460
2000-05,2000,Border Patrol,Southwest border,El Paso Sector,Apprehensions,10645
2000-05,2000,Border Patrol,Southwest border,Laredo Sector,Apprehensions,9707
2000-05,2000,Border Patrol,Southwest border,Rio Grande Valley Sector,Apprehensions,12390
2000-05,2000,Border Patrol,Southwest border,San Diego Sector,Apprehensions,16615
2000-05,2000,Border Patrol,Southwest border,Tucson Sector,Apprehensions,62555
2000-05,2000,Border Patrol,Southwest border,Yuma Sector,Apprehensions,12327
2000-06,2000,Border Patrol,"Air, sea and other",Livermore Sector,Apprehensions,449
2000-06,2000,Border Patrol,"Air, sea and other",Miami Sector,Apprehensions,483
2000-06,2000,Border Patrol,"Air, sea and other",New Orleans Sector,Apprehensions,375
2000-06,2000,Border Patrol,"Air, sea and other",Ramey Sector,Apprehensions,124
2000-06,2000,Border Patrol,Northern border,Blaine Sector,Apprehensions,229
2000-06,2000,Border Patrol,Northern border,Buffalo Sector,Apprehensions,109
2000-06,2000,Border Patrol,Northern border,Detroit Sector,Apprehensions,138
2000-06,2000,Border Patrol,Northern border,Grand Forks Sector,Apprehensions,57
2000-06,2000,Border Patrol,Northern border,Havre Sector,Apprehensions,129
2000-06,2000,Border Patrol,Northern border,Houlton Sector,Apprehensions,25
2000-06,2000,Border Patrol,Northern border,Spokane Sector,Apprehensions,118
2000-06,2000,Border Patrol,Northern border,Swanton Sector,Apprehensions,140
2000-06,2000,Border Patrol,Southwest border,Big Bend Sector,Apprehensions,885
2000-06,2000,Border Patrol,Southwest border,Del Rio Sector,Apprehensions,7820
2000-06,2000,Border Patrol,Southwest border,El Centro Sector,Apprehensions,20071
2000-06,2000,Border Patrol,Southwest border,El Paso Sector,Apprehensions,7637
2000-06,2000,Border Patrol,Southwest border,Laredo Sector,Apprehensions,6436
2000-06,2000,Border Patrol,Southwest border,Rio Grande Valley Sector,Apprehensions,7764
2000-06,2000,Border Patrol,Southwest border,San Diego Sector,Apprehensions,13186
2000-06,2000,Border Patrol,Southwest border,Tucson Sector,Apprehensions,44341
2000-06,2000,Border Patrol,Southwest border,Yuma Sector,Apprehensions,6953
2000-07,2000,Border Patrol,"Air, sea and other",Livermore Sector,Apprehensions,395
2000-07,2000,Border Patrol,"Air, sea and other",Miami Sector,Apprehensions,639
2000-07,2000,Border Patrol,"Air, sea and other",New Orleans Sector,Apprehensions,262
2000-07,2000,Border Patrol,"Air, sea and other",Ramey Sector,Apprehensions,99
2000-07,2000,Border Patrol,Northern border,Blaine Sector,Apprehensions,196
2000-07,2000,Border Patrol,Northern border,Buffalo Sector,Apprehensions,185
2000-07,2000,Border Patrol,Northern border,Detroit Sector,Apprehensions,165
2000-07,2000,Border Patrol,Northern border,Grand Forks Sector,Apprehensions,36
2000-07,2000,Border Patrol,Northern border,Havre Sector,Apprehensions,120
2000-07,2000,Border Patrol,Northern border,Houlton Sector,Apprehensions,45
2000-07,2000,Border Patrol,Northern border,Spokane Sector,Apprehensions,156
2000-07,2000,Border Patrol,Northern border,Swanton Sector,Apprehensions,370
2000-07,2000,Border Patrol,Southwest border,Big Bend Sector,Apprehensions,921
2000-07,2000,Border Patrol,Southwest border,Del Rio Sector,Apprehensions,9373
2000-07,2000,Border Patrol,Southwest border,El Centro Sector,Apprehensions,15820
2000-07,2000,Border Patrol,Southwest border,El Paso Sector,Apprehensions,7533
2000-07,2000,Border Patrol,Southwest border,Laredo Sector,Apprehensions,6760
2000-07,2000,Border Patrol,Southwest border,Rio Grande Valley Sector,Apprehensions,9842
2000-07,2000,Border Patrol,Southwest border,San Diego Sector,Apprehensions,10630
2000-07,2000,Border Patrol,Southwest border,Tucson Sector,Apprehensions,46849
2000-07,2000,Border Patrol,Southwest border,Yuma Sector,Apprehensions,6228
2000-08,2000,Border Patrol,"Air, sea and other",Livermore Sector,Apprehensions,517
2000-08,2000,Border Patrol,"Air, sea and other",Miami Sector,Apprehensions,543
2000-08,2000,Border Patrol,"Air, sea and other",New Orleans Sector,Apprehensions,392
2000-08,2000,Border Patrol,"Air, sea and other",Ramey Sector,Apprehensions,284
2000-08,2000,Border Patrol,Northern border,Blaine Sector,Apprehensions,197
2000-08,2000,Border Patrol,Northern border,Buffalo Sector,Apprehensions,219
2000-08,2000,Border Patrol,Northern border,Detroit Sector,Apprehensions,130
2000-08,2000,Border Patrol,Northern border,Grand Forks Sector,Apprehensions,48
2000-08,2000,Border Patrol,Northern border,Havre Sector,Apprehensions,178
2000-08,2000,Border Patrol,Northern border,Houlton Sector,Apprehensions,105
2000-08,2000,Border Patrol,Northern border,Spokane Sector,Apprehensions,154
2000-08,2000,Border Patrol,Northern border,Swanton Sector,Apprehensions,374
2000-08,2000,Border Patrol,Southwest border,Big Bend Sector,Apprehensions,998
2000-08,2000,Border Patrol,Southwest border,Del Rio Sector,Apprehensions,10132
2000-08,2000,Border Patrol,Southwest border,El Centro Sector,Apprehensions,15018
2000-08,2000,Border Patrol,Southwest border,El Paso Sector,Apprehensions,8106
2000-08,2000,Border Patrol,Southwest border,Laredo Sector,Apprehensions,6971
2000-08,2000,Border Patrol,Southwest border,Rio Grande Valley Sector,Apprehensions,9073
2000-08,2000,Border Patrol,Southwest border,San Diego Sector,Apprehensions,9356
2000-08,2000,Border Patrol,Southwest border,Tucson Sector,Apprehensions,47905
2000-08,2000,Border Patrol,Southwest border,Yuma Sector,Apprehensions,6753
2000-09,2000,Border Patrol,"Air, sea and other",Livermore Sector,Apprehensions,426
2000-09,2000,Border Patrol,"Air, sea and other",Miami Sector,Apprehensions,711
2000-09,2000,Border Patrol,"Air, sea and other",New Orleans Sector,Apprehensions,563
2000-09,2000,Border Patrol,"Air, sea and other",Ramey Sector,Apprehensions,280
2000-09,2000,Border Patrol,Northern border,Blaine Sector,Apprehensions,183
2000-09,2000,Border Patrol,Northern border,Buffalo Sector,Apprehensions,233
2000-09,2000,Border Patrol,Northern border,Detroit Sector,Apprehensions,160
2000-09,2000,Border Patrol,Northern border,Grand Forks Sector,Apprehensions,65
2000-09,2000,Border Patrol,Northern border,Havre Sector,Apprehensions,170
2000-09,2000,Border Patrol,Northern border,Houlton Sector,Apprehensions,42
2000-09,2000,Border Patrol,Northern border,Spokane Sector,Apprehensions,147
2000-09,2000,Border Patrol,Northern border,Swanton Sector,Apprehensions,142
2000-09,2000,Border Patrol,Southwest border,Big Bend Sector,Apprehensions,900
2000-09,2000,Border Patrol,Southwest border,Del Rio Sector,Apprehensions,8698
2000-09,2000,Border Patrol,Southwest border,El Centro Sector,Apprehensions,13248
2000-09,2000,Border Patrol,Southwest border,El Paso Sector,Apprehensions,6671
2000-09,2000,Border Patrol,Southwest border,Laredo Sector,Apprehensions,6340
2000-09,2000,Border Patrol,Southwest border,Rio Grande Valley Sector,Apprehensions,7322
2000-09,2000,Border Patrol,Southwest border,San Diego Sector,Apprehensions,8653
2000-09,2000,Border Patrol,Southwest border,Tucson Sector,Apprehensions,40767
2000-09,2000,Border Patrol,Southwest border,Yuma Sector,Apprehensions,5145
2000-10,2001,Border Patrol,"Air, sea and other",Livermore Sector,Apprehensions,532
2000-10,2001,Border Patrol,"Air, sea and other",Miami Sector,Apprehensions,338
2000-10,2001,Border Patrol,"Air, sea and other",New Orleans Sector,Apprehensions,315
2000-10,2001,Border Patrol,"Air, sea and other",Ramey Sector,Apprehensions,399
2000-10,2001,Border Patrol,Northern border,Blaine Sector,Apprehensions,179
2000-10,2001,Border Patrol,Northern border,Buffalo Sector,Apprehensions,203
2000-10,2001,Border Patrol,Northern border,Detroit Sector,Apprehensions,132
2000-10,2001,Border Patrol,Northern border,Grand Forks Sector,Apprehensions,48
2000-10,2001,Border Patrol,Northern border,Havre Sector,Apprehensions,108
2000-10,2001,Border Patrol,Northern border,Houlton Sector,Apprehensions,40
2000-10,2001,Border Patrol,Northern border,Spokane Sector,Apprehensions,158
2000-10,2001,Border Patrol,Northern border,Swanton Sector,Apprehensions,126
2000-10,2001,Border Patrol,Southwest border,Big Bend Sector,Apprehensions,844
2000-10,2001,Border Patrol,Southwest border,Del Rio Sector,Apprehensions,7648
2000-10,2001,Border Patrol,Southwest border,El Centro Sector,Apprehensions,13712
2000-10,2001,Border Patrol,Southwest border,El Paso Sector,Apprehensions,6095
2000-10,2001,Border Patrol,Southwest border,Laredo Sector,Apprehensions,5154
2000-10,2001,Border Patrol,Southwest border,Rio Grande Valley Sector,Apprehensions,6634
2000-10,2001,Border Patrol,Southwest border,San Diego Sector,Apprehensions,8002
2000-10,2001,Border Patrol,Southwest border,Tucson Sector,Apprehensions,30009
2000-10,2001,Border Patrol,Southwest border,Yuma Sector,Apprehensions,4534
2000-11,2001,Border Patrol,"Air, sea and other",Livermore Sector,Apprehensions,449
2000-11,2001,Border Patrol,"Air, sea and other",Miami Sector,Apprehensions,590
2000-11,2001,Border Patrol,"Air, sea and other",New Orleans Sector,Apprehensions,306
2000-11,2001,Border Patrol,"Air, sea and other",Ramey Sector,Apprehensions,285
2000-11,2001,Border Patrol,Northern border,Blaine Sector,Apprehensions,168
2000-11,2001,Border Patrol,Northern border,Buffalo Sector,Apprehensions,85
2000-11,2001,Border Patrol,Northern border,Detroit Sector,Apprehensions,139
2000-11,2001,Border Patrol,Northern border,Grand Forks Sector,Apprehensions,23
2000-11,2001,Border Patrol,Northern border,Havre Sector,Apprehensions,67
2000-11,2001,Border Patrol,Northern border,Houlton Sector,Apprehensions,37
2000-11,2001,Border Patrol,Northern border,Spokane Sector,Apprehensions,114
2000-11,2001,Border Patrol,Northern border,Swanton Sector,Apprehensions,120
2000-11,2001,Border Patrol,Southwest border,Big Bend Sector,Apprehensions,874
2000-11,2001,Border Patrol,Southwest border,Del Rio Sector,Apprehensions,5344
2000-11,2001,Border Patrol,Southwest border,El Centro Sector,Apprehensions,9979
2000-11,2001,Border Patrol,Southwest border,El Paso Sector,Apprehensions,5401
2000-11,2001,Border Patrol,Southwest border,Laredo Sector,Apprehensions,3652
2000-11,2001,Border Patrol,Southwest border,Rio Grande Valley Sector,Apprehensions,5975
2000-11,2001,Border Patrol,Southwest border,San Diego Sector,Apprehensions,5556
2000-11,2001,Border Patrol,Southwest border,Tucson Sector,Apprehensions,25889
2000-11,2001,Border Patrol,Southwest border,Yuma Sector,Apprehensions,5039
2000-12,2001,Border Patrol,"Air, sea and other",Livermore Sector,Apprehensions,360
2000-12,2001,Border Patrol,"Air, sea and other",Miami Sector,Apprehensions,481
2000-12,2001,Border Patrol,"Air, sea and other",New Orleans Sector,Apprehensions,396
2000-12,2001,Border Patrol,"Air, sea and other",Ramey Sector,Apprehensions,187
2000-12,2001,Border Patrol,Northern border,Blaine Sector,Apprehensions,151
2000-12,2001,Border Patrol,Northern border,Buffalo Sector,Apprehensions,74
2000-12,2001,Border Patrol,Northern border,Detroit Sector,Apprehensions,107
2000-12,2001,Border Patrol,Northern border,Grand Forks Sector,Apprehensions,45
2000-12,2001,Border Patrol,Northern border,Havre Sector,Apprehensions,58
2000-12,2001,Border Patrol,Northern border,Houlton Sector,Apprehensions,30
2000-12,2001,Border Patrol,Northern border,Spokane Sector,Apprehensions,126
2000-12,2001,Border Patrol,Northern border,Swanton Sector,Apprehensions,75
2000-12,2001,Border Patrol,Southwest border,Big Bend Sector,Apprehensions,776
2000-12,2001,Border Patrol,Southwest border,Del Rio Sector,Apprehensions,3756
2000-12,2001,Border Patrol,Southwest border,El Centro Sector,Apprehensions,8299
2000-12,2001,Border Patrol,Southwest border,El Paso Sector,Apprehensions,4683
2000-12,2001,Border Patrol,Southwest border,Laredo Sector,Apprehensions,2762
2000-12,2001,Border Patrol,Southwest border,Rio Grande Valley Sector,Apprehensions,4280
2000-12,2001,Border Patrol,Southwest border,San Diego Sector,Apprehensions,5270
2000-12,2001,Border Patrol,Southwest border,Tucson Sector,Apprehensions,20907
2000-12,2001,Border Patrol,Southwest border,Yuma Sector,Apprehensions,4348
2001-01,2001,Border Patrol,"Air, sea and other",Livermore Sector,Apprehensions,403
2001-01,2001,Border Patrol,"Air, sea and other",Miami Sector,Apprehensions,483
2001-01,2001,Border Patrol,"Air, sea and other",New Orleans Sector,Apprehensions,358
2001-01,2001,Border Patrol,"Air, sea and other",Ramey Sector,Apprehensions,418
2001-01,2001,Border Patrol,Northern border,Blaine Sector,Apprehensions,141
2001-01,2001,Border Patrol,Northern border,Buffalo Sector,Apprehensions,87
2001-01,2001,Border Patrol,Northern border,Detroit Sector,Apprehensions,195
2001-01,2001,Border Patrol,Northern border,Grand Forks Sector,Apprehensions,44
2001-01,2001,Border Patrol,Northern border,Havre Sector,Apprehensions,77
2001-01,2001,Border Patrol,Northern border,Houlton Sector,Apprehensions,54
2001-01,2001,Border Patrol,Northern border,Spokane Sector,Apprehensions,99
2001-01,2001,Border Patrol,Northern border,Swanton Sector,Apprehensions,101
2001-01,2001,Border Patrol,Southwest border,Big Bend Sector,Apprehensions,846
2001-01,2001,Border Patrol,Southwest border,Del Rio Sector,Apprehensions,11218
2001-01,2001,Border Patrol,Southwest border,El Centro Sector,Apprehensions,18672
2001-01,2001,Border Patrol,Southwest border,El Paso Sector,Apprehensions,10862
2001-01,2001,Border Patrol,Southwest border,Laredo Sector,Apprehensions,8228
2001-01,2001,Border Patrol,Southwest border,Rio Grande Valley Sector,Apprehensions,10102
2001-01,2001,Border Patrol,Southwest border,San Diego Sector,Apprehensions,11558
2001-01,2001,Border Patrol,Southwest border,Tucson Sector,Apprehensions,43972
2001-01,2001,Border Patrol,Southwest border,Yuma Sector,Apprehensions,9632
2001-02,2001,Border Patrol,"Air, sea and other",Livermore Sector,Apprehensions,407
2001-02,2001,Border Patrol,"Air, sea and other",Miami Sector,Apprehensions,452
2001-02,2001,Border Patrol,"Air, sea and other",New Orleans Sector,Apprehensions,634
2001-02,2001,Border Patrol,"Air, sea and other",Ramey Sector,Apprehensions,79
2001-02,2001,Border Patrol,Northern border,Blaine Sector,Apprehensions,159
2001-02,2001,Border Patrol,Northern border,Buffalo Sector,Apprehensions,81
2001-02,2001,Border Patrol,Northern border,Detroit Sector,Apprehensions,182
2001-02,2001,Border Patrol,Northern border,Grand Forks Sector,Apprehensions,66
2001-02,2001,Border Patrol,Northern border,Havre Sector,Apprehensions,136
2001-02,2001,Border Patrol,Northern border,Houlton Sector,Apprehensions,27
2001-02,2001,Border Patrol,Northern border,Spokane Sector,Apprehensions,100
2001-02,2001,Border Patrol,Northern border,Swanton Sector,Apprehensions,73
2001-02,2001,Border Patrol,Southwest border,Big Bend Sector,Apprehensions,1046
2001-02,2001,Border Patrol,Southwest border,Del Rio Sector,Apprehensions,16447
2001-02,2001,Border Patrol,Southwest border,El Centro Sector,Apprehensions,21412
2001-02,2001,Border Patrol,Southwest border,El Paso Sector,Apprehensions,12369
2001-02,2001,Border Patrol,Southwest border,Laredo Sector,Apprehensions,10656
2001-02,2001,Border Patrol,Southwest border,Rio Grande Valley Sector,Apprehensions,12298
2001-02,2001,Border Patrol,Southwest border,San Diego Sector,Apprehensions,12085
2001-02,2001,Border Patrol,Southwest border,Tucson Sector,Apprehensions,54913
2001-02,2001,Border Patrol,Southwest border,Yuma Sector,Apprehensions,11003
2001-03,2001,Border Patrol,"Air, sea and other",Livermore Sector,Apprehensions,463
2001-03,2001,Border Patrol,"Air, sea and other",Miami Sector,Apprehensions,392
2001-03,2001,Border Patrol,"Air, sea and other",New Orleans Sector,Apprehensions,446
2001-03,2001,Border Patrol,"Air, sea and other",Ramey Sector,Apprehensions,73
2001-03,2001,Border Patrol,Northern border,Blaine Sector,Apprehensions,175
2001-03,2001,Border Patrol,Northern border,Buffalo Sector,Apprehensions,116
2001-03,2001,Border Patrol,Northern border,Detroit Sector,Apprehensions,167
2001-03,2001,Border Patrol,Northern border,Grand Forks Sector,Apprehensions,73
2001-03,2001,Border Patrol,Northern border,Havre Sector,Apprehensions,108
2001-03,2001,Border Patrol,Northern border,Houlton Sector,Apprehensions,30
2001-03,2001,Border Patrol,Northern border,Spokane Sector,Apprehensions,131
2001-03,2001,Border Patrol,Northern border,Swanton Sector,Apprehensions,95
2001-03,2001,Border Patrol,Southwest border,Big Bend Sector,Apprehensions,1427
2001-03,2001,Border Patrol,Southwest border,Del Rio Sector,Apprehensions,16833
2001-03,2001,Border Patrol,Southwest border,El Centro Sector,Apprehensions,21815
2001-03,2001,Border Patrol,Southwest border,El Paso Sector,Apprehensions,15311
2001-03,2001,Border Patrol,Southwest border,Laredo Sector,Apprehensions,12604
2001-03,2001,Border Patrol,Southwest border,Rio Grande Valley Sector,Apprehensions,12890
2001-03,2001,Border Patrol,Southwest border,San Diego Sector,Apprehensions,13510
2001-03,2001,Border Patrol,Southwest border,Tucson Sector,Apprehensions,64779
2001-03,2001,Border Patrol,Southwest border,Yuma Sector,Apprehensions,11411
2001-04,2001,Border Patrol,"Air, sea and other",Livermore Sector,Apprehensions,443
2001-04,2001,Border Patrol,"Air, sea and other",Miami Sector,Apprehensions,399
2001-04,2001,Border Patrol,"Air, sea and other",New Orleans Sector,Apprehensions,740
2001-04,2001,Border Patrol,"Air, sea and other",Ramey Sector,Apprehensions,19
2001-04,2001,Border Patrol,Northern border,Blaine Sector,Apprehensions,145
2001-04,2001,Border Patrol,Northern border,Buffalo Sector,Apprehensions,89
2001-04,2001,Border Patrol,Northern border,Detroit Sector,Apprehensions,157
2001-04,2001,Border Patrol,Northern border,Grand Forks Sector,Apprehensions,96
2001-04,2001,Border Patrol,Northern border,Havre Sector,Apprehensions,104
2001-04,2001,Border Patrol,Northern border,Houlton Sector,Apprehensions,24
2001-04,2001,Border Patrol,Northern border,Spokane Sector,Apprehensions,87
2001-04,2001,Border Patrol,Northern border,Swanton Sector,Apprehensions,109
2001-04,2001,Border Patrol,Southwest border,Big Bend Sector,Apprehensions,1249
2001-04,2001,Border Patrol,Southwest border,Del Rio Sector,Apprehensions,11444
2001-04,2001,Border Patrol,Southwest border,El Centro Sector,Apprehensions,20699
2001-04,2001,Border Patrol,Southwest border,El Paso Sector,Apprehensions,12738
2001-04,2001,Border Patrol,Southwest border,Laredo Sector,Apprehensions,9928
2001-04,2001,Border Patrol,Southwest border,Rio Grande Valley Sector,Apprehensions,11366
2001-04,2001,Border Patrol,Southwest border,San Diego Sector,Apprehensions,12597
2001-04,2001,Border Patrol,Southwest border,Tucson Sector,Apprehensions,52949
2001-04,2001,Border Patrol,Southwest border,Yuma Sector,Apprehensions,9843
2001-05,2001,Border Patrol,"Air, sea and other",Livermore Sector,Apprehensions,482
2001-05,2001,Border Patrol,"Air, sea and other",Miami Sector,Apprehensions,503
2001-05,2001,Border Patrol,"Air, sea and other",New Orleans Sector,Apprehensions,377
2001-05,2001,Border Patrol,"Air, sea and other",Ramey Sector,Apprehensions,117
2001-05,2001,Border Patrol,Northern border,Blaine Sector,Apprehensions,194
2001-05,2001,Border Patrol,Northern border,Buffalo Sector,Apprehensions,137
2001-05,2001,Border Patrol,Northern border,Detroit Sector,Apprehensions,156
2001-05,2001,Border Patrol,Northern border,Grand Forks Sector,Apprehensions,85
2001-05,2001,Border Patrol,Northern border,Havre Sector,Apprehensions,97
2001-05,2001,Border Patrol,Northern border,Houlton Sector,Apprehensions,31
2001-05,2001,Border Patrol,Northern border,Spokane Sector,Apprehensions,95
2001-05,2001,Border Patrol,Northern border,Swanton Sector,Apprehensions,139
2001-05,2001,Border Patrol,Southwest border,Big Bend Sector,Apprehensions,1123
2001-05,2001,Border Patrol,Southwest border,Del Rio Sector,Apprehensions,9005
2001-05,2001,Border Patrol,Southwest border,El Centro Sector,Apprehensions,17203
2001-05,2001,Border Patrol,Southwest border,El Paso Sector,Apprehensions,11343
2001-05,2001,Border Patrol,Southwest border,Laredo Sector,Apprehensions,9216
2001-05,2001,Border Patrol,Southwest border,Rio Grande Valley Sector,Apprehensions,11204
2001-05,2001,Border Patrol,Southwest border,San Diego Sector,Apprehensions,11270
2001-05,2001,Border Patrol,Southwest border,Tucson Sector,Apprehensions,44573
2001-05,2001,Border Patrol,Southwest border,Yuma Sector,Apprehensions,7990
2001-06,2001,Border Patrol,"Air, sea and other",Livermore Sector,Apprehensions,463
2001-06,2001,Border Patrol,"Air, sea and other",Miami Sector,Apprehensions,607
2001-06,2001,Border Patrol,"Air, sea and other",New Orleans Sector,Apprehensions,346
2001-06,2001,Border Patrol,"Air, sea and other",Ramey Sector,Apprehensions,94
2001-06,2001,Border Patrol,Northern border,Blaine Sector,Apprehensions,231
2001-06,2001,Border Patrol,Northern border,Buffalo Sector,Apprehensions,134
2001-06,2001,Border Patrol,Northern border,Detroit Sector,Apprehensions,177
2001-06,2001,Border Patrol,Northern border,Grand Forks Sector,Apprehensions,112
2001-06,2001,Border Patrol,Northern border,Havre Sector,Apprehensions,93
2001-06,2001,Border Patrol,Northern border,Houlton Sector,Apprehensions,33
2001-06,2001,Border Patrol,Northern border,Spokane Sector,Apprehensions,117
2001-06,2001,Border Patrol,Northern border,Swanton Sector,Apprehensions,168
2001-06,2001,Border Patrol,Southwest border,Big Bend Sector,Apprehensions,1058
2001-06,2001,Border Patrol,Southwest border,Del Rio Sector,Apprehensions,7048
2001-06,2001,Border Patrol,Southwest border,El Centro Sector,Apprehensions,11385
2001-06,2001,Border Patrol,Southwest border,El Paso Sector,Apprehensions,8035
2001-06,2001,Border Patrol,Southwest border,Laredo Sector,Apprehensions,6586
2001-06,2001,Border Patrol,Southwest border,Rio Grande Valley Sector,Apprehensions,8152
2001-06,2001,Border Patrol,Southwest border,San Diego Sector,Apprehensions,8467
2001-06,2001,Border Patrol,Southwest border,Tucson Sector,Apprehensions,33602
2001-06,2001,Border Patrol,Southwest border,Yuma Sector,Apprehensions,4798
2001-07,2001,Border Patrol,"Air, sea and other",Livermore Sector,Apprehensions,436
2001-07,2001,Border Patrol,"Air, sea and other",Miami Sector,Apprehensions,735
2001-07,2001,Border Patrol,"Air, sea and other",New Orleans Sector,Apprehensions,402
2001-07,2001,Border Patrol,"Air, sea and other",Ramey Sector,Apprehensions,107
2001-07,2001,Border Patrol,Northern border,Blaine Sector,Apprehensions,192
2001-07,2001,Border Patrol,Northern border,Buffalo Sector,Apprehensions,165
2001-07,2001,Border Patrol,Northern border,Detroit Sector,Apprehensions,195
2001-07,2001,Border Patrol,Northern border,Grand Forks Sector,Apprehensions,100
2001-07,2001,Border Patrol,Northern border,Havre Sector,Apprehensions,169
2001-07,2001,Border Patrol,Northern border,Houlton Sector,Apprehensions,153
2001-07,2001,Border Patrol,Northern border,Spokane Sector,Apprehensions,132
2001-07,2001,Border Patrol,Northern border,Swanton Sector,Apprehensions,543
2001-07,2001,Border Patrol,Southwest border,Big Bend Sector,Apprehensions,1107
2001-07,2001,Border Patrol,Southwest border,Del Rio Sector,Apprehensions,6069
2001-07,2001,Border Patrol,Southwest border,El Centro Sector,Apprehensions,11175
2001-07,2001,Border Patrol,Southwest border,El Paso Sector,Apprehensions,8607
2001-07,2001,Border Patrol,Southwest border,Laredo Sector,Apprehensions,6475
2001-07,2001,Border Patrol,Southwest border,Rio Grande Valley Sector,Apprehensions,9191
2001-07,2001,Border Patrol,Southwest border,San Diego Sector,Apprehensions,7580
2001-07,2001,Border Patrol,Southwest border,Tucson Sector,Apprehensions,29550
2001-07,2001,Border Patrol,Southwest border,Yuma Sector,Apprehensions,3848
2001-08,2001,Border Patrol,"Air, sea and other",Livermore Sector,Apprehensions,406
2001-08,2001,Border Patrol,"Air, sea and other",Miami Sector,Apprehensions,532
2001-08,2001,Border Patrol,"Air, sea and other",New Orleans Sector,Apprehensions,354
2001-08,2001,Border Patrol,"Air, sea and other",Ramey Sector,Apprehensions,101
2001-08,2001,Border Patrol,Northern border,Blaine Sector,Apprehensions,186
2001-08,2001,Border Patrol,Northern border,Buffalo Sector,Apprehensions,156
2001-08,2001,Border Patrol,Northern border,Detroit Sector,Apprehensions,349
2001-08,2001,Border Patrol,Northern border,Grand Forks Sector,Apprehensions,144
2001-08,2001,Border Patrol,Northern border,Havre Sector,Apprehensions,175
2001-08,2001,Border Patrol,Northern border,Houlton Sector,Apprehensions,182
2001-08,2001,Border Patrol,Northern border,Spokane Sector,Apprehensions,109
2001-08,2001,Border Patrol,Northern border,Swanton Sector,Apprehensions,715
2001-08,2001,Border Patrol,Southwest border,Big Bend Sector,Apprehensions,906
2001-08,2001,Border Patrol,Southwest border,Del Rio Sector,Apprehensions,6038
2001-08,2001,Border Patrol,Southwest border,El Centro Sector,Apprehensions,10965
2001-08,2001,Border Patrol,Southwest border,El Paso Sector,Apprehensions,9945
2001-08,2001,Border Patrol,Southwest border,Laredo Sector,Apprehensions,7338
2001-08,2001,Border Patrol,Southwest border,Rio Grande Valley Sector,Apprehensions,9426
2001-08,2001,Border Patrol,Southwest border,San Diego Sector,Apprehensions,8297
2001-08,2001,Border Patrol,Southwest border,Tucson Sector,Apprehensions,28028
2001-08,2001,Border Patrol,Southwest border,Yuma Sector,Apprehensions,3705
2001-09,2001,Border Patrol,"Air, sea and other",Livermore Sector,Apprehensions,367
2001-09,2001,Border Patrol,"Air, sea and other",Miami Sector,Apprehensions,450
2001-09,2001,Border Patrol,"Air, sea and other",New Orleans Sector,Apprehensions,359
2001-09,2001,Border Patrol,"Air, sea and other",Ramey Sector,Apprehensions,73
2001-09,2001,Border Patrol,Northern border,Blaine Sector,Apprehensions,168
2001-09,2001,Border Patrol,Northern border,Buffalo Sector,Apprehensions,107
2001-09,2001,Border Patrol,Northern border,Detroit Sector,Apprehensions,150
2001-09,2001,Border Patrol,Northern border,Grand Forks Sector,Apprehensions,85
2001-09,2001,Border Patrol,Northern border,Havre Sector,Apprehensions,113
2001-09,2001,Border Patrol,Northern border,Houlton Sector,Apprehensions,44
2001-09,2001,Border Patrol,Northern border,Spokane Sector,Apprehensions,67
2001-09,2001,Border Patrol,Northern border,Swanton Sector,Apprehensions,199
2001-09,2001,Border Patrol,Southwest border,Big Bend Sector,Apprehensions,831
2001-09,2001,Border Patrol,Southwest border,Del Rio Sector,Apprehensions,4025
2001-09,2001,Border Patrol,Southwest border,El Centro Sector,Apprehensions,7536
2001-09,2001,Border Patrol,Southwest border,El Paso Sector,Apprehensions,7468
2001-09,2001,Border Patrol,Southwest border,Laredo Sector,Apprehensions,4469
2001-09,2001,Border Patrol,Southwest border,Rio Grande Valley Sector,Apprehensions,6326
2001-09,2001,Border Patrol,Southwest border,San Diego Sector,Apprehensions,5883
2001-09,2001,Border Patrol,Southwest border,Tucson Sector,Apprehensions,20504
2001-09,2001,Border Patrol,Southwest border,Yuma Sector,Apprehensions,2234
2001-10,2002,Border Patrol,"Air, sea and other",Livermore Sector,Apprehensions,437
2001-10,2002,Border Patrol,"Air, sea and other",Miami Sector,Apprehensions,391
2001-10,2002,Border Patrol,"Air, sea and other",New Orleans Sector,Apprehensions,352
2001-10,2002,Border Patrol,"Air, sea and other",Ramey Sector,Apprehensions,3
2001-10,2002,Border Patrol,Northern border,Blaine Sector,Apprehensions,127
2001-10,2002,Border Patrol,Northern border,Buffalo Sector,Apprehensions,50
2001-10,2002,Border Patrol,Northern border,Detroit Sector,Apprehensions,135
2001-10,2002,Border Patrol,Northern border,Grand Forks Sector,Apprehensions,85
2001-10,2002,Border Patrol,Northern border,Havre Sector,Apprehensions,114
2001-10,2002,Border Patrol,Northern border,Houlton Sector,Apprehensions,27
2001-10,2002,Border Patrol,Northern border,Spokane Sector,Apprehensions,62
2001-10,2002,Border Patrol,Northern border,Swanton Sector,Apprehensions,82
2001-10,2002,Border Patrol,Southwest border,Big Bend Sector,Apprehensions,913
2001-10,2002,Border Patrol,Southwest border,Del Rio Sector,Apprehensions,2938
2001-10,2002,Border Patrol,Southwest border,El Centro Sector,Apprehensions,4069
2001-10,2002,Border Patrol,Southwest border,El Paso Sector,Apprehensions,4441
2001-10,2002,Border Patrol,Southwest border,Laredo Sector,Apprehensions,3431
2001-10,2002,Border Patrol,Southwest border,Rio Grande Valley Sector,Apprehensions,4784
2001-10,2002,Border Patrol,Southwest border,San Diego Sector,Apprehensions,4530
2001-10,2002,Border Patrol,Southwest border,Tucson Sector,Apprehensions,11124
2001-10,2002,Border Patrol,Southwest border,Yuma Sector,Apprehensions,1582
2001-11,2002,Border Patrol,"Air, sea and other",Livermore Sector,Apprehensions,439
2001-11,2002,Border Patrol,"Air, sea and other",Miami Sector,Apprehensions,352
2001-11,2002,Border Patrol,"Air, sea and other",New Orleans Sector,Apprehensions,220
2001-11,2002,Border Patrol,"Air, sea and other",Ramey Sector,Apprehensions,47
2001-11,2002,Border Patrol,Northern border,Blaine Sector,Apprehensions,152
2001-11,2002,Border Patrol,Northern border,Buffalo Sector,Apprehensions,73
2001-11,2002,Border Patrol,Northern border,Detroit Sector,Apprehensions,106
2001-11,2002,Border Patrol,Northern border,Grand Forks Sector,Apprehensions,80
2001-11,2002,Border Patrol,Northern border,Havre Sector,Apprehensions,119
2001-11,2002,Border Patrol,Northern border,Houlton Sector,Apprehensions,31
2001-11,2002,Border Patrol,Northern border,Spokane Sector,Apprehensions,53
2001-11,2002,Border Patrol,Northern border,Swanton Sector,Apprehensions,73
2001-11,2002,Border Patrol,Southwest border,Big Bend Sector,Apprehensions,810
2001-11,2002,Border Patrol,Southwest border,Del Rio Sector,Apprehensions,2367
2001-11,2002,Border Patrol,Southwest border,El Centro Sector,Apprehensions,3318
2001-11,2002,Border Patrol,Southwest border,El Paso Sector,Apprehensions,3483
2001-11,2002,Border Patrol,Southwest border,Laredo Sector,Apprehensions,2949
2001-11,2002,Border Patrol,Southwest border,Rio Grande Valley Sector,Apprehensions,3744
2001-11,2002,Border Patrol,Southwest border,San Diego Sector,Apprehensions,3178
2001-11,2002,Border Patrol,Southwest border,Tucson Sector,Apprehensions,10523
2001-11,2002,Border Patrol,Southwest border,Yuma Sector,Apprehensions,2134
2001-12,2002,Border Patrol,"Air, sea and other",Livermore Sector,Apprehensions,373
2001-12,2002,Border Patrol,"Air, sea and other",Miami Sector,Apprehensions,251
2001-12,2002,Border Patrol,"Air, sea and other",New Orleans Sector,Apprehensions,299
2001-12,2002,Border Patrol,"Air, sea and other",Ramey Sector,Apprehensions,11
2001-12,2002,Border Patrol,Northern border,Blaine Sector,Apprehensions,172
2001-12,2002,Border Patrol,Northern border,Buffalo Sector,Apprehensions,36
2001-12,2002,Border Patrol,Northern border,Detroit Sector,Apprehensions,98
2001-12,2002,Border Patrol,Northern border,Grand Forks Sector,Apprehensions,87
2001-12,2002,Border Patrol,Northern border,Havre Sector,Apprehensions,92
2001-12,2002,Border Patrol,Northern border,Houlton Sector,Apprehensions,24
2001-12,2002,Border Patrol,Northern border,Spokane Sector,Apprehensions,60
2001-12,2002,Border Patrol,Northern border,Swanton Sector,Apprehensions,76
2001-12,2002,Border Patrol,Southwest border,Big Bend Sector,Apprehensions,876
2001-12,2002,Border Patrol,Southwest border,Del Rio Sector,Apprehensions,2104
2001-12,2002,Border Patrol,Southwest border,El Centro Sector,Apprehensions,3720
2001-12,2002,Border Patrol,Southwest border,El Paso Sector,Apprehensions,3784
2001-12,2002,Border Patrol,Southwest border,Laredo Sector,Apprehensions,2608
2001-12,2002,Border Patrol,Southwest border,Rio Grande Valley Sector,Apprehensions,3843
2001-12,2002,Border Patrol,Southwest border,San Diego Sector,Apprehensions,3183
2001-12,2002,Border Patrol,Southwest border,Tucson Sector,Apprehensions,9208
2001-12,2002,Border Patrol,Southwest border,Yuma Sector,Apprehensions,2175
2002-01,2002,Border Patrol,"Air, sea and other",Livermore Sector,Apprehensions,362
2002-01,2002,Border Patrol,"Air, sea and other",Miami Sector,Apprehensions,445
2002-01,2002,Border Patrol,"Air, sea and other",New Orleans Sector,Apprehensions,357
2002-01,2002,Border Patrol,"Air, sea and other",Ramey Sector,Apprehensions,37
2002-01,2002,Border Patrol,Northern border,Blaine Sector,Apprehensions,106
2002-01,2002,Border Patrol,Northern border,Buffalo Sector,Apprehensions,74
2002-01,2002,Border Patrol,Northern border,Detroit Sector,Apprehensions,99
2002-01,2002,Border Patrol,Northern border,Grand Forks Sector,Apprehensions,93
2002-01,2002,Border Patrol,Northern border,Havre Sector,Apprehensions,89
2002-01,2002,Border Patrol,Northern border,Houlton Sector,Apprehensions,43
2002-01,2002,Border Patrol,Northern border,Spokane Sector,Apprehensions,98
2002-01,2002,Border Patrol,Northern border,Swanton Sector,Apprehensions,71
2002-01,2002,Border Patrol,Southwest border,Big Bend Sector,Apprehensions,826
2002-01,2002,Border Patrol,Southwest border,Del Rio Sector,Apprehensions,8384
2002-01,2002,Border Patrol,Southwest border,El Centro Sector,Apprehensions,9670
2002-01,2002,Border Patrol,Southwest border,El Paso Sector,Apprehensions,8185
2002-01,2002,Border Patrol,Southwest border,Laredo Sector,Apprehensions,7711
2002-01,2002,Border Patrol,Southwest border,Rio Grande Valley Sector,Apprehensions,8035
2002-01,2002,Border Patrol,Southwest border,San Diego Sector,Apprehensions,7716
2002-01,2002,Border Patrol,Southwest border,Tucson Sector,Apprehensions,25182
2002-01,2002,Border Patrol,Southwest border,Yuma Sector,Apprehensions,4084
2002-02,2002,Border Patrol,"Air, sea and other",Livermore Sector,Apprehensions,247
2002-02,2002,Border Patrol,"Air, sea and other",Miami Sector,Apprehensions,415
2002-02,2002,Border Patrol,"Air, sea and other",New Orleans Sector,Apprehensions,373
2002-02,2002,Border Patrol,"Air, sea and other",Ramey Sector,Apprehensions,36
2002-02,2002,Border Patrol,Northern border,Blaine Sector,Apprehensions,147
2002-02,2002,Border Patrol,Northern border,Buffalo Sector,Apprehensions,101
2002-02,2002,Border Patrol,Northern border,Detroit Sector,Apprehensions,135
2002-02,2002,Border Patrol,Northern border,Grand Forks Sector,Apprehensions,87
2002-02,2002,Border Patrol,Northern border,Havre Sector,Apprehensions,107
2002-02,2002,Border Patrol,Northern border,Houlton Sector,Apprehensions,40
2002-02,2002,Border Patrol,Northern border,Spokane Sector,Apprehensions,91
2002-02,2002,Border Patrol,Northern border,Swanton Sector,Apprehensions,58
2002-02,2002,Border Patrol,Southwest border,Big Bend Sector,Apprehensions,1040
2002-02,2002,Border Patrol,Southwest border,Del Rio Sector,Apprehensions,10087
2002-02,2002,Border Patrol,Southwest border,El Centro Sector,Apprehensions,11118
2002-02,2002,Border Patrol,Southwest border,El Paso Sector,Apprehensions,9393
2002-02,2002,Border Patrol,Southwest border,Laredo Sector,Apprehensions,10628
2002-02,2002,Border Patrol,Southwest border,Rio Grande Valley Sector,Apprehensions,8438
2002-02,2002,Border Patrol,Southwest border,San Diego Sector,Apprehensions,9172
2002-02,2002,Border Patrol,Southwest border,Tucson Sector,Apprehensions,32264
2002-02,2002,Border Patrol,Southwest border,Yuma Sector,Apprehensions,3584
2002-03,2002,Border Patrol,"Air, sea and other",Livermore Sector,Apprehensions,314
2002-03,2002,Border Patrol,"Air, sea and other",Miami Sector,Apprehensions,494
2002-03,2002,Border Patrol,"Air, sea and other",New Orleans Sector,Apprehensions,459
2002-03,2002,Border Patrol,"Air, sea and other",Ramey Sector,Apprehensions,98
2002-03,2002,Border Patrol,Northern border,Blaine Sector,Apprehensions,132
2002-03,2002,Border Patrol,Northern border,Buffalo Sector,Apprehensions,112
2002-03,2002,Border Patrol,Northern border,Detroit Sector,Apprehensions,107
2002-03,2002,Border Patrol,Northern border,Grand Forks Sector,Apprehensions,113
2002-03,2002,Border Patrol,Northern border,Havre Sector,Apprehensions,144
2002-03,2002,Border Patrol,Northern border,Houlton Sector,Apprehensions,35
2002-03,2002,Border Patrol,Northern border,Spokane Sector,Apprehensions,100
2002-03,2002,Border Patrol,Northern border,Swanton Sector,Apprehensions,104
2002-03,2002,Border Patrol,Southwest border,Big Bend Sector,Apprehensions,1184
2002-03,2002,Border Patrol,Southwest border,Del Rio Sector,Apprehensions,12068
2002-03,2002,Border Patrol,Southwest border,El Centro Sector,Apprehensions,15673
2002-03,2002,Border Patrol,Southwest border,El Paso Sector,Apprehensions,11309
2002-03,2002,Border Patrol,Southwest border,Laredo Sector,Apprehensions,12270
2002-03,2002,Border Patrol,Southwest border,Rio Grande Valley Sector,Apprehensions,10153
2002-03,2002,Border Patrol,Southwest border,San Diego Sector,Apprehensions,12832
2002-03,2002,Border Patrol,Southwest border,Tucson Sector,Apprehensions,46094
2002-03,2002,Border Patrol,Southwest border,Yuma Sector,Apprehensions,5409
2002-04,2002,Border Patrol,"Air, sea and other",Livermore Sector,Apprehensions,359
2002-04,2002,Border Patrol,"Air, sea and other",Miami Sector,Apprehensions,422
2002-04,2002,Border Patrol,"Air, sea and other",New Orleans Sector,Apprehensions,492
2002-04,2002,Border Patrol,"Air, sea and other",Ramey Sector,Apprehensions,32
2002-04,2002,Border Patrol,Northern border,Blaine Sector,Apprehensions,156
2002-04,2002,Border Patrol,Northern border,Buffalo Sector,Apprehensions,155
2002-04,2002,Border Patrol,Northern border,Detroit Sector,Apprehensions,137
2002-04,2002,Border Patrol,Northern border,Grand Forks Sector,Apprehensions,131
2002-04,2002,Border Patrol,Northern border,Havre Sector,Apprehensions,123
2002-04,2002,Border Patrol,Northern border,Houlton Sector,Apprehensions,31
2002-04,2002,Border Patrol,Northern border,Spokane Sector,Apprehensions,90
2002-04,2002,Border Patrol,Northern border,Swanton Sector,Apprehensions,100
2002-04,2002,Border Patrol,Southwest border,Big Bend Sector,Apprehensions,1312
2002-04,2002,Border Patrol,Southwest border,Del Rio Sector,Apprehensions,8540
2002-04,2002,Border Patrol,Southwest border,El Centro Sector,Apprehensions,14274
2002-04,2002,Border Patrol,Southwest border,El Paso Sector,Apprehensions,11783
2002-04,2002,Border Patrol,Southwest border,Laredo Sector,Apprehensions,10709
2002-04,2002,Border Patrol,Southwest border,Rio Grande Valley Sector,Apprehensions,10310
2002-04,2002,Border Patrol,Southwest border,San Diego Sector,Apprehensions,11712
2002-04,2002,Border Patrol,Southwest border,Tucson Sector,Apprehensions,47712
2002-04,2002,Border Patrol,Southwest border,Yuma Sector,Apprehensions,5569
2002-05,2002,Border Patrol,"Air, sea and other",Livermore Sector,Apprehensions,340
2002-05,2002,Border Patrol,"Air, sea and other",Miami Sector,Apprehensions,475
2002-05,2002,Border Patrol,"Air, sea and other",New Orleans Sector,Apprehensions,307
2002-05,2002,Border Patrol,"Air, sea and other",Ramey Sector,Apprehensions,94
2002-05,2002,Border Patrol,Northern border,Blaine Sector,Apprehensions,175
2002-05,2002,Border Patrol,Northern border,Buffalo Sector,Apprehensions,121
2002-05,2002,Border Patrol,Northern border,Detroit Sector,Apprehensions,132
2002-05,2002,Border Patrol,Northern border,Grand Forks Sector,Apprehensions,159
2002-05,2002,Border Patrol,Northern border,Havre Sector,Apprehensions,138
2002-05,2002,Border Patrol,Northern border,Houlton Sector,Apprehensions,36
2002-05,2002,Border Patrol,Northern border,Spokane Sector,Apprehensions,104
2002-05,2002,Border Patrol,Northern border,Swanton Sector,Apprehensions,125
2002-05,2002,Border Patrol,Southwest border,Big Bend Sector,Apprehensions,1163
2002-05,2002,Border Patrol,Southwest border,Del Rio Sector,Apprehensions,5404
2002-05,2002,Border Patrol,Southwest border,El Centro Sector,Apprehensions,11415
2002-05,2002,Border Patrol,Southwest border,El Paso Sector,Apprehensions,9972
2002-05,2002,Border Patrol,Southwest border,Laredo Sector,Apprehensions,7861
2002-05,2002,Border Patrol,Southwest border,Rio Grande Valley Sector,Apprehensions,9473
2002-05,2002,Border Patrol,Southwest border,San Diego Sector,Apprehensions,11222
2002-05,2002,Border Patrol,Southwest border,Tucson Sector,Apprehensions,36333
2002-05,2002,Border Patrol,Southwest border,Yuma Sector,Apprehensions,4581
2002-06,2002,Border Patrol,"Air, sea and other",Livermore Sector,Apprehensions,360
2002-06,2002,Border Patrol,"Air, sea and other",Miami Sector,Apprehensions,440
2002-06,2002,Border Patrol,"Air, sea and other",New Orleans Sector,Apprehensions,460
2002-06,2002,Border Patrol,"Air, sea and other",Ramey Sector,Apprehensions,29
2002-06,2002,Border Patrol,Northern border,Blaine Sector,Apprehensions,124
2002-06,2002,Border Patrol,Northern border,Buffalo Sector,Apprehensions,85
2002-06,2002,Border Patrol,Northern border,Detroit Sector,Apprehensions,106
2002-06,2002,Border Patrol,Northern border,Grand Forks Sector,Apprehensions,153
2002-06,2002,Border Patrol,Northern border,Havre Sector,Apprehensions,113
2002-06,2002,Border Patrol,Northern border,Houlton Sector,Apprehensions,28
2002-06,2002,Border Patrol,Northern border,Spokane Sector,Apprehensions,99
2002-06,2002,Border Patrol,Northern border,Swanton Sector,Apprehensions,210
2002-06,2002,Border Patrol,Southwest border,Big Bend Sector,Apprehensions,702
2002-06,2002,Border Patrol,Southwest border,Del Rio Sector,Apprehensions,3787
2002-06,2002,Border Patrol,Southwest border,El Centro Sector,Apprehensions,8870
2002-06,2002,Border Patrol,Southwest border,El Paso Sector,Apprehensions,6931
2002-06,2002,Border Patrol,Southwest border,Laredo Sector,Apprehensions,6545
2002-06,2002,Border Patrol,Southwest border,Rio Grande Valley Sector,Apprehensions,8109
2002-06,2002,Border Patrol,Southwest border,San Diego Sector,Apprehensions,9251
2002-06,2002,Border Patrol,Southwest border,Tucson Sector,Apprehensions,30898
2002-06,2002,Border Patrol,Southwest border,Yuma Sector,Apprehensions,3562
2002-07,2002,Border Patrol,"Air, sea and other",Livermore Sector,Apprehensions,358
2002-07,2002,Border Patrol,"Air, sea and other",Miami Sector,Apprehensions,532
2002-07,2002,Border Patrol,"Air, sea and other",New Orleans Sector,Apprehensions,427
2002-07,2002,Border Patrol,"Air, sea and other",Ramey Sector,Apprehensions,90
2002-07,2002,Border Patrol,Northern border,Blaine Sector,Apprehensions,148
2002-07,2002,Border Patrol,Northern border,Buffalo Sector,Apprehensions,64
2002-07,2002,Border Patrol,Northern border,Detroit Sector,Apprehensions,173
2002-07,2002,Border Patrol,Northern border,Grand Forks Sector,Apprehensions,138
2002-07,2002,Border Patrol,Northern border,Havre Sector,Apprehensions,139
2002-07,2002,Border Patrol,Northern border,Houlton Sector,Apprehensions,42
2002-07,2002,Border Patrol,Northern border,Spokane Sector,Apprehensions,135
2002-07,2002,Border Patrol,Northern border,Swanton Sector,Apprehensions,293
2002-07,2002,Border Patrol,Southwest border,Big Bend Sector,Apprehensions,748
2002-07,2002,Border Patrol,Southwest border,Del Rio Sector,Apprehensions,3301
2002-07,2002,Border Patrol,Southwest border,El Centro Sector,Apprehensions,7897
2002-07,2002,Border Patrol,Southwest border,El Paso Sector,Apprehensions,8044
2002-07,2002,Border Patrol,Southwest border,Laredo Sector,Apprehensions,5830
2002-07,2002,Border Patrol,Southwest border,Rio Grande Valley Sector,Apprehensions,7523
2002-07,2002,Border Patrol,Southwest border,San Diego Sector,Apprehensions,9340
2002-07,2002,Border Patrol,Southwest border,Tucson Sector,Apprehensions,30212
2002-07,2002,Border Patrol,Southwest border,Yuma Sector,Apprehensions,3766
2002-08,2002,Border Patrol,"Air, sea and other",Livermore Sector,Apprehensions,457
2002-08,2002,Border Patrol,"Air, sea and other",Miami Sector,Apprehensions,564
2002-08,2002,Border Patrol,"Air, sea and other",New Orleans Sector,Apprehensions,424
2002-08,2002,Border Patrol,"Air, sea and other",Ramey Sector,Apprehensions,222
2002-08,2002,Border Patrol,Northern border,Blaine Sector,Apprehensions,157
2002-08,2002,Border Patrol,Northern border,Buffalo Sector,Apprehensions,142
2002-08,2002,Border Patrol,Northern border,Detroit Sector,Apprehensions,133
2002-08,2002,Border Patrol,Northern border,Grand Forks Sector,Apprehensions,108
2002-08,2002,Border Patrol,Northern border,Havre Sector,Apprehensions,163
2002-08,2002,Border Patrol,Northern border,Houlton Sector,Apprehensions,59
2002-08,2002,Border Patrol,Northern border,Spokane Sector,Apprehensions,121
2002-08,2002,Border Patrol,Northern border,Swanton Sector,Apprehensions,387
2002-08,2002,Border Patrol,Southwest border,Big Bend Sector,Apprehensions,940
2002-08,2002,Border Patrol,Southwest border,Del Rio Sector,Apprehensions,4297
2002-08,2002,Border Patrol,Southwest border,El Centro Sector,Apprehensions,9557
2002-08,2002,Border Patrol,Southwest border,El Paso Sector,Apprehensions,9018
2002-08,2002,Border Patrol,Southwest border,Laredo Sector,Apprehensions,6376
2002-08,2002,Border Patrol,Southwest border,Rio Grande Valley Sector,Apprehensions,8762
2002-08,2002,Border Patrol,Southwest border,San Diego Sector,Apprehensions,10115
2002-08,2002,Border Patrol,Southwest border,Tucson Sector,Apprehensions,30078
2002-08,2002,Border Patrol,Southwest border,Yuma Sector,Apprehensions,3414
2002-09,2002,Border Patrol,"Air, sea and other",Livermore Sector,Apprehensions,325
2002-09,2002,Border Patrol,"Air, sea and other",Miami Sector,Apprehensions,362
2002-09,2002,Border Patrol,"Air, sea and other",New Orleans Sector,Apprehensions,495
2002-09,2002,Border Patrol,"Air, sea and other",Ramey Sector,Apprehensions,136
2002-09,2002,Border Patrol,Northern border,Blaine Sector,Apprehensions,136
2002-09,2002,Border Patrol,Northern border,Buffalo Sector,Apprehensions,89
2002-09,2002,Border Patrol,Northern border,Detroit Sector,Apprehensions,150
2002-09,2002,Border Patrol,Northern border,Grand Forks Sector,Apprehensions,135
2002-09,2002,Border Patrol,Northern border,Havre Sector,Apprehensions,122
2002-09,2002,Border Patrol,Northern border,Houlton Sector,Apprehensions,36
2002-09,2002,Border Patrol,Northern border,Spokane Sector,Apprehensions,129
2002-09,2002,Border Patrol,Northern border,Swanton Sector,Apprehensions,157
2002-09,2002,Border Patrol,Southwest border,Big Bend Sector,Apprehensions,878
2002-09,2002,Border Patrol,Southwest border,Del Rio Sector,Apprehensions,3708
2002-09,2002,Border Patrol,Southwest border,El Centro Sector,Apprehensions,8692
2002-09,2002,Border Patrol,Southwest border,El Paso Sector,Apprehensions,7811
2002-09,2002,Border Patrol,Southwest border,Laredo Sector,Apprehensions,5177
2002-09,2002,Border Patrol,Southwest border,Rio Grande Valley Sector,Apprehensions,6753
2002-09,2002,Border Patrol,Southwest border,San Diego Sector,Apprehensions,8430
2002-09,2002,Border Patrol,Southwest border,Tucson Sector,Apprehensions,24020
2002-09,2002,Border Patrol,Southwest border,Yuma Sector,Apprehensions,2794
2002-10,2003,Border Patrol,"Air, sea and other",Livermore Sector,Apprehensions,371
2002-10,2003,Border Patrol,"Air, sea and other",Miami Sector,Apprehensions,686
2002-10,2003,Border Patrol,"Air, sea and other",New Orleans Sector,Apprehensions,462
2002-10,2003,Border Patrol,"Air, sea and other",Ramey Sector,Apprehensions,198
2002-10,2003,Border Patrol,Northern border,Blaine Sector,Apprehensions,107
2002-10,2003,Border Patrol,Northern border,Buffalo Sector,Apprehensions,112
2002-10,2003,Border Patrol,Northern border,Detroit Sector,Apprehensions,151
2002-10,2003,Border Patrol,Northern border,Grand Forks Sector,Apprehensions,102
2002-10,2003,Border Patrol,Northern border,Havre Sector,Apprehensions,151
2002-10,2003,Border Patrol,Northern border,Houlton Sector,Apprehensions,53
2002-10,2003,Border Patrol,Northern border,Spokane Sector,Apprehensions,126
2002-10,2003,Border Patrol,Northern border,Swanton Sector,Apprehensions,107
2002-10,2003,Border Patrol,Southwest border,Big Bend Sector,Apprehensions,754
2002-10,2003,Border Patrol,Southwest border,Del Rio Sector,Apprehensions,3037
2002-10,2003,Border Patrol,Southwest border,El Centro Sector,Apprehensions,8399
2002-10,2003,Border Patrol,Southwest border,El Paso Sector,Apprehensions,6545
2002-10,2003,Border Patrol,Southwest border,Laredo Sector,Apprehensions,4644
2002-10,2003,Border Patrol,Southwest border,Rio Grande Valley Sector,Apprehensions,6024
2002-10,2003,Border Patrol,Southwest border,San Diego Sector,Apprehensions,7339
2002-10,2003,Border Patrol,Southwest border,Tucson Sector,Apprehensions,21352
2002-10,2003,Border Patrol,Southwest border,Yuma Sector,Apprehensions,3698
2002-11,2003,Border Patrol,"Air, sea and other",Livermore Sector,Apprehensions,292
2002-11,2003,Border Patrol,"Air, sea and other",Miami Sector,Apprehensions,398
2002-11,2003,Border Patrol,"Air, sea and other",New Orleans Sector,Apprehensions,430
2002-11,2003,Border Patrol,"Air, sea and other",Ramey Sector,Apprehensions,316
2002-11,2003,Border Patrol,Northern border,Blaine Sector,Apprehensions,107
2002-11,2003,Border Patrol,Northern border,Buffalo Sector,Apprehensions,79
2002-11,2003,Border Patrol,Northern border,Detroit Sector,Apprehensions,195
2002-11,2003,Border Patrol,Northern border,Grand Forks Sector,Apprehensions,81
2002-11,2003,Border Patrol,Northern border,Havre Sector,Apprehensions,105
2002-11,2003,Border Patrol,Northern border,Houlton Sector,Apprehensions,22
2002-11,2003,Border Patrol,Northern border,Spokane Sector,Apprehensions,88
2002-11,2003,Border Patrol,Northern border,Swanton Sector,Apprehensions,80
2002-11,2003,Border Patrol,Southwest border,Big Bend Sector,Apprehensions,722
2002-11,2003,Border Patrol,Southwest border,Del Rio Sector,Apprehensions,1942
2002-11,2003,Border Patrol,Southwest border,El Centro Sector,Apprehensions,6107
2002-11,2003,Border Patrol,Southwest border,El Paso Sector,Apprehensions,5303
2002-11,2003,Border Patrol,Southwest border,Laredo Sector,Apprehensions,4157
2002-11,2003,Border Patrol,Southwest border,Rio Grande Valley Sector,Apprehensions,4218
2002-11,2003,Border Patrol,Southwest border,San Diego Sector,Apprehensions,5379
2002-11,2003,Border Patrol,Southwest border,Tucson Sector,Apprehensions,17206
2002-11,2003,Border Patrol,Southwest border,Yuma Sector,Apprehensions,2697
2002-12,2003,Border Patrol,"Air, sea and other",Livermore Sector,Apprehensions,288
2002-12,2003,Border Patrol,"Air, sea and other",Miami Sector,Apprehensions,287
2002-12,2003,Border Patrol,"Air, sea and other",New Orleans Sector,Apprehensions,349
2002-12,2003,Border Patrol,"Air, sea and other",Ramey Sector,Apprehensions,121
2002-12,2003,Border Patrol,Northern border,Blaine Sector,Apprehensions,89
2002-12,2003,Border Patrol,Northern border,Buffalo Sector,Apprehensions,55
2002-12,2003,Border Patrol,Northern border,Detroit Sector,Apprehensions,153
2002-12,2003,Border Patrol,Northern border,Grand Forks Sector,Apprehensions,88
2002-12,2003,Border Patrol,Northern border,Havre Sector,Apprehensions,86
2002-12,2003,Border Patrol,Northern border,Houlton Sector,Apprehensions,12
2002-12,2003,Border Patrol,Northern border,Spokane Sector,Apprehensions,72
2002-12,2003,Border Patrol,Northern border,Swanton Sector,Apprehensions,80
2002-12,2003,Border Patrol,Southwest border,Big Bend Sector,Apprehensions,872
2002-12,2003,Border Patrol,Southwest border,Del Rio Sector,Apprehensions,2083
2002-12,2003,Border Patrol,Southwest border,El Centro Sector,Apprehensions,4572
2002-12,2003,Border Patrol,Southwest border,El Paso Sector,Apprehensions,4008
2002-12,2003,Border Patrol,Southwest border,Laredo Sector,Apprehensions,3991
2002-12,2003,Border Patrol,Southwest border,Rio Grande Valley Sector,Apprehensions,3814
2002-12,2003,Border Patrol,Southwest border,San Diego Sector,Apprehensions,4280
2002-12,2003,Border Patrol,Southwest border,Tucson Sector,Apprehensions,11481
2002-12,2003,Border Patrol,Southwest border,Yuma Sector,Apprehensions,2723
2003-01,2003,Border Patrol,"Air, sea and other",Livermore Sector,Apprehensions,309
2003-01,2003,Border Patrol,"Air, sea and other",Miami Sector,Apprehensions,493
2003-01,2003,Border Patrol,"Air, sea and other",New Orleans Sector,Apprehensions,535
2003-01,2003,Border Patrol,"Air, sea and other",Ramey Sector,Apprehensions,201
2003-01,2003,Border Patrol,Northern border,Blaine Sector,Apprehensions,92
2003-01,2003,Border Patrol,Northern border,Buffalo Sector,Apprehensions,35
2003-01,2003,Border Patrol,Northern border,Detroit Sector,Apprehensions,178
2003-01,2003,Border Patrol,Northern border,Grand Forks Sector,Apprehensions,78
2003-01,2003,Border Patrol,Northern border,Havre Sector,Apprehensions,92
2003-01,2003,Border Patrol,Northern border,Houlton Sector,Apprehensions,19
2003-01,2003,Border Patrol,Northern border,Spokane Sector,Apprehensions,79
2003-01,2003,Border Patrol,Northern border,Swanton Sector,Apprehensions,101
2003-01,2003,Border Patrol,Southwest border,Big Bend Sector,Apprehensions,862
2003-01,2003,Border Patrol,Southwest border,Del Rio Sector,Apprehensions,6546
2003-01,2003,Border Patrol,Southwest border,El Centro Sector,Apprehensions,12369
2003-01,2003,Border Patrol,Southwest border,El Paso Sector,Apprehensions,9255
2003-01,2003,Border Patrol,Southwest border,Laredo Sector,Apprehensions,7444
2003-01,2003,Border Patrol,Southwest border,Rio Grande Valley Sector,Apprehensions,7630
2003-01,2003,Border Patrol,Southwest border,San Diego Sector,Apprehensions,10177
2003-01,2003,Border Patrol,Southwest border,Tucson Sector,Apprehensions,26826
2003-01,2003,Border Patrol,Southwest border,Yuma Sector,Apprehensions,5816
2003-02,2003,Border Patrol,"Air, sea and other",Livermore Sector,Apprehensions,253
2003-02,2003,Border Patrol,"Air, sea and other",Miami Sector,Apprehensions,542
2003-02,2003,Border Patrol,"Air, sea and other",New Orleans Sector,Apprehensions,506
2003-02,2003,Border Patrol,"Air, sea and other",Ramey Sector,Apprehensions,32
2003-02,2003,Border Patrol,Northern border,Blaine Sector,Apprehensions,116
2003-02,2003,Border Patrol,Northern border,Buffalo Sector,Apprehensions,30
2003-02,2003,Border Patrol,Northern border,Detroit Sector,Apprehensions,188
2003-02,2003,Border Patrol,Northern border,Grand Forks Sector,Apprehensions,110
2003-02,2003,Border Patrol,Northern border,Havre Sector,Apprehensions,98
2003-02,2003,Border Patrol,Northern border,Houlton Sector,Apprehensions,17
2003-02,2003,Border Patrol,Northern border,Spokane Sector,Apprehensions,69
2003-02,2003,Border Patrol,Northern border,Swanton Sector,Apprehensions,113
2003-02,2003,Border Patrol,Southwest border,Big Bend Sector,Apprehensions,974
2003-02,2003,Border Patrol,Southwest border,Del Rio Sector,Apprehensions,7127
2003-02,2003,Border Patrol,Southwest border,El Centro Sector,Apprehensions,13293
2003-02,2003,Border Patrol,Southwest border,El Paso Sector,Apprehensions,10000
2003-02,2003,Border Patrol,Southwest border,Laredo Sector,Apprehensions,7603
2003-02,2003,Border Patrol,Southwest border,Rio Grande Valley Sector,Apprehensions,7905
2003-02,2003,Border Patrol,Southwest border,San Diego Sector,Apprehensions,10958
2003-02,2003,Border Patrol,Southwest border,Tucson Sector,Apprehensions,33854
2003-02,2003,Border Patrol,Southwest border,Yuma Sector,Apprehensions,5155
2003-03,2003,Border Patrol,"Air, sea and other",Livermore Sector,Apprehensions,315
2003-03,2003,Border Patrol,"Air, sea and other",Miami Sector,Apprehensions,461
2003-03,2003,Border Patrol,"Air, sea and other",New Orleans Sector,Apprehensions,504
2003-03,2003,Border Patrol,"Air, sea and other",Ramey Sector,Apprehensions,36
2003-03,2003,Border Patrol,Northern border,Blaine Sector,Apprehensions,125
2003-03,2003,Border Patrol,Northern border,Buffalo Sector,Apprehensions,34
2003-03,2003,Border Patrol,Northern border,Detroit Sector,Apprehensions,170
2003-03,2003,Border Patrol,Northern border,Grand Forks Sector,Apprehensions,119
2003-03,2003,Border Patrol,Northern border,Havre Sector,Apprehensions,97
2003-03,2003,Border Patrol,Northern border,Houlton Sector,Apprehensions,16
2003-03,2003,Border Patrol,Northern border,Spokane Sector,Apprehensions,54
2003-03,2003,Border Patrol,Northern border,Swanton Sector,Apprehensions,121
2003-03,2003,Border Patrol,Southwest border,Big Bend Sector,Apprehensions,1097
2003-03,2003,Border Patrol,Southwest border,Del Rio Sector,Apprehensions,6579
2003-03,2003,Border Patrol,Southwest border,El Centro Sector,Apprehensions,11632
2003-03,2003,Border Patrol,Southwest border,El Paso Sector,Apprehensions,8883
2003-03,2003,Border Patrol,Southwest border,Laredo Sector,Apprehensions,7803
2003-03,2003,Border Patrol,Southwest border,Rio Grande Valley Sector,Apprehensions,7498
2003-03,2003,Border Patrol,Southwest border,San Diego Sector,Apprehensions,11158
2003-03,2003,Border Patrol,Southwest border,Tucson Sector,Apprehensions,37055
2003-03,2003,Border Patrol,Southwest border,Yuma Sector,Apprehensions,6694
2003-04,2003,Border Patrol,"Air, sea and other",Livermore Sector,Apprehensions,336
2003-04,2003,Border Patrol,"Air, sea and other",Miami Sector,Apprehensions,623
2003-04,2003,Border Patrol,"Air, sea and other",New Orleans Sector,Apprehensions,576
2003-04,2003,Border Patrol,"Air, sea and other",Ramey Sector,Apprehensions,46
2003-04,2003,Border Patrol,Northern border,Blaine Sector,Apprehensions,93
2003-04,2003,Border Patrol,Northern border,Buffalo Sector,Apprehensions,26
2003-04,2003,Border Patrol,Northern border,Detroit Sector,Apprehensions,220
2003-04,2003,Border Patrol,Northern border,Grand Forks Sector,Apprehensions,113
2003-04,2003,Border Patrol,Northern border,Havre Sector,Apprehensions,156
2003-04,2003,Border Patrol,Northern border,Houlton Sector,Apprehensions,19
2003-04,2003,Border Patrol,Northern border,Spokane Sector,Apprehensions,42
2003-04,2003,Border Patrol,Northern border,Swanton Sector,Apprehensions,101
2003-04,2003,Border Patrol,Southwest border,Big Bend Sector,Apprehensions,860
2003-04,2003,Border Patrol,Southwest border,Del Rio Sector,Apprehensions,5020
2003-04,2003,Border Patrol,Southwest border,El Centro Sector,Apprehensions,6116
2003-04,2003,Border Patrol,Southwest border,El Paso Sector,Apprehensions,7359
2003-04,2003,Border Patrol,Southwest border,Laredo Sector,Apprehensions,5990
2003-04,2003,Border Patrol,Southwest border,Rio Grande Valley Sector,Apprehensions,6560
2003-04,2003,Border Patrol,Southwest border,San Diego Sector,Apprehensions,9082
2003-04,2003,Border Patrol,Southwest border,Tucson Sector,Apprehensions,29099
2003-04,2003,Border Patrol,Southwest border,Yuma Sector,Apprehensions,5273
2003-05,2003,Border Patrol,"Air, sea and other",Livermore Sector,Apprehensions,330
2003-05,2003,Border Patrol,"Air, sea and other",Miami Sector,Apprehensions,434
2003-05,2003,Border Patrol,"Air, sea and other",New Orleans Sector,Apprehensions,516
2003-05,2003,Border Patrol,"Air, sea and other",Ramey Sector,Apprehensions,231
2003-05,2003,Border Patrol,Northern border,Blaine Sector,Apprehensions,121
2003-05,2003,Border Patrol,Northern border,Buffalo Sector,Apprehensions,22
2003-05,2003,Border Patrol,Northern border,Detroit Sector,Apprehensions,195
2003-05,2003,Border Patrol,Northern border,Grand Forks Sector,Apprehensions,90
2003-05,2003,Border Patrol,Northern border,Havre Sector,Apprehensions,135
2003-05,2003,Border Patrol,Northern border,Houlton Sector,Apprehensions,30
2003-05,2003,Border Patrol,Northern border,Spokane Sector,Apprehensions,60
2003-05,2003,Border Patrol,Northern border,Swanton Sector,Apprehensions,156
2003-05,2003,Border Patrol,Southwest border,Big Bend Sector,Apprehensions,1099
2003-05,2003,Border Patrol,Southwest border,Del Rio Sector,Apprehensions,4973
2003-05,2003,Border Patrol,Southwest border,El Centro Sector,Apprehensions,6528
2003-05,2003,Border Patrol,Southwest border,El Paso Sector,Apprehensions,8120
2003-05,2003,Border Patrol,Southwest border,Laredo Sector,Apprehensions,6683
2003-05,2003,Border Patrol,Southwest border,Rio Grande Valley Sector,Apprehensions,7095
2003-05,2003,Border Patrol,Southwest border,San Diego Sector,Apprehensions,10680
2003-05,2003,Border Patrol,Southwest border,Tucson Sector,Apprehensions,37847
2003-05,2003,Border Patrol,Southwest border,Yuma Sector,Apprehensions,5665
2003-06,2003,Border Patrol,"Air, sea and other",Livermore Sector,Apprehensions,267
2003-06,2003,Border Patrol,"Air, sea and other",Miami Sector,Apprehensions,408
2003-06,2003,Border Patrol,"Air, sea and other",New Orleans Sector,Apprehensions,399
2003-06,2003,Border Patrol,"Air, sea and other",Ramey Sector,Apprehensions,81
2003-06,2003,Border Patrol,Northern border,Blaine Sector,Apprehensions,69
2003-06,2003,Border Patrol,Northern border,Buffalo Sector,Apprehensions,33
2003-06,2003,Border Patrol,Northern border,Detroit Sector,Apprehensions,196
2003-06,2003,Border Patrol,Northern border,Grand Forks Sector,Apprehensions,99
2003-06,2003,Border Patrol,Northern border,Havre Sector,Apprehensions,132
2003-06,2003,Border Patrol,Northern border,Houlton Sector,Apprehensions,21
2003-06,2003,Border Patrol,Northern border,Spokane Sector,Apprehensions,68
2003-06,2003,Border Patrol,Northern border,Swanton Sector,Apprehensions,337
2003-06,2003,Border Patrol,Southwest border,Big Bend Sector,Apprehensions,678
2003-06,2003,Border Patrol,Southwest border,Del Rio Sector,Apprehensions,2857
2003-06,2003,Border Patrol,Southwest border,El Centro Sector,Apprehensions,5791
2003-06,2003,Border Patrol,Southwest border,El Paso Sector,Apprehensions,6998
2003-06,2003,Border Patrol,Southwest border,Laredo Sector,Apprehensions,5165
2003-06,2003,Border Patrol,Southwest border,Rio Grande Valley Sector,Apprehensions,6153
2003-06,2003,Border Patrol,Southwest border,San Diego Sector,Apprehensions,9271
2003-06,2003,Border Patrol,Southwest border,Tucson Sector,Apprehensions,32532
2003-06,2003,Border Patrol,Southwest border,Yuma Sector,Apprehensions,6085
2003-07,2003,Border Patrol,"Air, sea and other",Livermore Sector,Apprehensions,247
2003-07,2003,Border Patrol,"Air, sea and other",Miami Sector,Apprehensions,491
2003-07,2003,Border Patrol,"Air, sea and other",New Orleans Sector,Apprehensions,378
2003-07,2003,Border Patrol,"Air, sea and other",Ramey Sector,Apprehensions,21
2003-07,2003,Border Patrol,Northern border,Blaine Sector,Apprehensions,152
2003-07,2003,Border Patrol,Northern border,Buffalo Sector,Apprehensions,28
2003-07,2003,Border Patrol,Northern border,Detroit Sector,Apprehensions,235
2003-07,2003,Border Patrol,Northern border,Grand Forks Sector,Apprehensions,123
2003-07,2003,Border Patrol,Northern border,Havre Sector,Apprehensions,128
2003-07,2003,Border Patrol,Northern border,Houlton Sector,Apprehensions,38
2003-07,2003,Border Patrol,Northern border,Spokane Sector,Apprehensions,137
2003-07,2003,Border Patrol,Northern border,Swanton Sector,Apprehensions,352
2003-07,2003,Border Patrol,Southwest border,Big Bend Sector,Apprehensions,773
2003-07,2003,Border Patrol,Southwest border,Del Rio Sector,Apprehensions,2993
2003-07,2003,Border Patrol,Southwest border,El Centro Sector,Apprehensions,6128
2003-07,2003,Border Patrol,Southwest border,El Paso Sector,Apprehensions,7618
2003-07,2003,Border Patrol,Southwest border,Laredo Sector,Apprehensions,5570
2003-07,2003,Border Patrol,Southwest border,Rio Grande Valley Sector,Apprehensions,7042
2003-07,2003,Border Patrol,Southwest border,San Diego Sector,Apprehensions,10207
2003-07,2003,Border Patrol,Southwest border,Tucson Sector,Apprehensions,34201
2003-07,2003,Border Patrol,Southwest border,Yuma Sector,Apprehensions,4752
2003-08,2003,Border Patrol,"Air, sea and other",Livermore Sector,Apprehensions,211
2003-08,2003,Border Patrol,"Air, sea and other",Miami Sector,Apprehensions,481
2003-08,2003,Border Patrol,"Air, sea and other",New Orleans Sector,Apprehensions,252
2003-08,2003,Border Patrol,"Air, sea and other",Ramey Sector,Apprehensions,172
2003-08,2003,Border Patrol,Northern border,Blaine Sector,Apprehensions,140
2003-08,2003,Border Patrol,Northern border,Buffalo Sector,Apprehensions,30
2003-08,2003,Border Patrol,Northern border,Detroit Sector,Apprehensions,232
2003-08,2003,Border Patrol,Northern border,Grand Forks Sector,Apprehensions,131
2003-08,2003,Border Patrol,Northern border,Havre Sector,Apprehensions,110
2003-08,2003,Border Patrol,Northern border,Houlton Sector,Apprehensions,29
2003-08,2003,Border Patrol,Northern border,Spokane Sector,Apprehensions,87
2003-08,2003,Border Patrol,Northern border,Swanton Sector,Apprehensions,235
2003-08,2003,Border Patrol,Southwest border,Big Bend Sector,Apprehensions,867
2003-08,2003,Border Patrol,Southwest border,Del Rio Sector,Apprehensions,3700
2003-08,2003,Border Patrol,Southwest border,El Centro Sector,Apprehensions,6076
2003-08,2003,Border Patrol,Southwest border,El Paso Sector,Apprehensions,7538
2003-08,2003,Border Patrol,Southwest border,Laredo Sector,Apprehensions,6371
2003-08,2003,Border Patrol,Southwest border,Rio Grande Valley Sector,Apprehensions,7737
2003-08,2003,Border Patrol,Southwest border,San Diego Sector,Apprehensions,11217
2003-08,2003,Border Patrol,Southwest border,Tucson Sector,Apprehensions,36639
2003-08,2003,Border Patrol,Southwest border,Yuma Sector,Apprehensions,4341
2003-09,2003,Border Patrol,"Air, sea and other",Livermore Sector,Apprehensions,346
2003-09,2003,Border Patrol,"Air, sea and other",Miami Sector,Apprehensions,627
2003-09,2003,Border Patrol,"Air, sea and other",New Orleans Sector,Apprehensions,244
2003-09,2003,Border Patrol,"Air, sea and other",Ramey Sector,Apprehensions,233
2003-09,2003,Border Patrol,Northern border,Blaine Sector,Apprehensions,169
2003-09,2003,Border Patrol,Northern border,Buffalo Sector,Apprehensions,80
2003-09,2003,Border Patrol,Northern border,Detroit Sector,Apprehensions,232
2003-09,2003,Border Patrol,Northern border,Grand Forks Sector,Apprehensions,89
2003-09,2003,Border Patrol,Northern border,Havre Sector,Apprehensions,116
2003-09,2003,Border Patrol,Northern border,Houlton Sector,Apprehensions,16
2003-09,2003,Border Patrol,Northern border,Spokane Sector,Apprehensions,110
2003-09,2003,Border Patrol,Northern border,Swanton Sector,Apprehensions,172
2003-09,2003,Border Patrol,Southwest border,Big Bend Sector,Apprehensions,761
2003-09,2003,Border Patrol,Southwest border,Del Rio Sector,Apprehensions,3288
2003-09,2003,Border Patrol,Southwest border,El Centro Sector,Apprehensions,5088
2003-09,2003,Border Patrol,Southwest border,El Paso Sector,Apprehensions,7189
2003-09,2003,Border Patrol,Southwest border,Laredo Sector,Apprehensions,5100
2003-09,2003,Border Patrol,Southwest border,Rio Grande Valley Sector,Apprehensions,6073
2003-09,2003,Border Patrol,Southwest border,San Diego Sector,Apprehensions,11767
2003-09,2003,Border Patrol,Southwest border,Tucson Sector,Apprehensions,29171
2003-09,2003,Border Patrol,Southwest border,Yuma Sector,Apprehensions,3739
2003-10,2004,Border Patrol,"Air, sea and other",Livermore Sector,Apprehensions,296
2003-10,2004,Border Patrol,"Air, sea and other",Miami Sector,Apprehensions,437
2003-10,2004,Border Patrol,"Air, sea and other",New Orleans Sector,Apprehensions,284
2003-10,2004,Border Patrol,"Air, sea and other",Ramey Sector,Apprehensions,213
2003-10,2004,Border Patrol,Northern border,Blaine Sector,Apprehensions,135
2003-10,2004,Border Patrol,Northern border,Buffalo Sector,Apprehensions,25
2003-10,2004,Border Patrol,Northern border,Detroit Sector,Apprehensions,154
2003-10,2004,Border Patrol,Northern border,Grand Forks Sector,Apprehensions,92
2003-10,2004,Border Patrol,Northern border,Havre Sector,Apprehensions,81
2003-10,2004,Border Patrol,Northern border,Houlton Sector,Apprehensions,27
2003-10,2004,Border Patrol,Northern border,Spokane Sector,Apprehensions,83
2003-10,2004,Border Patrol,Northern border,Swanton Sector,Apprehensions,177
2003-10,2004,Border Patrol,Southwest border,Big Bend Sector,Apprehensions,707
2003-10,2004,Border Patrol,Southwest border,Del Rio Sector,Apprehensions,2913
2003-10,2004,Border Patrol,Southwest border,El Centro Sector,Apprehensions,5438
2003-10,2004,Border Patrol,Southwest border,El Paso Sector,Apprehensions,6451
2003-10,2004,Border Patrol,Southwest border,Laredo Sector,Apprehensions,4479
2003-10,2004,Border Patrol,Southwest border,Rio Grande Valley Sector,Apprehensions,5414
2003-10,2004,Border Patrol,Southwest border,San Diego Sector,Apprehensions,10426
2003-10,2004,Border Patrol,Southwest border,Tucson Sector,Apprehensions,26530
2003-10,2004,Border Patrol,Southwest border,Yuma Sector,Apprehensions,3033
2003-11,2004,Border Patrol,"Air, sea and other",Livermore Sector,Apprehensions,225
2003-11,2004,Border Patrol,"Air, sea and other",Miami Sector,Apprehensions,321
2003-11,2004,Border Patrol,"Air, sea and other",New Orleans Sector,Apprehensions,244
2003-11,2004,Border Patrol,"Air, sea and other",Ramey Sector,Apprehensions,247
2003-11,2004,Border Patrol,Northern border,Blaine Sector,Apprehensions,100
2003-11,2004,Border Patrol,Northern border,Buffalo Sector,Apprehensions,17
2003-11,2004,Border Patrol,Northern border,Detroit Sector,Apprehensions,157
2003-11,2004,Border Patrol,Northern border,Grand Forks Sector,Apprehensions,89
2003-11,2004,Border Patrol,Northern border,Havre Sector,Apprehensions,48
2003-11,2004,Border Patrol,Northern border,Houlton Sector,Apprehensions,19
2003-11,2004,Border Patrol,Northern border,Spokane Sector,Apprehensions,79
2003-11,2004,Border Patrol,Northern border,Swanton Sector,Apprehensions,82
2003-11,2004,Border Patrol,Southwest border,Big Bend Sector,Apprehensions,710
2003-11,2004,Border Patrol,Southwest border,Del Rio Sector,Apprehensions,2372
2003-11,2004,Border Patrol,Southwest border,El Centro Sector,Apprehensions,3799
2003-11,2004,Border Patrol,Southwest border,El Paso Sector,Apprehensions,5244
2003-11,2004,Border Patrol,Southwest border,Laredo Sector,Apprehensions,4670
2003-11,2004,Border Patrol,Southwest border,Rio Grande Valley Sector,Apprehensions,5053
2003-11,2004,Border Patrol,Southwest border,San Diego Sector,Apprehensions,7996
2003-11,2004,Border Patrol,Southwest border,Tucson Sector,Apprehensions,24890
2003-11,2004,Border Patrol,Southwest border,Yuma Sector,Apprehensions,3160
2003-12,2004,Border Patrol,"Air, sea and other",Livermore Sector,Apprehensions,220
2003-12,2004,Border Patrol,"Air, sea and other",Miami Sector,Apprehensions,367
2003-12,2004,Border Patrol,"Air, sea and other",New Orleans Sector,Apprehensions,184
2003-12,2004,Border Patrol,"Air, sea and other",Ramey Sector,Apprehensions,332
2003-12,2004,Border Patrol,Northern border,Blaine Sector,Apprehensions,101
2003-12,2004,Border Patrol,Northern border,Buffalo Sector,Apprehensions,30
2003-12,2004,Border Patrol,Northern border,Detroit Sector,Apprehensions,111
2003-12,2004,Border Patrol,Northern border,Grand Forks Sector,Apprehensions,85
2003-12,2004,Border Patrol,Northern border,Havre Sector,Apprehensions,90
2003-12,2004,Border Patrol,Northern border,Houlton Sector,Apprehensions,17
2003-12,2004,Border Patrol,Northern border,Spokane Sector,Apprehensions,51
2003-12,2004,Border Patrol,Northern border,Swanton Sector,Apprehensions,107
2003-12,2004,Border Patrol,Southwest border,Big Bend Sector,Apprehensions,824
2003-12,2004,Border Patrol,Southwest border,Del Rio Sector,Apprehensions,2307
2003-12,2004,Border Patrol,Southwest border,El Centro Sector,Apprehensions,2802
2003-12,2004,Border Patrol,Southwest border,El Paso Sector,Apprehensions,4030
2003-12,2004,Border Patrol,Southwest border,Laredo Sector,Apprehensions,3571
2003-12,2004,Border Patrol,Southwest border,Rio Grande Valley Sector,Apprehensions,4636
2003-12,2004,Border Patrol,Southwest border,San Diego Sector,Apprehensions,5849
2003-12,2004,Border Patrol,Southwest border,Tucson Sector,Apprehensions,17349
2003-12,2004,Border Patrol,Southwest border,Yuma Sector,Apprehensions,2246
2004-01,2004,Border Patrol,"Air, sea and other",Livermore Sector,Apprehensions,172
2004-01,2004,Border Patrol,"Air, sea and other",Miami Sector,Apprehensions,522
2004-01,2004,Border Patrol,"Air, sea and other",New Orleans Sector,Apprehensions,293
2004-01,2004,Border Patrol,"Air, sea and other",Ramey Sector,Apprehensions,166
2004-01,2004,Border Patrol,Northern border,Blaine Sector,Apprehensions,76
2004-01,2004,Border Patrol,Northern border,Buffalo Sector,Apprehensions,28
2004-01,2004,Border Patrol,Northern border,Detroit Sector,Apprehensions,114
2004-01,2004,Border Patrol,Northern border,Grand Forks Sector,Apprehensions,105
2004-01,2004,Border Patrol,Northern border,Havre Sector,Apprehensions,84
2004-01,2004,Border Patrol,Northern border,Houlton Sector,Apprehensions,38
2004-01,2004,Border Patrol,Northern border,Spokane Sector,Apprehensions,69
2004-01,2004,Border Patrol,Northern border,Swanton Sector,Apprehensions,224
2004-01,2004,Border Patrol,Southwest border,Big Bend Sector,Apprehensions,696
2004-01,2004,Border Patrol,Southwest border,Del Rio Sector,Apprehensions,5044
2004-01,2004,Border Patrol,Southwest border,El Centro Sector,Apprehensions,7826
2004-01,2004,Border Patrol,Southwest border,El Paso Sector,Apprehensions,8768
2004-01,2004,Border Patrol,Southwest border,Laredo Sector,Apprehensions,6540
2004-01,2004,Border Patrol,Southwest border,Rio Grande Valley Sector,Apprehensions,8102
2004-01,2004,Border Patrol,Southwest border,San Diego Sector,Apprehensions,13405
2004-01,2004,Border Patrol,Southwest border,Tucson Sector,Apprehensions,34913
2004-01,2004,Border Patrol,Southwest border,Yuma Sector,Apprehensions,7227
2004-02,2004,Border Patrol,"Air, sea and other",Livermore Sector,Apprehensions,184
2004-02,2004,Border Patrol,"Air, sea and other",Miami Sector,Apprehensions,418
2004-02,2004,Border Patrol,"Air, sea and other",New Orleans Sector,Apprehensions,226
2004-02,2004,Border Patrol,"Air, sea and other",Ramey Sector,Apprehensions,188
2004-02,2004,Border Patrol,Northern border,Blaine Sector,Apprehensions,118
2004-02,2004,Border Patrol,Northern border,Buffalo Sector,Apprehensions,28
2004-02,2004,Border Patrol,Northern border,Detroit Sector,Apprehensions,108
2004-02,2004,Border Patrol,Northern border,Grand Forks Sector,Apprehensions,70
2004-02,2004,Border Patrol,Northern border,Havre Sector,Apprehensions,62
2004-02,2004,Border Patrol,Northern border,Houlton Sector,Apprehensions,17
2004-02,2004,Border Patrol,Northern border,Spokane Sector,Apprehensions,103
2004-02,2004,Border Patrol,Northern border,Swanton Sector,Apprehensions,182
2004-02,2004,Border Patrol,Southwest border,Big Bend Sector,Apprehensions,907
2004-02,2004,Border Patrol,Southwest border,Del Rio Sector,Apprehensions,6561
2004-02,2004,Border Patrol,Southwest border,El Centro Sector,Apprehensions,8417
2004-02,2004,Border Patrol,Southwest border,El Paso Sector,Apprehensions,10584
2004-02,2004,Border Patrol,Southwest border,Laredo Sector,Apprehensions,8057
2004-02,2004,Border Patrol,Southwest border,Rio Grande Valley Sector,Apprehensions,8732
2004-02,2004,Border Patrol,Southwest border,San Diego Sector,Apprehensions,13252
2004-02,2004,Border Patrol,Southwest border,Tucson Sector,Apprehensions,45312
2004-02,2004,Border Patrol,Southwest border,Yuma Sector,Apprehensions,8847
2004-03,2004,Border Patrol,"Air, sea and other",Livermore Sector,Apprehensions,183
2004-03,2004,Border Patrol,"Air, sea and other",Miami Sector,Apprehensions,346
2004-03,2004,Border Patrol,"Air, sea and other",New Orleans Sector,Apprehensions,376
2004-03,2004,Border Patrol,"Air, sea and other",Ramey Sector,Apprehensions,31
2004-03,2004,Border Patrol,Northern border,Blaine Sector,Apprehensions,145
2004-03,2004,Border Patrol,Northern border,Buffalo Sector,Apprehensions,84
2004-03,2004,Border Patrol,Northern border,Detroit Sector,Apprehensions,202
2004-03,2004,Border Patrol,Northern border,Grand Forks Sector,Apprehensions,106
2004-03,2004,Border Patrol,Northern border,Havre Sector,Apprehensions,84
2004-03,2004,Border Patrol,Northern border,Houlton Sector,Apprehensions,15
2004-03,2004,Border Patrol,Northern border,Spokane Sector,Apprehensions,101
2004-03,2004,Border Patrol,Northern border,Swanton Sector,Apprehensions,195
2004-03,2004,Border Patrol,Southwest border,Big Bend Sector,Apprehensions,1104
2004-03,2004,Border Patrol,Southwest border,Del Rio Sector,Apprehensions,7983
2004-03,2004,Border Patrol,Southwest border,El Centro Sector,Apprehensions,10761
2004-03,2004,Border Patrol,Southwest border,El Paso Sector,Apprehensions,13483
2004-03,2004,Border Patrol,Southwest border,Laredo Sector,Apprehensions,9686
2004-03,2004,Border Patrol,Southwest border,Rio Grande Valley Sector,Apprehensions,10149
2004-03,2004,Border Patrol,Southwest border,San Diego Sector,Apprehensions,17532
2004-03,2004,Border Patrol,Southwest border,Tucson Sector,Apprehensions,72095
2004-03,2004,Border Patrol,Southwest border,Yuma Sector,Apprehensions,12188
2004-04,2004,Border Patrol,"Air, sea and other",Livermore Sector,Apprehensions,185
2004-04,2004,Border Patrol,"Air, sea and other",Miami Sector,Apprehensions,371
2004-04,2004,Border Patrol,"Air, sea and other",New Orleans Sector,Apprehensions,282
2004-04,2004,Border Patrol,"Air, sea and other",Ramey Sector,Apprehensions,178
2004-04,2004,Border Patrol,Northern border,Blaine Sector,Apprehensions,132
2004-04,2004,Border Patrol,Northern border,Buffalo Sector,Apprehensions,60
2004-04,2004,Border Patrol,Northern border,Detroit Sector,Apprehensions,149
2004-04,2004,Border Patrol,Northern border,Grand Forks Sector,Apprehensions,84
2004-04,2004,Border Patrol,Northern border,Havre Sector,Apprehensions,69
2004-04,2004,Border Patrol,Northern border,Houlton Sector,Apprehensions,17
2004-04,2004,Border Patrol,Northern border,Spokane Sector,Apprehensions,52
2004-04,2004,Border Patrol,Northern border,Swanton Sector,Apprehensions,141
2004-04,2004,Border Patrol,Southwest border,Big Bend Sector,Apprehensions,993
2004-04,2004,Border Patrol,Southwest border,Del Rio Sector,Apprehensions,4960
2004-04,2004,Border Patrol,Southwest border,El Centro Sector,Apprehensions,8327
2004-04,2004,Border Patrol,Southwest border,El Paso Sector,Apprehensions,12632
2004-04,2004,Border Patrol,Southwest border,Laredo Sector,Apprehensions,7069
2004-04,2004,Border Patrol,Southwest border,Rio Grande Valley Sector,Apprehensions,9618
2004-04,2004,Border Patrol,Southwest border,San Diego Sector,Apprehensions,15962
2004-04,2004,Border Patrol,Southwest border,Tucson Sector,Apprehensions,64563
2004-04,2004,Border Patrol,Southwest border,Yuma Sector,Apprehensions,11344
2004-05,2004,Border Patrol,"Air, sea and other",Livermore Sector,Apprehensions,214
2004-05,2004,Border Patrol,"Air, sea and other",Miami Sector,Apprehensions,252
2004-05,2004,Border Patrol,"Air, sea and other",New Orleans Sector,Apprehensions,286
2004-05,2004,Border Patrol,"Air, sea and other",Ramey Sector,Apprehensions,87
2004-05,2004,Border Patrol,Northern border,Blaine Sector,Apprehensions,136
2004-05,2004,Border Patrol,Northern border,Buffalo Sector,Apprehensions,84
2004-05,2004,Border Patrol,Northern border,Detroit Sector,Apprehensions,173
2004-05,2004,Border Patrol,Northern border,Grand Forks Sector,Apprehensions,134
2004-05,2004,Border Patrol,Northern border,Havre Sector,Apprehensions,92
2004-05,2004,Border Patrol,Northern border,Houlton Sector,Apprehensions,22
2004-05,2004,Border Patrol,Northern border,Spokane Sector,Apprehensions,58
2004-05,2004,Border Patrol,Northern border,Swanton Sector,Apprehensions,179
2004-05,2004,Border Patrol,Southwest border,Big Bend Sector,Apprehensions,923
2004-05,2004,Border Patrol,Southwest border,Del Rio Sector,Apprehensions,5177
2004-05,2004,Border Patrol,Southwest border,El Centro Sector,Apprehensions,7616
2004-05,2004,Border Patrol,Southwest border,El Paso Sector,Apprehensions,10343
2004-05,2004,Border Patrol,Southwest border,Laredo Sector,Apprehensions,7421
2004-05,2004,Border Patrol,Southwest border,Rio Grande Valley Sector,Apprehensions,8916
2004-05,2004,Border Patrol,Southwest border,San Diego Sector,Apprehensions,14976
2004-05,2004,Border Patrol,Southwest border,Tucson Sector,Apprehensions,53132
2004-05,2004,Border Patrol,Southwest border,Yuma Sector,Apprehensions,10222
2004-06,2004,Border Patrol,"Air, sea and other",Livermore Sector,Apprehensions,171
2004-06,2004,Border Patrol,"Air, sea and other",Miami Sector,Apprehensions,415
2004-06,2004,Border Patrol,"Air, sea and other",New Orleans Sector,Apprehensions,296
2004-06,2004,Border Patrol,"Air, sea and other",Ramey Sector,Apprehensions,99
2004-06,2004,Border Patrol,Northern border,Blaine Sector,Apprehensions,106
2004-06,2004,Border Patrol,Northern border,Buffalo Sector,Apprehensions,85
2004-06,2004,Border Patrol,Northern border,Detroit Sector,Apprehensions,148
2004-06,2004,Border Patrol,Northern border,Grand Forks Sector,Apprehensions,136
2004-06,2004,Border Patrol,Northern border,Havre Sector,Apprehensions,83
2004-06,2004,Border Patrol,Northern border,Houlton Sector,Apprehensions,17
2004-06,2004,Border Patrol,Northern border,Spokane Sector,Apprehensions,84
2004-06,2004,Border Patrol,Northern border,Swanton Sector,Apprehensions,270
2004-06,2004,Border Patrol,Southwest border,Big Bend Sector,Apprehensions,885
2004-06,2004,Border Patrol,Southwest border,Del Rio Sector,Apprehensions,3709
2004-06,2004,Border Patrol,Southwest border,El Centro Sector,Apprehensions,5611
2004-06,2004,Border Patrol,Southwest border,El Paso Sector,Apprehensions,8432
2004-06,2004,Border Patrol,Southwest border,Laredo Sector,Apprehensions,6149
2004-06,2004,Border Patrol,Southwest border,Rio Grande Valley Sector,Apprehensions,7423
2004-06,2004,Border Patrol,Southwest border,San Diego Sector,Apprehensions,11548
2004-06,2004,Border Patrol,Southwest border,Tucson Sector,Apprehensions,42013
2004-06,2004,Border Patrol,Southwest border,Yuma Sector,Apprehensions,8820
2004-07,2004,Border Patrol,"Air, sea and other",Livermore Sector,Apprehensions,0
2004-07,2004,Border Patrol,"Air, sea and other",Miami Sector,Apprehensions,344
2004-07,2004,Border Patrol,"Air, sea and other",New Orleans Sector,Apprehensions,98
2004-07,2004,Border Patrol,"Air, sea and other",Ramey Sector,Apprehensions,74
2004-07,2004,Border Patrol,Northern border,Blaine Sector,Apprehensions,85
2004-07,2004,Border Patrol,Northern border,Buffalo Sector,Apprehensions,86
2004-07,2004,Border Patrol,Northern border,Detroit Sector,Apprehensions,184
2004-07,2004,Border Patrol,Northern border,Grand Forks Sector,Apprehensions,122
2004-07,2004,Border Patrol,Northern border,Havre Sector,Apprehensions,108
2004-07,2004,Border Patrol,Northern border,Houlton Sector,Apprehensions,32
2004-07,2004,Border Patrol,Northern border,Spokane Sector,Apprehensions,54
2004-07,2004,Border Patrol,Northern border,Swanton Sector,Apprehensions,526
2004-07,2004,Border Patrol,Southwest border,Big Bend Sector,Apprehensions,1068
2004-07,2004,Border Patrol,Southwest border,Del Rio Sector,Apprehensions,4242
2004-07,2004,Border Patrol,Southwest border,El Centro Sector,Apprehensions,4581
2004-07,2004,Border Patrol,Southwest border,El Paso Sector,Apprehensions,8654
2004-07,2004,Border Patrol,Southwest border,Laredo Sector,Apprehensions,5376
2004-07,2004,Border Patrol,Southwest border,Rio Grande Valley Sector,Apprehensions,8826
2004-07,2004,Border Patrol,Southwest border,San Diego Sector,Apprehensions,9530
2004-07,2004,Border Patrol,Southwest border,Tucson Sector,Apprehensions,39114
2004-07,2004,Border Patrol,Southwest border,Yuma Sector,Apprehensions,10774
2004-08,2004,Border Patrol,"Air, sea and other",Livermore Sector,Apprehensions,0
2004-08,2004,Border Patrol,"Air, sea and other",Miami Sector,Apprehensions,494
2004-08,2004,Border Patrol,"Air, sea and other",New Orleans Sector,Apprehensions,158
2004-08,2004,Border Patrol,"Air, sea and other",Ramey Sector,Apprehensions,165
2004-08,2004,Border Patrol,Northern border,Blaine Sector,Apprehensions,117
2004-08,2004,Border Patrol,Northern border,Buffalo Sector,Apprehensions,95
2004-08,2004,Border Patrol,Northern border,Detroit Sector,Apprehensions,212
2004-08,2004,Border Patrol,Northern border,Grand Forks Sector,Apprehensions,105
2004-08,2004,Border Patrol,Northern border,Havre Sector,Apprehensions,106
2004-08,2004,Border Patrol,Northern border,Houlton Sector,Apprehensions,24
2004-08,2004,Border Patrol,Northern border,Spokane Sector,Apprehensions,49
2004-08,2004,Border Patrol,Northern border,Swanton Sector,Apprehensions,374
2004-08,2004,Border Patrol,Southwest border,Big Bend Sector,Apprehensions,930
2004-08,2004,Border Patrol,Southwest border,Del Rio Sector,Apprehensions,4573
2004-08,2004,Border Patrol,Southwest border,El Centro Sector,Apprehensions,5086
2004-08,2004,Border Patrol,Southwest border,El Paso Sector,Apprehensions,8321
2004-08,2004,Border Patrol,Southwest border,Laredo Sector,Apprehensions,6570
2004-08,2004,Border Patrol,Southwest border,Rio Grande Valley Sector,Apprehensions,8542
2004-08,2004,Border Patrol,Southwest border,San Diego Sector,Apprehensions,9716
2004-08,2004,Border Patrol,Southwest border,Tucson Sector,Apprehensions,38740
2004-08,2004,Border Patrol,Southwest border,Yuma Sector,Apprehensions,10768
2004-09,2004,Border Patrol,"Air, sea and other",Livermore Sector,Apprehensions,0
2004-09,2004,Border Patrol,"Air, sea and other",Miami Sector,Apprehensions,315
2004-09,2004,Border Patrol,"Air, sea and other",New Orleans Sector,Apprehensions,162
2004-09,2004,Border Patrol,"Air, sea and other",Ramey Sector,Apprehensions,33
2004-09,2004,Border Patrol,Northern border,Blaine Sector,Apprehensions,103
2004-09,2004,Border Patrol,Northern border,Buffalo Sector,Apprehensions,49
2004-09,2004,Border Patrol,Northern border,Detroit Sector,Apprehensions,200
2004-09,2004,Border Patrol,Northern border,Grand Forks Sector,Apprehensions,97
2004-09,2004,Border Patrol,Northern border,Havre Sector,Apprehensions,79
2004-09,2004,Border Patrol,Northern border,Houlton Sector,Apprehensions,18
2004-09,2004,Border Patrol,Northern border,Spokane Sector,Apprehensions,64
2004-09,2004,Border Patrol,Northern border,Swanton Sector,Apprehensions,244
2004-09,2004,Border Patrol,Southwest border,Big Bend Sector,Apprehensions,783
2004-09,2004,Border Patrol,Southwest border,Del Rio Sector,Apprehensions,3953
2004-09,2004,Border Patrol,Southwest border,El Centro Sector,Apprehensions,4203
2004-09,2004,Border Patrol,Southwest border,El Paso Sector,Apprehensions,7457
2004-09,2004,Border Patrol,Southwest border,Laredo Sector,Apprehensions,5118
2004-09,2004,Border Patrol,Southwest border,Rio Grande Valley Sector,Apprehensions,7536
2004-09,2004,Border Patrol,Southwest border,San Diego Sector,Apprehensions,8416
2004-09,2004,Border Patrol,Southwest border,Tucson Sector,Apprehensions,33120
2004-09,2004,Border Patrol,Southwest border,Yuma Sector,Apprehensions,9431
2004-10,2005,Border Patrol,"Air, sea and other",Livermore Sector,Apprehensions,51
2004-10,2005,Border Patrol,"Air, sea and other",Miami Sector,Apprehensions,541
2004-10,2005,Border Patrol,"Air, sea and other",New Orleans Sector,Apprehensions,140
2004-10,2005,Border Patrol,"Air, sea and other",Ramey Sector,Apprehensions,188
2004-10,2005,Border Patrol,Northern border,Blaine Sector,Apprehensions,89
2004-10,2005,Border Patrol,Northern border,Buffalo Sector,Apprehensions,26
2004-10,2005,Border Patrol,Northern border,Detroit Sector,Apprehensions,200
2004-10,2005,Border Patrol,Northern border,Grand Forks Sector,Apprehensions,109
2004-10,2005,Border Patrol,Northern border,Havre Sector,Apprehensions,83
2004-10,2005,Border Patrol,Northern border,Houlton Sector,Apprehensions,17
2004-10,2005,Border Patrol,Northern border,Spokane Sector,Apprehensions,26
2004-10,2005,Border Patrol,Northern border,Swanton Sector,Apprehensions,193
2004-10,2005,Border Patrol,Southwest border,Big Bend Sector,Apprehensions,844
2004-10,2005,Border Patrol,Southwest border,Del Rio Sector,Apprehensions,3856
2004-10,2005,Border Patrol,Southwest border,El Centro Sector,Apprehensions,3723
2004-10,2005,Border Patrol,Southwest border,El Paso Sector,Apprehensions,7472
2004-10,2005,Border Patrol,Southwest border,Laredo Sector,Apprehensions,4691
2004-10,2005,Border Patrol,Southwest border,Rio Grande Valley Sector,Apprehensions,7813
2004-10,2005,Border Patrol,Southwest border,San Diego Sector,Apprehensions,6702
2004-10,2005,Border Patrol,Southwest border,Tucson Sector,Apprehensions,31940
2004-10,2005,Border Patrol,Southwest border,Yuma Sector,Apprehensions,8872
2004-11,2005,Border Patrol,"Air, sea and other",Livermore Sector,Apprehensions,26
2004-11,2005,Border Patrol,"Air, sea and other",Miami Sector,Apprehensions,460
2004-11,2005,Border Patrol,"Air, sea and other",New Orleans Sector,Apprehensions,129
2004-11,2005,Border Patrol,"Air, sea and other",Ramey Sector,Apprehensions,112
2004-11,2005,Border Patrol,Northern border,Blaine Sector,Apprehensions,92
2004-11,2005,Border Patrol,Northern border,Buffalo Sector,Apprehensions,27
2004-11,2005,Border Patrol,Northern border,Detroit Sector,Apprehensions,176
2004-11,2005,Border Patrol,Northern border,Grand Forks Sector,Apprehensions,72
2004-11,2005,Border Patrol,Northern border,Havre Sector,Apprehensions,106
2004-11,2005,Border Patrol,Northern border,Houlton Sector,Apprehensions,47
2004-11,2005,Border Patrol,Northern border,Spokane Sector,Apprehensions,26
2004-11,2005,Border Patrol,Northern border,Swanton Sector,Apprehensions,186
2004-11,2005,Border Patrol,Southwest border,Big Bend Sector,Apprehensions,713
2004-11,2005,Border Patrol,Southwest border,Del Rio Sector,Apprehensions,2795
2004-11,2005,Border Patrol,Southwest border,El Centro Sector,Apprehensions,2798
2004-11,2005,Border Patrol,Southwest border,El Paso Sector,Apprehensions,5801
2004-11,2005,Border Patrol,Southwest border,Laredo Sector,Apprehensions,3997
2004-11,2005,Border Patrol,Southwest border,Rio Grande Valley Sector,Apprehensions,7512
2004-11,2005,Border Patrol,Southwest border,San Diego Sector,Apprehensions,5428
2004-11,2005,Border Patrol,Southwest border,Tucson Sector,Apprehensions,27673
2004-11,2005,Border Patrol,Southwest border,Yuma Sector,Apprehensions,8418
2004-12,2005,Border Patrol,"Air, sea and other",Livermore Sector,Apprehensions,6
2004-12,2005,Border Patrol,"Air, sea and other",Miami Sector,Apprehensions,489
2004-12,2005,Border Patrol,"Air, sea and other",New Orleans Sector,Apprehensions,135
2004-12,2005,Border Patrol,"Air, sea and other",Ramey Sector,Apprehensions,205
2004-12,2005,Border Patrol,Northern border,Blaine Sector,Apprehensions,75
2004-12,2005,Border Patrol,Northern border,Buffalo Sector,Apprehensions,21
2004-12,2005,Border Patrol,Northern border,Detroit Sector,Apprehensions,133
2004-12,2005,Border Patrol,Northern border,Grand Forks Sector,Apprehensions,73
2004-12,2005,Border Patrol,Northern border,Havre Sector,Apprehensions,57
2004-12,2005,Border Patrol,Northern border,Houlton Sector,Apprehensions,31
2004-12,2005,Border Patrol,Northern border,Spokane Sector,Apprehensions,30
2004-12,2005,Border Patrol,Northern border,Swanton Sector,Apprehensions,141
2004-12,2005,Border Patrol,Southwest border,Big Bend Sector,Apprehensions,722
2004-12,2005,Border Patrol,Southwest border,Del Rio Sector,Apprehensions,2768
2004-12,2005,Border Patrol,Southwest border,El Centro Sector,Apprehensions,1772
2004-12,2005,Border Patrol,Southwest border,El Paso Sector,Apprehensions,4464
2004-12,2005,Border Patrol,Southwest border,Laredo Sector,Apprehensions,3367
2004-12,2005,Border Patrol,Southwest border,Rio Grande Valley Sector,Apprehensions,7214
2004-12,2005,Border Patrol,Southwest border,San Diego Sector,Apprehensions,4632
2004-12,2005,Border Patrol,Southwest border,Tucson Sector,Apprehensions,17631
2004-12,2005,Border Patrol,Southwest border,Yuma Sector,Apprehensions,5836
2005-01,2005,Border Patrol,"Air, sea and other",Livermore Sector,Apprehensions,3
2005-01,2005,Border Patrol,"Air, sea and other",Miami Sector,Apprehensions,641
2005-01,2005,Border Patrol,"Air, sea and other",New Orleans Sector,Apprehensions,155
2005-01,2005,Border Patrol,"Air, sea and other",Ramey Sector,Apprehensions,33
2005-01,2005,Border Patrol,Northern border,Blaine Sector,Apprehensions,69
2005-01,2005,Border Patrol,Northern border,Buffalo Sector,Apprehensions,28
2005-01,2005,Border Patrol,Northern border,Detroit Sector,Apprehensions,164
2005-01,2005,Border Patrol,Northern border,Grand Forks Sector,Apprehensions,98
2005-01,2005,Border Patrol,Northern border,Havre Sector,Apprehensions,73
2005-01,2005,Border Patrol,Northern border,Houlton Sector,Apprehensions,27
2005-01,2005,Border Patrol,Northern border,Spokane Sector,Apprehensions,26
2005-01,2005,Border Patrol,Northern border,Swanton Sector,Apprehensions,95
2005-01,2005,Border Patrol,Southwest border,Big Bend Sector,Apprehensions,802
2005-01,2005,Border Patrol,Southwest border,Del Rio Sector,Apprehensions,6120
2005-01,2005,Border Patrol,Southwest border,El Centro Sector,Apprehensions,4963
2005-01,2005,Border Patrol,Southwest border,El Paso Sector,Apprehensions,9898
2005-01,2005,Border Patrol,Southwest border,Laredo Sector,Apprehensions,6331
2005-01,2005,Border Patrol,Southwest border,Rio Grande Valley Sector,Apprehensions,9136
2005-01,2005,Border Patrol,Southwest border,San Diego Sector,Apprehensions,9390
2005-01,2005,Border Patrol,Southwest border,Tucson Sector,Apprehensions,35873
2005-01,2005,Border Patrol,Southwest border,Yuma Sector,Apprehensions,10507
2005-02,2005,Border Patrol,"Air, sea and other",Livermore Sector,Apprehensions,0
2005-02,2005,Border Patrol,"Air, sea and other",Miami Sector,Apprehensions,487
2005-02,2005,Border Patrol,"Air, sea and other",New Orleans Sector,Apprehensions,73
2005-02,2005,Border Patrol,"Air, sea and other",Ramey Sector,Apprehensions,106
2005-02,2005,Border Patrol,Northern border,Blaine Sector,Apprehensions,93
2005-02,2005,Border Patrol,Northern border,Buffalo Sector,Apprehensions,29
2005-02,2005,Border Patrol,Northern border,Detroit Sector,Apprehensions,205
2005-02,2005,Border Patrol,Northern border,Grand Forks Sector,Apprehensions,90
2005-02,2005,Border Patrol,Northern border,Havre Sector,Apprehensions,70
2005-02,2005,Border Patrol,Northern border,Houlton Sector,Apprehensions,26
2005-02,2005,Border Patrol,Northern border,Spokane Sector,Apprehensions,7
2005-02,2005,Border Patrol,Northern border,Swanton Sector,Apprehensions,105
2005-02,2005,Border Patrol,Southwest border,Big Bend Sector,Apprehensions,1113
2005-02,2005,Border Patrol,Southwest border,Del Rio Sector,Apprehensions,7248
2005-02,2005,Border Patrol,Southwest border,El Centro Sector,Apprehensions,5926
2005-02,2005,Border Patrol,Southwest border,El Paso Sector,Apprehensions,13033
2005-02,2005,Border Patrol,Southwest border,Laredo Sector,Apprehensions,7530
2005-02,2005,Border Patrol,Southwest border,Rio Grande Valley Sector,Apprehensions,10147
2005-02,2005,Border Patrol,Southwest border,San Diego Sector,Apprehensions,10864
2005-02,2005,Border Patrol,Southwest border,Tucson Sector,Apprehensions,45875
2005-02,2005,Border Patrol,Southwest border,Yuma Sector,Apprehensions,12039
2005-03,2005,Border Patrol,"Air, sea and other",Livermore Sector,Apprehensions,7
2005-03,2005,Border Patrol,"Air, sea and other",Miami Sector,Apprehensions,574
2005-03,2005,Border Patrol,"Air, sea and other",New Orleans Sector,Apprehensions,100
2005-03,2005,Border Patrol,"Air, sea and other",Ramey Sector,Apprehensions,63
2005-03,2005,Border Patrol,Northern border,Blaine Sector,Apprehensions,96
2005-03,2005,Border Patrol,Northern border,Buffalo Sector,Apprehensions,37
2005-03,2005,Border Patrol,Northern border,Detroit Sector,Apprehensions,193
2005-03,2005,Border Patrol,Northern border,Grand Forks Sector,Apprehensions,61
2005-03,2005,Border Patrol,Northern border,Havre Sector,Apprehensions,85
2005-03,2005,Border Patrol,Northern border,Houlton Sector,Apprehensions,6
2005-03,2005,Border Patrol,Northern border,Spokane Sector,Apprehensions,22
2005-03,2005,Border Patrol,Northern border,Swanton Sector,Apprehensions,152
2005-03,2005,Border Patrol,Southwest border,Big Bend Sector,Apprehensions,1364
2005-03,2005,Border Patrol,Southwest border,Del Rio Sector,Apprehensions,7935
2005-03,2005,Border Patrol,Southwest border,El Centro Sector,Apprehensions,6632
2005-03,2005,Border Patrol,Southwest border,El Paso Sector,Apprehensions,13249
2005-03,2005,Border Patrol,Southwest border,Laredo Sector,Apprehensions,8112
2005-03,2005,Border Patrol,Southwest border,Rio Grande Valley Sector,Apprehensions,13176
2005-03,2005,Border Patrol,Southwest border,San Diego Sector,Apprehensions,12750
2005-03,2005,Border Patrol,Southwest border,Tucson Sector,Apprehensions,64096
2005-03,2005,Border Patrol,Southwest border,Yuma Sector,Apprehensions,15734
2005-04,2005,Border Patrol,"Air, sea and other",Livermore Sector,Apprehensions,5
2005-04,2005,Border Patrol,"Air, sea and other",Miami Sector,Apprehensions,536
2005-04,2005,Border Patrol,"Air, sea and other",New Orleans Sector,Apprehensions,96
2005-04,2005,Border Patrol,"Air, sea and other",Ramey Sector,Apprehensions,163
2005-04,2005,Border Patrol,Northern border,Blaine Sector,Apprehensions,68
2005-04,2005,Border Patrol,Northern border,Buffalo Sector,Apprehensions,40
2005-04,2005,Border Patrol,Northern border,Detroit Sector,Apprehensions,132
2005-04,2005,Border Patrol,Northern border,Grand Forks Sector,Apprehensions,35
2005-04,2005,Border Patrol,Northern border,Havre Sector,Apprehensions,105
2005-04,2005,Border Patrol,Northern border,Houlton Sector,Apprehensions,19
2005-04,2005,Border Patrol,Northern border,Spokane Sector,Apprehensions,33
2005-04,2005,Border Patrol,Northern border,Swanton Sector,Apprehensions,105
2005-04,2005,Border Patrol,Southwest border,Big Bend Sector,Apprehensions,1276
2005-04,2005,Border Patrol,Southwest border,Del Rio Sector,Apprehensions,7584
2005-04,2005,Border Patrol,Southwest border,El Centro Sector,Apprehensions,6010
2005-04,2005,Border Patrol,Southwest border,El Paso Sector,Apprehensions,15274
2005-04,2005,Border Patrol,Southwest border,Laredo Sector,Apprehensions,9043
2005-04,2005,Border Patrol,Southwest border,Rio Grande Valley Sector,Apprehensions,14635
2005-04,2005,Border Patrol,Southwest border,San Diego Sector,Apprehensions,16534
2005-04,2005,Border Patrol,Southwest border,Tucson Sector,Apprehensions,52644
2005-04,2005,Border Patrol,Southwest border,Yuma Sector,Apprehensions,17062
2005-05,2005,Border Patrol,"Air, sea and other",Livermore Sector,Apprehensions,3
2005-05,2005,Border Patrol,"Air, sea and other",Miami Sector,Apprehensions,717
2005-05,2005,Border Patrol,"Air, sea and other",New Orleans Sector,Apprehensions,170
2005-05,2005,Border Patrol,"Air, sea and other",Ramey Sector,Apprehensions,67
2005-05,2005,Border Patrol,Northern border,Blaine Sector,Apprehensions,88
2005-05,2005,Border Patrol,Northern border,Buffalo Sector,Apprehensions,53
2005-05,2005,Border Patrol,Northern border,Detroit Sector,Apprehensions,113
2005-05,2005,Border Patrol,Northern border,Grand Forks Sector,Apprehensions,24
2005-05,2005,Border Patrol,Northern border,Havre Sector,Apprehensions,89
2005-05,2005,Border Patrol,Northern border,Houlton Sector,Apprehensions,10
2005-05,2005,Border Patrol,Northern border,Spokane Sector,Apprehensions,30
2005-05,2005,Border Patrol,Northern border,Swanton Sector,Apprehensions,123
2005-05,2005,Border Patrol,Southwest border,Big Bend Sector,Apprehensions,866
2005-05,2005,Border Patrol,Southwest border,Del Rio Sector,Apprehensions,6270
2005-05,2005,Border Patrol,Southwest border,El Centro Sector,Apprehensions,5352
2005-05,2005,Border Patrol,Southwest border,El Paso Sector,Apprehensions,11041
2005-05,2005,Border Patrol,Southwest border,Laredo Sector,Apprehensions,7569
2005-05,2005,Border Patrol,Southwest border,Rio Grande Valley Sector,Apprehensions,14796
2005-05,2005,Border Patrol,Southwest border,San Diego Sector,Apprehensions,15114
2005-05,2005,Border Patrol,Southwest border,Tucson Sector,Apprehensions,40764
2005-05,2005,Border Patrol,Southwest border,Yuma Sector,Apprehensions,14051
2005-06,2005,Border Patrol,"Air, sea and other",Livermore Sector,Apprehensions,7
2005-06,2005,Border Patrol,"Air, sea and other",Miami Sector,Apprehensions,676
2005-06,2005,Border Patrol,"Air, sea and other",New Orleans Sector,Apprehensions,69
2005-06,2005,Border Patrol,"Air, sea and other",Ramey Sector,Apprehensions,103
2005-06,2005,Border Patrol,Northern border,Blaine Sector,Apprehensions,93
2005-06,2005,Border Patrol,Northern border,Buffalo Sector,Apprehensions,19
2005-06,2005,Border Patrol,Northern border,Detroit Sector,Apprehensions,122
2005-06,2005,Border Patrol,Northern border,Grand Forks Sector,Apprehensions,41
2005-06,2005,Border Patrol,Northern border,Havre Sector,Apprehensions,88
2005-06,2005,Border Patrol,Northern border,Houlton Sector,Apprehensions,11
2005-06,2005,Border Patrol,Northern border,Spokane Sector,Apprehensions,41
2005-06,2005,Border Patrol,Northern border,Swanton Sector,Apprehensions,241
2005-06,2005,Border Patrol,Southwest border,Big Bend Sector,Apprehensions,620
2005-06,2005,Border Patrol,Southwest border,Del Rio Sector,Apprehensions,4947
2005-06,2005,Border Patrol,Southwest border,El Centro Sector,Apprehensions,3829
2005-06,2005,Border Patrol,Southwest border,El Paso Sector,Apprehensions,8445
2005-06,2005,Border Patrol,Southwest border,Laredo Sector,Apprehensions,5699
2005-06,2005,Border Patrol,Southwest border,Rio Grande Valley Sector,Apprehensions,13109
2005-06,2005,Border Patrol,Southwest border,San Diego Sector,Apprehensions,10921
2005-06,2005,Border Patrol,Southwest border,Tucson Sector,Apprehensions,31694
2005-06,2005,Border Patrol,Southwest border,Yuma Sector,Apprehensions,11522
2005-07,2005,Border Patrol,"Air, sea and other",Livermore Sector,Apprehensions,1
2005-07,2005,Border Patrol,"Air, sea and other",Miami Sector,Apprehensions,648
2005-07,2005,Border Patrol,"Air, sea and other",New Orleans Sector,Apprehensions,83
2005-07,2005,Border Patrol,"Air, sea and other",Ramey Sector,Apprehensions,101
2005-07,2005,Border Patrol,Northern border,Blaine Sector,Apprehensions,85
2005-07,2005,Border Patrol,Northern border,Buffalo Sector,Apprehensions,34
2005-07,2005,Border Patrol,Northern border,Detroit Sector,Apprehensions,107
2005-07,2005,Border Patrol,Northern border,Grand Forks Sector,Apprehensions,28
2005-07,2005,Border Patrol,Northern border,Havre Sector,Apprehensions,70
2005-07,2005,Border Patrol,Northern border,Houlton Sector,Apprehensions,18
2005-07,2005,Border Patrol,Northern border,Spokane Sector,Apprehensions,18
2005-07,2005,Border Patrol,Northern border,Swanton Sector,Apprehensions,274
2005-07,2005,Border Patrol,Southwest border,Big Bend Sector,Apprehensions,761
2005-07,2005,Border Patrol,Southwest border,Del Rio Sector,Apprehensions,5873
2005-07,2005,Border Patrol,Southwest border,El Centro Sector,Apprehensions,3712
2005-07,2005,Border Patrol,Southwest border,El Paso Sector,Apprehensions,11568
2005-07,2005,Border Patrol,Southwest border,Laredo Sector,Apprehensions,6623
2005-07,2005,Border Patrol,Southwest border,Rio Grande Valley Sector,Apprehensions,12208
2005-07,2005,Border Patrol,Southwest border,San Diego Sector,Apprehensions,10010
2005-07,2005,Border Patrol,Southwest border,Tucson Sector,Apprehensions,32390
2005-07,2005,Border Patrol,Southwest border,Yuma Sector,Apprehensions,11809
2005-08,2005,Border Patrol,"Air, sea and other",Livermore Sector,Apprehensions,0
2005-08,2005,Border Patrol,"Air, sea and other",Miami Sector,Apprehensions,586
2005-08,2005,Border Patrol,"Air, sea and other",New Orleans Sector,Apprehensions,186
2005-08,2005,Border Patrol,"Air, sea and other",Ramey Sector,Apprehensions,156
2005-08,2005,Border Patrol,Northern border,Blaine Sector,Apprehensions,72
2005-08,2005,Border Patrol,Northern border,Buffalo Sector,Apprehensions,45
2005-08,2005,Border Patrol,Northern border,Detroit Sector,Apprehensions,132
2005-08,2005,Border Patrol,Northern border,Grand Forks Sector,Apprehensions,56
2005-08,2005,Border Patrol,Northern border,Havre Sector,Apprehensions,74
2005-08,2005,Border Patrol,Northern border,Houlton Sector,Apprehensions,8
2005-08,2005,Border Patrol,Northern border,Spokane Sector,Apprehensions,14
2005-08,2005,Border Patrol,Northern border,Swanton Sector,Apprehensions,214
2005-08,2005,Border Patrol,Southwest border,Big Bend Sector,Apprehensions,777
2005-08,2005,Border Patrol,Southwest border,Del Rio Sector,Apprehensions,6498
2005-08,2005,Border Patrol,Southwest border,El Centro Sector,Apprehensions,5047
2005-08,2005,Border Patrol,Southwest border,El Paso Sector,Apprehensions,12099
2005-08,2005,Border Patrol,Southwest border,Laredo Sector,Apprehensions,6635
2005-08,2005,Border Patrol,Southwest border,Rio Grande Valley Sector,Apprehensions,12713
2005-08,2005,Border Patrol,Southwest border,San Diego Sector,Apprehensions,11798
2005-08,2005,Border Patrol,Southwest border,Tucson Sector,Apprehensions,29178
2005-08,2005,Border Patrol,Southwest border,Yuma Sector,Apprehensions,11988
2005-09,2005,Border Patrol,"Air, sea and other",Livermore Sector,Apprehensions,5
2005-09,2005,Border Patrol,"Air, sea and other",Miami Sector,Apprehensions,890
2005-09,2005,Border Patrol,"Air, sea and other",New Orleans Sector,Apprehensions,22
2005-09,2005,Border Patrol,"Air, sea and other",Ramey Sector,Apprehensions,322
2005-09,2005,Border Patrol,Northern border,Blaine Sector,Apprehensions,81
2005-09,2005,Border Patrol,Northern border,Buffalo Sector,Apprehensions,41
2005-09,2005,Border Patrol,Northern border,Detroit Sector,Apprehensions,116
2005-09,2005,Border Patrol,Northern border,Grand Forks Sector,Apprehensions,67
2005-09,2005,Border Patrol,Northern border,Havre Sector,Apprehensions,48
2005-09,2005,Border Patrol,Northern border,Houlton Sector,Apprehensions,13
2005-09,2005,Border Patrol,Northern border,Spokane Sector,Apprehensions,6
2005-09,2005,Border Patrol,Northern border,Swanton Sector,Apprehensions,106
2005-09,2005,Border Patrol,Southwest border,Big Bend Sector,Apprehensions,678
2005-09,2005,Border Patrol,Southwest border,Del Rio Sector,Apprehensions,6612
2005-09,2005,Border Patrol,Southwest border,El Centro Sector,Apprehensions,5958
2005-09,2005,Border Patrol,Southwest border,El Paso Sector,Apprehensions,10335
2005-09,2005,Border Patrol,Southwest border,Laredo Sector,Apprehensions,5749
2005-09,2005,Border Patrol,Southwest border,Rio Grande Valley Sector,Apprehensions,11727
2005-09,2005,Border Patrol,Southwest border,San Diego Sector,Apprehensions,12761
2005-09,2005,Border Patrol,Southwest border,Tucson Sector,Apprehensions,29321
2005-09,2005,Border Patrol,Southwest border,Yuma Sector,Apprehensions,10600
2005-10,2006,Border Patrol,"Air, sea and other",Miami Sector,Apprehensions,438
2005-10,2006,Border Patrol,"Air, sea and other",New Orleans Sector,Apprehensions,48
2005-10,2006,Border Patrol,"Air, sea and other",Ramey Sector,Apprehensions,184
2005-10,2006,Border Patrol,Northern border,Blaine Sector,Apprehensions,71
2005-10,2006,Border Patrol,Northern border,Buffalo Sector,Apprehensions,120
2005-10,2006,Border Patrol,Northern border,Detroit Sector,Apprehensions,120
2005-10,2006,Border Patrol,Northern border,Grand Forks Sector,Apprehensions,59
2005-10,2006,Border Patrol,Northern border,Havre Sector,Apprehensions,26
2005-10,2006,Border Patrol,Northern border,Houlton Sector,Apprehensions,17
2005-10,2006,Border Patrol,Northern border,Spokane Sector,Apprehensions,8
2005-10,2006,Border Patrol,Northern border,Swanton Sector,Apprehensions,107
2005-10,2006,Border Patrol,Southwest border,Big Bend Sector,Apprehensions,655
2005-10,2006,Border Patrol,Southwest border,Del Rio Sector,Apprehensions,4840
2005-10,2006,Border Patrol,Southwest border,El Centro Sector,Apprehensions,5072
2005-10,2006,Border Patrol,Southwest border,El Paso Sector,Apprehensions,11027
2005-10,2006,Border Patrol,Southwest border,Laredo Sector,Apprehensions,5014
2005-10,2006,Border Patrol,Southwest border,Rio Grande Valley Sector,Apprehensions,10060
2005-10,2006,Border Patrol,Southwest border,San Diego Sector,Apprehensions,10145
2005-10,2006,Border Patrol,Southwest border,Tucson Sector,Apprehensions,27316
2005-10,2006,Border Patrol,Southwest border,Yuma Sector,Apprehensions,9428
2005-11,2006,Border Patrol,"Air, sea and other",Miami Sector,Apprehensions,543
2005-11,2006,Border Patrol,"Air, sea and other",New Orleans Sector,Apprehensions,176
2005-11,2006,Border Patrol,"Air, sea and other",Ramey Sector,Apprehensions,119
2005-11,2006,Border Patrol,Northern border,Blaine Sector,Apprehensions,103
2005-11,2006,Border Patrol,Northern border,Buffalo Sector,Apprehensions,107
2005-11,2006,Border Patrol,Northern border,Detroit Sector,Apprehensions,134
2005-11,2006,Border Patrol,Northern border,Grand Forks Sector,Apprehensions,48
2005-11,2006,Border Patrol,Northern border,Havre Sector,Apprehensions,58
2005-11,2006,Border Patrol,Northern border,Houlton Sector,Apprehensions,21
2005-11,2006,Border Patrol,Northern border,Spokane Sector,Apprehensions,23
2005-11,2006,Border Patrol,Northern border,Swanton Sector,Apprehensions,98
2005-11,2006,Border Patrol,Southwest border,Big Bend Sector,Apprehensions,590
2005-11,2006,Border Patrol,Southwest border,Del Rio Sector,Apprehensions,4016
2005-11,2006,Border Patrol,Southwest border,El Centro Sector,Apprehensions,3831
2005-11,2006,Border Patrol,Southwest border,El Paso Sector,Apprehensions,8191
2005-11,2006,Border Patrol,Southwest border,Laredo Sector,Apprehensions,4323
2005-11,2006,Border Patrol,Southwest border,Rio Grande Valley Sector,Apprehensions,9111
2005-11,2006,Border Patrol,Southwest border,San Diego Sector,Apprehensions,7730
2005-11,2006,Border Patrol,Southwest border,Tucson Sector,Apprehensions,24270
2005-11,2006,Border Patrol,Southwest border,Yuma Sector,Apprehensions,8913
2005-12,2006,Border Patrol,"Air, sea and other",Miami Sector,Apprehensions,693
2005-12,2006,Border Patrol,"Air, sea and other",New Orleans Sector,Apprehensions,214
2005-12,2006,Border Patrol,"Air, sea and other",Ramey Sector,Apprehensions,174
2005-12,2006,Border Patrol,Northern border,Blaine Sector,Apprehensions,49
2005-12,2006,Border Patrol,Northern border,Buffalo Sector,Apprehensions,71
2005-12,2006,Border Patrol,Northern border,Detroit Sector,Apprehensions,130
2005-12,2006,Border Patrol,Northern border,Grand Forks Sector,Apprehensions,41
2005-12,2006,Border Patrol,Northern border,Havre Sector,Apprehensions,28
2005-12,2006,Border Patrol,Northern border,Houlton Sector,Apprehensions,15
2005-12,2006,Border Patrol,Northern border,Spokane Sector,Apprehensions,8
2005-12,2006,Border Patrol,Northern border,Swanton Sector,Apprehensions,89
2005-12,2006,Border Patrol,Southwest border,Big Bend Sector,Apprehensions,563
2005-12,2006,Border Patrol,Southwest border,Del Rio Sector,Apprehensions,2910
2005-12,2006,Border Patrol,Southwest border,El Centro Sector,Apprehensions,2998
2005-12,2006,Border Patrol,Southwest border,El Paso Sector,Apprehensions,5668
2005-12,2006,Border Patrol,Southwest border,Laredo Sector,Apprehensions,3544
2005-12,2006,Border Patrol,Southwest border,Rio Grande Valley Sector,Apprehensions,7128
2005-12,2006,Border Patrol,Southwest border,San Diego Sector,Apprehensions,6531
2005-12,2006,Border Patrol,Southwest border,Tucson Sector,Apprehensions,16447
2005-12,2006,Border Patrol,Southwest border,Yuma Sector,Apprehensions,6884
2006-01,2006,Border Patrol,"Air, sea and other",Miami Sector,Apprehensions,506
2006-01,2006,Border Patrol,"Air, sea and other",New Orleans Sector,Apprehensions,372
2006-01,2006,Border Patrol,"Air, sea and other",Ramey Sector,Apprehensions,60
2006-01,2006,Border Patrol,Northern border,Blaine Sector,Apprehensions,54
2006-01,2006,Border Patrol,Northern border,Buffalo Sector,Apprehensions,85
2006-01,2006,Border Patrol,Northern border,Detroit Sector,Apprehensions,138
2006-01,2006,Border Patrol,Northern border,Grand Forks Sector,Apprehensions,56
2006-01,2006,Border Patrol,Northern border,Havre Sector,Apprehensions,40
2006-01,2006,Border Patrol,Northern border,Houlton Sector,Apprehensions,28
2006-01,2006,Border Patrol,Northern border,Spokane Sector,Apprehensions,10
2006-01,2006,Border Patrol,Northern border,Swanton Sector,Apprehensions,96
2006-01,2006,Border Patrol,Southwest border,Big Bend Sector,Apprehensions,739
2006-01,2006,Border Patrol,Southwest border,Del Rio Sector,Apprehensions,4839
2006-01,2006,Border Patrol,Southwest border,El Centro Sector,Apprehensions,5797
2006-01,2006,Border Patrol,Southwest border,El Paso Sector,Apprehensions,11941
2006-01,2006,Border Patrol,Southwest border,Laredo Sector,Apprehensions,7415
2006-01,2006,Border Patrol,Southwest border,Rio Grande Valley Sector,Apprehensions,9533
2006-01,2006,Border Patrol,Southwest border,San Diego Sector,Apprehensions,13959
2006-01,2006,Border Patrol,Southwest border,Tucson Sector,Apprehensions,33229
2006-01,2006,Border Patrol,Southwest border,Yuma Sector,Apprehensions,13743
2006-02,2006,Border Patrol,"Air, sea and other",Miami Sector,Apprehensions,452
2006-02,2006,Border Patrol,"Air, sea and other",New Orleans Sector,Apprehensions,300
2006-02,2006,Border Patrol,"Air, sea and other",Ramey Sector,Apprehensions,208
2006-02,2006,Border Patrol,Northern border,Blaine Sector,Apprehensions,54
2006-02,2006,Border Patrol,Northern border,Buffalo Sector,Apprehensions,96
2006-02,2006,Border Patrol,Northern border,Detroit Sector,Apprehensions,92
2006-02,2006,Border Patrol,Northern border,Grand Forks Sector,Apprehensions,36
2006-02,2006,Border Patrol,Northern border,Havre Sector,Apprehensions,62
2006-02,2006,Border Patrol,Northern border,Houlton Sector,Apprehensions,10
2006-02,2006,Border Patrol,Northern border,Spokane Sector,Apprehensions,3
2006-02,2006,Border Patrol,Northern border,Swanton Sector,Apprehensions,75
2006-02,2006,Border Patrol,Southwest border,Big Bend Sector,Apprehensions,908
2006-02,2006,Border Patrol,Southwest border,Del Rio Sector,Apprehensions,5854
2006-02,2006,Border Patrol,Southwest border,El Centro Sector,Apprehensions,6399
2006-02,2006,Border Patrol,Southwest border,El Paso Sector,Apprehensions,14457
2006-02,2006,Border Patrol,Southwest border,Laredo Sector,Apprehensions,9554
2006-02,2006,Border Patrol,Southwest border,Rio Grande Valley Sector,Apprehensions,10444
2006-02,2006,Border Patrol,Southwest border,San Diego Sector,Apprehensions,17160
2006-02,2006,Border Patrol,Southwest border,Tucson Sector,Apprehensions,43153
2006-02,2006,Border Patrol,Southwest border,Yuma Sector,Apprehensions,17117
2006-03,2006,Border Patrol,"Air, sea and other",Miami Sector,Apprehensions,450
2006-03,2006,Border Patrol,"Air, sea and other",New Orleans Sector,Apprehensions,230
2006-03,2006,Border Patrol,"Air, sea and other",Ramey Sector,Apprehensions,136
2006-03,2006,Border Patrol,Northern border,Blaine Sector,Apprehensions,50
2006-03,2006,Border Patrol,Northern border,Buffalo Sector,Apprehensions,101
2006-03,2006,Border Patrol,Northern border,Detroit Sector,Apprehensions,149
2006-03,2006,Border Patrol,Northern border,Grand Forks Sector,Apprehensions,18
2006-03,2006,Border Patrol,Northern border,Havre Sector,Apprehensions,32
2006-03,2006,Border Patrol,Northern border,Houlton Sector,Apprehensions,12
2006-03,2006,Border Patrol,Northern border,Spokane Sector,Apprehensions,12
2006-03,2006,Border Patrol,Northern border,Swanton Sector,Apprehensions,87
2006-03,2006,Border Patrol,Southwest border,Big Bend Sector,Apprehensions,910
2006-03,2006,Border Patrol,Southwest border,Del Rio Sector,Apprehensions,5636
2006-03,2006,Border Patrol,Southwest border,El Centro Sector,Apprehensions,9048
2006-03,2006,Border Patrol,Southwest border,El Paso Sector,Apprehensions,18668
2006-03,2006,Border Patrol,Southwest border,Laredo Sector,Apprehensions,10179
2006-03,2006,Border Patrol,Southwest border,Rio Grande Valley Sector,Apprehensions,13080
2006-03,2006,Border Patrol,Southwest border,San Diego Sector,Apprehensions,18361
2006-03,2006,Border Patrol,Southwest border,Tucson Sector,Apprehensions,63583
2006-03,2006,Border Patrol,Southwest border,Yuma Sector,Apprehensions,21231
2006-04,2006,Border Patrol,"Air, sea and other",Miami Sector,Apprehensions,592
2006-04,2006,Border Patrol,"Air, sea and other",New Orleans Sector,Apprehensions,136
2006-04,2006,Border Patrol,"Air, sea and other",Ramey Sector,Apprehensions,127
2006-04,2006,Border Patrol,Northern border,Blaine Sector,Apprehensions,83
2006-04,2006,Border Patrol,Northern border,Buffalo Sector,Apprehensions,111
2006-04,2006,Border Patrol,Northern border,Detroit Sector,Apprehensions,83
2006-04,2006,Border Patrol,Northern border,Grand Forks Sector,Apprehensions,66
2006-04,2006,Border Patrol,Northern border,Havre Sector,Apprehensions,43
2006-04,2006,Border Patrol,Northern border,Houlton Sector,Apprehensions,11
2006-04,2006,Border Patrol,Northern border,Spokane Sector,Apprehensions,26
2006-04,2006,Border Patrol,Northern border,Swanton Sector,Apprehensions,83
2006-04,2006,Border Patrol,Southwest border,Big Bend Sector,Apprehensions,746
2006-04,2006,Border Patrol,Southwest border,Del Rio Sector,Apprehensions,4555
2006-04,2006,Border Patrol,Southwest border,El Centro Sector,Apprehensions,6847
2006-04,2006,Border Patrol,Southwest border,El Paso Sector,Apprehensions,15238
2006-04,2006,Border Patrol,Southwest border,Laredo Sector,Apprehensions,8530
2006-04,2006,Border Patrol,Southwest border,Rio Grande Valley Sector,Apprehensions,11264
2006-04,2006,Border Patrol,Southwest border,San Diego Sector,Apprehensions,14736
2006-04,2006,Border Patrol,Southwest border,Tucson Sector,Apprehensions,51588
2006-04,2006,Border Patrol,Southwest border,Yuma Sector,Apprehensions,13034
2006-05,2006,Border Patrol,"Air, sea and other",Miami Sector,Apprehensions,725
2006-05,2006,Border Patrol,"Air, sea and other",New Orleans Sector,Apprehensions,402
2006-05,2006,Border Patrol,"Air, sea and other",Ramey Sector,Apprehensions,149
2006-05,2006,Border Patrol,Northern border,Blaine Sector,Apprehensions,85
2006-05,2006,Border Patrol,Northern border,Buffalo Sector,Apprehensions,178
2006-05,2006,Border Patrol,Northern border,Detroit Sector,Apprehensions,108
2006-05,2006,Border Patrol,Northern border,Grand Forks Sector,Apprehensions,49
2006-05,2006,Border Patrol,Northern border,Havre Sector,Apprehensions,63
2006-05,2006,Border Patrol,Northern border,Houlton Sector,Apprehensions,5
2006-05,2006,Border Patrol,Northern border,Spokane Sector,Apprehensions,6
2006-05,2006,Border Patrol,Northern border,Swanton Sector,Apprehensions,121
2006-05,2006,Border Patrol,Southwest border,Big Bend Sector,Apprehensions,711
2006-05,2006,Border Patrol,Southwest border,Del Rio Sector,Apprehensions,2633
2006-05,2006,Border Patrol,Southwest border,El Centro Sector,Apprehensions,6187
2006-05,2006,Border Patrol,Southwest border,El Paso Sector,Apprehensions,12239
2006-05,2006,Border Patrol,Southwest border,Laredo Sector,Apprehensions,6866
2006-05,2006,Border Patrol,Southwest border,Rio Grande Valley Sector,Apprehensions,11649
2006-05,2006,Border Patrol,Southwest border,San Diego Sector,Apprehensions,13888
2006-05,2006,Border Patrol,Southwest border,Tucson Sector,Apprehensions,40190
2006-05,2006,Border Patrol,Southwest border,Yuma Sector,Apprehensions,11087
2006-06,2006,Border Patrol,"Air, sea and other",Miami Sector,Apprehensions,523
2006-06,2006,Border Patrol,"Air, sea and other",New Orleans Sector,Apprehensions,238
2006-06,2006,Border Patrol,"Air, sea and other",Ramey Sector,Apprehensions,112
2006-06,2006,Border Patrol,Northern border,Blaine Sector,Apprehensions,64
2006-06,2006,Border Patrol,Northern border,Buffalo Sector,Apprehensions,154
2006-06,2006,Border Patrol,Northern border,Detroit Sector,Apprehensions,78
2006-06,2006,Border Patrol,Northern border,Grand Forks Sector,Apprehensions,26
2006-06,2006,Border Patrol,Northern border,Havre Sector,Apprehensions,56
2006-06,2006,Border Patrol,Northern border,Houlton Sector,Apprehensions,22
2006-06,2006,Border Patrol,Northern border,Spokane Sector,Apprehensions,19
2006-06,2006,Border Patrol,Northern border,Swanton Sector,Apprehensions,155
2006-06,2006,Border Patrol,Southwest border,Big Bend Sector,Apprehensions,478
2006-06,2006,Border Patrol,Southwest border,Del Rio Sector,Apprehensions,2106
2006-06,2006,Border Patrol,Southwest border,El Centro Sector,Apprehensions,4112
2006-06,2006,Border Patrol,Southwest border,El Paso Sector,Apprehensions,7664
2006-06,2006,Border Patrol,Southwest border,Laredo Sector,Apprehensions,4815
2006-06,2006,Border Patrol,Southwest border,Rio Grande Valley Sector,Apprehensions,7516
2006-06,2006,Border Patrol,Southwest border,San Diego Sector,Apprehensions,10597
2006-06,2006,Border Patrol,Southwest border,Tucson Sector,Apprehensions,25049
2006-06,2006,Border Patrol,Southwest border,Yuma Sector,Apprehensions,6029
2006-07,2006,Border Patrol,"Air, sea and other",Miami Sector,Apprehensions,358
2006-07,2006,Border Patrol,"Air, sea and other",New Orleans Sector,Apprehensions,289
2006-07,2006,Border Patrol,"Air, sea and other",Ramey Sector,Apprehensions,46
2006-07,2006,Border Patrol,Northern border,Blaine Sector,Apprehensions,66
2006-07,2006,Border Patrol,Northern border,Buffalo Sector,Apprehensions,174
2006-07,2006,Border Patrol,Northern border,Detroit Sector,Apprehensions,76
2006-07,2006,Border Patrol,Northern border,Grand Forks Sector,Apprehensions,31
2006-07,2006,Border Patrol,Northern border,Havre Sector,Apprehensions,47
2006-07,2006,Border Patrol,Northern border,Houlton Sector,Apprehensions,12
2006-07,2006,Border Patrol,Northern border,Spokane Sector,Apprehensions,6
2006-07,2006,Border Patrol,Northern border,Swanton Sector,Apprehensions,352
2006-07,2006,Border Patrol,Southwest border,Big Bend Sector,Apprehensions,392
2006-07,2006,Border Patrol,Southwest border,Del Rio Sector,Apprehensions,1947
2006-07,2006,Border Patrol,Southwest border,El Centro Sector,Apprehensions,3240
2006-07,2006,Border Patrol,Southwest border,El Paso Sector,Apprehensions,6970
2006-07,2006,Border Patrol,Southwest border,Laredo Sector,Apprehensions,4667
2006-07,2006,Border Patrol,Southwest border,Rio Grande Valley Sector,Apprehensions,7109
2006-07,2006,Border Patrol,Southwest border,San Diego Sector,Apprehensions,8683
2006-07,2006,Border Patrol,Southwest border,Tucson Sector,Apprehensions,21187
2006-07,2006,Border Patrol,Southwest border,Yuma Sector,Apprehensions,5446
2006-08,2006,Border Patrol,"Air, sea and other",Miami Sector,Apprehensions,295
2006-08,2006,Border Patrol,"Air, sea and other",New Orleans Sector,Apprehensions,325
2006-08,2006,Border Patrol,"Air, sea and other",Ramey Sector,Apprehensions,85
2006-08,2006,Border Patrol,Northern border,Blaine Sector,Apprehensions,64
2006-08,2006,Border Patrol,Northern border,Buffalo Sector,Apprehensions,148
2006-08,2006,Border Patrol,Northern border,Detroit Sector,Apprehensions,97
2006-08,2006,Border Patrol,Northern border,Grand Forks Sector,Apprehensions,48
2006-08,2006,Border Patrol,Northern border,Havre Sector,Apprehensions,52
2006-08,2006,Border Patrol,Northern border,Houlton Sector,Apprehensions,16
2006-08,2006,Border Patrol,Northern border,Spokane Sector,Apprehensions,19
2006-08,2006,Border Patrol,Northern border,Swanton Sector,Apprehensions,201
2006-08,2006,Border Patrol,Southwest border,Big Bend Sector,Apprehensions,403
2006-08,2006,Border Patrol,Southwest border,Del Rio Sector,Apprehensions,1683
2006-08,2006,Border Patrol,Southwest border,El Centro Sector,Apprehensions,3705
2006-08,2006,Border Patrol,Southwest border,El Paso Sector,Apprehensions,5027
2006-08,2006,Border Patrol,Southwest border,Laredo Sector,Apprehensions,5525
2006-08,2006,Border Patrol,Southwest border,Rio Grande Valley Sector,Apprehensions,7020
2006-08,2006,Border Patrol,Southwest border,San Diego Sector,Apprehensions,10009
2006-08,2006,Border Patrol,Southwest border,Tucson Sector,Apprehensions,23256
2006-08,2006,Border Patrol,Southwest border,Yuma Sector,Apprehensions,3123
2006-09,2006,Border Patrol,"Air, sea and other",Miami Sector,Apprehensions,457
2006-09,2006,Border Patrol,"Air, sea and other",New Orleans Sector,Apprehensions,323
2006-09,2006,Border Patrol,"Air, sea and other",Ramey Sector,Apprehensions,36
2006-09,2006,Border Patrol,Northern border,Blaine Sector,Apprehensions,68
2006-09,2006,Border Patrol,Northern border,Buffalo Sector,Apprehensions,172
2006-09,2006,Border Patrol,Northern border,Detroit Sector,Apprehensions,76
2006-09,2006,Border Patrol,Northern border,Grand Forks Sector,Apprehensions,40
2006-09,2006,Border Patrol,Northern border,Havre Sector,Apprehensions,61
2006-09,2006,Border Patrol,Northern border,Houlton Sector,Apprehensions,6
2006-09,2006,Border Patrol,Northern border,Spokane Sector,Apprehensions,45
2006-09,2006,Border Patrol,Northern border,Swanton Sector,Apprehensions,80
2006-09,2006,Border Patrol,Southwest border,Big Bend Sector,Apprehensions,425
2006-09,2006,Border Patrol,Southwest border,Del Rio Sector,Apprehensions,1617
2006-09,2006,Border Patrol,Southwest border,El Centro Sector,Apprehensions,4229
2006-09,2006,Border Patrol,Southwest border,El Paso Sector,Apprehensions,5166
2006-09,2006,Border Patrol,Southwest border,Laredo Sector,Apprehensions,4408
2006-09,2006,Border Patrol,Southwest border,Rio Grande Valley Sector,Apprehensions,6614
2006-09,2006,Border Patrol,Southwest border,San Diego Sector,Apprehensions,10305
2006-09,2006,Border Patrol,Southwest border,Tucson Sector,Apprehensions,22806
2006-09,2006,Border Patrol,Southwest border,Yuma Sector,Apprehensions,2514
2006-10,2007,Border Patrol,"Air, sea and other",Miami Sector,Apprehensions,669
2006-10,2007,Border Patrol,"Air, sea and other",New Orleans Sector,Apprehensions,379
2006-10,2007,Border Patrol,"Air, sea and other",Ramey Sector,Apprehensions,41
2006-10,2007,Border Patrol,Northern border,Blaine Sector,Apprehensions,61
2006-10,2007,Border Patrol,Northern border,Buffalo Sector,Apprehensions,141
2006-10,2007,Border Patrol,Northern border,Detroit Sector,Apprehensions,106
2006-10,2007,Border Patrol,Northern border,Grand Forks Sector,Apprehensions,56
2006-10,2007,Border Patrol,Northern border,Havre Sector,Apprehensions,68
2006-10,2007,Border Patrol,Northern border,Houlton Sector,Apprehensions,7
2006-10,2007,Border Patrol,Northern border,Spokane Sector,Apprehensions,30
2006-10,2007,Border Patrol,Northern border,Swanton Sector,Apprehensions,73
2006-10,2007,Border Patrol,Southwest border,Big Bend Sector,Apprehensions,368
2006-10,2007,Border Patrol,Southwest border,Del Rio Sector,Apprehensions,1618
2006-10,2007,Border Patrol,Southwest border,El Centro Sector,Apprehensions,4379
2006-10,2007,Border Patrol,Southwest border,El Paso Sector,Apprehensions,6183
2006-10,2007,Border Patrol,Southwest border,Laredo Sector,Apprehensions,4286
2006-10,2007,Border Patrol,Southwest border,Rio Grande Valley Sector,Apprehensions,5772
2006-10,2007,Border Patrol,Southwest border,San Diego Sector,Apprehensions,9494
2006-10,2007,Border Patrol,Southwest border,Tucson Sector,Apprehensions,25135
2006-10,2007,Border Patrol,Southwest border,Yuma Sector,Apprehensions,3478
2006-11,2007,Border Patrol,"Air, sea and other",Miami Sector,Apprehensions,429
2006-11,2007,Border Patrol,"Air, sea and other",New Orleans Sector,Apprehensions,379
2006-11,2007,Border Patrol,"Air, sea and other",Ramey Sector,Apprehensions,61
2006-11,2007,Border Patrol,Northern border,Blaine Sector,Apprehensions,36
2006-11,2007,Border Patrol,Northern border,Buffalo Sector,Apprehensions,155
2006-11,2007,Border Patrol,Northern border,Detroit Sector,Apprehensions,99
2006-11,2007,Border Patrol,Northern border,Grand Forks Sector,Apprehensions,32
2006-11,2007,Border Patrol,Northern border,Havre Sector,Apprehensions,56
2006-11,2007,Border Patrol,Northern border,Houlton Sector,Apprehensions,7
2006-11,2007,Border Patrol,Northern border,Spokane Sector,Apprehensions,18
2006-11,2007,Border Patrol,Northern border,Swanton Sector,Apprehensions,78
2006-11,2007,Border Patrol,Southwest border,Big Bend Sector,Apprehensions,442
2006-11,2007,Border Patrol,Southwest border,Del Rio Sector,Apprehensions,1701
2006-11,2007,Border Patrol,Southwest border,El Centro Sector,Apprehensions,3667
2006-11,2007,Border Patrol,Southwest border,El Paso Sector,Apprehensions,5098
2006-11,2007,Border Patrol,Southwest border,Laredo Sector,Apprehensions,3810
2006-11,2007,Border Patrol,Southwest border,Rio Grande Valley Sector,Apprehensions,4549
2006-11,2007,Border Patrol,Southwest border,San Diego Sector,Apprehensions,7764
2006-11,2007,Border Patrol,Southwest border,Tucson Sector,Apprehensions,21323
2006-11,2007,Border Patrol,Southwest border,Yuma Sector,Apprehensions,3240
2006-12,2007,Border Patrol,"Air, sea and other",Miami Sector,Apprehensions,405
2006-12,2007,Border Patrol,"Air, sea and other",New Orleans Sector,Apprehensions,222
2006-12,2007,Border Patrol,"Air, sea and other",Ramey Sector,Apprehensions,117
2006-12,2007,Border Patrol,Northern border,Blaine Sector,Apprehensions,62
2006-12,2007,Border Patrol,Northern border,Buffalo Sector,Apprehensions,104
2006-12,2007,Border Patrol,Northern border,Detroit Sector,Apprehensions,83
2006-12,2007,Border Patrol,Northern border,Grand Forks Sector,Apprehensions,45
2006-12,2007,Border Patrol,Northern border,Havre Sector,Apprehensions,53
2006-12,2007,Border Patrol,Northern border,Houlton Sector,Apprehensions,4
2006-12,2007,Border Patrol,Northern border,Spokane Sector,Apprehensions,23
2006-12,2007,Border Patrol,Northern border,Swanton Sector,Apprehensions,80
2006-12,2007,Border Patrol,Southwest border,Big Bend Sector,Apprehensions,383
2006-12,2007,Border Patrol,Southwest border,Del Rio Sector,Apprehensions,1051
2006-12,2007,Border Patrol,Southwest border,El Centro Sector,Apprehensions,3037
2006-12,2007,Border Patrol,Southwest border,El Paso Sector,Apprehensions,4189
2006-12,2007,Border Patrol,Southwest border,Laredo Sector,Apprehensions,2890
2006-12,2007,Border Patrol,Southwest border,Rio Grande Valley Sector,Apprehensions,3649
2006-12,2007,Border Patrol,Southwest border,San Diego Sector,Apprehensions,6591
2006-12,2007,Border Patrol,Southwest border,Tucson Sector,Apprehensions,16136
2006-12,2007,Border Patrol,Southwest border,Yuma Sector,Apprehensions,2601
2007-01,2007,Border Patrol,"Air, sea and other",Miami Sector,Apprehensions,751
2007-01,2007,Border Patrol,"Air, sea and other",New Orleans Sector,Apprehensions,327
2007-01,2007,Border Patrol,"Air, sea and other",Ramey Sector,Apprehensions,39
2007-01,2007,Border Patrol,Northern border,Blaine Sector,Apprehensions,61
2007-01,2007,Border Patrol,Northern border,Buffalo Sector,Apprehensions,123
2007-01,2007,Border Patrol,Northern border,Detroit Sector,Apprehensions,77
2007-01,2007,Border Patrol,Northern border,Grand Forks Sector,Apprehensions,25
2007-01,2007,Border Patrol,Northern border,Havre Sector,Apprehensions,41
2007-01,2007,Border Patrol,Northern border,Houlton Sector,Apprehensions,6
2007-01,2007,Border Patrol,Northern border,Spokane Sector,Apprehensions,30
2007-01,2007,Border Patrol,Northern border,Swanton Sector,Apprehensions,75
2007-01,2007,Border Patrol,Southwest border,Big Bend Sector,Apprehensions,556
2007-01,2007,Border Patrol,Southwest border,Del Rio Sector,Apprehensions,2044
2007-01,2007,Border Patrol,Southwest border,El Centro Sector,Apprehensions,4983
2007-01,2007,Border Patrol,Southwest border,El Paso Sector,Apprehensions,6570
2007-01,2007,Border Patrol,Southwest border,Laredo Sector,Apprehensions,4678
2007-01,2007,Border Patrol,Southwest border,Rio Grande Valley Sector,Apprehensions,5798
2007-01,2007,Border Patrol,Southwest border,San Diego Sector,Apprehensions,12489
2007-01,2007,Border Patrol,Southwest border,Tucson Sector,Apprehensions,29459
2007-01,2007,Border Patrol,Southwest border,Yuma Sector,Apprehensions,5357
2007-02,2007,Border Patrol,"Air, sea and other",Miami Sector,Apprehensions,531
2007-02,2007,Border Patrol,"Air, sea and other",New Orleans Sector,Apprehensions,398
2007-02,2007,Border Patrol,"Air, sea and other",Ramey Sector,Apprehensions,71
2007-02,2007,Border Patrol,Northern border,Blaine Sector,Apprehensions,59
2007-02,2007,Border Patrol,Northern border,Buffalo Sector,Apprehensions,125
2007-02,2007,Border Patrol,Northern border,Detroit Sector,Apprehensions,56
2007-02,2007,Border Patrol,Northern border,Grand Forks Sector,Apprehensions,40
2007-02,2007,Border Patrol,Northern border,Havre Sector,Apprehensions,60
2007-02,2007,Border Patrol,Northern border,Houlton Sector,Apprehensions,12
2007-02,2007,Border Patrol,Northern border,Spokane Sector,Apprehensions,22
2007-02,2007,Border Patrol,Northern border,Swanton Sector,Apprehensions,68
2007-02,2007,Border Patrol,Southwest border,Big Bend Sector,Apprehensions,532
2007-02,2007,Border Patrol,Southwest border,Del Rio Sector,Apprehensions,2421
2007-02,2007,Border Patrol,Southwest border,El Centro Sector,Apprehensions,5187
2007-02,2007,Border Patrol,Southwest border,El Paso Sector,Apprehensions,7482
2007-02,2007,Border Patrol,Southwest border,Laredo Sector,Apprehensions,5855
2007-02,2007,Border Patrol,Southwest border,Rio Grande Valley Sector,Apprehensions,6172
2007-02,2007,Border Patrol,Southwest border,San Diego Sector,Apprehensions,12997
2007-02,2007,Border Patrol,Southwest border,Tucson Sector,Apprehensions,34148
2007-02,2007,Border Patrol,Southwest border,Yuma Sector,Apprehensions,4474
2007-03,2007,Border Patrol,"Air, sea and other",Miami Sector,Apprehensions,475
2007-03,2007,Border Patrol,"Air, sea and other",New Orleans Sector,Apprehensions,492
2007-03,2007,Border Patrol,"Air, sea and other",Ramey Sector,Apprehensions,37
2007-03,2007,Border Patrol,Northern border,Blaine Sector,Apprehensions,87
2007-03,2007,Border Patrol,Northern border,Buffalo Sector,Apprehensions,170
2007-03,2007,Border Patrol,Northern border,Detroit Sector,Apprehensions,83
2007-03,2007,Border Patrol,Northern border,Grand Forks Sector,Apprehensions,48
2007-03,2007,Border Patrol,Northern border,Havre Sector,Apprehensions,40
2007-03,2007,Border Patrol,Northern border,Houlton Sector,Apprehensions,2
2007-03,2007,Border Patrol,Northern border,Spokane Sector,Apprehensions,37
2007-03,2007,Border Patrol,Northern border,Swanton Sector,Apprehensions,75
2007-03,2007,Border Patrol,Southwest border,Big Bend Sector,Apprehensions,677
2007-03,2007,Border Patrol,Southwest border,Del Rio Sector,Apprehensions,3314
2007-03,2007,Border Patrol,Southwest border,El Centro Sector,Apprehensions,7198
2007-03,2007,Border Patrol,Southwest border,El Paso Sector,Apprehensions,10537
2007-03,2007,Border Patrol,Southwest border,Laredo Sector,Apprehensions,7673
2007-03,2007,Border Patrol,Southwest border,Rio Grande Valley Sector,Apprehensions,8431
2007-03,2007,Border Patrol,Southwest border,San Diego Sector,Apprehensions,18044
2007-03,2007,Border Patrol,Southwest border,Tucson Sector,Apprehensions,52692
2007-03,2007,Border Patrol,Southwest border,Yuma Sector,Apprehensions,5571
2007-04,2007,Border Patrol,"Air, sea and other",Miami Sector,Apprehensions,477
2007-04,2007,Border Patrol,"Air, sea and other",New Orleans Sector,Apprehensions,336
2007-04,2007,Border Patrol,"Air, sea and other",Ramey Sector,Apprehensions,51
2007-04,2007,Border Patrol,Northern border,Blaine Sector,Apprehensions,50
2007-04,2007,Border Patrol,Northern border,Buffalo Sector,Apprehensions,167
2007-04,2007,Border Patrol,Northern border,Detroit Sector,Apprehensions,85
2007-04,2007,Border Patrol,Northern border,Grand Forks Sector,Apprehensions,49
2007-04,2007,Border Patrol,Northern border,Havre Sector,Apprehensions,27
2007-04,2007,Border Patrol,Northern border,Houlton Sector,Apprehensions,3
2007-04,2007,Border Patrol,Northern border,Spokane Sector,Apprehensions,24
2007-04,2007,Border Patrol,Northern border,Swanton Sector,Apprehensions,91
2007-04,2007,Border Patrol,Southwest border,Big Bend Sector,Apprehensions,602
2007-04,2007,Border Patrol,Southwest border,Del Rio Sector,Apprehensions,2699
2007-04,2007,Border Patrol,Southwest border,El Centro Sector,Apprehensions,6983
2007-04,2007,Border Patrol,Southwest border,El Paso Sector,Apprehensions,8957
2007-04,2007,Border Patrol,Southwest border,Laredo Sector,Apprehensions,6428
2007-04,2007,Border Patrol,Southwest border,Rio Grande Valley Sector,Apprehensions,7645
2007-04,2007,Border Patrol,Southwest border,San Diego Sector,Apprehensions,17999
2007-04,2007,Border Patrol,Southwest border,Tucson Sector,Apprehensions,49044
2007-04,2007,Border Patrol,Southwest border,Yuma Sector,Apprehensions,4108
2007-05,2007,Border Patrol,"Air, sea and other",Miami Sector,Apprehensions,573
2007-05,2007,Border Patrol,"Air, sea and other",New Orleans Sector,Apprehensions,336
2007-05,2007,Border Patrol,"Air, sea and other",Ramey Sector,Apprehensions,48
2007-05,2007,Border Patrol,Northern border,Blaine Sector,Apprehensions,67
2007-05,2007,Border Patrol,Northern border,Buffalo Sector,Apprehensions,178
2007-05,2007,Border Patrol,Northern border,Detroit Sector,Apprehensions,76
2007-05,2007,Border Patrol,Northern border,Grand Forks Sector,Apprehensions,33
2007-05,2007,Border Patrol,Northern border,Havre Sector,Apprehensions,27
2007-05,2007,Border Patrol,Northern border,Houlton Sector,Apprehensions,6
2007-05,2007,Border Patrol,Northern border,Spokane Sector,Apprehensions,29
2007-05,2007,Border Patrol,Northern border,Swanton Sector,Apprehensions,105
2007-05,2007,Border Patrol,Southwest border,Big Bend Sector,Apprehensions,407
2007-05,2007,Border Patrol,Southwest border,Del Rio Sector,Apprehensions,1858
2007-05,2007,Border Patrol,Southwest border,El Centro Sector,Apprehensions,5747
2007-05,2007,Border Patrol,Southwest border,El Paso Sector,Apprehensions,6741
2007-05,2007,Border Patrol,Southwest border,Laredo Sector,Apprehensions,4928
2007-05,2007,Border Patrol,Southwest border,Rio Grande Valley Sector,Apprehensions,7736
2007-05,2007,Border Patrol,Southwest border,San Diego Sector,Apprehensions,16136
2007-05,2007,Border Patrol,Southwest border,Tucson Sector,Apprehensions,41789
2007-05,2007,Border Patrol,Southwest border,Yuma Sector,Apprehensions,3162
2007-06,2007,Border Patrol,"Air, sea and other",Miami Sector,Apprehensions,905
2007-06,2007,Border Patrol,"Air, sea and other",New Orleans Sector,Apprehensions,340
2007-06,2007,Border Patrol,"Air, sea and other",Ramey Sector,Apprehensions,32
2007-06,2007,Border Patrol,Northern border,Blaine Sector,Apprehensions,82
2007-06,2007,Border Patrol,Northern border,Buffalo Sector,Apprehensions,219
2007-06,2007,Border Patrol,Northern border,Detroit Sector,Apprehensions,51
2007-06,2007,Border Patrol,Northern border,Grand Forks Sector,Apprehensions,35
2007-06,2007,Border Patrol,Northern border,Havre Sector,Apprehensions,31
2007-06,2007,Border Patrol,Northern border,Houlton Sector,Apprehensions,5
2007-06,2007,Border Patrol,Northern border,Spokane Sector,Apprehensions,42
2007-06,2007,Border Patrol,Northern border,Swanton Sector,Apprehensions,74
2007-06,2007,Border Patrol,Southwest border,Big Bend Sector,Apprehensions,362
2007-06,2007,Border Patrol,Southwest border,Del Rio Sector,Apprehensions,1579
2007-06,2007,Border Patrol,Southwest border,El Centro Sector,Apprehensions,3842
2007-06,2007,Border Patrol,Southwest border,El Paso Sector,Apprehensions,5632
2007-06,2007,Border Patrol,Southwest border,Laredo Sector,Apprehensions,4595
2007-06,2007,Border Patrol,Southwest border,Rio Grande Valley Sector,Apprehensions,5791
2007-06,2007,Border Patrol,Southwest border,San Diego Sector,Apprehensions,13283
2007-06,2007,Border Patrol,Southwest border,Tucson Sector,Apprehensions,34103
2007-06,2007,Border Patrol,Southwest border,Yuma Sector,Apprehensions,2151
2007-07,2007,Border Patrol,"Air, sea and other",Miami Sector,Apprehensions,648
2007-07,2007,Border Patrol,"Air, sea and other",New Orleans Sector,Apprehensions,354
2007-07,2007,Border Patrol,"Air, sea and other",Ramey Sector,Apprehensions,13
2007-07,2007,Border Patrol,Northern border,Blaine Sector,Apprehensions,67
2007-07,2007,Border Patrol,Northern border,Buffalo Sector,Apprehensions,223
2007-07,2007,Border Patrol,Northern border,Detroit Sector,Apprehensions,52
2007-07,2007,Border Patrol,Northern border,Grand Forks Sector,Apprehensions,40
2007-07,2007,Border Patrol,Northern border,Havre Sector,Apprehensions,17
2007-07,2007,Border Patrol,Northern border,Houlton Sector,Apprehensions,22
2007-07,2007,Border Patrol,Northern border,Spokane Sector,Apprehensions,47
2007-07,2007,Border Patrol,Northern border,Swanton Sector,Apprehensions,101
2007-07,2007,Border Patrol,Southwest border,Big Bend Sector,Apprehensions,439
2007-07,2007,Border Patrol,Southwest border,Del Rio Sector,Apprehensions,1862
2007-07,2007,Border Patrol,Southwest border,El Centro Sector,Apprehensions,3835
2007-07,2007,Border Patrol,Southwest border,El Paso Sector,Apprehensions,5109
2007-07,2007,Border Patrol,Southwest border,Laredo Sector,Apprehensions,4338
2007-07,2007,Border Patrol,Southwest border,Rio Grande Valley Sector,Apprehensions,6225
2007-07,2007,Border Patrol,Southwest border,San Diego Sector,Apprehensions,12941
2007-07,2007,Border Patrol,Southwest border,Tucson Sector,Apprehensions,30373
2007-07,2007,Border Patrol,Southwest border,Yuma Sector,Apprehensions,1660
2007-08,2007,Border Patrol,"Air, sea and other",Miami Sector,Apprehensions,651
2007-08,2007,Border Patrol,"Air, sea and other",New Orleans Sector,Apprehensions,155
2007-08,2007,Border Patrol,"Air, sea and other",Ramey Sector,Apprehensions,28
2007-08,2007,Border Patrol,Northern border,Blaine Sector,Apprehensions,60
2007-08,2007,Border Patrol,Northern border,Buffalo Sector,Apprehensions,233
2007-08,2007,Border Patrol,Northern border,Detroit Sector,Apprehensions,66
2007-08,2007,Border Patrol,Northern border,Grand Forks Sector,Apprehensions,54
2007-08,2007,Border Patrol,Northern border,Havre Sector,Apprehensions,31
2007-08,2007,Border Patrol,Northern border,Houlton Sector,Apprehensions,6
2007-08,2007,Border Patrol,Northern border,Spokane Sector,Apprehensions,27
2007-08,2007,Border Patrol,Northern border,Swanton Sector,Apprehensions,183
2007-08,2007,Border Patrol,Southwest border,Big Bend Sector,Apprehensions,403
2007-08,2007,Border Patrol,Southwest border,Del Rio Sector,Apprehensions,1440
2007-08,2007,Border Patrol,Southwest border,El Centro Sector,Apprehensions,3789
2007-08,2007,Border Patrol,Southwest border,El Paso Sector,Apprehensions,4969
2007-08,2007,Border Patrol,Southwest border,Laredo Sector,Apprehensions,3858
2007-08,2007,Border Patrol,Southwest border,Rio Grande Valley Sector,Apprehensions,6331
2007-08,2007,Border Patrol,Southwest border,San Diego Sector,Apprehensions,13312
2007-08,2007,Border Patrol,Southwest border,Tucson Sector,Apprehensions,24388
2007-08,2007,Border Patrol,Southwest border,Yuma Sector,Apprehensions,1305
2007-09,2007,Border Patrol,"Air, sea and other",Miami Sector,Apprehensions,606
2007-09,2007,Border Patrol,"Air, sea and other",New Orleans Sector,Apprehensions,300
2007-09,2007,Border Patrol,"Air, sea and other",Ramey Sector,Apprehensions,10
2007-09,2007,Border Patrol,Northern border,Blaine Sector,Apprehensions,57
2007-09,2007,Border Patrol,Northern border,Buffalo Sector,Apprehensions,353
2007-09,2007,Border Patrol,Northern border,Detroit Sector,Apprehensions,68
2007-09,2007,Border Patrol,Northern border,Grand Forks Sector,Apprehensions,40
2007-09,2007,Border Patrol,Northern border,Havre Sector,Apprehensions,35
2007-09,2007,Border Patrol,Northern border,Houlton Sector,Apprehensions,15
2007-09,2007,Border Patrol,Northern border,Spokane Sector,Apprehensions,12
2007-09,2007,Border Patrol,Northern border,Swanton Sector,Apprehensions,116
2007-09,2007,Border Patrol,Southwest border,Big Bend Sector,Apprehensions,365
2007-09,2007,Border Patrol,Southwest border,Del Rio Sector,Apprehensions,1333
2007-09,2007,Border Patrol,Southwest border,El Centro Sector,Apprehensions,3236
2007-09,2007,Border Patrol,Southwest border,El Paso Sector,Apprehensions,3997
2007-09,2007,Border Patrol,Southwest border,Laredo Sector,Apprehensions,3375
2007-09,2007,Border Patrol,Southwest border,Rio Grande Valley Sector,Apprehensions,5331
2007-09,2007,Border Patrol,Southwest border,San Diego Sector,Apprehensions,11410
2007-09,2007,Border Patrol,Southwest border,Tucson Sector,Apprehensions,19649
2007-09,2007,Border Patrol,Southwest border,Yuma Sector,Apprehensions,885
2007-10,2008,Border Patrol,"Air, sea and other",Miami Sector,Apprehensions,553
2007-10,2008,Border Patrol,"Air, sea and other",New Orleans Sector,Apprehensions,382
2007-10,2008,Border Patrol,"Air, sea and other",Ramey Sector,Apprehensions,90
2007-10,2008,Border Patrol,Northern border,Blaine Sector,Apprehensions,52
2007-10,2008,Border Patrol,Northern border,Buffalo Sector,Apprehensions,382
2007-10,2008,Border Patrol,Northern border,Detroit Sector,Apprehensions,100
2007-10,2008,Border Patrol,Northern border,Grand Forks Sector,Apprehensions,67
2007-10,2008,Border Patrol,Northern border,Havre Sector,Apprehensions,63
2007-10,2008,Border Patrol,Northern border,Houlton Sector,Apprehensions,15
2007-10,2008,Border Patrol,Northern border,Spokane Sector,Apprehensions,30
2007-10,2008,Border Patrol,Northern border,Swanton Sector,Apprehensions,106
2007-10,2008,Border Patrol,Southwest border,Big Bend Sector,Apprehensions,386
2007-10,2008,Border Patrol,Southwest border,Del Rio Sector,Apprehensions,1679
2007-10,2008,Border Patrol,Southwest border,El Centro Sector,Apprehensions,3230
2007-10,2008,Border Patrol,Southwest border,El Paso Sector,Apprehensions,3605
2007-10,2008,Border Patrol,Southwest border,Laredo Sector,Apprehensions,3825
2007-10,2008,Border Patrol,Southwest border,Rio Grande Valley Sector,Apprehensions,5989
2007-10,2008,Border Patrol,Southwest border,San Diego Sector,Apprehensions,9801
2007-10,2008,Border Patrol,Southwest border,Tucson Sector,Apprehensions,21730
2007-10,2008,Border Patrol,Southwest border,Yuma Sector,Apprehensions,1094
2007-11,2008,Border Patrol,"Air, sea and other",Miami Sector,Apprehensions,496
2007-11,2008,Border Patrol,"Air, sea and other",New Orleans Sector,Apprehensions,429
2007-11,2008,Border Patrol,"Air, sea and other",Ramey Sector,Apprehensions,40
2007-11,2008,Border Patrol,Northern border,Blaine Sector,Apprehensions,75
2007-11,2008,Border Patrol,Northern border,Buffalo Sector,Apprehensions,290
2007-11,2008,Border Patrol,Northern border,Detroit Sector,Apprehensions,63
2007-11,2008,Border Patrol,Northern border,Grand Forks Sector,Apprehensions,91
2007-11,2008,Border Patrol,Northern border,Havre Sector,Apprehensions,121
2007-11,2008,Border Patrol,Northern border,Houlton Sector,Apprehensions,5
2007-11,2008,Border Patrol,Northern border,Spokane Sector,Apprehensions,40
2007-11,2008,Border Patrol,Northern border,Swanton Sector,Apprehensions,126
2007-11,2008,Border Patrol,Southwest border,Big Bend Sector,Apprehensions,388
2007-11,2008,Border Patrol,Southwest border,Del Rio Sector,Apprehensions,1059
2007-11,2008,Border Patrol,Southwest border,El Centro Sector,Apprehensions,2412
2007-11,2008,Border Patrol,Southwest border,El Paso Sector,Apprehensions,2648
2007-11,2008,Border Patrol,Southwest border,Laredo Sector,Apprehensions,2658
2007-11,2008,Border Patrol,Southwest border,Rio Grande Valley Sector,Apprehensions,4695
2007-11,2008,Border Patrol,Southwest border,San Diego Sector,Apprehensions,9163
2007-11,2008,Border Patrol,Southwest border,Tucson Sector,Apprehensions,18231
2007-11,2008,Border Patrol,Southwest border,Yuma Sector,Apprehensions,955
2007-12,2008,Border Patrol,"Air, sea and other",Miami Sector,Apprehensions,685
2007-12,2008,Border Patrol,"Air, sea and other",New Orleans Sector,Apprehensions,329
2007-12,2008,Border Patrol,"Air, sea and other",Ramey Sector,Apprehensions,20
2007-12,2008,Border Patrol,Northern border,Blaine Sector,Apprehensions,40
2007-12,2008,Border Patrol,Northern border,Buffalo Sector,Apprehensions,295
2007-12,2008,Border Patrol,Northern border,Detroit Sector,Apprehensions,68
2007-12,2008,Border Patrol,Northern border,Grand Forks Sector,Apprehensions,41
2007-12,2008,Border Patrol,Northern border,Havre Sector,Apprehensions,13
2007-12,2008,Border Patrol,Northern border,Houlton Sector,Apprehensions,2
2007-12,2008,Border Patrol,Northern border,Spokane Sector,Apprehensions,17
2007-12,2008,Border Patrol,Northern border,Swanton Sector,Apprehensions,64
2007-12,2008,Border Patrol,Southwest border,Big Bend Sector,Apprehensions,451
2007-12,2008,Border Patrol,Southwest border,Del Rio Sector,Apprehensions,945
2007-12,2008,Border Patrol,Southwest border,El Centro Sector,Apprehensions,2000
2007-12,2008,Border Patrol,Southwest border,El Paso Sector,Apprehensions,2015
2007-12,2008,Border Patrol,Southwest border,Laredo Sector,Apprehensions,1969
2007-12,2008,Border Patrol,Southwest border,Rio Grande Valley Sector,Apprehensions,3974
2007-12,2008,Border Patrol,Southwest border,San Diego Sector,Apprehensions,7773
2007-12,2008,Border Patrol,Southwest border,Tucson Sector,Apprehensions,11721
2007-12,2008,Border Patrol,Southwest border,Yuma Sector,Apprehensions,954
2008-01,2008,Border Patrol,"Air, sea and other",Miami Sector,Apprehensions,456
2008-01,2008,Border Patrol,"Air, sea and other",New Orleans Sector,Apprehensions,650
2008-01,2008,Border Patrol,"Air, sea and other",Ramey Sector,Apprehensions,52
2008-01,2008,Border Patrol,Northern border,Blaine Sector,Apprehensions,91
2008-01,2008,Border Patrol,Northern border,Buffalo Sector,Apprehensions,228
2008-01,2008,Border Patrol,Northern border,Detroit Sector,Apprehensions,79
2008-01,2008,Border Patrol,Northern border,Grand Forks Sector,Apprehensions,24
2008-01,2008,Border Patrol,Northern border,Havre Sector,Apprehensions,33
2008-01,2008,Border Patrol,Northern border,Houlton Sector,Apprehensions,17
2008-01,2008,Border Patrol,Northern border,Spokane Sector,Apprehensions,18
2008-01,2008,Border Patrol,Northern border,Swanton Sector,Apprehensions,74
2008-01,2008,Border Patrol,Southwest border,Big Bend Sector,Apprehensions,350
2008-01,2008,Border Patrol,Southwest border,Del Rio Sector,Apprehensions,1961
2008-01,2008,Border Patrol,Southwest border,El Centro Sector,Apprehensions,3839
2008-01,2008,Border Patrol,Southwest border,El Paso Sector,Apprehensions,3470
2008-01,2008,Border Patrol,Southwest border,Laredo Sector,Apprehensions,3907
2008-01,2008,Border Patrol,Southwest border,Rio Grande Valley Sector,Apprehensions,5216
2008-01,2008,Border Patrol,Southwest border,San Diego Sector,Apprehensions,12877
2008-01,2008,Border Patrol,Southwest border,Tucson Sector,Apprehensions,26347
2008-01,2008,Border Patrol,Southwest border,Yuma Sector,Apprehensions,1061
2008-02,2008,Border Patrol,"Air, sea and other",Miami Sector,Apprehensions,539
2008-02,2008,Border Patrol,"Air, sea and other",New Orleans Sector,Apprehensions,305
2008-02,2008,Border Patrol,"Air, sea and other",Ramey Sector,Apprehensions,12
2008-02,2008,Border Patrol,Northern border,Blaine Sector,Apprehensions,69
2008-02,2008,Border Patrol,Northern border,Buffalo Sector,Apprehensions,260
2008-02,2008,Border Patrol,Northern border,Detroit Sector,Apprehensions,71
2008-02,2008,Border Patrol,Northern border,Grand Forks Sector,Apprehensions,38
2008-02,2008,Border Patrol,Northern border,Havre Sector,Apprehensions,19
2008-02,2008,Border Patrol,Northern border,Houlton Sector,Apprehensions,2
2008-02,2008,Border Patrol,Northern border,Spokane Sector,Apprehensions,27
2008-02,2008,Border Patrol,Northern border,Swanton Sector,Apprehensions,85
2008-02,2008,Border Patrol,Southwest border,Big Bend Sector,Apprehensions,612
2008-02,2008,Border Patrol,Southwest border,Del Rio Sector,Apprehensions,2462
2008-02,2008,Border Patrol,Southwest border,El Centro Sector,Apprehensions,4095
2008-02,2008,Border Patrol,Southwest border,El Paso Sector,Apprehensions,3944
2008-02,2008,Border Patrol,Southwest border,Laredo Sector,Apprehensions,5001
2008-02,2008,Border Patrol,Southwest border,Rio Grande Valley Sector,Apprehensions,6880
2008-02,2008,Border Patrol,Southwest border,San Diego Sector,Apprehensions,15091
2008-02,2008,Border Patrol,Southwest border,Tucson Sector,Apprehensions,34309
2008-02,2008,Border Patrol,Southwest border,Yuma Sector,Apprehensions,1089
2008-03,2008,Border Patrol,"Air, sea and other",Miami Sector,Apprehensions,699
2008-03,2008,Border Patrol,"Air, sea and other",New Orleans Sector,Apprehensions,365
2008-03,2008,Border Patrol,"Air, sea and other",Ramey Sector,Apprehensions,55
2008-03,2008,Border Patrol,Northern border,Blaine Sector,Apprehensions,108
2008-03,2008,Border Patrol,Northern border,Buffalo Sector,Apprehensions,304
2008-03,2008,Border Patrol,Northern border,Detroit Sector,Apprehensions,95
2008-03,2008,Border Patrol,Northern border,Grand Forks Sector,Apprehensions,22
2008-03,2008,Border Patrol,Northern border,Havre Sector,Apprehensions,3
2008-03,2008,Border Patrol,Northern border,Houlton Sector,Apprehensions,0
2008-03,2008,Border Patrol,Northern border,Spokane Sector,Apprehensions,15
2008-03,2008,Border Patrol,Northern border,Swanton Sector,Apprehensions,87
2008-03,2008,Border Patrol,Southwest border,Big Bend Sector,Apprehensions,613
2008-03,2008,Border Patrol,Southwest border,Del Rio Sector,Apprehensions,2667
2008-03,2008,Border Patrol,Southwest border,El Centro Sector,Apprehensions,4604
2008-03,2008,Border Patrol,Southwest border,El Paso Sector,Apprehensions,3129
2008-03,2008,Border Patrol,Southwest border,Laredo Sector,Apprehensions,5355
2008-03,2008,Border Patrol,Southwest border,Rio Grande Valley Sector,Apprehensions,8543
2008-03,2008,Border Patrol,Southwest border,San Diego Sector,Apprehensions,18869
2008-03,2008,Border Patrol,Southwest border,Tucson Sector,Apprehensions,45239
2008-03,2008,Border Patrol,Southwest border,Yuma Sector,Apprehensions,751
2008-04,2008,Border Patrol,"Air, sea and other",Miami Sector,Apprehensions,634
2008-04,2008,Border Patrol,"Air, sea and other",New Orleans Sector,Apprehensions,462
2008-04,2008,Border Patrol,"Air, sea and other",Ramey Sector,Apprehensions,48
2008-04,2008,Border Patrol,Northern border,Blaine Sector,Apprehensions,101
2008-04,2008,Border Patrol,Northern border,Buffalo Sector,Apprehensions,233
2008-04,2008,Border Patrol,Northern border,Detroit Sector,Apprehensions,64
2008-04,2008,Border Patrol,Northern border,Grand Forks Sector,Apprehensions,41
2008-04,2008,Border Patrol,Northern border,Havre Sector,Apprehensions,23
2008-04,2008,Border Patrol,Northern border,Houlton Sector,Apprehensions,5
2008-04,2008,Border Patrol,Northern border,Spokane Sector,Apprehensions,20
2008-04,2008,Border Patrol,Northern border,Swanton Sector,Apprehensions,72
2008-04,2008,Border Patrol,Southwest border,Big Bend Sector,Apprehensions,527
2008-04,2008,Border Patrol,Southwest border,Del Rio Sector,Apprehensions,2286
2008-04,2008,Border Patrol,Southwest border,El Centro Sector,Apprehensions,5090
2008-04,2008,Border Patrol,Southwest border,El Paso Sector,Apprehensions,2808
2008-04,2008,Border Patrol,Southwest border,Laredo Sector,Apprehensions,4904
2008-04,2008,Border Patrol,Southwest border,Rio Grande Valley Sector,Apprehensions,9417
2008-04,2008,Border Patrol,Southwest border,San Diego Sector,Apprehensions,20569
2008-04,2008,Border Patrol,Southwest border,Tucson Sector,Apprehensions,45442
2008-04,2008,Border Patrol,Southwest border,Yuma Sector,Apprehensions,523
2008-05,2008,Border Patrol,"Air, sea and other",Miami Sector,Apprehensions,433
2008-05,2008,Border Patrol,"Air, sea and other",New Orleans Sector,Apprehensions,318
2008-05,2008,Border Patrol,"Air, sea and other",Ramey Sector,Apprehensions,33
2008-05,2008,Border Patrol,Northern border,Blaine Sector,Apprehensions,67
2008-05,2008,Border Patrol,Northern border,Buffalo Sector,Apprehensions,222
2008-05,2008,Border Patrol,Northern border,Detroit Sector,Apprehensions,113
2008-05,2008,Border Patrol,Northern border,Grand Forks Sector,Apprehensions,30
2008-05,2008,Border Patrol,Northern border,Havre Sector,Apprehensions,28
2008-05,2008,Border Patrol,Northern border,Houlton Sector,Apprehensions,3
2008-05,2008,Border Patrol,Northern border,Spokane Sector,Apprehensions,10
2008-05,2008,Border Patrol,Northern border,Swanton Sector,Apprehensions,92
2008-05,2008,Border Patrol,Southwest border,Big Bend Sector,Apprehensions,586
2008-05,2008,Border Patrol,Southwest border,Del Rio Sector,Apprehensions,1745
2008-05,2008,Border Patrol,Southwest border,El Centro Sector,Apprehensions,3860
2008-05,2008,Border Patrol,Southwest border,El Paso Sector,Apprehensions,2035
2008-05,2008,Border Patrol,Southwest border,Laredo Sector,Apprehensions,3733
2008-05,2008,Border Patrol,Southwest border,Rio Grande Valley Sector,Apprehensions,7967
2008-05,2008,Border Patrol,Southwest border,San Diego Sector,Apprehensions,16015
2008-05,2008,Border Patrol,Southwest border,Tucson Sector,Apprehensions,32845
2008-05,2008,Border Patrol,Southwest border,Yuma Sector,Apprehensions,447
2008-06,2008,Border Patrol,"Air, sea and other",Miami Sector,Apprehensions,519
2008-06,2008,Border Patrol,"Air, sea and other",New Orleans Sector,Apprehensions,439
2008-06,2008,Border Patrol,"Air, sea and other",Ramey Sector,Apprehensions,53
2008-06,2008,Border Patrol,Northern border,Blaine Sector,Apprehensions,75
2008-06,2008,Border Patrol,Northern border,Buffalo Sector,Apprehensions,260
2008-06,2008,Border Patrol,Northern border,Detroit Sector,Apprehensions,83
2008-06,2008,Border Patrol,Northern border,Grand Forks Sector,Apprehensions,52
2008-06,2008,Border Patrol,Northern border,Havre Sector,Apprehensions,33
2008-06,2008,Border Patrol,Northern border,Houlton Sector,Apprehensions,1
2008-06,2008,Border Patrol,Northern border,Spokane Sector,Apprehensions,34
2008-06,2008,Border Patrol,Northern border,Swanton Sector,Apprehensions,148
2008-06,2008,Border Patrol,Southwest border,Big Bend Sector,Apprehensions,369
2008-06,2008,Border Patrol,Southwest border,Del Rio Sector,Apprehensions,1708
2008-06,2008,Border Patrol,Southwest border,El Centro Sector,Apprehensions,3161
2008-06,2008,Border Patrol,Southwest border,El Paso Sector,Apprehensions,1811
2008-06,2008,Border Patrol,Southwest border,Laredo Sector,Apprehensions,3432
2008-06,2008,Border Patrol,Southwest border,Rio Grande Valley Sector,Apprehensions,6308
2008-06,2008,Border Patrol,Southwest border,San Diego Sector,Apprehensions,12395
2008-06,2008,Border Patrol,Southwest border,Tucson Sector,Apprehensions,24289
2008-06,2008,Border Patrol,Southwest border,Yuma Sector,Apprehensions,381
2008-07,2008,Border Patrol,"Air, sea and other",Miami Sector,Apprehensions,277
2008-07,2008,Border Patrol,"Air, sea and other",New Orleans Sector,Apprehensions,296
2008-07,2008,Border Patrol,"Air, sea and other",Ramey Sector,Apprehensions,28
2008-07,2008,Border Patrol,Northern border,Blaine Sector,Apprehensions,88
2008-07,2008,Border Patrol,Northern border,Buffalo Sector,Apprehensions,259
2008-07,2008,Border Patrol,Northern border,Detroit Sector,Apprehensions,73
2008-07,2008,Border Patrol,Northern border,Grand Forks Sector,Apprehensions,41
2008-07,2008,Border Patrol,Northern border,Havre Sector,Apprehensions,21
2008-07,2008,Border Patrol,Northern border,Houlton Sector,Apprehensions,7
2008-07,2008,Border Patrol,Northern border,Spokane Sector,Apprehensions,38
2008-07,2008,Border Patrol,Northern border,Swanton Sector,Apprehensions,195
2008-07,2008,Border Patrol,Southwest border,Big Bend Sector,Apprehensions,416
2008-07,2008,Border Patrol,Southwest border,Del Rio Sector,Apprehensions,1482
2008-07,2008,Border Patrol,Southwest border,El Centro Sector,Apprehensions,2726
2008-07,2008,Border Patrol,Southwest border,El Paso Sector,Apprehensions,1634
2008-07,2008,Border Patrol,Southwest border,Laredo Sector,Apprehensions,3066
2008-07,2008,Border Patrol,Southwest border,Rio Grande Valley Sector,Apprehensions,5562
2008-07,2008,Border Patrol,Southwest border,San Diego Sector,Apprehensions,13127
2008-07,2008,Border Patrol,Southwest border,Tucson Sector,Apprehensions,21093
2008-07,2008,Border Patrol,Southwest border,Yuma Sector,Apprehensions,366
2008-08,2008,Border Patrol,"Air, sea and other",Miami Sector,Apprehensions,335
2008-08,2008,Border Patrol,"Air, sea and other",New Orleans Sector,Apprehensions,251
2008-08,2008,Border Patrol,"Air, sea and other",Ramey Sector,Apprehensions,50
2008-08,2008,Border Patrol,Northern border,Blaine Sector,Apprehensions,82
2008-08,2008,Border Patrol,Northern border,Buffalo Sector,Apprehensions,291
2008-08,2008,Border Patrol,Northern border,Detroit Sector,Apprehensions,84
2008-08,2008,Border Patrol,Northern border,Grand Forks Sector,Apprehensions,38
2008-08,2008,Border Patrol,Northern border,Havre Sector,Apprehensions,38
2008-08,2008,Border Patrol,Northern border,Houlton Sector,Apprehensions,14
2008-08,2008,Border Patrol,Northern border,Spokane Sector,Apprehensions,34
2008-08,2008,Border Patrol,Northern border,Swanton Sector,Apprehensions,159
2008-08,2008,Border Patrol,Southwest border,Big Bend Sector,Apprehensions,415
2008-08,2008,Border Patrol,Southwest border,Del Rio Sector,Apprehensions,1618
2008-08,2008,Border Patrol,Southwest border,El Centro Sector,Apprehensions,2995
2008-08,2008,Border Patrol,Southwest border,El Paso Sector,Apprehensions,1615
2008-08,2008,Border Patrol,Southwest border,Laredo Sector,Apprehensions,3310
2008-08,2008,Border Patrol,Southwest border,Rio Grande Valley Sector,Apprehensions,6103
2008-08,2008,Border Patrol,Southwest border,San Diego Sector,Apprehensions,13734
2008-08,2008,Border Patrol,Southwest border,Tucson Sector,Apprehensions,18406
2008-08,2008,Border Patrol,Southwest border,Yuma Sector,Apprehensions,345
2008-09,2008,Border Patrol,"Air, sea and other",Miami Sector,Apprehensions,394
2008-09,2008,Border Patrol,"Air, sea and other",New Orleans Sector,Apprehensions,77
2008-09,2008,Border Patrol,"Air, sea and other",Ramey Sector,Apprehensions,91
2008-09,2008,Border Patrol,Northern border,Blaine Sector,Apprehensions,106
2008-09,2008,Border Patrol,Northern border,Buffalo Sector,Apprehensions,315
2008-09,2008,Border Patrol,Northern border,Detroit Sector,Apprehensions,68
2008-09,2008,Border Patrol,Northern border,Grand Forks Sector,Apprehensions,56
2008-09,2008,Border Patrol,Northern border,Havre Sector,Apprehensions,32
2008-09,2008,Border Patrol,Northern border,Houlton Sector,Apprehensions,10
2008-09,2008,Border Patrol,Northern border,Spokane Sector,Apprehensions,57
2008-09,2008,Border Patrol,Northern border,Swanton Sector,Apprehensions,74
2008-09,2008,Border Patrol,Southwest border,Big Bend Sector,Apprehensions,278
2008-09,2008,Border Patrol,Southwest border,Del Rio Sector,Apprehensions,1149
2008-09,2008,Border Patrol,Southwest border,El Centro Sector,Apprehensions,2949
2008-09,2008,Border Patrol,Southwest border,El Paso Sector,Apprehensions,1598
2008-09,2008,Border Patrol,Southwest border,Laredo Sector,Apprehensions,2498
2008-09,2008,Border Patrol,Southwest border,Rio Grande Valley Sector,Apprehensions,4819
2008-09,2008,Border Patrol,Southwest border,San Diego Sector,Apprehensions,12976
2008-09,2008,Border Patrol,Southwest border,Tucson Sector,Apprehensions,18044
2008-09,2008,Border Patrol,Southwest border,Yuma Sector,Apprehensions,397
2008-10,2009,Border Patrol,"Air, sea and other",Miami Sector,Apprehensions,342
2008-10,2009,Border Patrol,"Air, sea and other",New Orleans Sector,Apprehensions,386
2008-10,2009,Border Patrol,"Air, sea and other",Ramey Sector,Apprehensions,114
2008-10,2009,Border Patrol,Northern border,Blaine Sector,Apprehensions,103
2008-10,2009,Border Patrol,Northern border,Buffalo Sector,Apprehensions,254
2008-10,2009,Border Patrol,Northern border,Detroit Sector,Apprehensions,120
2008-10,2009,Border Patrol,Northern border,Grand Forks Sector,Apprehensions,52
2008-10,2009,Border Patrol,Northern border,Havre Sector,Apprehensions,31
2008-10,2009,Border Patrol,Northern border,Houlton Sector,Apprehensions,1
2008-10,2009,Border Patrol,Northern border,Spokane Sector,Apprehensions,32
2008-10,2009,Border Patrol,Northern border,Swanton Sector,Apprehensions,65
2008-10,2009,Border Patrol,Southwest border,Big Bend Sector,Apprehensions,539
2008-10,2009,Border Patrol,Southwest border,Del Rio Sector,Apprehensions,1321
2008-10,2009,Border Patrol,Southwest border,El Centro Sector,Apprehensions,2619
2008-10,2009,Border Patrol,Southwest border,El Paso Sector,Apprehensions,1469
2008-10,2009,Border Patrol,Southwest border,Laredo Sector,Apprehensions,2709
2008-10,2009,Border Patrol,Southwest border,Rio Grande Valley Sector,Apprehensions,5092
2008-10,2009,Border Patrol,Southwest border,San Diego Sector,Apprehensions,10036
2008-10,2009,Border Patrol,Southwest border,Tucson Sector,Apprehensions,18814
2008-10,2009,Border Patrol,Southwest border,Yuma Sector,Apprehensions,339
2008-11,2009,Border Patrol,"Air, sea and other",Miami Sector,Apprehensions,302
2008-11,2009,Border Patrol,"Air, sea and other",New Orleans Sector,Apprehensions,267
2008-11,2009,Border Patrol,"Air, sea and other",Ramey Sector,Apprehensions,34
2008-11,2009,Border Patrol,Northern border,Blaine Sector,Apprehensions,93
2008-11,2009,Border Patrol,Northern border,Buffalo Sector,Apprehensions,210
2008-11,2009,Border Patrol,Northern border,Detroit Sector,Apprehensions,62
2008-11,2009,Border Patrol,Northern border,Grand Forks Sector,Apprehensions,53
2008-11,2009,Border Patrol,Northern border,Havre Sector,Apprehensions,21
2008-11,2009,Border Patrol,Northern border,Houlton Sector,Apprehensions,8
2008-11,2009,Border Patrol,Northern border,Spokane Sector,Apprehensions,44
2008-11,2009,Border Patrol,Northern border,Swanton Sector,Apprehensions,80
2008-11,2009,Border Patrol,Southwest border,Big Bend Sector,Apprehensions,459
2008-11,2009,Border Patrol,Southwest border,Del Rio Sector,Apprehensions,1064
2008-11,2009,Border Patrol,Southwest border,El Centro Sector,Apprehensions,2176
2008-11,2009,Border Patrol,Southwest border,El Paso Sector,Apprehensions,1153
2008-11,2009,Border Patrol,Southwest border,Laredo Sector,Apprehensions,2465
2008-11,2009,Border Patrol,Southwest border,Rio Grande Valley Sector,Apprehensions,4259
2008-11,2009,Border Patrol,Southwest border,San Diego Sector,Apprehensions,7954
2008-11,2009,Border Patrol,Southwest border,Tucson Sector,Apprehensions,12844
2008-11,2009,Border Patrol,Southwest border,Yuma Sector,Apprehensions,406
2008-12,2009,Border Patrol,"Air, sea and other",Miami Sector,Apprehensions,317
2008-12,2009,Border Patrol,"Air, sea and other",New Orleans Sector,Apprehensions,309
2008-12,2009,Border Patrol,"Air, sea and other",Ramey Sector,Apprehensions,27
2008-12,2009,Border Patrol,Northern border,Blaine Sector,Apprehensions,68
2008-12,2009,Border Patrol,Northern border,Buffalo Sector,Apprehensions,201
2008-12,2009,Border Patrol,Northern border,Detroit Sector,Apprehensions,63
2008-12,2009,Border Patrol,Northern border,Grand Forks Sector,Apprehensions,37
2008-12,2009,Border Patrol,Northern border,Havre Sector,Apprehensions,11
2008-12,2009,Border Patrol,Northern border,Houlton Sector,Apprehensions,13
2008-12,2009,Border Patrol,Northern border,Spokane Sector,Apprehensions,22
2008-12,2009,Border Patrol,Northern border,Swanton Sector,Apprehensions,106
2008-12,2009,Border Patrol,Southwest border,Big Bend Sector,Apprehensions,472
2008-12,2009,Border Patrol,Southwest border,Del Rio Sector,Apprehensions,872
2008-12,2009,Border Patrol,Southwest border,El Centro Sector,Apprehensions,1691
2008-12,2009,Border Patrol,Southwest border,El Paso Sector,Apprehensions,866
2008-12,2009,Border Patrol,Southwest border,Laredo Sector,Apprehensions,1932
2008-12,2009,Border Patrol,Southwest border,Rio Grande Valley Sector,Apprehensions,3341
2008-12,2009,Border Patrol,Southwest border,San Diego Sector,Apprehensions,6552
2008-12,2009,Border Patrol,Southwest border,Tucson Sector,Apprehensions,9862
2008-12,2009,Border Patrol,Southwest border,Yuma Sector,Apprehensions,359
2009-01,2009,Border Patrol,"Air, sea and other",Miami Sector,Apprehensions,401
2009-01,2009,Border Patrol,"Air, sea and other",New Orleans Sector,Apprehensions,259
2009-01,2009,Border Patrol,"Air, sea and other",Ramey Sector,Apprehensions,27
2009-01,2009,Border Patrol,Northern border,Blaine Sector,Apprehensions,96
2009-01,2009,Border Patrol,Northern border,Buffalo Sector,Apprehensions,176
2009-01,2009,Border Patrol,Northern border,Detroit Sector,Apprehensions,78
2009-01,2009,Border Patrol,Northern border,Grand Forks Sector,Apprehensions,29
2009-01,2009,Border Patrol,Northern border,Havre Sector,Apprehensions,29
2009-01,2009,Border Patrol,Northern border,Houlton Sector,Apprehensions,3
2009-01,2009,Border Patrol,Northern border,Spokane Sector,Apprehensions,20
2009-01,2009,Border Patrol,Northern border,Swanton Sector,Apprehensions,36
2009-01,2009,Border Patrol,Southwest border,Big Bend Sector,Apprehensions,533
2009-01,2009,Border Patrol,Southwest border,Del Rio Sector,Apprehensions,1604
2009-01,2009,Border Patrol,Southwest border,El Centro Sector,Apprehensions,2969
2009-01,2009,Border Patrol,Southwest border,El Paso Sector,Apprehensions,1344
2009-01,2009,Border Patrol,Southwest border,Laredo Sector,Apprehensions,3970
2009-01,2009,Border Patrol,Southwest border,Rio Grande Valley Sector,Apprehensions,4575
2009-01,2009,Border Patrol,Southwest border,San Diego Sector,Apprehensions,10246
2009-01,2009,Border Patrol,Southwest border,Tucson Sector,Apprehensions,18649
2009-01,2009,Border Patrol,Southwest border,Yuma Sector,Apprehensions,612
2009-02,2009,Border Patrol,"Air, sea and other",Miami Sector,Apprehensions,383
2009-02,2009,Border Patrol,"Air, sea and other",New Orleans Sector,Apprehensions,282
2009-02,2009,Border Patrol,"Air, sea and other",Ramey Sector,Apprehensions,21
2009-02,2009,Border Patrol,Northern border,Blaine Sector,Apprehensions,68
2009-02,2009,Border Patrol,Northern border,Buffalo Sector,Apprehensions,194
2009-02,2009,Border Patrol,Northern border,Detroit Sector,Apprehensions,118
2009-02,2009,Border Patrol,Northern border,Grand Forks Sector,Apprehensions,26
2009-02,2009,Border Patrol,Northern border,Havre Sector,Apprehensions,30
2009-02,2009,Border Patrol,Northern border,Houlton Sector,Apprehensions,0
2009-02,2009,Border Patrol,Northern border,Spokane Sector,Apprehensions,18
2009-02,2009,Border Patrol,Northern border,Swanton Sector,Apprehensions,77
2009-02,2009,Border Patrol,Southwest border,Big Bend Sector,Apprehensions,689
2009-02,2009,Border Patrol,Southwest border,Del Rio Sector,Apprehensions,1908
2009-02,2009,Border Patrol,Southwest border,El Centro Sector,Apprehensions,2904
2009-02,2009,Border Patrol,Southwest border,El Paso Sector,Apprehensions,1435
2009-02,2009,Border Patrol,Southwest border,Laredo Sector,Apprehensions,3718
2009-02,2009,Border Patrol,Southwest border,Rio Grande Valley Sector,Apprehensions,5207
2009-02,2009,Border Patrol,Southwest border,San Diego Sector,Apprehensions,11678
2009-02,2009,Border Patrol,Southwest border,Tucson Sector,Apprehensions,20941
2009-02,2009,Border Patrol,Southwest border,Yuma Sector,Apprehensions,731
2009-03,2009,Border Patrol,"Air, sea and other",Miami Sector,Apprehensions,382
2009-03,2009,Border Patrol,"Air, sea and other",New Orleans Sector,Apprehensions,429
2009-03,2009,Border Patrol,"Air, sea and other",Ramey Sector,Apprehensions,42
2009-03,2009,Border Patrol,Northern border,Blaine Sector,Apprehensions,85
2009-03,2009,Border Patrol,Northern border,Buffalo Sector,Apprehensions,220
2009-03,2009,Border Patrol,Northern border,Detroit Sector,Apprehensions,99
2009-03,2009,Border Patrol,Northern border,Grand Forks Sector,Apprehensions,29
2009-03,2009,Border Patrol,Northern border,Havre Sector,Apprehensions,23
2009-03,2009,Border Patrol,Northern border,Houlton Sector,Apprehensions,4
2009-03,2009,Border Patrol,Northern border,Spokane Sector,Apprehensions,14
2009-03,2009,Border Patrol,Northern border,Swanton Sector,Apprehensions,71
2009-03,2009,Border Patrol,Southwest border,Big Bend Sector,Apprehensions,590
2009-03,2009,Border Patrol,Southwest border,Del Rio Sector,Apprehensions,2231
2009-03,2009,Border Patrol,Southwest border,El Centro Sector,Apprehensions,4141
2009-03,2009,Border Patrol,Southwest border,El Paso Sector,Apprehensions,1508
2009-03,2009,Border Patrol,Southwest border,Laredo Sector,Apprehensions,4538
2009-03,2009,Border Patrol,Southwest border,Rio Grande Valley Sector,Apprehensions,5479
2009-03,2009,Border Patrol,Southwest border,San Diego Sector,Apprehensions,16472
2009-03,2009,Border Patrol,Southwest border,Tucson Sector,Apprehensions,31432
2009-03,2009,Border Patrol,Southwest border,Yuma Sector,Apprehensions,951
2009-04,2009,Border Patrol,"Air, sea and other",Miami Sector,Apprehensions,407
2009-04,2009,Border Patrol,"Air, sea and other",New Orleans Sector,Apprehensions,317
2009-04,2009,Border Patrol,"Air, sea and other",Ramey Sector,Apprehensions,26
2009-04,2009,Border Patrol,Northern border,Blaine Sector,Apprehensions,61
2009-04,2009,Border Patrol,Northern border,Buffalo Sector,Apprehensions,225
2009-04,2009,Border Patrol,Northern border,Detroit Sector,Apprehensions,97
2009-04,2009,Border Patrol,Northern border,Grand Forks Sector,Apprehensions,22
2009-04,2009,Border Patrol,Northern border,Havre Sector,Apprehensions,30
2009-04,2009,Border Patrol,Northern border,Houlton Sector,Apprehensions,4
2009-04,2009,Border Patrol,Northern border,Spokane Sector,Apprehensions,15
2009-04,2009,Border Patrol,Northern border,Swanton Sector,Apprehensions,74
2009-04,2009,Border Patrol,Southwest border,Big Bend Sector,Apprehensions,458
2009-04,2009,Border Patrol,Southwest border,Del Rio Sector,Apprehensions,1619
2009-04,2009,Border Patrol,Southwest border,El Centro Sector,Apprehensions,3314
2009-04,2009,Border Patrol,Southwest border,El Paso Sector,Apprehensions,1344
2009-04,2009,Border Patrol,Southwest border,Laredo Sector,Apprehensions,4168
2009-04,2009,Border Patrol,Southwest border,Rio Grande Valley Sector,Apprehensions,6107
2009-04,2009,Border Patrol,Southwest border,San Diego Sector,Apprehensions,12618
2009-04,2009,Border Patrol,Southwest border,Tucson Sector,Apprehensions,28072
2009-04,2009,Border Patrol,Southwest border,Yuma Sector,Apprehensions,793
2009-05,2009,Border Patrol,"Air, sea and other",Miami Sector,Apprehensions,314
2009-05,2009,Border Patrol,"Air, sea and other",New Orleans Sector,Apprehensions,257
2009-05,2009,Border Patrol,"Air, sea and other",Ramey Sector,Apprehensions,11
2009-05,2009,Border Patrol,Northern border,Blaine Sector,Apprehensions,65
2009-05,2009,Border Patrol,Northern border,Buffalo Sector,Apprehensions,263
2009-05,2009,Border Patrol,Northern border,Detroit Sector,Apprehensions,91
2009-05,2009,Border Patrol,Northern border,Grand Forks Sector,Apprehensions,41
2009-05,2009,Border Patrol,Northern border,Havre Sector,Apprehensions,21
2009-05,2009,Border Patrol,Northern border,Houlton Sector,Apprehensions,4
2009-05,2009,Border Patrol,Northern border,Spokane Sector,Apprehensions,16
2009-05,2009,Border Patrol,Northern border,Swanton Sector,Apprehensions,111
2009-05,2009,Border Patrol,Southwest border,Big Bend Sector,Apprehensions,511
2009-05,2009,Border Patrol,Southwest border,Del Rio Sector,Apprehensions,1426
2009-05,2009,Border Patrol,Southwest border,El Centro Sector,Apprehensions,2955
2009-05,2009,Border Patrol,Southwest border,El Paso Sector,Apprehensions,1238
2009-05,2009,Border Patrol,Southwest border,Laredo Sector,Apprehensions,3722
2009-05,2009,Border Patrol,Southwest border,Rio Grande Valley Sector,Apprehensions,5293
2009-05,2009,Border Patrol,Southwest border,San Diego Sector,Apprehensions,11000
2009-05,2009,Border Patrol,Southwest border,Tucson Sector,Apprehensions,24083
2009-05,2009,Border Patrol,Southwest border,Yuma Sector,Apprehensions,656
2009-06,2009,Border Patrol,"Air, sea and other",Miami Sector,Apprehensions,343
2009-06,2009,Border Patrol,"Air, sea and other",New Orleans Sector,Apprehensions,264
2009-06,2009,Border Patrol,"Air, sea and other",Ramey Sector,Apprehensions,50
2009-06,2009,Border Patrol,Northern border,Blaine Sector,Apprehensions,39
2009-06,2009,Border Patrol,Northern border,Buffalo Sector,Apprehensions,250
2009-06,2009,Border Patrol,Northern border,Detroit Sector,Apprehensions,80
2009-06,2009,Border Patrol,Northern border,Grand Forks Sector,Apprehensions,35
2009-06,2009,Border Patrol,Northern border,Havre Sector,Apprehensions,31
2009-06,2009,Border Patrol,Northern border,Houlton Sector,Apprehensions,2
2009-06,2009,Border Patrol,Northern border,Spokane Sector,Apprehensions,17
2009-06,2009,Border Patrol,Northern border,Swanton Sector,Apprehensions,99
2009-06,2009,Border Patrol,Southwest border,Big Bend Sector,Apprehensions,569
2009-06,2009,Border Patrol,Southwest border,Del Rio Sector,Apprehensions,1304
2009-06,2009,Border Patrol,Southwest border,El Centro Sector,Apprehensions,2811
2009-06,2009,Border Patrol,Southwest border,El Paso Sector,Apprehensions,1208
2009-06,2009,Border Patrol,Southwest border,Laredo Sector,Apprehensions,3283
2009-06,2009,Border Patrol,Southwest border,Rio Grande Valley Sector,Apprehensions,5094
2009-06,2009,Border Patrol,Southwest border,San Diego Sector,Apprehensions,10278
2009-06,2009,Border Patrol,Southwest border,Tucson Sector,Apprehensions,20842
2009-06,2009,Border Patrol,Southwest border,Yuma Sector,Apprehensions,655
2009-07,2009,Border Patrol,"Air, sea and other",Miami Sector,Apprehensions,413
2009-07,2009,Border Patrol,"Air, sea and other",New Orleans Sector,Apprehensions,253
2009-07,2009,Border Patrol,"Air, sea and other",Ramey Sector,Apprehensions,5
2009-07,2009,Border Patrol,Northern border,Blaine Sector,Apprehensions,49
2009-07,2009,Border Patrol,Northern border,Buffalo Sector,Apprehensions,198
2009-07,2009,Border Patrol,Northern border,Detroit Sector,Apprehensions,117
2009-07,2009,Border Patrol,Northern border,Grand Forks Sector,Apprehensions,50
2009-07,2009,Border Patrol,Northern border,Havre Sector,Apprehensions,22
2009-07,2009,Border Patrol,Northern border,Houlton Sector,Apprehensions,8
2009-07,2009,Border Patrol,Northern border,Spokane Sector,Apprehensions,19
2009-07,2009,Border Patrol,Northern border,Swanton Sector,Apprehensions,125
2009-07,2009,Border Patrol,Southwest border,Big Bend Sector,Apprehensions,484
2009-07,2009,Border Patrol,Southwest border,Del Rio Sector,Apprehensions,1383
2009-07,2009,Border Patrol,Southwest border,El Centro Sector,Apprehensions,2449
2009-07,2009,Border Patrol,Southwest border,El Paso Sector,Apprehensions,1160
2009-07,2009,Border Patrol,Southwest border,Laredo Sector,Apprehensions,3512
2009-07,2009,Border Patrol,Southwest border,Rio Grande Valley Sector,Apprehensions,5509
2009-07,2009,Border Patrol,Southwest border,San Diego Sector,Apprehensions,8655
2009-07,2009,Border Patrol,Southwest border,Tucson Sector,Apprehensions,20146
2009-07,2009,Border Patrol,Southwest border,Yuma Sector,Apprehensions,545
2009-08,2009,Border Patrol,"Air, sea and other",Miami Sector,Apprehensions,358
2009-08,2009,Border Patrol,"Air, sea and other",New Orleans Sector,Apprehensions,271
2009-08,2009,Border Patrol,"Air, sea and other",Ramey Sector,Apprehensions,58
2009-08,2009,Border Patrol,Northern border,Blaine Sector,Apprehensions,67
2009-08,2009,Border Patrol,Northern border,Buffalo Sector,Apprehensions,240
2009-08,2009,Border Patrol,Northern border,Detroit Sector,Apprehensions,122
2009-08,2009,Border Patrol,Northern border,Grand Forks Sector,Apprehensions,49
2009-08,2009,Border Patrol,Northern border,Havre Sector,Apprehensions,18
2009-08,2009,Border Patrol,Northern border,Houlton Sector,Apprehensions,4
2009-08,2009,Border Patrol,Northern border,Spokane Sector,Apprehensions,38
2009-08,2009,Border Patrol,Northern border,Swanton Sector,Apprehensions,104
2009-08,2009,Border Patrol,Southwest border,Big Bend Sector,Apprehensions,575
2009-08,2009,Border Patrol,Southwest border,Del Rio Sector,Apprehensions,1321
2009-08,2009,Border Patrol,Southwest border,El Centro Sector,Apprehensions,2767
2009-08,2009,Border Patrol,Southwest border,El Paso Sector,Apprehensions,1181
2009-08,2009,Border Patrol,Southwest border,Laredo Sector,Apprehensions,3671
2009-08,2009,Border Patrol,Southwest border,Rio Grande Valley Sector,Apprehensions,6025
2009-08,2009,Border Patrol,Southwest border,San Diego Sector,Apprehensions,6743
2009-08,2009,Border Patrol,Southwest border,Tucson Sector,Apprehensions,20810
2009-08,2009,Border Patrol,Southwest border,Yuma Sector,Apprehensions,429
2009-09,2009,Border Patrol,"Air, sea and other",Miami Sector,Apprehensions,463
2009-09,2009,Border Patrol,"Air, sea and other",New Orleans Sector,Apprehensions,233
2009-09,2009,Border Patrol,"Air, sea and other",Ramey Sector,Apprehensions,3
2009-09,2009,Border Patrol,Northern border,Blaine Sector,Apprehensions,49
2009-09,2009,Border Patrol,Northern border,Buffalo Sector,Apprehensions,241
2009-09,2009,Border Patrol,Northern border,Detroit Sector,Apprehensions,110
2009-09,2009,Border Patrol,Northern border,Grand Forks Sector,Apprehensions,49
2009-09,2009,Border Patrol,Northern border,Havre Sector,Apprehensions,16
2009-09,2009,Border Patrol,Northern border,Houlton Sector,Apprehensions,8
2009-09,2009,Border Patrol,Northern border,Spokane Sector,Apprehensions,22
2009-09,2009,Border Patrol,Northern border,Swanton Sector,Apprehensions,95
2009-09,2009,Border Patrol,Southwest border,Big Bend Sector,Apprehensions,481
2009-09,2009,Border Patrol,Southwest border,Del Rio Sector,Apprehensions,1029
2009-09,2009,Border Patrol,Southwest border,El Centro Sector,Apprehensions,2725
2009-09,2009,Border Patrol,Southwest border,El Paso Sector,Apprehensions,1093
2009-09,2009,Border Patrol,Southwest border,Laredo Sector,Apprehensions,2881
2009-09,2009,Border Patrol,Southwest border,Rio Grande Valley Sector,Apprehensions,5008
2009-09,2009,Border Patrol,Southwest border,San Diego Sector,Apprehensions,6489
2009-09,2009,Border Patrol,Southwest border,Tucson Sector,Apprehensions,15178
2009-09,2009,Border Patrol,Southwest border,Yuma Sector,Apprehensions,475
2009-10,2010,Border Patrol,"Air, sea and other",Miami Sector,Apprehensions,463
2009-10,2010,Border Patrol,"Air, sea and other",New Orleans Sector,Apprehensions,247
2009-10,2010,Border Patrol,"Air, sea and other",Ramey Sector,Apprehensions,41
2009-10,2010,Border Patrol,Northern border,Blaine Sector,Apprehensions,50
2009-10,2010,Border Patrol,Northern border,Buffalo Sector,Apprehensions,241
2009-10,2010,Border Patrol,Northern border,Detroit Sector,Apprehensions,168
2009-10,2010,Border Patrol,Northern border,Grand Forks Sector,Apprehensions,55
2009-10,2010,Border Patrol,Northern border,Havre Sector,Apprehensions,31
2009-10,2010,Border Patrol,Northern border,Houlton Sector,Apprehensions,3
2009-10,2010,Border Patrol,Northern border,Spokane Sector,Apprehensions,35
2009-10,2010,Border Patrol,Northern border,Swanton Sector,Apprehensions,71
2009-10,2010,Border Patrol,Southwest border,Big Bend Sector,Apprehensions,530
2009-10,2010,Border Patrol,Southwest border,Del Rio Sector,Apprehensions,1119
2009-10,2010,Border Patrol,Southwest border,El Centro Sector,Apprehensions,2589
2009-10,2010,Border Patrol,Southwest border,El Paso Sector,Apprehensions,1007
2009-10,2010,Border Patrol,Southwest border,Laredo Sector,Apprehensions,2613
2009-10,2010,Border Patrol,Southwest border,Rio Grande Valley Sector,Apprehensions,4236
2009-10,2010,Border Patrol,Southwest border,San Diego Sector,Apprehensions,5017
2009-10,2010,Border Patrol,Southwest border,Tucson Sector,Apprehensions,23197
2009-10,2010,Border Patrol,Southwest border,Yuma Sector,Apprehensions,582
2009-11,2010,Border Patrol,"Air, sea and other",Miami Sector,Apprehensions,478
2009-11,2010,Border Patrol,"Air, sea and other",New Orleans Sector,Apprehensions,179
2009-11,2010,Border Patrol,"Air, sea and other",Ramey Sector,Apprehensions,20
2009-11,2010,Border Patrol,Northern border,Blaine Sector,Apprehensions,69
2009-11,2010,Border Patrol,Northern border,Buffalo Sector,Apprehensions,214
2009-11,2010,Border Patrol,Northern border,Detroit Sector,Apprehensions,154
2009-11,2010,Border Patrol,Northern border,Grand Forks Sector,Apprehensions,47
2009-11,2010,Border Patrol,Northern border,Havre Sector,Apprehensions,23
2009-11,2010,Border Patrol,Northern border,Houlton Sector,Apprehensions,2
2009-11,2010,Border Patrol,Northern border,Spokane Sector,Apprehensions,21
2009-11,2010,Border Patrol,Northern border,Swanton Sector,Apprehensions,101
2009-11,2010,Border Patrol,Southwest border,Big Bend Sector,Apprehensions,421
2009-11,2010,Border Patrol,Southwest border,Del Rio Sector,Apprehensions,897
2009-11,2010,Border Patrol,Southwest border,El Centro Sector,Apprehensions,2412
2009-11,2010,Border Patrol,Southwest border,El Paso Sector,Apprehensions,894
2009-11,2010,Border Patrol,Southwest border,Laredo Sector,Apprehensions,2130
2009-11,2010,Border Patrol,Southwest border,Rio Grande Valley Sector,Apprehensions,3688
2009-11,2010,Border Patrol,Southwest border,San Diego Sector,Apprehensions,4738
2009-11,2010,Border Patrol,Southwest border,Tucson Sector,Apprehensions,16986
2009-11,2010,Border Patrol,Southwest border,Yuma Sector,Apprehensions,649
2009-12,2010,Border Patrol,"Air, sea and other",Miami Sector,Apprehensions,416
2009-12,2010,Border Patrol,"Air, sea and other",New Orleans Sector,Apprehensions,173
2009-12,2010,Border Patrol,"Air, sea and other",Ramey Sector,Apprehensions,10
2009-12,2010,Border Patrol,Northern border,Blaine Sector,Apprehensions,52
2009-12,2010,Border Patrol,Northern border,Buffalo Sector,Apprehensions,207
2009-12,2010,Border Patrol,Northern border,Detroit Sector,Apprehensions,157
2009-12,2010,Border Patrol,Northern border,Grand Forks Sector,Apprehensions,36
2009-12,2010,Border Patrol,Northern border,Havre Sector,Apprehensions,17
2009-12,2010,Border Patrol,Northern border,Houlton Sector,Apprehensions,0
2009-12,2010,Border Patrol,Northern border,Spokane Sector,Apprehensions,14
2009-12,2010,Border Patrol,Northern border,Swanton Sector,Apprehensions,68
2009-12,2010,Border Patrol,Southwest border,Big Bend Sector,Apprehensions,373
2009-12,2010,Border Patrol,Southwest border,Del Rio Sector,Apprehensions,697
2009-12,2010,Border Patrol,Southwest border,El Centro Sector,Apprehensions,2196
2009-12,2010,Border Patrol,Southwest border,El Paso Sector,Apprehensions,725
2009-12,2010,Border Patrol,Southwest border,Laredo Sector,Apprehensions,1802
2009-12,2010,Border Patrol,Southwest border,Rio Grande Valley Sector,Apprehensions,2987
2009-12,2010,Border Patrol,Southwest border,San Diego Sector,Apprehensions,4636
2009-12,2010,Border Patrol,Southwest border,Tucson Sector,Apprehensions,10907
2009-12,2010,Border Patrol,Southwest border,Yuma Sector,Apprehensions,711
2010-01,2010,Border Patrol,"Air, sea and other",Miami Sector,Apprehensions,265
2010-01,2010,Border Patrol,"Air, sea and other",New Orleans Sector,Apprehensions,303
2010-01,2010,Border Patrol,"Air, sea and other",Ramey Sector,Apprehensions,8
2010-01,2010,Border Patrol,Northern border,Blaine Sector,Apprehensions,59
2010-01,2010,Border Patrol,Northern border,Buffalo Sector,Apprehensions,168
2010-01,2010,Border Patrol,Northern border,Detroit Sector,Apprehensions,129
2010-01,2010,Border Patrol,Northern border,Grand Forks Sector,Apprehensions,26
2010-01,2010,Border Patrol,Northern border,Havre Sector,Apprehensions,11
2010-01,2010,Border Patrol,Northern border,Houlton Sector,Apprehensions,0
2010-01,2010,Border Patrol,Northern border,Spokane Sector,Apprehensions,19
2010-01,2010,Border Patrol,Northern border,Swanton Sector,Apprehensions,58
2010-01,2010,Border Patrol,Southwest border,Big Bend Sector,Apprehensions,433
2010-01,2010,Border Patrol,Southwest border,Del Rio Sector,Apprehensions,1234
2010-01,2010,Border Patrol,Southwest border,El Centro Sector,Apprehensions,2688
2010-01,2010,Border Patrol,Southwest border,El Paso Sector,Apprehensions,1124
2010-01,2010,Border Patrol,Southwest border,Laredo Sector,Apprehensions,2526
2010-01,2010,Border Patrol,Southwest border,Rio Grande Valley Sector,Apprehensions,3658
2010-01,2010,Border Patrol,Southwest border,San Diego Sector,Apprehensions,6413
2010-01,2010,Border Patrol,Southwest border,Tucson Sector,Apprehensions,16122
2010-01,2010,Border Patrol,Southwest border,Yuma Sector,Apprehensions,586
2010-02,2010,Border Patrol,"Air, sea and other",Miami Sector,Apprehensions,335
2010-02,2010,Border Patrol,"Air, sea and other",New Orleans Sector,Apprehensions,303
2010-02,2010,Border Patrol,"Air, sea and other",Ramey Sector,Apprehensions,23
2010-02,2010,Border Patrol,Northern border,Blaine Sector,Apprehensions,57
2010-02,2010,Border Patrol,Northern border,Buffalo Sector,Apprehensions,216
2010-02,2010,Border Patrol,Northern border,Detroit Sector,Apprehensions,126
2010-02,2010,Border Patrol,Northern border,Grand Forks Sector,Apprehensions,37
2010-02,2010,Border Patrol,Northern border,Havre Sector,Apprehensions,18
2010-02,2010,Border Patrol,Northern border,Houlton Sector,Apprehensions,0
2010-02,2010,Border Patrol,Northern border,Spokane Sector,Apprehensions,15
2010-02,2010,Border Patrol,Northern border,Swanton Sector,Apprehensions,128
2010-02,2010,Border Patrol,Southwest border,Big Bend Sector,Apprehensions,484
2010-02,2010,Border Patrol,Southwest border,Del Rio Sector,Apprehensions,1245
2010-02,2010,Border Patrol,Southwest border,El Centro Sector,Apprehensions,2836
2010-02,2010,Border Patrol,Southwest border,El Paso Sector,Apprehensions,1140
2010-02,2010,Border Patrol,Southwest border,Laredo Sector,Apprehensions,3173
2010-02,2010,Border Patrol,Southwest border,Rio Grande Valley Sector,Apprehensions,4845
2010-02,2010,Border Patrol,Southwest border,San Diego Sector,Apprehensions,6982
2010-02,2010,Border Patrol,Southwest border,Tucson Sector,Apprehensions,21266
2010-02,2010,Border Patrol,Southwest border,Yuma Sector,Apprehensions,819
2010-03,2010,Border Patrol,"Air, sea and other",Miami Sector,Apprehensions,326
2010-03,2010,Border Patrol,"Air, sea and other",New Orleans Sector,Apprehensions,394
2010-03,2010,Border Patrol,"Air, sea and other",Ramey Sector,Apprehensions,32
2010-03,2010,Border Patrol,Northern border,Blaine Sector,Apprehensions,58
2010-03,2010,Border Patrol,Northern border,Buffalo Sector,Apprehensions,252
2010-03,2010,Border Patrol,Northern border,Detroit Sector,Apprehensions,122
2010-03,2010,Border Patrol,Northern border,Grand Forks Sector,Apprehensions,45
2010-03,2010,Border Patrol,Northern border,Havre Sector,Apprehensions,54
2010-03,2010,Border Patrol,Northern border,Houlton Sector,Apprehensions,12
2010-03,2010,Border Patrol,Northern border,Spokane Sector,Apprehensions,27
2010-03,2010,Border Patrol,Northern border,Swanton Sector,Apprehensions,132
2010-03,2010,Border Patrol,Southwest border,Big Bend Sector,Apprehensions,660
2010-03,2010,Border Patrol,Southwest border,Del Rio Sector,Apprehensions,1874
2010-03,2010,Border Patrol,Southwest border,El Centro Sector,Apprehensions,4408
2010-03,2010,Border Patrol,Southwest border,El Paso Sector,Apprehensions,1528
2010-03,2010,Border Patrol,Southwest border,Laredo Sector,Apprehensions,4433
2010-03,2010,Border Patrol,Southwest border,Rio Grande Valley Sector,Apprehensions,7141
2010-03,2010,Border Patrol,Southwest border,San Diego Sector,Apprehensions,9061
2010-03,2010,Border Patrol,Southwest border,Tucson Sector,Apprehensions,31197
2010-03,2010,Border Patrol,Southwest border,Yuma Sector,Apprehensions,1059
2010-04,2010,Border Patrol,"Air, sea and other",Miami Sector,Apprehensions,370
2010-04,2010,Border Patrol,"Air, sea and other",New Orleans Sector,Apprehensions,404
2010-04,2010,Border Patrol,"Air, sea and other",Ramey Sector,Apprehensions,40
2010-04,2010,Border Patrol,Northern border,Blaine Sector,Apprehensions,54
2010-04,2010,Border Patrol,Northern border,Buffalo Sector,Apprehensions,207
2010-04,2010,Border Patrol,Northern border,Detroit Sector,Apprehensions,110
2010-04,2010,Border Patrol,Northern border,Grand Forks Sector,Apprehensions,39
2010-04,2010,Border Patrol,Northern border,Havre Sector,Apprehensions,30
2010-04,2010,Border Patrol,Northern border,Houlton Sector,Apprehensions,5
2010-04,2010,Border Patrol,Northern border,Spokane Sector,Apprehensions,25
2010-04,2010,Border Patrol,Northern border,Swanton Sector,Apprehensions,97
2010-04,2010,Border Patrol,Southwest border,Big Bend Sector,Apprehensions,575
2010-04,2010,Border Patrol,Southwest border,Del Rio Sector,Apprehensions,1791
2010-04,2010,Border Patrol,Southwest border,El Centro Sector,Apprehensions,3419
2010-04,2010,Border Patrol,Southwest border,El Paso Sector,Apprehensions,1359
2010-04,2010,Border Patrol,Southwest border,Laredo Sector,Apprehensions,4528
2010-04,2010,Border Patrol,Southwest border,Rio Grande Valley Sector,Apprehensions,7139
2010-04,2010,Border Patrol,Southwest border,San Diego Sector,Apprehensions,7115
2010-04,2010,Border Patrol,Southwest border,Tucson Sector,Apprehensions,28579
2010-04,2010,Border Patrol,Southwest border,Yuma Sector,Apprehensions,732
2010-05,2010,Border Patrol,"Air, sea and other",Miami Sector,Apprehensions,427
2010-05,2010,Border Patrol,"Air, sea and other",New Orleans Sector,Apprehensions,218
2010-05,2010,Border Patrol,"Air, sea and other",Ramey Sector,Apprehensions,44
2010-05,2010,Border Patrol,Northern border,Blaine Sector,Apprehensions,44
2010-05,2010,Border Patrol,Northern border,Buffalo Sector,Apprehensions,231
2010-05,2010,Border Patrol,Northern border,Detroit Sector,Apprehensions,98
2010-05,2010,Border Patrol,Northern border,Grand Forks Sector,Apprehensions,80
2010-05,2010,Border Patrol,Northern border,Havre Sector,Apprehensions,32
2010-05,2010,Border Patrol,Northern border,Houlton Sector,Apprehensions,10
2010-05,2010,Border Patrol,Northern border,Spokane Sector,Apprehensions,34
2010-05,2010,Border Patrol,Northern border,Swanton Sector,Apprehensions,136
2010-05,2010,Border Patrol,Southwest border,Big Bend Sector,Apprehensions,493
2010-05,2010,Border Patrol,Southwest border,Del Rio Sector,Apprehensions,1718
2010-05,2010,Border Patrol,Southwest border,El Centro Sector,Apprehensions,3126
2010-05,2010,Border Patrol,Southwest border,El Paso Sector,Apprehensions,1380
2010-05,2010,Border Patrol,Southwest border,Laredo Sector,Apprehensions,3813
2010-05,2010,Border Patrol,Southwest border,Rio Grande Valley Sector,Apprehensions,7477
2010-05,2010,Border Patrol,Southwest border,San Diego Sector,Apprehensions,5858
2010-05,2010,Border Patrol,Southwest border,Tucson Sector,Apprehensions,22572
2010-05,2010,Border Patrol,Southwest border,Yuma Sector,Apprehensions,608
2010-06,2010,Border Patrol,"Air, sea and other",Miami Sector,Apprehensions,442
2010-06,2010,Border Patrol,"Air, sea and other",New Orleans Sector,Apprehensions,223
2010-06,2010,Border Patrol,"Air, sea and other",Ramey Sector,Apprehensions,25
2010-06,2010,Border Patrol,Northern border,Blaine Sector,Apprehensions,53
2010-06,2010,Border Patrol,Northern border,Buffalo Sector,Apprehensions,189
2010-06,2010,Border Patrol,Northern border,Detroit Sector,Apprehensions,128
2010-06,2010,Border Patrol,Northern border,Grand Forks Sector,Apprehensions,23
2010-06,2010,Border Patrol,Northern border,Havre Sector,Apprehensions,20
2010-06,2010,Border Patrol,Northern border,Houlton Sector,Apprehensions,6
2010-06,2010,Border Patrol,Northern border,Spokane Sector,Apprehensions,33
2010-06,2010,Border Patrol,Northern border,Swanton Sector,Apprehensions,124
2010-06,2010,Border Patrol,Southwest border,Big Bend Sector,Apprehensions,415
2010-06,2010,Border Patrol,Southwest border,Del Rio Sector,Apprehensions,1326
2010-06,2010,Border Patrol,Southwest border,El Centro Sector,Apprehensions,2440
2010-06,2010,Border Patrol,Southwest border,El Paso Sector,Apprehensions,1005
2010-06,2010,Border Patrol,Southwest border,Laredo Sector,Apprehensions,3475
2010-06,2010,Border Patrol,Southwest border,Rio Grande Valley Sector,Apprehensions,5595
2010-06,2010,Border Patrol,Southwest border,San Diego Sector,Apprehensions,5092
2010-06,2010,Border Patrol,Southwest border,Tucson Sector,Apprehensions,13160
2010-06,2010,Border Patrol,Southwest border,Yuma Sector,Apprehensions,447
2010-07,2010,Border Patrol,"Air, sea and other",Miami Sector,Apprehensions,367
2010-07,2010,Border Patrol,"Air, sea and other",New Orleans Sector,Apprehensions,204
2010-07,2010,Border Patrol,"Air, sea and other",Ramey Sector,Apprehensions,4
2010-07,2010,Border Patrol,Northern border,Blaine Sector,Apprehensions,65
2010-07,2010,Border Patrol,Northern border,Buffalo Sector,Apprehensions,135
2010-07,2010,Border Patrol,Northern border,Detroit Sector,Apprehensions,113
2010-07,2010,Border Patrol,Northern border,Grand Forks Sector,Apprehensions,34
2010-07,2010,Border Patrol,Northern border,Havre Sector,Apprehensions,12
2010-07,2010,Border Patrol,Northern border,Houlton Sector,Apprehensions,12
2010-07,2010,Border Patrol,Northern border,Spokane Sector,Apprehensions,42
2010-07,2010,Border Patrol,Northern border,Swanton Sector,Apprehensions,233
2010-07,2010,Border Patrol,Southwest border,Big Bend Sector,Apprehensions,280
2010-07,2010,Border Patrol,Southwest border,Del Rio Sector,Apprehensions,767
2010-07,2010,Border Patrol,Southwest border,El Centro Sector,Apprehensions,2331
2010-07,2010,Border Patrol,Southwest border,El Paso Sector,Apprehensions,725
2010-07,2010,Border Patrol,Southwest border,Laredo Sector,Apprehensions,1857
2010-07,2010,Border Patrol,Southwest border,Rio Grande Valley Sector,Apprehensions,3832
2010-07,2010,Border Patrol,Southwest border,San Diego Sector,Apprehensions,5113
2010-07,2010,Border Patrol,Southwest border,Tucson Sector,Apprehensions,10303
2010-07,2010,Border Patrol,Southwest border,Yuma Sector,Apprehensions,401
2010-08,2010,Border Patrol,"Air, sea and other",Miami Sector,Apprehensions,427
2010-08,2010,Border Patrol,"Air, sea and other",New Orleans Sector,Apprehensions,244
2010-08,2010,Border Patrol,"Air, sea and other",Ramey Sector,Apprehensions,94
2010-08,2010,Border Patrol,Northern border,Blaine Sector,Apprehensions,70
2010-08,2010,Border Patrol,Northern border,Buffalo Sector,Apprehensions,180
2010-08,2010,Border Patrol,Northern border,Detroit Sector,Apprehensions,165
2010-08,2010,Border Patrol,Northern border,Grand Forks Sector,Apprehensions,74
2010-08,2010,Border Patrol,Northern border,Havre Sector,Apprehensions,20
2010-08,2010,Border Patrol,Northern border,Houlton Sector,Apprehensions,6
2010-08,2010,Border Patrol,Northern border,Spokane Sector,Apprehensions,51
2010-08,2010,Border Patrol,Northern border,Swanton Sector,Apprehensions,197
2010-08,2010,Border Patrol,Southwest border,Big Bend Sector,Apprehensions,295
2010-08,2010,Border Patrol,Southwest border,Del Rio Sector,Apprehensions,1095
2010-08,2010,Border Patrol,Southwest border,El Centro Sector,Apprehensions,2075
2010-08,2010,Border Patrol,Southwest border,El Paso Sector,Apprehensions,732
2010-08,2010,Border Patrol,Southwest border,Laredo Sector,Apprehensions,2819
2010-08,2010,Border Patrol,Southwest border,Rio Grande Valley Sector,Apprehensions,5329
2010-08,2010,Border Patrol,Southwest border,San Diego Sector,Apprehensions,4528
2010-08,2010,Border Patrol,Southwest border,Tucson Sector,Apprehensions,9280
2010-08,2010,Border Patrol,Southwest border,Yuma Sector,Apprehensions,262
2010-09,2010,Border Patrol,"Air, sea and other",Miami Sector,Apprehensions,335
2010-09,2010,Border Patrol,"Air, sea and other",New Orleans Sector,Apprehensions,279
2010-09,2010,Border Patrol,"Air, sea and other",Ramey Sector,Apprehensions,57
2010-09,2010,Border Patrol,Northern border,Blaine Sector,Apprehensions,42
2010-09,2010,Border Patrol,Northern border,Buffalo Sector,Apprehensions,182
2010-09,2010,Border Patrol,Northern border,Detroit Sector,Apprehensions,199
2010-09,2010,Border Patrol,Northern border,Grand Forks Sector,Apprehensions,47
2010-09,2010,Border Patrol,Northern border,Havre Sector,Apprehensions,22
2010-09,2010,Border Patrol,Northern border,Houlton Sector,Apprehensions,0
2010-09,2010,Border Patrol,Northern border,Spokane Sector,Apprehensions,40
2010-09,2010,Border Patrol,Northern border,Swanton Sector,Apprehensions,77
2010-09,2010,Border Patrol,Southwest border,Big Bend Sector,Apprehensions,329
2010-09,2010,Border Patrol,Southwest border,Del Rio Sector,Apprehensions,931
2010-09,2010,Border Patrol,Southwest border,El Centro Sector,Apprehensions,2042
2010-09,2010,Border Patrol,Southwest border,El Paso Sector,Apprehensions,632
2010-09,2010,Border Patrol,Southwest border,Laredo Sector,Apprehensions,2118
2010-09,2010,Border Patrol,Southwest border,Rio Grande Valley Sector,Apprehensions,3839
2010-09,2010,Border Patrol,Southwest border,San Diego Sector,Apprehensions,4012
2010-09,2010,Border Patrol,Southwest border,Tucson Sector,Apprehensions,8633
2010-09,2010,Border Patrol,Southwest border,Yuma Sector,Apprehensions,260
2010-10,2011,Border Patrol,"Air, sea and other",Miami Sector,Apprehensions,401
2010-10,2011,Border Patrol,"Air, sea and other",New Orleans Sector,Apprehensions,231
2010-10,2011,Border Patrol,"Air, sea and other",Ramey Sector,Apprehensions,55
2010-10,2011,Border Patrol,Northern border,Blaine Sector,Apprehensions,68
2010-10,2011,Border Patrol,Northern border,Buffalo Sector,Apprehensions,231
2010-10,2011,Border Patrol,Northern border,Detroit Sector,Apprehensions,177
2010-10,2011,Border Patrol,Northern border,Grand Forks Sector,Apprehensions,47
2010-10,2011,Border Patrol,Northern border,Havre Sector,Apprehensions,46
2010-10,2011,Border Patrol,Northern border,Houlton Sector,Apprehensions,4
2010-10,2011,Border Patrol,Northern border,Spokane Sector,Apprehensions,32
2010-10,2011,Border Patrol,Northern border,Swanton Sector,Apprehensions,78
2010-10,2011,Border Patrol,Southwest border,Big Bend Sector,Apprehensions,375
2010-10,2011,Border Patrol,Southwest border,Del Rio Sector,Apprehensions,1043
2010-10,2011,Border Patrol,Southwest border,El Centro Sector,Apprehensions,2201
2010-10,2011,Border Patrol,Southwest border,El Paso Sector,Apprehensions,732
2010-10,2011,Border Patrol,Southwest border,Laredo Sector,Apprehensions,2286
2010-10,2011,Border Patrol,Southwest border,Rio Grande Valley Sector,Apprehensions,3628
2010-10,2011,Border Patrol,Southwest border,San Diego Sector,Apprehensions,4344
2010-10,2011,Border Patrol,Southwest border,Tucson Sector,Apprehensions,11165
2010-10,2011,Border Patrol,Southwest border,Yuma Sector,Apprehensions,391
2010-11,2011,Border Patrol,"Air, sea and other",Miami Sector,Apprehensions,441
2010-11,2011,Border Patrol,"Air, sea and other",New Orleans Sector,Apprehensions,144
2010-11,2011,Border Patrol,"Air, sea and other",Ramey Sector,Apprehensions,25
2010-11,2011,Border Patrol,Northern border,Blaine Sector,Apprehensions,42
2010-11,2011,Border Patrol,Northern border,Buffalo Sector,Apprehensions,190
2010-11,2011,Border Patrol,Northern border,Detroit Sector,Apprehensions,143
2010-11,2011,Border Patrol,Northern border,Grand Forks Sector,Apprehensions,34
2010-11,2011,Border Patrol,Northern border,Havre Sector,Apprehensions,23
2010-11,2011,Border Patrol,Northern border,Houlton Sector,Apprehensions,4
2010-11,2011,Border Patrol,Northern border,Spokane Sector,Apprehensions,28
2010-11,2011,Border Patrol,Northern border,Swanton Sector,Apprehensions,74
2010-11,2011,Border Patrol,Southwest border,Big Bend Sector,Apprehensions,290
2010-11,2011,Border Patrol,Southwest border,Del Rio Sector,Apprehensions,837
2010-11,2011,Border Patrol,Southwest border,El Centro Sector,Apprehensions,1851
2010-11,2011,Border Patrol,Southwest border,El Paso Sector,Apprehensions,660
2010-11,2011,Border Patrol,Southwest border,Laredo Sector,Apprehensions,2174
2010-11,2011,Border Patrol,Southwest border,Rio Grande Valley Sector,Apprehensions,3625
2010-11,2011,Border Patrol,Southwest border,San Diego Sector,Apprehensions,3480
2010-11,2011,Border Patrol,Southwest border,Tucson Sector,Apprehensions,9097
2010-11,2011,Border Patrol,Southwest border,Yuma Sector,Apprehensions,391
2010-12,2011,Border Patrol,"Air, sea and other",Miami Sector,Apprehensions,349
2010-12,2011,Border Patrol,"Air, sea and other",New Orleans Sector,Apprehensions,121
2010-12,2011,Border Patrol,"Air, sea and other",Ramey Sector,Apprehensions,59
2010-12,2011,Border Patrol,Northern border,Blaine Sector,Apprehensions,37
2010-12,2011,Border Patrol,Northern border,Buffalo Sector,Apprehensions,139
2010-12,2011,Border Patrol,Northern border,Detroit Sector,Apprehensions,110
2010-12,2011,Border Patrol,Northern border,Grand Forks Sector,Apprehensions,32
2010-12,2011,Border Patrol,Northern border,Havre Sector,Apprehensions,16
2010-12,2011,Border Patrol,Northern border,Houlton Sector,Apprehensions,0
2010-12,2011,Border Patrol,Northern border,Spokane Sector,Apprehensions,20
2010-12,2011,Border Patrol,Northern border,Swanton Sector,Apprehensions,37
2010-12,2011,Border Patrol,Southwest border,Big Bend Sector,Apprehensions,282
2010-12,2011,Border Patrol,Southwest border,Del Rio Sector,Apprehensions,704
2010-12,2011,Border Patrol,Southwest border,El Centro Sector,Apprehensions,1734
2010-12,2011,Border Patrol,Southwest border,El Paso Sector,Apprehensions,622
2010-12,2011,Border Patrol,Southwest border,Laredo Sector,Apprehensions,1797
2010-12,2011,Border Patrol,Southwest border,Rio Grande Valley Sector,Apprehensions,3349
2010-12,2011,Border Patrol,Southwest border,San Diego Sector,Apprehensions,3233
2010-12,2011,Border Patrol,Southwest border,Tucson Sector,Apprehensions,7354
2010-12,2011,Border Patrol,Southwest border,Yuma Sector,Apprehensions,354
2011-01,2011,Border Patrol,"Air, sea and other",Miami Sector,Apprehensions,447
2011-01,2011,Border Patrol,"Air, sea and other",New Orleans Sector,Apprehensions,156
2011-01,2011,Border Patrol,"Air, sea and other",Ramey Sector,Apprehensions,47
2011-01,2011,Border Patrol,Northern border,Blaine Sector,Apprehensions,54
2011-01,2011,Border Patrol,Northern border,Buffalo Sector,Apprehensions,161
2011-01,2011,Border Patrol,Northern border,Detroit Sector,Apprehensions,133
2011-01,2011,Border Patrol,Northern border,Grand Forks Sector,Apprehensions,24
2011-01,2011,Border Patrol,Northern border,Havre Sector,Apprehensions,24
2011-01,2011,Border Patrol,Northern border,Houlton Sector,Apprehensions,1
2011-01,2011,Border Patrol,Northern border,Spokane Sector,Apprehensions,5
2011-01,2011,Border Patrol,Northern border,Swanton Sector,Apprehensions,67
2011-01,2011,Border Patrol,Southwest border,Big Bend Sector,Apprehensions,332
2011-01,2011,Border Patrol,Southwest border,Del Rio Sector,Apprehensions,899
2011-01,2011,Border Patrol,Southwest border,El Centro Sector,Apprehensions,2135
2011-01,2011,Border Patrol,Southwest border,El Paso Sector,Apprehensions,779
2011-01,2011,Border Patrol,Southwest border,Laredo Sector,Apprehensions,2285
2011-01,2011,Border Patrol,Southwest border,Rio Grande Valley Sector,Apprehensions,3485
2011-01,2011,Border Patrol,Southwest border,San Diego Sector,Apprehensions,3379
2011-01,2011,Border Patrol,Southwest border,Tucson Sector,Apprehensions,10131
2011-01,2011,Border Patrol,Southwest border,Yuma Sector,Apprehensions,501
2011-02,2011,Border Patrol,"Air, sea and other",Miami Sector,Apprehensions,364
2011-02,2011,Border Patrol,"Air, sea and other",New Orleans Sector,Apprehensions,132
2011-02,2011,Border Patrol,"Air, sea and other",Ramey Sector,Apprehensions,44
2011-02,2011,Border Patrol,Northern border,Blaine Sector,Apprehensions,31
2011-02,2011,Border Patrol,Northern border,Buffalo Sector,Apprehensions,148
2011-02,2011,Border Patrol,Northern border,Detroit Sector,Apprehensions,121
2011-02,2011,Border Patrol,Northern border,Grand Forks Sector,Apprehensions,37
2011-02,2011,Border Patrol,Northern border,Havre Sector,Apprehensions,21
2011-02,2011,Border Patrol,Northern border,Houlton Sector,Apprehensions,1
2011-02,2011,Border Patrol,Northern border,Spokane Sector,Apprehensions,26
2011-02,2011,Border Patrol,Northern border,Swanton Sector,Apprehensions,67
2011-02,2011,Border Patrol,Southwest border,Big Bend Sector,Apprehensions,300
2011-02,2011,Border Patrol,Southwest border,Del Rio Sector,Apprehensions,1399
2011-02,2011,Border Patrol,Southwest border,El Centro Sector,Apprehensions,2569
2011-02,2011,Border Patrol,Southwest border,El Paso Sector,Apprehensions,911
2011-02,2011,Border Patrol,Southwest border,Laredo Sector,Apprehensions,2943
2011-02,2011,Border Patrol,Southwest border,Rio Grande Valley Sector,Apprehensions,4233
2011-02,2011,Border Patrol,Southwest border,San Diego Sector,Apprehensions,3977
2011-02,2011,Border Patrol,Southwest border,Tucson Sector,Apprehensions,11790
2011-02,2011,Border Patrol,Southwest border,Yuma Sector,Apprehensions,664
2011-03,2011,Border Patrol,"Air, sea and other",Miami Sector,Apprehensions,466
2011-03,2011,Border Patrol,"Air, sea and other",New Orleans Sector,Apprehensions,105
2011-03,2011,Border Patrol,"Air, sea and other",Ramey Sector,Apprehensions,54
2011-03,2011,Border Patrol,Northern border,Blaine Sector,Apprehensions,69
2011-03,2011,Border Patrol,Northern border,Buffalo Sector,Apprehensions,203
2011-03,2011,Border Patrol,Northern border,Detroit Sector,Apprehensions,175
2011-03,2011,Border Patrol,Northern border,Grand Forks Sector,Apprehensions,56
2011-03,2011,Border Patrol,Northern border,Havre Sector,Apprehensions,17
2011-03,2011,Border Patrol,Northern border,Houlton Sector,Apprehensions,9
2011-03,2011,Border Patrol,Northern border,Spokane Sector,Apprehensions,28
2011-03,2011,Border Patrol,Northern border,Swanton Sector,Apprehensions,50
2011-03,2011,Border Patrol,Southwest border,Big Bend Sector,Apprehensions,457
2011-03,2011,Border Patrol,Southwest border,Del Rio Sector,Apprehensions,2132
2011-03,2011,Border Patrol,Southwest border,El Centro Sector,Apprehensions,3772
2011-03,2011,Border Patrol,Southwest border,El Paso Sector,Apprehensions,1354
2011-03,2011,Border Patrol,Southwest border,Laredo Sector,Apprehensions,4686
2011-03,2011,Border Patrol,Southwest border,Rio Grande Valley Sector,Apprehensions,6806
2011-03,2011,Border Patrol,Southwest border,San Diego Sector,Apprehensions,4811
2011-03,2011,Border Patrol,Southwest border,Tucson Sector,Apprehensions,17056
2011-03,2011,Border Patrol,Southwest border,Yuma Sector,Apprehensions,940
2011-04,2011,Border Patrol,"Air, sea and other",Miami Sector,Apprehensions,324
2011-04,2011,Border Patrol,"Air, sea and other",New Orleans Sector,Apprehensions,109
2011-04,2011,Border Patrol,"Air, sea and other",Ramey Sector,Apprehensions,46
2011-04,2011,Border Patrol,Northern border,Blaine Sector,Apprehensions,35
2011-04,2011,Border Patrol,Northern border,Buffalo Sector,Apprehensions,174
2011-04,2011,Border Patrol,Northern border,Detroit Sector,Apprehensions,118
2011-04,2011,Border Patrol,Northern border,Grand Forks Sector,Apprehensions,20
2011-04,2011,Border Patrol,Northern border,Havre Sector,Apprehensions,32
2011-04,2011,Border Patrol,Northern border,Houlton Sector,Apprehensions,1
2011-04,2011,Border Patrol,Northern border,Spokane Sector,Apprehensions,20
2011-04,2011,Border Patrol,Northern border,Swanton Sector,Apprehensions,53
2011-04,2011,Border Patrol,Southwest border,Big Bend Sector,Apprehensions,512
2011-04,2011,Border Patrol,Southwest border,Del Rio Sector,Apprehensions,1977
2011-04,2011,Border Patrol,Southwest border,El Centro Sector,Apprehensions,3563
2011-04,2011,Border Patrol,Southwest border,El Paso Sector,Apprehensions,1380
2011-04,2011,Border Patrol,Southwest border,Laredo Sector,Apprehensions,3891
2011-04,2011,Border Patrol,Southwest border,Rio Grande Valley Sector,Apprehensions,6502
2011-04,2011,Border Patrol,Southwest border,San Diego Sector,Apprehensions,4031
2011-04,2011,Border Patrol,Southwest border,Tucson Sector,Apprehensions,13816
2011-04,2011,Border Patrol,Southwest border,Yuma Sector,Apprehensions,579
2011-05,2011,Border Patrol,"Air, sea and other",Miami Sector,Apprehensions,325
2011-05,2011,Border Patrol,"Air, sea and other",New Orleans Sector,Apprehensions,124
2011-05,2011,Border Patrol,"Air, sea and other",Ramey Sector,Apprehensions,82
2011-05,2011,Border Patrol,Northern border,Blaine Sector,Apprehensions,53
2011-05,2011,Border Patrol,Northern border,Buffalo Sector,Apprehensions,158
2011-05,2011,Border Patrol,Northern border,Detroit Sector,Apprehensions,103
2011-05,2011,Border Patrol,Northern border,Grand Forks Sector,Apprehensions,24
2011-05,2011,Border Patrol,Northern border,Havre Sector,Apprehensions,25
2011-05,2011,Border Patrol,Northern border,Houlton Sector,Apprehensions,1
2011-05,2011,Border Patrol,Northern border,Spokane Sector,Apprehensions,23
2011-05,2011,Border Patrol,Northern border,Swanton Sector,Apprehensions,53
2011-05,2011,Border Patrol,Southwest border,Big Bend Sector,Apprehensions,350
2011-05,2011,Border Patrol,Southwest border,Del Rio Sector,Apprehensions,1499
2011-05,2011,Border Patrol,Southwest border,El Centro Sector,Apprehensions,3278
2011-05,2011,Border Patrol,Southwest border,El Paso Sector,Apprehensions,904
2011-05,2011,Border Patrol,Southwest border,Laredo Sector,Apprehensions,3168
2011-05,2011,Border Patrol,Southwest border,Rio Grande Valley Sector,Apprehensions,5953
2011-05,2011,Border Patrol,Southwest border,San Diego Sector,Apprehensions,3474
2011-05,2011,Border Patrol,Southwest border,Tucson Sector,Apprehensions,12088
2011-05,2011,Border Patrol,Southwest border,Yuma Sector,Apprehensions,522
2011-06,2011,Border Patrol,"Air, sea and other",Miami Sector,Apprehensions,309
2011-06,2011,Border Patrol,"Air, sea and other",New Orleans Sector,Apprehensions,111
2011-06,2011,Border Patrol,"Air, sea and other",Ramey Sector,Apprehensions,42
2011-06,2011,Border Patrol,Northern border,Blaine Sector,Apprehensions,46
2011-06,2011,Border Patrol,Northern border,Buffalo Sector,Apprehensions,176
2011-06,2011,Border Patrol,Northern border,Detroit Sector,Apprehensions,110
2011-06,2011,Border Patrol,Northern border,Grand Forks Sector,Apprehensions,49
2011-06,2011,Border Patrol,Northern border,Havre Sector,Apprehensions,4
2011-06,2011,Border Patrol,Northern border,Houlton Sector,Apprehensions,10
2011-06,2011,Border Patrol,Northern border,Spokane Sector,Apprehensions,24
2011-06,2011,Border Patrol,Northern border,Swanton Sector,Apprehensions,50
2011-06,2011,Border Patrol,Southwest border,Big Bend Sector,Apprehensions,296
2011-06,2011,Border Patrol,Southwest border,Del Rio Sector,Apprehensions,1525
2011-06,2011,Border Patrol,Southwest border,El Centro Sector,Apprehensions,2904
2011-06,2011,Border Patrol,Southwest border,El Paso Sector,Apprehensions,816
2011-06,2011,Border Patrol,Southwest border,Laredo Sector,Apprehensions,3205
2011-06,2011,Border Patrol,Southwest border,Rio Grande Valley Sector,Apprehensions,5409
2011-06,2011,Border Patrol,Southwest border,San Diego Sector,Apprehensions,3109
2011-06,2011,Border Patrol,Southwest border,Tucson Sector,Apprehensions,9585
2011-06,2011,Border Patrol,Southwest border,Yuma Sector,Apprehensions,317
2011-07,2011,Border Patrol,"Air, sea and other",Miami Sector,Apprehensions,330
2011-07,2011,Border Patrol,"Air, sea and other",New Orleans Sector,Apprehensions,63
2011-07,2011,Border Patrol,"Air, sea and other",Ramey Sector,Apprehensions,90
2011-07,2011,Border Patrol,Northern border,Blaine Sector,Apprehensions,48
2011-07,2011,Border Patrol,Northern border,Buffalo Sector,Apprehensions,157
2011-07,2011,Border Patrol,Northern border,Detroit Sector,Apprehensions,96
2011-07,2011,Border Patrol,Northern border,Grand Forks Sector,Apprehensions,52
2011-07,2011,Border Patrol,Northern border,Havre Sector,Apprehensions,9
2011-07,2011,Border Patrol,Northern border,Houlton Sector,Apprehensions,5
2011-07,2011,Border Patrol,Northern border,Spokane Sector,Apprehensions,21
2011-07,2011,Border Patrol,Northern border,Swanton Sector,Apprehensions,121
2011-07,2011,Border Patrol,Southwest border,Big Bend Sector,Apprehensions,235
2011-07,2011,Border Patrol,Southwest border,Del Rio Sector,Apprehensions,1386
2011-07,2011,Border Patrol,Southwest border,El Centro Sector,Apprehensions,2225
2011-07,2011,Border Patrol,Southwest border,El Paso Sector,Apprehensions,794
2011-07,2011,Border Patrol,Southwest border,Laredo Sector,Apprehensions,2913
2011-07,2011,Border Patrol,Southwest border,Rio Grande Valley Sector,Apprehensions,5276
2011-07,2011,Border Patrol,Southwest border,San Diego Sector,Apprehensions,3016
2011-07,2011,Border Patrol,Southwest border,Tucson Sector,Apprehensions,6923
2011-07,2011,Border Patrol,Southwest border,Yuma Sector,Apprehensions,402
2011-08,2011,Border Patrol,"Air, sea and other",Miami Sector,Apprehensions,340
2011-08,2011,Border Patrol,"Air, sea and other",New Orleans Sector,Apprehensions,114
2011-08,2011,Border Patrol,"Air, sea and other",Ramey Sector,Apprehensions,38
2011-08,2011,Border Patrol,Northern border,Blaine Sector,Apprehensions,64
2011-08,2011,Border Patrol,Northern border,Buffalo Sector,Apprehensions,188
2011-08,2011,Border Patrol,Northern border,Detroit Sector,Apprehensions,126
2011-08,2011,Border Patrol,Northern border,Grand Forks Sector,Apprehensions,44
2011-08,2011,Border Patrol,Northern border,Havre Sector,Apprehensions,31
2011-08,2011,Border Patrol,Northern border,Houlton Sector,Apprehensions,2
2011-08,2011,Border Patrol,Northern border,Spokane Sector,Apprehensions,41
2011-08,2011,Border Patrol,Northern border,Swanton Sector,Apprehensions,110
2011-08,2011,Border Patrol,Southwest border,Big Bend Sector,Apprehensions,311
2011-08,2011,Border Patrol,Southwest border,Del Rio Sector,Apprehensions,1356
2011-08,2011,Border Patrol,Southwest border,El Centro Sector,Apprehensions,2074
2011-08,2011,Border Patrol,Southwest border,El Paso Sector,Apprehensions,711
2011-08,2011,Border Patrol,Southwest border,Laredo Sector,Apprehensions,3262
2011-08,2011,Border Patrol,Southwest border,Rio Grande Valley Sector,Apprehensions,5973
2011-08,2011,Border Patrol,Southwest border,San Diego Sector,Apprehensions,2863
2011-08,2011,Border Patrol,Southwest border,Tucson Sector,Apprehensions,7270
2011-08,2011,Border Patrol,Southwest border,Yuma Sector,Apprehensions,346
2011-09,2011,Border Patrol,"Air, sea and other",Miami Sector,Apprehensions,305
2011-09,2011,Border Patrol,"Air, sea and other",New Orleans Sector,Apprehensions,99
2011-09,2011,Border Patrol,"Air, sea and other",Ramey Sector,Apprehensions,60
2011-09,2011,Border Patrol,Northern border,Blaine Sector,Apprehensions,44
2011-09,2011,Border Patrol,Northern border,Buffalo Sector,Apprehensions,189
2011-09,2011,Border Patrol,Northern border,Detroit Sector,Apprehensions,119
2011-09,2011,Border Patrol,Northern border,Grand Forks Sector,Apprehensions,49
2011-09,2011,Border Patrol,Northern border,Havre Sector,Apprehensions,22
2011-09,2011,Border Patrol,Northern border,Houlton Sector,Apprehensions,3
2011-09,2011,Border Patrol,Northern border,Spokane Sector,Apprehensions,25
2011-09,2011,Border Patrol,Northern border,Swanton Sector,Apprehensions,55
2011-09,2011,Border Patrol,Southwest border,Big Bend Sector,Apprehensions,296
2011-09,2011,Border Patrol,Southwest border,Del Rio Sector,Apprehensions,1387
2011-09,2011,Border Patrol,Southwest border,El Centro Sector,Apprehensions,1885
2011-09,2011,Border Patrol,Southwest border,El Paso Sector,Apprehensions,682
2011-09,2011,Border Patrol,Southwest border,Laredo Sector,Apprehensions,3443
2011-09,2011,Border Patrol,Southwest border,Rio Grande Valley Sector,Apprehensions,5004
2011-09,2011,Border Patrol,Southwest border,San Diego Sector,Apprehensions,2730
2011-09,2011,Border Patrol,Southwest border,Tucson Sector,Apprehensions,7010
2011-09,2011,Border Patrol,Southwest border,Yuma Sector,Apprehensions,426
2011-10,2012,Border Patrol,"Air, sea and other",Miami Sector,Apprehensions,216
2011-10,2012,Border Patrol,"Air, sea and other",New Orleans Sector,Apprehensions,49
2011-10,2012,Border Patrol,"Air, sea and other",Ramey Sector,Apprehensions,72
2011-10,2012,Border Patrol,Northern border,Blaine Sector,Apprehensions,50
2011-10,2012,Border Patrol,Northern border,Buffalo Sector,Apprehensions,118
2011-10,2012,Border Patrol,Northern border,Detroit Sector,Apprehensions,127
2011-10,2012,Border Patrol,Northern border,Grand Forks Sector,Apprehensions,58
2011-10,2012,Border Patrol,Northern border,Havre Sector,Apprehensions,21
2011-10,2012,Border Patrol,Northern border,Houlton Sector,Apprehensions,0
2011-10,2012,Border Patrol,Northern border,Spokane Sector,Apprehensions,34
2011-10,2012,Border Patrol,Northern border,Swanton Sector,Apprehensions,40
2011-10,2012,Border Patrol,Southwest border,Big Bend Sector,Apprehensions,284
2011-10,2012,Border Patrol,Southwest border,Del Rio Sector,Apprehensions,1364
2011-10,2012,Border Patrol,Southwest border,El Centro Sector,Apprehensions,1946
2011-10,2012,Border Patrol,Southwest border,El Paso Sector,Apprehensions,647
2011-10,2012,Border Patrol,Southwest border,Laredo Sector,Apprehensions,2835
2011-10,2012,Border Patrol,Southwest border,Rio Grande Valley Sector,Apprehensions,6201
2011-10,2012,Border Patrol,Southwest border,San Diego Sector,Apprehensions,2439
2011-10,2012,Border Patrol,Southwest border,Tucson Sector,Apprehensions,9306
2011-10,2012,Border Patrol,Southwest border,Yuma Sector,Apprehensions,590
2011-11,2012,Border Patrol,"Air, sea and other",Miami Sector,Apprehensions,293
2011-11,2012,Border Patrol,"Air, sea and other",New Orleans Sector,Apprehensions,48
2011-11,2012,Border Patrol,"Air, sea and other",Ramey Sector,Apprehensions,100
2011-11,2012,Border Patrol,Northern border,Blaine Sector,Apprehensions,58
2011-11,2012,Border Patrol,Northern border,Buffalo Sector,Apprehensions,87
2011-11,2012,Border Patrol,Northern border,Detroit Sector,Apprehensions,109
2011-11,2012,Border Patrol,Northern border,Grand Forks Sector,Apprehensions,46
2011-11,2012,Border Patrol,Northern border,Havre Sector,Apprehensions,9
2011-11,2012,Border Patrol,Northern border,Houlton Sector,Apprehensions,3
2011-11,2012,Border Patrol,Northern border,Spokane Sector,Apprehensions,18
2011-11,2012,Border Patrol,Northern border,Swanton Sector,Apprehensions,43
2011-11,2012,Border Patrol,Southwest border,Big Bend Sector,Apprehensions,317
2011-11,2012,Border Patrol,Southwest border,Del Rio Sector,Apprehensions,1289
2011-11,2012,Border Patrol,Southwest border,El Centro Sector,Apprehensions,1698
2011-11,2012,Border Patrol,Southwest border,El Paso Sector,Apprehensions,662
2011-11,2012,Border Patrol,Southwest border,Laredo Sector,Apprehensions,2846
2011-11,2012,Border Patrol,Southwest border,Rio Grande Valley Sector,Apprehensions,5513
2011-11,2012,Border Patrol,Southwest border,San Diego Sector,Apprehensions,2185
2011-11,2012,Border Patrol,Southwest border,Tucson Sector,Apprehensions,8361
2011-11,2012,Border Patrol,Southwest border,Yuma Sector,Apprehensions,497
2011-12,2012,Border Patrol,"Air, sea and other",Miami Sector,Apprehensions,195
2011-12,2012,Border Patrol,"Air, sea and other",New Orleans Sector,Apprehensions,39
2011-12,2012,Border Patrol,"Air, sea and other",Ramey Sector,Apprehensions,41
2011-12,2012,Border Patrol,Northern border,Blaine Sector,Apprehensions,47
2011-12,2012,Border Patrol,Northern border,Buffalo Sector,Apprehensions,56
2011-12,2012,Border Patrol,Northern border,Detroit Sector,Apprehensions,57
2011-12,2012,Border Patrol,Northern border,Grand Forks Sector,Apprehensions,16
2011-12,2012,Border Patrol,Northern border,Havre Sector,Apprehensions,18
2011-12,2012,Border Patrol,Northern border,Houlton Sector,Apprehensions,2
2011-12,2012,Border Patrol,Northern border,Spokane Sector,Apprehensions,23
2011-12,2012,Border Patrol,Northern border,Swanton Sector,Apprehensions,43
2011-12,2012,Border Patrol,Southwest border,Big Bend Sector,Apprehensions,288
2011-12,2012,Border Patrol,Southwest border,Del Rio Sector,Apprehensions,871
2011-12,2012,Border Patrol,Southwest border,El Centro Sector,Apprehensions,1401
2011-12,2012,Border Patrol,Southwest border,El Paso Sector,Apprehensions,534
2011-12,2012,Border Patrol,Southwest border,Laredo Sector,Apprehensions,1853
2011-12,2012,Border Patrol,Southwest border,Rio Grande Valley Sector,Apprehensions,4285
2011-12,2012,Border Patrol,Southwest border,San Diego Sector,Apprehensions,2136
2011-12,2012,Border Patrol,Southwest border,Tucson Sector,Apprehensions,7100
2011-12,2012,Border Patrol,Southwest border,Yuma Sector,Apprehensions,515
2012-01,2012,Border Patrol,"Air, sea and other",Miami Sector,Apprehensions,249
2012-01,2012,Border Patrol,"Air, sea and other",New Orleans Sector,Apprehensions,40
2012-01,2012,Border Patrol,"Air, sea and other",Ramey Sector,Apprehensions,51
2012-01,2012,Border Patrol,Northern border,Blaine Sector,Apprehensions,41
2012-01,2012,Border Patrol,Northern border,Buffalo Sector,Apprehensions,78
2012-01,2012,Border Patrol,Northern border,Detroit Sector,Apprehensions,62
2012-01,2012,Border Patrol,Northern border,Grand Forks Sector,Apprehensions,29
2012-01,2012,Border Patrol,Northern border,Havre Sector,Apprehensions,4
2012-01,2012,Border Patrol,Northern border,Houlton Sector,Apprehensions,1
2012-01,2012,Border Patrol,Northern border,Spokane Sector,Apprehensions,24
2012-01,2012,Border Patrol,Northern border,Swanton Sector,Apprehensions,26
2012-01,2012,Border Patrol,Southwest border,Big Bend Sector,Apprehensions,323
2012-01,2012,Border Patrol,Southwest border,Del Rio Sector,Apprehensions,1204
2012-01,2012,Border Patrol,Southwest border,El Centro Sector,Apprehensions,1655
2012-01,2012,Border Patrol,Southwest border,El Paso Sector,Apprehensions,625
2012-01,2012,Border Patrol,Southwest border,Laredo Sector,Apprehensions,3180
2012-01,2012,Border Patrol,Southwest border,Rio Grande Valley Sector,Apprehensions,5514
2012-01,2012,Border Patrol,Southwest border,San Diego Sector,Apprehensions,2185
2012-01,2012,Border Patrol,Southwest border,Tucson Sector,Apprehensions,10209
2012-01,2012,Border Patrol,Southwest border,Yuma Sector,Apprehensions,819
2012-02,2012,Border Patrol,"Air, sea and other",Miami Sector,Apprehensions,180
2012-02,2012,Border Patrol,"Air, sea and other",New Orleans Sector,Apprehensions,42
2012-02,2012,Border Patrol,"Air, sea and other",Ramey Sector,Apprehensions,50
2012-02,2012,Border Patrol,Northern border,Blaine Sector,Apprehensions,53
2012-02,2012,Border Patrol,Northern border,Buffalo Sector,Apprehensions,90
2012-02,2012,Border Patrol,Northern border,Detroit Sector,Apprehensions,67
2012-02,2012,Border Patrol,Northern border,Grand Forks Sector,Apprehensions,13
2012-02,2012,Border Patrol,Northern border,Havre Sector,Apprehensions,9
2012-02,2012,Border Patrol,Northern border,Houlton Sector,Apprehensions,0
2012-02,2012,Border Patrol,Northern border,Spokane Sector,Apprehensions,18
2012-02,2012,Border Patrol,Northern border,Swanton Sector,Apprehensions,51
2012-02,2012,Border Patrol,Southwest border,Big Bend Sector,Apprehensions,423
2012-02,2012,Border Patrol,Southwest border,Del Rio Sector,Apprehensions,1788
2012-02,2012,Border Patrol,Southwest border,El Centro Sector,Apprehensions,2041
2012-02,2012,Border Patrol,Southwest border,El Paso Sector,Apprehensions,812
2012-02,2012,Border Patrol,Southwest border,Laredo Sector,Apprehensions,3855
2012-02,2012,Border Patrol,Southwest border,Rio Grande Valley Sector,Apprehensions,6709
2012-02,2012,Border Patrol,Southwest border,San Diego Sector,Apprehensions,2439
2012-02,2012,Border Patrol,Southwest border,Tucson Sector,Apprehensions,12836
2012-02,2012,Border Patrol,Southwest border,Yuma Sector,Apprehensions,676
2012-03,2012,Border Patrol,"Air, sea and other",Miami Sector,Apprehensions,156
2012-03,2012,Border Patrol,"Air, sea and other",New Orleans Sector,Apprehensions,24
2012-03,2012,Border Patrol,"Air, sea and other",Ramey Sector,Apprehensions,68
2012-03,2012,Border Patrol,Northern border,Blaine Sector,Apprehensions,51
2012-03,2012,Border Patrol,Northern border,Buffalo Sector,Apprehensions,100
2012-03,2012,Border Patrol,Northern border,Detroit Sector,Apprehensions,95
2012-03,2012,Border Patrol,Northern border,Grand Forks Sector,Apprehensions,30
2012-03,2012,Border Patrol,Northern border,Havre Sector,Apprehensions,11
2012-03,2012,Border Patrol,Northern border,Houlton Sector,Apprehensions,1
2012-03,2012,Border Patrol,Northern border,Spokane Sector,Apprehensions,21
2012-03,2012,Border Patrol,Northern border,Swanton Sector,Apprehensions,48
2012-03,2012,Border Patrol,Southwest border,Big Bend Sector,Apprehensions,450
2012-03,2012,Border Patrol,Southwest border,Del Rio Sector,Apprehensions,2375
2012-03,2012,Border Patrol,Southwest border,El Centro Sector,Apprehensions,2857
2012-03,2012,Border Patrol,Southwest border,El Paso Sector,Apprehensions,1151
2012-03,2012,Border Patrol,Southwest border,Laredo Sector,Apprehensions,5154
2012-03,2012,Border Patrol,Southwest border,Rio Grande Valley Sector,Apprehensions,9622
2012-03,2012,Border Patrol,Southwest border,San Diego Sector,Apprehensions,3064
2012-03,2012,Border Patrol,Southwest border,Tucson Sector,Apprehensions,16559
2012-03,2012,Border Patrol,Southwest border,Yuma Sector,Apprehensions,986
2012-04,2012,Border Patrol,"Air, sea and other",Miami Sector,Apprehensions,159
2012-04,2012,Border Patrol,"Air, sea and other",New Orleans Sector,Apprehensions,22
2012-04,2012,Border Patrol,"Air, sea and other",Ramey Sector,Apprehensions,41
2012-04,2012,Border Patrol,Northern border,Blaine Sector,Apprehensions,42
2012-04,2012,Border Patrol,Northern border,Buffalo Sector,Apprehensions,89
2012-04,2012,Border Patrol,Northern border,Detroit Sector,Apprehensions,111
2012-04,2012,Border Patrol,Northern border,Grand Forks Sector,Apprehensions,33
2012-04,2012,Border Patrol,Northern border,Havre Sector,Apprehensions,9
2012-04,2012,Border Patrol,Northern border,Houlton Sector,Apprehensions,2
2012-04,2012,Border Patrol,Northern border,Spokane Sector,Apprehensions,35
2012-04,2012,Border Patrol,Northern border,Swanton Sector,Apprehensions,47
2012-04,2012,Border Patrol,Southwest border,Big Bend Sector,Apprehensions,393
2012-04,2012,Border Patrol,Southwest border,Del Rio Sector,Apprehensions,2791
2012-04,2012,Border Patrol,Southwest border,El Centro Sector,Apprehensions,2805
2012-04,2012,Border Patrol,Southwest border,El Paso Sector,Apprehensions,888
2012-04,2012,Border Patrol,Southwest border,Laredo Sector,Apprehensions,5100
2012-04,2012,Border Patrol,Southwest border,Rio Grande Valley Sector,Apprehensions,11160
2012-04,2012,Border Patrol,Southwest border,San Diego Sector,Apprehensions,2879
2012-04,2012,Border Patrol,Southwest border,Tucson Sector,Apprehensions,14095
2012-04,2012,Border Patrol,Southwest border,Yuma Sector,Apprehensions,517
2012-05,2012,Border Patrol,"Air, sea and other",Miami Sector,Apprehensions,226
2012-05,2012,Border Patrol,"Air, sea and other",New Orleans Sector,Apprehensions,58
2012-05,2012,Border Patrol,"Air, sea and other",Ramey Sector,Apprehensions,39
2012-05,2012,Border Patrol,Northern border,Blaine Sector,Apprehensions,28
2012-05,2012,Border Patrol,Northern border,Buffalo Sector,Apprehensions,106
2012-05,2012,Border Patrol,Northern border,Detroit Sector,Apprehensions,67
2012-05,2012,Border Patrol,Northern border,Grand Forks Sector,Apprehensions,26
2012-05,2012,Border Patrol,Northern border,Havre Sector,Apprehensions,5
2012-05,2012,Border Patrol,Northern border,Houlton Sector,Apprehensions,1
2012-05,2012,Border Patrol,Northern border,Spokane Sector,Apprehensions,22
2012-05,2012,Border Patrol,Northern border,Swanton Sector,Apprehensions,52
2012-05,2012,Border Patrol,Southwest border,Big Bend Sector,Apprehensions,304
2012-05,2012,Border Patrol,Southwest border,Del Rio Sector,Apprehensions,2480
2012-05,2012,Border Patrol,Southwest border,El Centro Sector,Apprehensions,2622
2012-05,2012,Border Patrol,Southwest border,El Paso Sector,Apprehensions,823
2012-05,2012,Border Patrol,Southwest border,Laredo Sector,Apprehensions,4478
2012-05,2012,Border Patrol,Southwest border,Rio Grande Valley Sector,Apprehensions,11583
2012-05,2012,Border Patrol,Southwest border,San Diego Sector,Apprehensions,2787
2012-05,2012,Border Patrol,Southwest border,Tucson Sector,Apprehensions,11343
2012-05,2012,Border Patrol,Southwest border,Yuma Sector,Apprehensions,546
2012-06,2012,Border Patrol,"Air, sea and other",Miami Sector,Apprehensions,137
2012-06,2012,Border Patrol,"Air, sea and other",New Orleans Sector,Apprehensions,22
2012-06,2012,Border Patrol,"Air, sea and other",Ramey Sector,Apprehensions,123
2012-06,2012,Border Patrol,Northern border,Blaine Sector,Apprehensions,40
2012-06,2012,Border Patrol,Northern border,Buffalo Sector,Apprehensions,61
2012-06,2012,Border Patrol,Northern border,Detroit Sector,Apprehensions,82
2012-06,2012,Border Patrol,Northern border,Grand Forks Sector,Apprehensions,36
2012-06,2012,Border Patrol,Northern border,Havre Sector,Apprehensions,5
2012-06,2012,Border Patrol,Northern border,Houlton Sector,Apprehensions,7
2012-06,2012,Border Patrol,Northern border,Spokane Sector,Apprehensions,25
2012-06,2012,Border Patrol,Northern border,Swanton Sector,Apprehensions,103
2012-06,2012,Border Patrol,Southwest border,Big Bend Sector,Apprehensions,300
2012-06,2012,Border Patrol,Southwest border,Del Rio Sector,Apprehensions,2123
2012-06,2012,Border Patrol,Southwest border,El Centro Sector,Apprehensions,2107
2012-06,2012,Border Patrol,Southwest border,El Paso Sector,Apprehensions,840
2012-06,2012,Border Patrol,Southwest border,Laredo Sector,Apprehensions,4019
2012-06,2012,Border Patrol,Southwest border,Rio Grande Valley Sector,Apprehensions,10112
2012-06,2012,Border Patrol,Southwest border,San Diego Sector,Apprehensions,2170
2012-06,2012,Border Patrol,Southwest border,Tucson Sector,Apprehensions,8636
2012-06,2012,Border Patrol,Southwest border,Yuma Sector,Apprehensions,362
2012-07,2012,Border Patrol,"Air, sea and other",Miami Sector,Apprehensions,249
2012-07,2012,Border Patrol,"Air, sea and other",New Orleans Sector,Apprehensions,12
2012-07,2012,Border Patrol,"Air, sea and other",Ramey Sector,Apprehensions,41
2012-07,2012,Border Patrol,Northern border,Blaine Sector,Apprehensions,41
2012-07,2012,Border Patrol,Northern border,Buffalo Sector,Apprehensions,126
2012-07,2012,Border Patrol,Northern border,Detroit Sector,Apprehensions,67
2012-07,2012,Border Patrol,Northern border,Grand Forks Sector,Apprehensions,43
2012-07,2012,Border Patrol,Northern border,Havre Sector,Apprehensions,3
2012-07,2012,Border Patrol,Northern border,Houlton Sector,Apprehensions,4
2012-07,2012,Border Patrol,Northern border,Spokane Sector,Apprehensions,40
2012-07,2012,Border Patrol,Northern border,Swanton Sector,Apprehensions,120
2012-07,2012,Border Patrol,Southwest border,Big Bend Sector,Apprehensions,303
2012-07,2012,Border Patrol,Southwest border,Del Rio Sector,Apprehensions,1942
2012-07,2012,Border Patrol,Southwest border,El Centro Sector,Apprehensions,1896
2012-07,2012,Border Patrol,Southwest border,El Paso Sector,Apprehensions,793
2012-07,2012,Border Patrol,Southwest border,Laredo Sector,Apprehensions,3670
2012-07,2012,Border Patrol,Southwest border,Rio Grande Valley Sector,Apprehensions,9023
2012-07,2012,Border Patrol,Southwest border,San Diego Sector,Apprehensions,2165
2012-07,2012,Border Patrol,Southwest border,Tucson Sector,Apprehensions,6856
2012-07,2012,Border Patrol,Southwest border,Yuma Sector,Apprehensions,330
2012-08,2012,Border Patrol,"Air, sea and other",Miami Sector,Apprehensions,207
2012-08,2012,Border Patrol,"Air, sea and other",New Orleans Sector,Apprehensions,21
2012-08,2012,Border Patrol,"Air, sea and other",Ramey Sector,Apprehensions,33
2012-08,2012,Border Patrol,Northern border,Blaine Sector,Apprehensions,41
2012-08,2012,Border Patrol,Northern border,Buffalo Sector,Apprehensions,104
2012-08,2012,Border Patrol,Northern border,Detroit Sector,Apprehensions,55
2012-08,2012,Border Patrol,Northern border,Grand Forks Sector,Apprehensions,32
2012-08,2012,Border Patrol,Northern border,Havre Sector,Apprehensions,4
2012-08,2012,Border Patrol,Northern border,Houlton Sector,Apprehensions,9
2012-08,2012,Border Patrol,Northern border,Spokane Sector,Apprehensions,34
2012-08,2012,Border Patrol,Northern border,Swanton Sector,Apprehensions,69
2012-08,2012,Border Patrol,Southwest border,Big Bend Sector,Apprehensions,333
2012-08,2012,Border Patrol,Southwest border,Del Rio Sector,Apprehensions,1770
2012-08,2012,Border Patrol,Southwest border,El Centro Sector,Apprehensions,1411
2012-08,2012,Border Patrol,Southwest border,El Paso Sector,Apprehensions,984
2012-08,2012,Border Patrol,Southwest border,Laredo Sector,Apprehensions,4306
2012-08,2012,Border Patrol,Southwest border,Rio Grande Valley Sector,Apprehensions,9295
2012-08,2012,Border Patrol,Southwest border,San Diego Sector,Apprehensions,2020
2012-08,2012,Border Patrol,Southwest border,Tucson Sector,Apprehensions,7116
2012-08,2012,Border Patrol,Southwest border,Yuma Sector,Apprehensions,332
2012-09,2012,Border Patrol,"Air, sea and other",Miami Sector,Apprehensions,242
2012-09,2012,Border Patrol,"Air, sea and other",New Orleans Sector,Apprehensions,97
2012-09,2012,Border Patrol,"Air, sea and other",Ramey Sector,Apprehensions,43
2012-09,2012,Border Patrol,Northern border,Blaine Sector,Apprehensions,45
2012-09,2012,Border Patrol,Northern border,Buffalo Sector,Apprehensions,128
2012-09,2012,Border Patrol,Northern border,Detroit Sector,Apprehensions,51
2012-09,2012,Border Patrol,Northern border,Grand Forks Sector,Apprehensions,56
2012-09,2012,Border Patrol,Northern border,Havre Sector,Apprehensions,4
2012-09,2012,Border Patrol,Northern border,Houlton Sector,Apprehensions,11
2012-09,2012,Border Patrol,Northern border,Spokane Sector,Apprehensions,23
2012-09,2012,Border Patrol,Northern border,Swanton Sector,Apprehensions,60
2012-09,2012,Border Patrol,Southwest border,Big Bend Sector,Apprehensions,246
2012-09,2012,Border Patrol,Southwest border,Del Rio Sector,Apprehensions,1723
2012-09,2012,Border Patrol,Southwest border,El Centro Sector,Apprehensions,1477
2012-09,2012,Border Patrol,Southwest border,El Paso Sector,Apprehensions,919
2012-09,2012,Border Patrol,Southwest border,Laredo Sector,Apprehensions,3576
2012-09,2012,Border Patrol,Southwest border,Rio Grande Valley Sector,Apprehensions,8745
2012-09,2012,Border Patrol,Southwest border,San Diego Sector,Apprehensions,1992
2012-09,2012,Border Patrol,Southwest border,Tucson Sector,Apprehensions,7583
2012-09,2012,Border Patrol,Southwest border,Yuma Sector,Apprehensions,330
2012-10,2013,Border Patrol,"Air, sea and other",Miami Sector,Apprehensions,248
2012-10,2013,Border Patrol,"Air, sea and other",New Orleans Sector,Apprehensions,49
2012-10,2013,Border Patrol,"Air, sea and other",Ramey Sector,Apprehensions,24
2012-10,2013,Border Patrol,Northern border,Blaine Sector,Apprehensions,37
2012-10,2013,Border Patrol,Northern border,Buffalo Sector,Apprehensions,106
2012-10,2013,Border Patrol,Northern border,Detroit Sector,Apprehensions,65
2012-10,2013,Border Patrol,Northern border,Grand Forks Sector,Apprehensions,32
2012-10,2013,Border Patrol,Northern border,Havre Sector,Apprehensions,4
2012-10,2013,Border Patrol,Northern border,Houlton Sector,Apprehensions,15
2012-10,2013,Border Patrol,Northern border,Spokane Sector,Apprehensions,33
2012-10,2013,Border Patrol,Northern border,Swanton Sector,Apprehensions,35
2012-10,2013,Border Patrol,Southwest border,Big Bend Sector,Apprehensions,356
2012-10,2013,Border Patrol,Southwest border,Del Rio Sector,Apprehensions,1792
2012-10,2013,Border Patrol,Southwest border,El Centro Sector,Apprehensions,1527
2012-10,2013,Border Patrol,Southwest border,El Paso Sector,Apprehensions,977
2012-10,2013,Border Patrol,Southwest border,Laredo Sector,Apprehensions,3829
2012-10,2013,Border Patrol,Southwest border,Rio Grande Valley Sector,Apprehensions,8869
2012-10,2013,Border Patrol,Southwest border,San Diego Sector,Apprehensions,1922
2012-10,2013,Border Patrol,Southwest border,Tucson Sector,Apprehensions,9224
2012-10,2013,Border Patrol,Southwest border,Yuma Sector,Apprehensions,433
2012-11,2013,Border Patrol,"Air, sea and other",Miami Sector,Apprehensions,134
2012-11,2013,Border Patrol,"Air, sea and other",New Orleans Sector,Apprehensions,74
2012-11,2013,Border Patrol,"Air, sea and other",Ramey Sector,Apprehensions,56
2012-11,2013,Border Patrol,Northern border,Blaine Sector,Apprehensions,34
2012-11,2013,Border Patrol,Northern border,Buffalo Sector,Apprehensions,54
2012-11,2013,Border Patrol,Northern border,Detroit Sector,Apprehensions,58
2012-11,2013,Border Patrol,Northern border,Grand Forks Sector,Apprehensions,27
2012-11,2013,Border Patrol,Northern border,Havre Sector,Apprehensions,2
2012-11,2013,Border Patrol,Northern border,Houlton Sector,Apprehensions,1
2012-11,2013,Border Patrol,Northern border,Spokane Sector,Apprehensions,36
2012-11,2013,Border Patrol,Northern border,Swanton Sector,Apprehensions,21
2012-11,2013,Border Patrol,Southwest border,Big Bend Sector,Apprehensions,238
2012-11,2013,Border Patrol,Southwest border,Del Rio Sector,Apprehensions,1715
2012-11,2013,Border Patrol,Southwest border,El Centro Sector,Apprehensions,1408
2012-11,2013,Border Patrol,Southwest border,El Paso Sector,Apprehensions,860
2012-11,2013,Border Patrol,Southwest border,Laredo Sector,Apprehensions,3537
2012-11,2013,Border Patrol,Southwest border,Rio Grande Valley Sector,Apprehensions,8352
2012-11,2013,Border Patrol,Southwest border,San Diego Sector,Apprehensions,1924
2012-11,2013,Border Patrol,Southwest border,Tucson Sector,Apprehensions,9185
2012-11,2013,Border Patrol,Southwest border,Yuma Sector,Apprehensions,417
2012-12,2013,Border Patrol,"Air, sea and other",Miami Sector,Apprehensions,130
2012-12,2013,Border Patrol,"Air, sea and other",New Orleans Sector,Apprehensions,47
2012-12,2013,Border Patrol,"Air, sea and other",Ramey Sector,Apprehensions,45
2012-12,2013,Border Patrol,Northern border,Blaine Sector,Apprehensions,33
2012-12,2013,Border Patrol,Northern border,Buffalo Sector,Apprehensions,60
2012-12,2013,Border Patrol,Northern border,Detroit Sector,Apprehensions,64
2012-12,2013,Border Patrol,Northern border,Grand Forks Sector,Apprehensions,12
2012-12,2013,Border Patrol,Northern border,Havre Sector,Apprehensions,0
2012-12,2013,Border Patrol,Northern border,Houlton Sector,Apprehensions,0
2012-12,2013,Border Patrol,Northern border,Spokane Sector,Apprehensions,17
2012-12,2013,Border Patrol,Northern border,Swanton Sector,Apprehensions,29
2012-12,2013,Border Patrol,Southwest border,Big Bend Sector,Apprehensions,213
2012-12,2013,Border Patrol,Southwest border,Del Rio Sector,Apprehensions,1135
2012-12,2013,Border Patrol,Southwest border,El Centro Sector,Apprehensions,1101
2012-12,2013,Border Patrol,Southwest border,El Paso Sector,Apprehensions,629
2012-12,2013,Border Patrol,Southwest border,Laredo Sector,Apprehensions,2835
2012-12,2013,Border Patrol,Southwest border,Rio Grande Valley Sector,Apprehensions,6587
2012-12,2013,Border Patrol,Southwest border,San Diego Sector,Apprehensions,1795
2012-12,2013,Border Patrol,Southwest border,Tucson Sector,Apprehensions,8481
2012-12,2013,Border Patrol,Southwest border,Yuma Sector,Apprehensions,467
2013-01,2013,Border Patrol,"Air, sea and other",Miami Sector,Apprehensions,135
2013-01,2013,Border Patrol,"Air, sea and other",New Orleans Sector,Apprehensions,32
2013-01,2013,Border Patrol,"Air, sea and other",Ramey Sector,Apprehensions,39
2013-01,2013,Border Patrol,Northern border,Blaine Sector,Apprehensions,21
2013-01,2013,Border Patrol,Northern border,Buffalo Sector,Apprehensions,53
2013-01,2013,Border Patrol,Northern border,Detroit Sector,Apprehensions,58
2013-01,2013,Border Patrol,Northern border,Grand Forks Sector,Apprehensions,19
2013-01,2013,Border Patrol,Northern border,Havre Sector,Apprehensions,3
2013-01,2013,Border Patrol,Northern border,Houlton Sector,Apprehensions,0
2013-01,2013,Border Patrol,Northern border,Spokane Sector,Apprehensions,19
2013-01,2013,Border Patrol,Northern border,Swanton Sector,Apprehensions,17
2013-01,2013,Border Patrol,Southwest border,Big Bend Sector,Apprehensions,340
2013-01,2013,Border Patrol,Southwest border,Del Rio Sector,Apprehensions,1617
2013-01,2013,Border Patrol,Southwest border,El Centro Sector,Apprehensions,1103
2013-01,2013,Border Patrol,Southwest border,El Paso Sector,Apprehensions,776
2013-01,2013,Border Patrol,Southwest border,Laredo Sector,Apprehensions,3280
2013-01,2013,Border Patrol,Southwest border,Rio Grande Valley Sector,Apprehensions,7190
2013-01,2013,Border Patrol,Southwest border,San Diego Sector,Apprehensions,2150
2013-01,2013,Border Patrol,Southwest border,Tucson Sector,Apprehensions,9871
2013-01,2013,Border Patrol,Southwest border,Yuma Sector,Apprehensions,594
2013-02,2013,Border Patrol,"Air, sea and other",Miami Sector,Apprehensions,89
2013-02,2013,Border Patrol,"Air, sea and other",New Orleans Sector,Apprehensions,49
2013-02,2013,Border Patrol,"Air, sea and other",Ramey Sector,Apprehensions,107
2013-02,2013,Border Patrol,Northern border,Blaine Sector,Apprehensions,32
2013-02,2013,Border Patrol,Northern border,Buffalo Sector,Apprehensions,47
2013-02,2013,Border Patrol,Northern border,Detroit Sector,Apprehensions,44
2013-02,2013,Border Patrol,Northern border,Grand Forks Sector,Apprehensions,36
2013-02,2013,Border Patrol,Northern border,Havre Sector,Apprehensions,3
2013-02,2013,Border Patrol,Northern border,Houlton Sector,Apprehensions,1
2013-02,2013,Border Patrol,Northern border,Spokane Sector,Apprehensions,13
2013-02,2013,Border Patrol,Northern border,Swanton Sector,Apprehensions,41
2013-02,2013,Border Patrol,Southwest border,Big Bend Sector,Apprehensions,400
2013-02,2013,Border Patrol,Southwest border,Del Rio Sector,Apprehensions,2223
2013-02,2013,Border Patrol,Southwest border,El Centro Sector,Apprehensions,1340
2013-02,2013,Border Patrol,Southwest border,El Paso Sector,Apprehensions,1030
2013-02,2013,Border Patrol,Southwest border,Laredo Sector,Apprehensions,4628
2013-02,2013,Border Patrol,Southwest border,Rio Grande Valley Sector,Apprehensions,10828
2013-02,2013,Border Patrol,Southwest border,San Diego Sector,Apprehensions,2227
2013-02,2013,Border Patrol,Southwest border,Tucson Sector,Apprehensions,11831
2013-02,2013,Border Patrol,Southwest border,Yuma Sector,Apprehensions,535
2013-03,2013,Border Patrol,"Air, sea and other",Miami Sector,Apprehensions,92
2013-03,2013,Border Patrol,"Air, sea and other",New Orleans Sector,Apprehensions,27
2013-03,2013,Border Patrol,"Air, sea and other",Ramey Sector,Apprehensions,194
2013-03,2013,Border Patrol,Northern border,Blaine Sector,Apprehensions,31
2013-03,2013,Border Patrol,Northern border,Buffalo Sector,Apprehensions,47
2013-03,2013,Border Patrol,Northern border,Detroit Sector,Apprehensions,50
2013-03,2013,Border Patrol,Northern border,Grand Forks Sector,Apprehensions,31
2013-03,2013,Border Patrol,Northern border,Havre Sector,Apprehensions,2
2013-03,2013,Border Patrol,Northern border,Houlton Sector,Apprehensions,2
2013-03,2013,Border Patrol,Northern border,Spokane Sector,Apprehensions,19
2013-03,2013,Border Patrol,Northern border,Swanton Sector,Apprehensions,50
2013-03,2013,Border Patrol,Southwest border,Big Bend Sector,Apprehensions,416
2013-03,2013,Border Patrol,Southwest border,Del Rio Sector,Apprehensions,2771
2013-03,2013,Border Patrol,Southwest border,El Centro Sector,Apprehensions,2098
2013-03,2013,Border Patrol,Southwest border,El Paso Sector,Apprehensions,1176
2013-03,2013,Border Patrol,Southwest border,Laredo Sector,Apprehensions,5903
2013-03,2013,Border Patrol,Southwest border,Rio Grande Valley Sector,Apprehensions,16115
2013-03,2013,Border Patrol,Southwest border,San Diego Sector,Apprehensions,3062
2013-03,2013,Border Patrol,Southwest border,Tucson Sector,Apprehensions,14990
2013-03,2013,Border Patrol,Southwest border,Yuma Sector,Apprehensions,762
2013-04,2013,Border Patrol,"Air, sea and other",Miami Sector,Apprehensions,157
2013-04,2013,Border Patrol,"Air, sea and other",New Orleans Sector,Apprehensions,46
2013-04,2013,Border Patrol,"Air, sea and other",Ramey Sector,Apprehensions,11
2013-04,2013,Border Patrol,Northern border,Blaine Sector,Apprehensions,24
2013-04,2013,Border Patrol,Northern border,Buffalo Sector,Apprehensions,73
2013-04,2013,Border Patrol,Northern border,Detroit Sector,Apprehensions,49
2013-04,2013,Border Patrol,Northern border,Grand Forks Sector,Apprehensions,39
2013-04,2013,Border Patrol,Northern border,Havre Sector,Apprehensions,3
2013-04,2013,Border Patrol,Northern border,Houlton Sector,Apprehensions,2
2013-04,2013,Border Patrol,Northern border,Spokane Sector,Apprehensions,28
2013-04,2013,Border Patrol,Northern border,Swanton Sector,Apprehensions,53
2013-04,2013,Border Patrol,Southwest border,Big Bend Sector,Apprehensions,473
2013-04,2013,Border Patrol,Southwest border,Del Rio Sector,Apprehensions,2778
2013-04,2013,Border Patrol,Southwest border,El Centro Sector,Apprehensions,1972
2013-04,2013,Border Patrol,Southwest border,El Paso Sector,Apprehensions,1217
2013-04,2013,Border Patrol,Southwest border,Laredo Sector,Apprehensions,5621
2013-04,2013,Border Patrol,Southwest border,Rio Grande Valley Sector,Apprehensions,18455
2013-04,2013,Border Patrol,Southwest border,San Diego Sector,Apprehensions,2833
2013-04,2013,Border Patrol,Southwest border,Tucson Sector,Apprehensions,14051
2013-04,2013,Border Patrol,Southwest border,Yuma Sector,Apprehensions,812
2013-05,2013,Border Patrol,"Air, sea and other",Miami Sector,Apprehensions,92
2013-05,2013,Border Patrol,"Air, sea and other",New Orleans Sector,Apprehensions,28
2013-05,2013,Border Patrol,"Air, sea and other",Ramey Sector,Apprehensions,27
2013-05,2013,Border Patrol,Northern border,Blaine Sector,Apprehensions,26
2013-05,2013,Border Patrol,Northern border,Buffalo Sector,Apprehensions,54
2013-05,2013,Border Patrol,Northern border,Detroit Sector,Apprehensions,43
2013-05,2013,Border Patrol,Northern border,Grand Forks Sector,Apprehensions,36
2013-05,2013,Border Patrol,Northern border,Havre Sector,Apprehensions,9
2013-05,2013,Border Patrol,Northern border,Houlton Sector,Apprehensions,0
2013-05,2013,Border Patrol,Northern border,Spokane Sector,Apprehensions,20
2013-05,2013,Border Patrol,Northern border,Swanton Sector,Apprehensions,57
2013-05,2013,Border Patrol,Southwest border,Big Bend Sector,Apprehensions,341
2013-05,2013,Border Patrol,Southwest border,Del Rio Sector,Apprehensions,2332
2013-05,2013,Border Patrol,Southwest border,El Centro Sector,Apprehensions,1513
2013-05,2013,Border Patrol,Southwest border,El Paso Sector,Apprehensions,1163
2013-05,2013,Border Patrol,Southwest border,Laredo Sector,Apprehensions,5338
2013-05,2013,Border Patrol,Southwest border,Rio Grande Valley Sector,Apprehensions,17522
2013-05,2013,Border Patrol,Southwest border,San Diego Sector,Apprehensions,2854
2013-05,2013,Border Patrol,Southwest border,Tucson Sector,Apprehensions,12119
2013-05,2013,Border Patrol,Southwest border,Yuma Sector,Apprehensions,674
2013-06,2013,Border Patrol,"Air, sea and other",Miami Sector,Apprehensions,113
2013-06,2013,Border Patrol,"Air, sea and other",New Orleans Sector,Apprehensions,15
2013-06,2013,Border Patrol,"Air, sea and other",Ramey Sector,Apprehensions,99
2013-06,2013,Border Patrol,Northern border,Blaine Sector,Apprehensions,34
2013-06,2013,Border Patrol,Northern border,Buffalo Sector,Apprehensions,78
2013-06,2013,Border Patrol,Northern border,Detroit Sector,Apprehensions,42
2013-06,2013,Border Patrol,Northern border,Grand Forks Sector,Apprehensions,52
2013-06,2013,Border Patrol,Northern border,Havre Sector,Apprehensions,9
2013-06,2013,Border Patrol,Northern border,Houlton Sector,Apprehensions,7
2013-06,2013,Border Patrol,Northern border,Spokane Sector,Apprehensions,26
2013-06,2013,Border Patrol,Northern border,Swanton Sector,Apprehensions,42
2013-06,2013,Border Patrol,Southwest border,Big Bend Sector,Apprehensions,232
2013-06,2013,Border Patrol,Southwest border,Del Rio Sector,Apprehensions,1695
2013-06,2013,Border Patrol,Southwest border,El Centro Sector,Apprehensions,1222
2013-06,2013,Border Patrol,Southwest border,El Paso Sector,Apprehensions,857
2013-06,2013,Border Patrol,Southwest border,Laredo Sector,Apprehensions,4029
2013-06,2013,Border Patrol,Southwest border,Rio Grande Valley Sector,Apprehensions,14275
2013-06,2013,Border Patrol,Southwest border,San Diego Sector,Apprehensions,2324
2013-06,2013,Border Patrol,Southwest border,Tucson Sector,Apprehensions,9357
2013-06,2013,Border Patrol,Southwest border,Yuma Sector,Apprehensions,445
2013-07,2013,Border Patrol,"Air, sea and other",Miami Sector,Apprehensions,212
2013-07,2013,Border Patrol,"Air, sea and other",New Orleans Sector,Apprehensions,30
2013-07,2013,Border Patrol,"Air, sea and other",Ramey Sector,Apprehensions,43
2013-07,2013,Border Patrol,Northern border,Blaine Sector,Apprehensions,32
2013-07,2013,Border Patrol,Northern border,Buffalo Sector,Apprehensions,83
2013-07,2013,Border Patrol,Northern border,Detroit Sector,Apprehensions,67
2013-07,2013,Border Patrol,Northern border,Grand Forks Sector,Apprehensions,73
2013-07,2013,Border Patrol,Northern border,Havre Sector,Apprehensions,8
2013-07,2013,Border Patrol,Northern border,Houlton Sector,Apprehensions,1
2013-07,2013,Border Patrol,Northern border,Spokane Sector,Apprehensions,33
2013-07,2013,Border Patrol,Northern border,Swanton Sector,Apprehensions,72
2013-07,2013,Border Patrol,Southwest border,Big Bend Sector,Apprehensions,219
2013-07,2013,Border Patrol,Southwest border,Del Rio Sector,Apprehensions,2039
2013-07,2013,Border Patrol,Southwest border,El Centro Sector,Apprehensions,1035
2013-07,2013,Border Patrol,Southwest border,El Paso Sector,Apprehensions,852
2013-07,2013,Border Patrol,Southwest border,Laredo Sector,Apprehensions,4212
2013-07,2013,Border Patrol,Southwest border,Rio Grande Valley Sector,Apprehensions,15217
2013-07,2013,Border Patrol,Southwest border,San Diego Sector,Apprehensions,2313
2013-07,2013,Border Patrol,Southwest border,Tucson Sector,Apprehensions,7014
2013-07,2013,Border Patrol,Southwest border,Yuma Sector,Apprehensions,329
2013-08,2013,Border Patrol,"Air, sea and other",Miami Sector,Apprehensions,171
2013-08,2013,Border Patrol,"Air, sea and other",New Orleans Sector,Apprehensions,47
2013-08,2013,Border Patrol,"Air, sea and other",Ramey Sector,Apprehensions,164
2013-08,2013,Border Patrol,Northern border,Blaine Sector,Apprehensions,25
2013-08,2013,Border Patrol,Northern border,Buffalo Sector,Apprehensions,58
2013-08,2013,Border Patrol,Northern border,Detroit Sector,Apprehensions,59
2013-08,2013,Border Patrol,Northern border,Grand Forks Sector,Apprehensions,55
2013-08,2013,Border Patrol,Northern border,Havre Sector,Apprehensions,21
2013-08,2013,Border Patrol,Northern border,Houlton Sector,Apprehensions,3
2013-08,2013,Border Patrol,Northern border,Spokane Sector,Apprehensions,34
2013-08,2013,Border Patrol,Northern border,Swanton Sector,Apprehensions,48
2013-08,2013,Border Patrol,Southwest border,Big Bend Sector,Apprehensions,218
2013-08,2013,Border Patrol,Southwest border,Del Rio Sector,Apprehensions,1817
2013-08,2013,Border Patrol,Southwest border,El Centro Sector,Apprehensions,1056
2013-08,2013,Border Patrol,Southwest border,El Paso Sector,Apprehensions,852
2013-08,2013,Border Patrol,Southwest border,Laredo Sector,Apprehensions,3944
2013-08,2013,Border Patrol,Southwest border,Rio Grande Valley Sector,Apprehensions,16253
2013-08,2013,Border Patrol,Southwest border,San Diego Sector,Apprehensions,2069
2013-08,2013,Border Patrol,Southwest border,Tucson Sector,Apprehensions,7278
2013-08,2013,Border Patrol,Southwest border,Yuma Sector,Apprehensions,310
2013-09,2013,Border Patrol,"Air, sea and other",Miami Sector,Apprehensions,165
2013-09,2013,Border Patrol,"Air, sea and other",New Orleans Sector,Apprehensions,56
2013-09,2013,Border Patrol,"Air, sea and other",Ramey Sector,Apprehensions,115
2013-09,2013,Border Patrol,Northern border,Blaine Sector,Apprehensions,31
2013-09,2013,Border Patrol,Northern border,Buffalo Sector,Apprehensions,83
2013-09,2013,Border Patrol,Northern border,Detroit Sector,Apprehensions,51
2013-09,2013,Border Patrol,Northern border,Grand Forks Sector,Apprehensions,57
2013-09,2013,Border Patrol,Northern border,Havre Sector,Apprehensions,24
2013-09,2013,Border Patrol,Northern border,Houlton Sector,Apprehensions,5
2013-09,2013,Border Patrol,Northern border,Spokane Sector,Apprehensions,21
2013-09,2013,Border Patrol,Northern border,Swanton Sector,Apprehensions,66
2013-09,2013,Border Patrol,Southwest border,Big Bend Sector,Apprehensions,238
2013-09,2013,Border Patrol,Southwest border,Del Rio Sector,Apprehensions,1596
2013-09,2013,Border Patrol,Southwest border,El Centro Sector,Apprehensions,931
2013-09,2013,Border Patrol,Southwest border,El Paso Sector,Apprehensions,765
2013-09,2013,Border Patrol,Southwest border,Laredo Sector,Apprehensions,3593
2013-09,2013,Border Patrol,Southwest border,Rio Grande Valley Sector,Apprehensions,14790
2013-09,2013,Border Patrol,Southwest border,San Diego Sector,Apprehensions,2023
2013-09,2013,Border Patrol,Southwest border,Tucson Sector,Apprehensions,7538
2013-09,2013,Border Patrol,Southwest border,Yuma Sector,Apprehensions,328
2013-10,2014,Border Patrol,"Air, sea and other",Miami Sector,Apprehensions,131
2013-10,2014,Border Patrol,"Air, sea and other",New Orleans Sector,Apprehensions,58
2013-10,2014,Border Patrol,"Air, sea and other",Ramey Sector,Apprehensions,133
2013-10,2014,Border Patrol,Northern border,Blaine Sector,Apprehensions,16
2013-10,2014,Border Patrol,Northern border,Buffalo Sector,Apprehensions,58
2013-10,2014,Border Patrol,Northern border,Detroit Sector,Apprehensions,48
2013-10,2014,Border Patrol,Northern border,Grand Forks Sector,Apprehensions,59
2013-10,2014,Border Patrol,Northern border,Havre Sector,Apprehensions,18
2013-10,2014,Border Patrol,Northern border,Houlton Sector,Apprehensions,3
2013-10,2014,Border Patrol,Northern border,Spokane Sector,Apprehensions,35
2013-10,2014,Border Patrol,Northern border,Swanton Sector,Apprehensions,44
2013-10,2014,Border Patrol,Southwest border,Big Bend Sector,Apprehensions,316
2013-10,2014,Border Patrol,Southwest border,Del Rio Sector,Apprehensions,1587
2013-10,2014,Border Patrol,Southwest border,El Centro Sector,Apprehensions,1193
2013-10,2014,Border Patrol,Southwest border,El Paso Sector,Apprehensions,885
2013-10,2014,Border Patrol,Southwest border,Laredo Sector,Apprehensions,3638
2013-10,2014,Border Patrol,Southwest border,Rio Grande Valley Sector,Apprehensions,15192
2013-10,2014,Border Patrol,Southwest border,San Diego Sector,Apprehensions,2218
2013-10,2014,Border Patrol,Southwest border,Tucson Sector,Apprehensions,9785
2013-10,2014,Border Patrol,Southwest border,Yuma Sector,Apprehensions,498
2013-11,2014,Border Patrol,"Air, sea and other",Miami Sector,Apprehensions,146
2013-11,2014,Border Patrol,"Air, sea and other",New Orleans Sector,Apprehensions,48
2013-11,2014,Border Patrol,"Air, sea and other",Ramey Sector,Apprehensions,120
2013-11,2014,Border Patrol,Northern border,Blaine Sector,Apprehensions,22
2013-11,2014,Border Patrol,Northern border,Buffalo Sector,Apprehensions,39
2013-11,2014,Border Patrol,Northern border,Detroit Sector,Apprehensions,53
2013-11,2014,Border Patrol,Northern border,Grand Forks Sector,Apprehensions,45
2013-11,2014,Border Patrol,Northern border,Havre Sector,Apprehensions,10
2013-11,2014,Border Patrol,Northern border,Houlton Sector,Apprehensions,4
2013-11,2014,Border Patrol,Northern border,Spokane Sector,Apprehensions,24
2013-11,2014,Border Patrol,Northern border,Swanton Sector,Apprehensions,25
2013-11,2014,Border Patrol,Southwest border,Big Bend Sector,Apprehensions,260
2013-11,2014,Border Patrol,Southwest border,Del Rio Sector,Apprehensions,1586
2013-11,2014,Border Patrol,Southwest border,El Centro Sector,Apprehensions,1077
2013-11,2014,Border Patrol,Southwest border,El Paso Sector,Apprehensions,845
2013-11,2014,Border Patrol,Southwest border,Laredo Sector,Apprehensions,3026
2013-11,2014,Border Patrol,Southwest border,Rio Grande Valley Sector,Apprehensions,14170
2013-11,2014,Border Patrol,Southwest border,San Diego Sector,Apprehensions,2153
2013-11,2014,Border Patrol,Southwest border,Tucson Sector,Apprehensions,8334
2013-11,2014,Border Patrol,Southwest border,Yuma Sector,Apprehensions,445
2013-12,2014,Border Patrol,"Air, sea and other",Miami Sector,Apprehensions,125
2013-12,2014,Border Patrol,"Air, sea and other",New Orleans Sector,Apprehensions,57
2013-12,2014,Border Patrol,"Air, sea and other",Ramey Sector,Apprehensions,48
2013-12,2014,Border Patrol,Northern border,Blaine Sector,Apprehensions,18
2013-12,2014,Border Patrol,Northern border,Buffalo Sector,Apprehensions,52
2013-12,2014,Border Patrol,Northern border,Detroit Sector,Apprehensions,51
2013-12,2014,Border Patrol,Northern border,Grand Forks Sector,Apprehensions,36
2013-12,2014,Border Patrol,Northern border,Havre Sector,Apprehensions,2
2013-12,2014,Border Patrol,Northern border,Houlton Sector,Apprehensions,2
2013-12,2014,Border Patrol,Northern border,Spokane Sector,Apprehensions,15
2013-12,2014,Border Patrol,Northern border,Swanton Sector,Apprehensions,45
2013-12,2014,Border Patrol,Southwest border,Big Bend Sector,Apprehensions,241
2013-12,2014,Border Patrol,Southwest border,Del Rio Sector,Apprehensions,1360
2013-12,2014,Border Patrol,Southwest border,El Centro Sector,Apprehensions,987
2013-12,2014,Border Patrol,Southwest border,El Paso Sector,Apprehensions,738
2013-12,2014,Border Patrol,Southwest border,Laredo Sector,Apprehensions,2567
2013-12,2014,Border Patrol,Southwest border,Rio Grande Valley Sector,Apprehensions,13540
2013-12,2014,Border Patrol,Southwest border,San Diego Sector,Apprehensions,2091
2013-12,2014,Border Patrol,Southwest border,Tucson Sector,Apprehensions,7629
2013-12,2014,Border Patrol,Southwest border,Yuma Sector,Apprehensions,375
2014-01,2014,Border Patrol,"Air, sea and other",Miami Sector,Apprehensions,228
2014-01,2014,Border Patrol,"Air, sea and other",New Orleans Sector,Apprehensions,55
2014-01,2014,Border Patrol,"Air, sea and other",Ramey Sector,Apprehensions,79
2014-01,2014,Border Patrol,Northern border,Blaine Sector,Apprehensions,29
2014-01,2014,Border Patrol,Northern border,Buffalo Sector,Apprehensions,36
2014-01,2014,Border Patrol,Northern border,Detroit Sector,Apprehensions,34
2014-01,2014,Border Patrol,Northern border,Grand Forks Sector,Apprehensions,42
2014-01,2014,Border Patrol,Northern border,Havre Sector,Apprehensions,5
2014-01,2014,Border Patrol,Northern border,Houlton Sector,Apprehensions,3
2014-01,2014,Border Patrol,Northern border,Spokane Sector,Apprehensions,24
2014-01,2014,Border Patrol,Northern border,Swanton Sector,Apprehensions,30
2014-01,2014,Border Patrol,Southwest border,Big Bend Sector,Apprehensions,278
2014-01,2014,Border Patrol,Southwest border,Del Rio Sector,Apprehensions,1514
2014-01,2014,Border Patrol,Southwest border,El Centro Sector,Apprehensions,1126
2014-01,2014,Border Patrol,Southwest border,El Paso Sector,Apprehensions,813
2014-01,2014,Border Patrol,Southwest border,Laredo Sector,Apprehensions,2756
2014-01,2014,Border Patrol,Southwest border,Rio Grande Valley Sector,Apprehensions,12255
2014-01,2014,Border Patrol,Southwest border,San Diego Sector,Apprehensions,2548
2014-01,2014,Border Patrol,Southwest border,Tucson Sector,Apprehensions,6825
2014-01,2014,Border Patrol,Southwest border,Yuma Sector,Apprehensions,553
2014-02,2014,Border Patrol,"Air, sea and other",Miami Sector,Apprehensions,178
2014-02,2014,Border Patrol,"Air, sea and other",New Orleans Sector,Apprehensions,90
2014-02,2014,Border Patrol,"Air, sea and other",Ramey Sector,Apprehensions,39
2014-02,2014,Border Patrol,Northern border,Blaine Sector,Apprehensions,26
2014-02,2014,Border Patrol,Northern border,Buffalo Sector,Apprehensions,47
2014-02,2014,Border Patrol,Northern border,Detroit Sector,Apprehensions,55
2014-02,2014,Border Patrol,Northern border,Grand Forks Sector,Apprehensions,49
2014-02,2014,Border Patrol,Northern border,Havre Sector,Apprehensions,6
2014-02,2014,Border Patrol,Northern border,Houlton Sector,Apprehensions,3
2014-02,2014,Border Patrol,Northern border,Spokane Sector,Apprehensions,16
2014-02,2014,Border Patrol,Northern border,Swanton Sector,Apprehensions,21
2014-02,2014,Border Patrol,Southwest border,Big Bend Sector,Apprehensions,522
2014-02,2014,Border Patrol,Southwest border,Del Rio Sector,Apprehensions,2133
2014-02,2014,Border Patrol,Southwest border,El Centro Sector,Apprehensions,1365
2014-02,2014,Border Patrol,Southwest border,El Paso Sector,Apprehensions,1060
2014-02,2014,Border Patrol,Southwest border,Laredo Sector,Apprehensions,3838
2014-02,2014,Border Patrol,Southwest border,Rio Grande Valley Sector,Apprehensions,16808
2014-02,2014,Border Patrol,Southwest border,San Diego Sector,Apprehensions,2469
2014-02,2014,Border Patrol,Southwest border,Tucson Sector,Apprehensions,7566
2014-02,2014,Border Patrol,Southwest border,Yuma Sector,Apprehensions,642
2014-03,2014,Border Patrol,"Air, sea and other",Miami Sector,Apprehensions,113
2014-03,2014,Border Patrol,"Air, sea and other",New Orleans Sector,Apprehensions,103
2014-03,2014,Border Patrol,"Air, sea and other",Ramey Sector,Apprehensions,79
2014-03,2014,Border Patrol,Northern border,Blaine Sector,Apprehensions,19
2014-03,2014,Border Patrol,Northern border,Buffalo Sector,Apprehensions,87
2014-03,2014,Border Patrol,Northern border,Detroit Sector,Apprehensions,35
2014-03,2014,Border Patrol,Northern border,Grand Forks Sector,Apprehensions,85
2014-03,2014,Border Patrol,Northern border,Havre Sector,Apprehensions,2
2014-03,2014,Border Patrol,Northern border,Houlton Sector,Apprehensions,1
2014-03,2014,Border Patrol,Northern border,Spokane Sector,Apprehensions,31
2014-03,2014,Border Patrol,Northern border,Swanton Sector,Apprehensions,17
2014-03,2014,Border Patrol,Southwest border,Big Bend Sector,Apprehensions,445
2014-03,2014,Border Patrol,Southwest border,Del Rio Sector,Apprehensions,2823
2014-03,2014,Border Patrol,Southwest border,El Centro Sector,Apprehensions,1502
2014-03,2014,Border Patrol,Southwest border,El Paso Sector,Apprehensions,1278
2014-03,2014,Border Patrol,Southwest border,Laredo Sector,Apprehensions,5087
2014-03,2014,Border Patrol,Southwest border,Rio Grande Valley Sector,Apprehensions,25398
2014-03,2014,Border Patrol,Southwest border,San Diego Sector,Apprehensions,3378
2014-03,2014,Border Patrol,Southwest border,Tucson Sector,Apprehensions,8925
2014-03,2014,Border Patrol,Southwest border,Yuma Sector,Apprehensions,760
2014-04,2014,Border Patrol,"Air, sea and other",Miami Sector,Apprehensions,151
2014-04,2014,Border Patrol,"Air, sea and other",New Orleans Sector,Apprehensions,114
2014-04,2014,Border Patrol,"Air, sea and other",Ramey Sector,Apprehensions,38
2014-04,2014,Border Patrol,Northern border,Blaine Sector,Apprehensions,36
2014-04,2014,Border Patrol,Northern border,Buffalo Sector,Apprehensions,64
2014-04,2014,Border Patrol,Northern border,Detroit Sector,Apprehensions,40
2014-04,2014,Border Patrol,Northern border,Grand Forks Sector,Apprehensions,65
2014-04,2014,Border Patrol,Northern border,Havre Sector,Apprehensions,1
2014-04,2014,Border Patrol,Northern border,Houlton Sector,Apprehensions,2
2014-04,2014,Border Patrol,Northern border,Spokane Sector,Apprehensions,17
2014-04,2014,Border Patrol,Northern border,Swanton Sector,Apprehensions,31
2014-04,2014,Border Patrol,Southwest border,Big Bend Sector,Apprehensions,403
2014-04,2014,Border Patrol,Southwest border,Del Rio Sector,Apprehensions,2616
2014-04,2014,Border Patrol,Southwest border,El Centro Sector,Apprehensions,1441
2014-04,2014,Border Patrol,Southwest border,El Paso Sector,Apprehensions,1244
2014-04,2014,Border Patrol,Southwest border,Laredo Sector,Apprehensions,5117
2014-04,2014,Border Patrol,Southwest border,Rio Grande Valley Sector,Apprehensions,28624
2014-04,2014,Border Patrol,Southwest border,San Diego Sector,Apprehensions,3035
2014-04,2014,Border Patrol,Southwest border,Tucson Sector,Apprehensions,8473
2014-04,2014,Border Patrol,Southwest border,Yuma Sector,Apprehensions,549
2014-05,2014,Border Patrol,"Air, sea and other",Miami Sector,Apprehensions,199
2014-05,2014,Border Patrol,"Air, sea and other",New Orleans Sector,Apprehensions,88
2014-05,2014,Border Patrol,"Air, sea and other",Ramey Sector,Apprehensions,86
2014-05,2014,Border Patrol,Northern border,Blaine Sector,Apprehensions,27
2014-05,2014,Border Patrol,Northern border,Buffalo Sector,Apprehensions,81
2014-05,2014,Border Patrol,Northern border,Detroit Sector,Apprehensions,49
2014-05,2014,Border Patrol,Northern border,Grand Forks Sector,Apprehensions,63
2014-05,2014,Border Patrol,Northern border,Havre Sector,Apprehensions,13
2014-05,2014,Border Patrol,Northern border,Houlton Sector,Apprehensions,13
2014-05,2014,Border Patrol,Northern border,Spokane Sector,Apprehensions,22
2014-05,2014,Border Patrol,Northern border,Swanton Sector,Apprehensions,33
2014-05,2014,Border Patrol,Southwest border,Big Bend Sector,Apprehensions,374
2014-05,2014,Border Patrol,Southwest border,Del Rio Sector,Apprehensions,3432
2014-05,2014,Border Patrol,Southwest border,El Centro Sector,Apprehensions,1353
2014-05,2014,Border Patrol,Southwest border,El Paso Sector,Apprehensions,1371
2014-05,2014,Border Patrol,Southwest border,Laredo Sector,Apprehensions,4737
2014-05,2014,Border Patrol,Southwest border,Rio Grande Valley Sector,Apprehensions,37510
2014-05,2014,Border Patrol,Southwest border,San Diego Sector,Apprehensions,2863
2014-05,2014,Border Patrol,Southwest border,Tucson Sector,Apprehensions,8407
2014-05,2014,Border Patrol,Southwest border,Yuma Sector,Apprehensions,636
2014-06,2014,Border Patrol,"Air, sea and other",Miami Sector,Apprehensions,213
2014-06,2014,Border Patrol,"Air, sea and other",New Orleans Sector,Apprehensions,86
2014-06,2014,Border Patrol,"Air, sea and other",Ramey Sector,Apprehensions,133
2014-06,2014,Border Patrol,Northern border,Blaine Sector,Apprehensions,19
2014-06,2014,Border Patrol,Northern border,Buffalo Sector,Apprehensions,54
2014-06,2014,Border Patrol,Northern border,Detroit Sector,Apprehensions,86
2014-06,2014,Border Patrol,Northern border,Grand Forks Sector,Apprehensions,71
2014-06,2014,Border Patrol,Northern border,Havre Sector,Apprehensions,12
2014-06,2014,Border Patrol,Northern border,Houlton Sector,Apprehensions,1
2014-06,2014,Border Patrol,Northern border,Spokane Sector,Apprehensions,19
2014-06,2014,Border Patrol,Northern border,Swanton Sector,Apprehensions,57
2014-06,2014,Border Patrol,Southwest border,Big Bend Sector,Apprehensions,414
2014-06,2014,Border Patrol,Southwest border,Del Rio Sector,Apprehensions,2857
2014-06,2014,Border Patrol,Southwest border,El Centro Sector,Apprehensions,1203
2014-06,2014,Border Patrol,Southwest border,El Paso Sector,Apprehensions,1221
2014-06,2014,Border Patrol,Southwest border,Laredo Sector,Apprehensions,3946
2014-06,2014,Border Patrol,Southwest border,Rio Grande Valley Sector,Apprehensions,38446
2014-06,2014,Border Patrol,Southwest border,San Diego Sector,Apprehensions,2438
2014-06,2014,Border Patrol,Southwest border,Tucson Sector,Apprehensions,6867
2014-06,2014,Border Patrol,Southwest border,Yuma Sector,Apprehensions,470
2014-07,2014,Border Patrol,"Air, sea and other",Miami Sector,Apprehensions,134
2014-07,2014,Border Patrol,"Air, sea and other",New Orleans Sector,Apprehensions,82
2014-07,2014,Border Patrol,"Air, sea and other",Ramey Sector,Apprehensions,77
2014-07,2014,Border Patrol,Northern border,Blaine Sector,Apprehensions,28
2014-07,2014,Border Patrol,Northern border,Buffalo Sector,Apprehensions,79
2014-07,2014,Border Patrol,Northern border,Detroit Sector,Apprehensions,66
2014-07,2014,Border Patrol,Northern border,Grand Forks Sector,Apprehensions,81
2014-07,2014,Border Patrol,Northern border,Havre Sector,Apprehensions,3
2014-07,2014,Border Patrol,Northern border,Houlton Sector,Apprehensions,4
2014-07,2014,Border Patrol,Northern border,Spokane Sector,Apprehensions,19
2014-07,2014,Border Patrol,Northern border,Swanton Sector,Apprehensions,69
2014-07,2014,Border Patrol,Southwest border,Big Bend Sector,Apprehensions,341
2014-07,2014,Border Patrol,Southwest border,Del Rio Sector,Apprehensions,1830
2014-07,2014,Border Patrol,Southwest border,El Centro Sector,Apprehensions,1250
2014-07,2014,Border Patrol,Southwest border,El Paso Sector,Apprehensions,939
2014-07,2014,Border Patrol,Southwest border,Laredo Sector,Apprehensions,3546
2014-07,2014,Border Patrol,Southwest border,Rio Grande Valley Sector,Apprehensions,24938
2014-07,2014,Border Patrol,Southwest border,San Diego Sector,Apprehensions,2497
2014-07,2014,Border Patrol,Southwest border,Tucson Sector,Apprehensions,5019
2014-07,2014,Border Patrol,Southwest border,Yuma Sector,Apprehensions,348
2014-08,2014,Border Patrol,"Air, sea and other",Miami Sector,Apprehensions,217
2014-08,2014,Border Patrol,"Air, sea and other",New Orleans Sector,Apprehensions,72
2014-08,2014,Border Patrol,"Air, sea and other",Ramey Sector,Apprehensions,73
2014-08,2014,Border Patrol,Northern border,Blaine Sector,Apprehensions,14
2014-08,2014,Border Patrol,Northern border,Buffalo Sector,Apprehensions,97
2014-08,2014,Border Patrol,Northern border,Detroit Sector,Apprehensions,70
2014-08,2014,Border Patrol,Northern border,Grand Forks Sector,Apprehensions,73
2014-08,2014,Border Patrol,Northern border,Havre Sector,Apprehensions,7
2014-08,2014,Border Patrol,Northern border,Houlton Sector,Apprehensions,8
2014-08,2014,Border Patrol,Northern border,Spokane Sector,Apprehensions,16
2014-08,2014,Border Patrol,Northern border,Swanton Sector,Apprehensions,64
2014-08,2014,Border Patrol,Southwest border,Big Bend Sector,Apprehensions,302
2014-08,2014,Border Patrol,Southwest border,Del Rio Sector,Apprehensions,1279
2014-08,2014,Border Patrol,Southwest border,El Centro Sector,Apprehensions,1095
2014-08,2014,Border Patrol,Southwest border,El Paso Sector,Apprehensions,948
2014-08,2014,Border Patrol,Southwest border,Laredo Sector,Apprehensions,2960
2014-08,2014,Border Patrol,Southwest border,Rio Grande Valley Sector,Apprehensions,17273
2014-08,2014,Border Patrol,Southwest border,San Diego Sector,Apprehensions,2132
2014-08,2014,Border Patrol,Southwest border,Tucson Sector,Apprehensions,5105
2014-08,2014,Border Patrol,Southwest border,Yuma Sector,Apprehensions,294
2014-09,2014,Border Patrol,"Air, sea and other",Miami Sector,Apprehensions,199
2014-09,2014,Border Patrol,"Air, sea and other",New Orleans Sector,Apprehensions,97
2014-09,2014,Border Patrol,"Air, sea and other",Ramey Sector,Apprehensions,53
2014-09,2014,Border Patrol,Northern border,Blaine Sector,Apprehensions,18
2014-09,2014,Border Patrol,Northern border,Buffalo Sector,Apprehensions,47
2014-09,2014,Border Patrol,Northern border,Detroit Sector,Apprehensions,60
2014-09,2014,Border Patrol,Northern border,Grand Forks Sector,Apprehensions,98
2014-09,2014,Border Patrol,Northern border,Havre Sector,Apprehensions,12
2014-09,2014,Border Patrol,Northern border,Houlton Sector,Apprehensions,1
2014-09,2014,Border Patrol,Northern border,Spokane Sector,Apprehensions,31
2014-09,2014,Border Patrol,Northern border,Swanton Sector,Apprehensions,70
2014-09,2014,Border Patrol,Southwest border,Big Bend Sector,Apprehensions,200
2014-09,2014,Border Patrol,Southwest border,Del Rio Sector,Apprehensions,1238
2014-09,2014,Border Patrol,Southwest border,El Centro Sector,Apprehensions,919
2014-09,2014,Border Patrol,Southwest border,El Paso Sector,Apprehensions,997
2014-09,2014,Border Patrol,Southwest border,Laredo Sector,Apprehensions,2831
2014-09,2014,Border Patrol,Southwest border,Rio Grande Valley Sector,Apprehensions,12239
2014-09,2014,Border Patrol,Southwest border,San Diego Sector,Apprehensions,2089
2014-09,2014,Border Patrol,Southwest border,Tucson Sector,Apprehensions,4980
2014-09,2014,Border Patrol,Southwest border,Yuma Sector,Apprehensions,332
2014-10,2015,Border Patrol,"Air, sea and other",Miami Sector,Apprehensions,90
2014-10,2015,Border Patrol,"Air, sea and other",New Orleans Sector,Apprehensions,115
2014-10,2015,Border Patrol,"Air, sea and other",Ramey Sector,Apprehensions,55
2014-10,2015,Border Patrol,Northern border,Blaine Sector,Apprehensions,37
2014-10,2015,Border Patrol,Northern border,Buffalo Sector,Apprehensions,28
2014-10,2015,Border Patrol,Northern border,Detroit Sector,Apprehensions,75
2014-10,2015,Border Patrol,Northern border,Grand Forks Sector,Apprehensions,87
2014-10,2015,Border Patrol,Northern border,Havre Sector,Apprehensions,5
2014-10,2015,Border Patrol,Northern border,Houlton Sector,Apprehensions,1
2014-10,2015,Border Patrol,Northern border,Spokane Sector,Apprehensions,24
2014-10,2015,Border Patrol,Northern border,Swanton Sector,Apprehensions,26
2014-10,2015,Border Patrol,Southwest border,Big Bend Sector,Apprehensions,302
2014-10,2015,Border Patrol,Southwest border,Del Rio Sector,Apprehensions,1246
2014-10,2015,Border Patrol,Southwest border,El Centro Sector,Apprehensions,894
2014-10,2015,Border Patrol,Southwest border,El Paso Sector,Apprehensions,904
2014-10,2015,Border Patrol,Southwest border,Laredo Sector,Apprehensions,3276
2014-10,2015,Border Patrol,Southwest border,Rio Grande Valley Sector,Apprehensions,12031
2014-10,2015,Border Patrol,Southwest border,San Diego Sector,Apprehensions,2133
2014-10,2015,Border Patrol,Southwest border,Tucson Sector,Apprehensions,5261
2014-10,2015,Border Patrol,Southwest border,Yuma Sector,Apprehensions,403
2014-11,2015,Border Patrol,"Air, sea and other",Miami Sector,Apprehensions,50
2014-11,2015,Border Patrol,"Air, sea and other",New Orleans Sector,Apprehensions,98
2014-11,2015,Border Patrol,"Air, sea and other",Ramey Sector,Apprehensions,76
2014-11,2015,Border Patrol,Northern border,Blaine Sector,Apprehensions,47
2014-11,2015,Border Patrol,Northern border,Buffalo Sector,Apprehensions,34
2014-11,2015,Border Patrol,Northern border,Detroit Sector,Apprehensions,68
2014-11,2015,Border Patrol,Northern border,Grand Forks Sector,Apprehensions,78
2014-11,2015,Border Patrol,Northern border,Havre Sector,Apprehensions,3
2014-11,2015,Border Patrol,Northern border,Houlton Sector,Apprehensions,2
2014-11,2015,Border Patrol,Northern border,Spokane Sector,Apprehensions,15
2014-11,2015,Border Patrol,Northern border,Swanton Sector,Apprehensions,23
2014-11,2015,Border Patrol,Southwest border,Big Bend Sector,Apprehensions,232
2014-11,2015,Border Patrol,Southwest border,Del Rio Sector,Apprehensions,985
2014-11,2015,Border Patrol,Southwest border,El Centro Sector,Apprehensions,842
2014-11,2015,Border Patrol,Southwest border,El Paso Sector,Apprehensions,924
2014-11,2015,Border Patrol,Southwest border,Laredo Sector,Apprehensions,2540
2014-11,2015,Border Patrol,Southwest border,Rio Grande Valley Sector,Apprehensions,11466
2014-11,2015,Border Patrol,Southwest border,San Diego Sector,Apprehensions,1924
2014-11,2015,Border Patrol,Southwest border,Tucson Sector,Apprehensions,5303
2014-11,2015,Border Patrol,Southwest border,Yuma Sector,Apprehensions,425
2014-12,2015,Border Patrol,"Air, sea and other",Miami Sector,Apprehensions,143
2014-12,2015,Border Patrol,"Air, sea and other",New Orleans Sector,Apprehensions,100
2014-12,2015,Border Patrol,"Air, sea and other",Ramey Sector,Apprehensions,32
2014-12,2015,Border Patrol,Northern border,Blaine Sector,Apprehensions,29
2014-12,2015,Border Patrol,Northern border,Buffalo Sector,Apprehensions,35
2014-12,2015,Border Patrol,Northern border,Detroit Sector,Apprehensions,109
2014-12,2015,Border Patrol,Northern border,Grand Forks Sector,Apprehensions,72
2014-12,2015,Border Patrol,Northern border,Havre Sector,Apprehensions,3
2014-12,2015,Border Patrol,Northern border,Houlton Sector,Apprehensions,8
2014-12,2015,Border Patrol,Northern border,Spokane Sector,Apprehensions,10
2014-12,2015,Border Patrol,Northern border,Swanton Sector,Apprehensions,25
2014-12,2015,Border Patrol,Southwest border,Big Bend Sector,Apprehensions,336
2014-12,2015,Border Patrol,Southwest border,Del Rio Sector,Apprehensions,1051
2014-12,2015,Border Patrol,Southwest border,El Centro Sector,Apprehensions,980
2014-12,2015,Border Patrol,Southwest border,El Paso Sector,Apprehensions,921
2014-12,2015,Border Patrol,Southwest border,Laredo Sector,Apprehensions,2367
2014-12,2015,Border Patrol,Southwest border,Rio Grande Valley Sector,Apprehensions,11035
2014-12,2015,Border Patrol,Southwest border,San Diego Sector,Apprehensions,2280
2014-12,2015,Border Patrol,Southwest border,Tucson Sector,Apprehensions,5610
2014-12,2015,Border Patrol,Southwest border,Yuma Sector,Apprehensions,439
2015-01,2015,Border Patrol,"Air, sea and other",Miami Sector,Apprehensions,121
2015-01,2015,Border Patrol,"Air, sea and other",New Orleans Sector,Apprehensions,79
2015-01,2015,Border Patrol,"Air, sea and other",Ramey Sector,Apprehensions,71
2015-01,2015,Border Patrol,Northern border,Blaine Sector,Apprehensions,25
2015-01,2015,Border Patrol,Northern border,Buffalo Sector,Apprehensions,21
2015-01,2015,Border Patrol,Northern border,Detroit Sector,Apprehensions,42
2015-01,2015,Border Patrol,Northern border,Grand Forks Sector,Apprehensions,53
2015-01,2015,Border Patrol,Northern border,Havre Sector,Apprehensions,3
2015-01,2015,Border Patrol,Northern border,Houlton Sector,Apprehensions,4
2015-01,2015,Border Patrol,Northern border,Spokane Sector,Apprehensions,15
2015-01,2015,Border Patrol,Northern border,Swanton Sector,Apprehensions,6
2015-01,2015,Border Patrol,Southwest border,Big Bend Sector,Apprehensions,233
2015-01,2015,Border Patrol,Southwest border,Del Rio Sector,Apprehensions,985
2015-01,2015,Border Patrol,Southwest border,El Centro Sector,Apprehensions,902
2015-01,2015,Border Patrol,Southwest border,El Paso Sector,Apprehensions,874
2015-01,2015,Border Patrol,Southwest border,Laredo Sector,Apprehensions,2776
2015-01,2015,Border Patrol,Southwest border,Rio Grande Valley Sector,Apprehensions,8425
2015-01,2015,Border Patrol,Southwest border,San Diego Sector,Apprehensions,2111
2015-01,2015,Border Patrol,Southwest border,Tucson Sector,Apprehensions,4869
2015-01,2015,Border Patrol,Southwest border,Yuma Sector,Apprehensions,339
2015-02,2015,Border Patrol,"Air, sea and other",Miami Sector,Apprehensions,79
2015-02,2015,Border Patrol,"Air, sea and other",New Orleans Sector,Apprehensions,78
2015-02,2015,Border Patrol,"Air, sea and other",Ramey Sector,Apprehensions,12
2015-02,2015,Border Patrol,Northern border,Blaine Sector,Apprehensions,20
2015-02,2015,Border Patrol,Northern border,Buffalo Sector,Apprehensions,19
2015-02,2015,Border Patrol,Northern border,Detroit Sector,Apprehensions,35
2015-02,2015,Border Patrol,Northern border,Grand Forks Sector,Apprehensions,74
2015-02,2015,Border Patrol,Northern border,Havre Sector,Apprehensions,10
2015-02,2015,Border Patrol,Northern border,Houlton Sector,Apprehensions,6
2015-02,2015,Border Patrol,Northern border,Spokane Sector,Apprehensions,23
2015-02,2015,Border Patrol,Northern border,Swanton Sector,Apprehensions,19
2015-02,2015,Border Patrol,Southwest border,Big Bend Sector,Apprehensions,330
2015-02,2015,Border Patrol,Southwest border,Del Rio Sector,Apprehensions,1291
2015-02,2015,Border Patrol,Southwest border,El Centro Sector,Apprehensions,991
2015-02,2015,Border Patrol,Southwest border,El Paso Sector,Apprehensions,859
2015-02,2015,Border Patrol,Southwest border,Laredo Sector,Apprehensions,2864
2015-02,2015,Border Patrol,Southwest border,Rio Grande Valley Sector,Apprehensions,9557
2015-02,2015,Border Patrol,Southwest border,San Diego Sector,Apprehensions,2466
2015-02,2015,Border Patrol,Southwest border,Tucson Sector,Apprehensions,5553
2015-02,2015,Border Patrol,Southwest border,Yuma Sector,Apprehensions,465
2015-03,2015,Border Patrol,"Air, sea and other",Miami Sector,Apprehensions,116
2015-03,2015,Border Patrol,"Air, sea and other",New Orleans Sector,Apprehensions,35
2015-03,2015,Border Patrol,"Air, sea and other",Ramey Sector,Apprehensions,60
2015-03,2015,Border Patrol,Northern border,Blaine Sector,Apprehensions,16
2015-03,2015,Border Patrol,Northern border,Buffalo Sector,Apprehensions,20
2015-03,2015,Border Patrol,Northern border,Detroit Sector,Apprehensions,30
2015-03,2015,Border Patrol,Northern border,Grand Forks Sector,Apprehensions,65
2015-03,2015,Border Patrol,Northern border,Havre Sector,Apprehensions,6
2015-03,2015,Border Patrol,Northern border,Houlton Sector,Apprehensions,0
2015-03,2015,Border Patrol,Northern border,Spokane Sector,Apprehensions,12
2015-03,2015,Border Patrol,Northern border,Swanton Sector,Apprehensions,27
2015-03,2015,Border Patrol,Southwest border,Big Bend Sector,Apprehensions,453
2015-03,2015,Border Patrol,Southwest border,Del Rio Sector,Apprehensions,1718
2015-03,2015,Border Patrol,Southwest border,El Centro Sector,Apprehensions,1355
2015-03,2015,Border Patrol,Southwest border,El Paso Sector,Apprehensions,1455
2015-03,2015,Border Patrol,Southwest border,Laredo Sector,Apprehensions,3093
2015-03,2015,Border Patrol,Southwest border,Rio Grande Valley Sector,Apprehensions,11817
2015-03,2015,Border Patrol,Southwest border,San Diego Sector,Apprehensions,2876
2015-03,2015,Border Patrol,Southwest border,Tucson Sector,Apprehensions,6256
2015-03,2015,Border Patrol,Southwest border,Yuma Sector,Apprehensions,768
2015-04,2015,Border Patrol,"Air, sea and other",Miami Sector,Apprehensions,101
2015-04,2015,Border Patrol,"Air, sea and other",New Orleans Sector,Apprehensions,39
2015-04,2015,Border Patrol,"Air, sea and other",Ramey Sector,Apprehensions,44
2015-04,2015,Border Patrol,Northern border,Blaine Sector,Apprehensions,14
2015-04,2015,Border Patrol,Northern border,Buffalo Sector,Apprehensions,15
2015-04,2015,Border Patrol,Northern border,Detroit Sector,Apprehensions,44
2015-04,2015,Border Patrol,Northern border,Grand Forks Sector,Apprehensions,73
2015-04,2015,Border Patrol,Northern border,Havre Sector,Apprehensions,5
2015-04,2015,Border Patrol,Northern border,Houlton Sector,Apprehensions,3
2015-04,2015,Border Patrol,Northern border,Spokane Sector,Apprehensions,15
2015-04,2015,Border Patrol,Northern border,Swanton Sector,Apprehensions,14
2015-04,2015,Border Patrol,Southwest border,Big Bend Sector,Apprehensions,438
2015-04,2015,Border Patrol,Southwest border,Del Rio Sector,Apprehensions,2100
2015-04,2015,Border Patrol,Southwest border,El Centro Sector,Apprehensions,1244
2015-04,2015,Border Patrol,Southwest border,El Paso Sector,Apprehensions,1516
2015-04,2015,Border Patrol,Southwest border,Laredo Sector,Apprehensions,3497
2015-04,2015,Border Patrol,Southwest border,Rio Grande Valley Sector,Apprehensions,12602
2015-04,2015,Border Patrol,Southwest border,San Diego Sector,Apprehensions,2284
2015-04,2015,Border Patrol,Southwest border,Tucson Sector,Apprehensions,5543
2015-04,2015,Border Patrol,Southwest border,Yuma Sector,Apprehensions,526
2015-05,2015,Border Patrol,"Air, sea and other",Miami Sector,Apprehensions,110
2015-05,2015,Border Patrol,"Air, sea and other",New Orleans Sector,Apprehensions,75
2015-05,2015,Border Patrol,"Air, sea and other",Ramey Sector,Apprehensions,25
2015-05,2015,Border Patrol,Northern border,Blaine Sector,Apprehensions,19
2015-05,2015,Border Patrol,Northern border,Buffalo Sector,Apprehensions,16
2015-05,2015,Border Patrol,Northern border,Detroit Sector,Apprehensions,36
2015-05,2015,Border Patrol,Northern border,Grand Forks Sector,Apprehensions,40
2015-05,2015,Border Patrol,Northern border,Havre Sector,Apprehensions,3
2015-05,2015,Border Patrol,Northern border,Houlton Sector,Apprehensions,0
2015-05,2015,Border Patrol,Northern border,Spokane Sector,Apprehensions,14
2015-05,2015,Border Patrol,Northern border,Swanton Sector,Apprehensions,16
2015-05,2015,Border Patrol,Southwest border,Big Bend Sector,Apprehensions,567
2015-05,2015,Border Patrol,Southwest border,Del Rio Sector,Apprehensions,2083
2015-05,2015,Border Patrol,Southwest border,El Centro Sector,Apprehensions,1295
2015-05,2015,Border Patrol,Southwest border,El Paso Sector,Apprehensions,1335
2015-05,2015,Border Patrol,Southwest border,Laredo Sector,Apprehensions,3127
2015-05,2015,Border Patrol,Southwest border,Rio Grande Valley Sector,Apprehensions,14103
2015-05,2015,Border Patrol,Southwest border,San Diego Sector,Apprehensions,2308
2015-05,2015,Border Patrol,Southwest border,Tucson Sector,Apprehensions,6105
2015-05,2015,Border Patrol,Southwest border,Yuma Sector,Apprehensions,653
2015-06,2015,Border Patrol,"Air, sea and other",Miami Sector,Apprehensions,203
2015-06,2015,Border Patrol,"Air, sea and other",New Orleans Sector,Apprehensions,71
2015-06,2015,Border Patrol,"Air, sea and other",Ramey Sector,Apprehensions,39
2015-06,2015,Border Patrol,Northern border,Blaine Sector,Apprehensions,17
2015-06,2015,Border Patrol,Northern border,Buffalo Sector,Apprehensions,18
2015-06,2015,Border Patrol,Northern border,Detroit Sector,Apprehensions,72
2015-06,2015,Border Patrol,Northern border,Grand Forks Sector,Apprehensions,40
2015-06,2015,Border Patrol,Northern border,Havre Sector,Apprehensions,2
2015-06,2015,Border Patrol,Northern border,Houlton Sector,Apprehensions,0
2015-06,2015,Border Patrol,Northern border,Spokane Sector,Apprehensions,7
2015-06,2015,Border Patrol,Northern border,Swanton Sector,Apprehensions,35
2015-06,2015,Border Patrol,Southwest border,Big Bend Sector,Apprehensions,373
2015-06,2015,Border Patrol,Southwest border,Del Rio Sector,Apprehensions,1928
2015-06,2015,Border Patrol,Southwest border,El Centro Sector,Apprehensions,1063
2015-06,2015,Border Patrol,Southwest border,El Paso Sector,Apprehensions,1410
2015-06,2015,Border Patrol,Southwest border,Laredo Sector,Apprehensions,2958
2015-06,2015,Border Patrol,Southwest border,Rio Grande Valley Sector,Apprehensions,13750
2015-06,2015,Border Patrol,Southwest border,San Diego Sector,Apprehensions,2081
2015-06,2015,Border Patrol,Southwest border,Tucson Sector,Apprehensions,5081
2015-06,2015,Border Patrol,Southwest border,Yuma Sector,Apprehensions,659
2015-07,2015,Border Patrol,"Air, sea and other",Miami Sector,Apprehensions,168
2015-07,2015,Border Patrol,"Air, sea and other",New Orleans Sector,Apprehensions,72
2015-07,2015,Border Patrol,"Air, sea and other",Ramey Sector,Apprehensions,74
2015-07,2015,Border Patrol,Northern border,Blaine Sector,Apprehensions,23
2015-07,2015,Border Patrol,Northern border,Buffalo Sector,Apprehensions,40
2015-07,2015,Border Patrol,Northern border,Detroit Sector,Apprehensions,32
2015-07,2015,Border Patrol,Northern border,Grand Forks Sector,Apprehensions,76
2015-07,2015,Border Patrol,Northern border,Havre Sector,Apprehensions,2
2015-07,2015,Border Patrol,Northern border,Houlton Sector,Apprehensions,4
2015-07,2015,Border Patrol,Northern border,Spokane Sector,Apprehensions,18
2015-07,2015,Border Patrol,Northern border,Swanton Sector,Apprehensions,39
2015-07,2015,Border Patrol,Southwest border,Big Bend Sector,Apprehensions,428
2015-07,2015,Border Patrol,Southwest border,Del Rio Sector,Apprehensions,1752
2015-07,2015,Border Patrol,Southwest border,El Centro Sector,Apprehensions,1072
2015-07,2015,Border Patrol,Southwest border,El Paso Sector,Apprehensions,1417
2015-07,2015,Border Patrol,Southwest border,Laredo Sector,Apprehensions,3110
2015-07,2015,Border Patrol,Southwest border,Rio Grande Valley Sector,Apprehensions,13719
2015-07,2015,Border Patrol,Southwest border,San Diego Sector,Apprehensions,1985
2015-07,2015,Border Patrol,Southwest border,Tucson Sector,Apprehensions,4071
2015-07,2015,Border Patrol,Southwest border,Yuma Sector,Apprehensions,834
2015-08,2015,Border Patrol,"Air, sea and other",Miami Sector,Apprehensions,346
2015-08,2015,Border Patrol,"Air, sea and other",New Orleans Sector,Apprehensions,32
2015-08,2015,Border Patrol,"Air, sea and other",Ramey Sector,Apprehensions,9
2015-08,2015,Border Patrol,Northern border,Blaine Sector,Apprehensions,23
2015-08,2015,Border Patrol,Northern border,Buffalo Sector,Apprehensions,27
2015-08,2015,Border Patrol,Northern border,Detroit Sector,Apprehensions,54
2015-08,2015,Border Patrol,Northern border,Grand Forks Sector,Apprehensions,69
2015-08,2015,Border Patrol,Northern border,Havre Sector,Apprehensions,18
2015-08,2015,Border Patrol,Northern border,Houlton Sector,Apprehensions,2
2015-08,2015,Border Patrol,Northern border,Spokane Sector,Apprehensions,13
2015-08,2015,Border Patrol,Northern border,Swanton Sector,Apprehensions,68
2015-08,2015,Border Patrol,Southwest border,Big Bend Sector,Apprehensions,600
2015-08,2015,Border Patrol,Southwest border,Del Rio Sector,Apprehensions,1918
2015-08,2015,Border Patrol,Southwest border,El Centro Sector,Apprehensions,1058
2015-08,2015,Border Patrol,Southwest border,El Paso Sector,Apprehensions,1436
2015-08,2015,Border Patrol,Southwest border,Laredo Sector,Apprehensions,3072
2015-08,2015,Border Patrol,Southwest border,Rio Grande Valley Sector,Apprehensions,14750
2015-08,2015,Border Patrol,Southwest border,San Diego Sector,Apprehensions,1883
2015-08,2015,Border Patrol,Southwest border,Tucson Sector,Apprehensions,4733
2015-08,2015,Border Patrol,Southwest border,Yuma Sector,Apprehensions,789
2015-09,2015,Border Patrol,"Air, sea and other",Miami Sector,Apprehensions,225
2015-09,2015,Border Patrol,"Air, sea and other",New Orleans Sector,Apprehensions,55
2015-09,2015,Border Patrol,"Air, sea and other",Ramey Sector,Apprehensions,60
2015-09,2015,Border Patrol,Northern border,Blaine Sector,Apprehensions,12
2015-09,2015,Border Patrol,Northern border,Buffalo Sector,Apprehensions,18
2015-09,2015,Border Patrol,Northern border,Detroit Sector,Apprehensions,40
2015-09,2015,Border Patrol,Northern border,Grand Forks Sector,Apprehensions,62
2015-09,2015,Border Patrol,Northern border,Havre Sector,Apprehensions,4
2015-09,2015,Border Patrol,Northern border,Houlton Sector,Apprehensions,2
2015-09,2015,Border Patrol,Northern border,Spokane Sector,Apprehensions,24
2015-09,2015,Border Patrol,Northern border,Swanton Sector,Apprehensions,43
2015-09,2015,Border Patrol,Southwest border,Big Bend Sector,Apprehensions,739
2015-09,2015,Border Patrol,Southwest border,Del Rio Sector,Apprehensions,1956
2015-09,2015,Border Patrol,Southwest border,El Centro Sector,Apprehensions,1124
2015-09,2015,Border Patrol,Southwest border,El Paso Sector,Apprehensions,1444
2015-09,2015,Border Patrol,Southwest border,Laredo Sector,Apprehensions,3208
2015-09,2015,Border Patrol,Southwest border,Rio Grande Valley Sector,Apprehensions,14002
2015-09,2015,Border Patrol,Southwest border,San Diego Sector,Apprehensions,1959
2015-09,2015,Border Patrol,Southwest border,Tucson Sector,Apprehensions,5012
2015-09,2015,Border Patrol,Southwest border,Yuma Sector,Apprehensions,842
2015-10,2016,Border Patrol,"Air, sea and other",Miami Sector,Apprehensions,271
2015-10,2016,Border Patrol,"Air, sea and other",New Orleans Sector,Apprehensions,74
2015-10,2016,Border Patrol,"Air, sea and other",Ramey Sector,Apprehensions,21
2015-10,2016,Border Patrol,Northern border,Blaine Sector,Apprehensions,27
2015-10,2016,Border Patrol,Northern border,Buffalo Sector,Apprehensions,15
2015-10,2016,Border Patrol,Northern border,Detroit Sector,Apprehensions,55
2015-10,2016,Border Patrol,Northern border,Grand Forks Sector,Apprehensions,40
2015-10,2016,Border Patrol,Northern border,Havre Sector,Apprehensions,4
2015-10,2016,Border Patrol,Northern border,Houlton Sector,Apprehensions,6
2015-10,2016,Border Patrol,Northern border,Spokane Sector,Apprehensions,4
2015-10,2016,Border Patrol,Northern border,Swanton Sector,Apprehensions,25
2015-10,2016,Border Patrol,Southwest border,Big Bend Sector,Apprehensions,735
2015-10,2016,Border Patrol,Southwest border,Del Rio Sector,Apprehensions,1873
2015-10,2016,Border Patrol,Southwest border,El Centro Sector,Apprehensions,1214
2015-10,2016,Border Patrol,Southwest border,El Paso Sector,Apprehensions,1639
2015-10,2016,Border Patrol,Southwest border,Laredo Sector,Apprehensions,3146
2015-10,2016,Border Patrol,Southwest border,Rio Grande Valley Sector,Apprehensions,15036
2015-10,2016,Border Patrol,Southwest border,San Diego Sector,Apprehensions,2081
2015-10,2016,Border Patrol,Southwest border,Tucson Sector,Apprehensions,5899
2015-10,2016,Border Patrol,Southwest border,Yuma Sector,Apprehensions,1101
2015-11,2016,Border Patrol,"Air, sea and other",Miami Sector,Apprehensions,206
2015-11,2016,Border Patrol,"Air, sea and other",New Orleans Sector,Apprehensions,59
2015-11,2016,Border Patrol,"Air, sea and other",Ramey Sector,Apprehensions,57
2015-11,2016,Border Patrol,Northern border,Blaine Sector,Apprehensions,28
2015-11,2016,Border Patrol,Northern border,Buffalo Sector,Apprehensions,4
2015-11,2016,Border Patrol,Northern border,Detroit Sector,Apprehensions,38
2015-11,2016,Border Patrol,Northern border,Grand Forks Sector,Apprehensions,40
2015-11,2016,Border Patrol,Northern border,Havre Sector,Apprehensions,5
2015-11,2016,Border Patrol,Northern border,Houlton Sector,Apprehensions,0
2015-11,2016,Border Patrol,Northern border,Spokane Sector,Apprehensions,16
2015-11,2016,Border Patrol,Northern border,Swanton Sector,Apprehensions,13
2015-11,2016,Border Patrol,Southwest border,Big Bend Sector,Apprehensions,637
2015-11,2016,Border Patrol,Southwest border,Del Rio Sector,Apprehensions,1798
2015-11,2016,Border Patrol,Southwest border,El Centro Sector,Apprehensions,1239
2015-11,2016,Border Patrol,Southwest border,El Paso Sector,Apprehensions,1679
2015-11,2016,Border Patrol,Southwest border,Laredo Sector,Apprehensions,3249
2015-11,2016,Border Patrol,Southwest border,Rio Grande Valley Sector,Apprehensions,15297
2015-11,2016,Border Patrol,Southwest border,San Diego Sector,Apprehensions,2022
2015-11,2016,Border Patrol,Southwest border,Tucson Sector,Apprehensions,5791
2015-11,2016,Border Patrol,Southwest border,Yuma Sector,Apprehensions,1126
2015-12,2016,Border Patrol,"Air, sea and other",Miami Sector,Apprehensions,337
2015-12,2016,Border Patrol,"Air, sea and other",New Orleans Sector,Apprehensions,48
2015-12,2016,Border Patrol,"Air, sea and other",Ramey Sector,Apprehensions,64
2015-12,2016,Border Patrol,Northern border,Blaine Sector,Apprehensions,13
2015-12,2016,Border Patrol,Northern border,Buffalo Sector,Apprehensions,7
2015-12,2016,Border Patrol,Northern border,Detroit Sector,Apprehensions,58
2015-12,2016,Border Patrol,Northern border,Grand Forks Sector,Apprehensions,25
2015-12,2016,Border Patrol,Northern border,Havre Sector,Apprehensions,1
2015-12,2016,Border Patrol,Northern border,Houlton Sector,Apprehensions,1
2015-12,2016,Border Patrol,Northern border,Spokane Sector,Apprehensions,9
2015-12,2016,Border Patrol,Northern border,Swanton Sector,Apprehensions,25
2015-12,2016,Border Patrol,Southwest border,Big Bend Sector,Apprehensions,690
2015-12,2016,Border Patrol,Southwest border,Del Rio Sector,Apprehensions,2185
2015-12,2016,Border Patrol,Southwest border,El Centro Sector,Apprehensions,1253
2015-12,2016,Border Patrol,Southwest border,El Paso Sector,Apprehensions,2187
2015-12,2016,Border Patrol,Southwest border,Laredo Sector,Apprehensions,2995
2015-12,2016,Border Patrol,Southwest border,Rio Grande Valley Sector,Apprehensions,17736
2015-12,2016,Border Patrol,Southwest border,San Diego Sector,Apprehensions,2196
2015-12,2016,Border Patrol,Southwest border,Tucson Sector,Apprehensions,6263
2015-12,2016,Border Patrol,Southwest border,Yuma Sector,Apprehensions,1509
2016-01,2016,Border Patrol,"Air, sea and other",Miami Sector,Apprehensions,207
2016-01,2016,Border Patrol,"Air, sea and other",New Orleans Sector,Apprehensions,40
2016-01,2016,Border Patrol,"Air, sea and other",Ramey Sector,Apprehensions,28
2016-01,2016,Border Patrol,Northern border,Blaine Sector,Apprehensions,13
2016-01,2016,Border Patrol,Northern border,Buffalo Sector,Apprehensions,22
2016-01,2016,Border Patrol,Northern border,Detroit Sector,Apprehensions,35
2016-01,2016,Border Patrol,Northern border,Grand Forks Sector,Apprehensions,48
2016-01,2016,Border Patrol,Northern border,Havre Sector,Apprehensions,4
2016-01,2016,Border Patrol,Northern border,Houlton Sector,Apprehensions,1
2016-01,2016,Border Patrol,Northern border,Spokane Sector,Apprehensions,4
2016-01,2016,Border Patrol,Northern border,Swanton Sector,Apprehensions,10
2016-01,2016,Border Patrol,Southwest border,Big Bend Sector,Apprehensions,388
2016-01,2016,Border Patrol,Southwest border,Del Rio Sector,Apprehensions,1531
2016-01,2016,Border Patrol,Southwest border,El Centro Sector,Apprehensions,1061
2016-01,2016,Border Patrol,Southwest border,El Paso Sector,Apprehensions,1148
2016-01,2016,Border Patrol,Southwest border,Laredo Sector,Apprehensions,2454
2016-01,2016,Border Patrol,Southwest border,Rio Grande Valley Sector,Apprehensions,9398
2016-01,2016,Border Patrol,Southwest border,San Diego Sector,Apprehensions,2525
2016-01,2016,Border Patrol,Southwest border,Tucson Sector,Apprehensions,4572
2016-01,2016,Border Patrol,Southwest border,Yuma Sector,Apprehensions,681
2016-02,2016,Border Patrol,"Air, sea and other",Miami Sector,Apprehensions,181
2016-02,2016,Border Patrol,"Air, sea and other",New Orleans Sector,Apprehensions,53
2016-02,2016,Border Patrol,"Air, sea and other",Ramey Sector,Apprehensions,68
2016-02,2016,Border Patrol,Northern border,Blaine Sector,Apprehensions,21
2016-02,2016,Border Patrol,Northern border,Buffalo Sector,Apprehensions,14
2016-02,2016,Border Patrol,Northern border,Detroit Sector,Apprehensions,54
2016-02,2016,Border Patrol,Northern border,Grand Forks Sector,Apprehensions,26
2016-02,2016,Border Patrol,Northern border,Havre Sector,Apprehensions,1
2016-02,2016,Border Patrol,Northern border,Houlton Sector,Apprehensions,2
2016-02,2016,Border Patrol,Northern border,Spokane Sector,Apprehensions,6
2016-02,2016,Border Patrol,Northern border,Swanton Sector,Apprehensions,14
2016-02,2016,Border Patrol,Southwest border,Big Bend Sector,Apprehensions,458
2016-02,2016,Border Patrol,Southwest border,Del Rio Sector,Apprehensions,1780
2016-02,2016,Border Patrol,Southwest border,El Centro Sector,Apprehensions,1342
2016-02,2016,Border Patrol,Southwest border,El Paso Sector,Apprehensions,1399
2016-02,2016,Border Patrol,Southwest border,Laredo Sector,Apprehensions,2895
2016-02,2016,Border Patrol,Southwest border,Rio Grande Valley Sector,Apprehensions,9660
2016-02,2016,Border Patrol,Southwest border,San Diego Sector,Apprehensions,2504
2016-02,2016,Border Patrol,Southwest border,Tucson Sector,Apprehensions,5245
2016-02,2016,Border Patrol,Southwest border,Yuma Sector,Apprehensions,789
2016-03,2016,Border Patrol,"Air, sea and other",Miami Sector,Apprehensions,310
2016-03,2016,Border Patrol,"Air, sea and other",New Orleans Sector,Apprehensions,50
2016-03,2016,Border Patrol,"Air, sea and other",Ramey Sector,Apprehensions,63
2016-03,2016,Border Patrol,Northern border,Blaine Sector,Apprehensions,33
2016-03,2016,Border Patrol,Northern border,Buffalo Sector,Apprehensions,17
2016-03,2016,Border Patrol,Northern border,Detroit Sector,Apprehensions,61
2016-03,2016,Border Patrol,Northern border,Grand Forks Sector,Apprehensions,49
2016-03,2016,Border Patrol,Northern border,Havre Sector,Apprehensions,2
2016-03,2016,Border Patrol,Northern border,Houlton Sector,Apprehensions,2
2016-03,2016,Border Patrol,Northern border,Spokane Sector,Apprehensions,11
2016-03,2016,Border Patrol,Northern border,Swanton Sector,Apprehensions,26
2016-03,2016,Border Patrol,Southwest border,Big Bend Sector,Apprehensions,616
2016-03,2016,Border Patrol,Southwest border,Del Rio Sector,Apprehensions,2022
2016-03,2016,Border Patrol,Southwest border,El Centro Sector,Apprehensions,1775
2016-03,2016,Border Patrol,Southwest border,El Paso Sector,Apprehensions,2158
2016-03,2016,Border Patrol,Southwest border,Laredo Sector,Apprehensions,3196
2016-03,2016,Border Patrol,Southwest border,Rio Grande Valley Sector,Apprehensions,13325
2016-03,2016,Border Patrol,Southwest border,San Diego Sector,Apprehensions,3108
2016-03,2016,Border Patrol,Southwest border,Tucson Sector,Apprehensions,6142
2016-03,2016,Border Patrol,Southwest border,Yuma Sector,Apprehensions,974
2016-04,2016,Border Patrol,"Air, sea and other",Miami Sector,Apprehensions,331
2016-04,2016,Border Patrol,"Air, sea and other",New Orleans Sector,Apprehensions,76
2016-04,2016,Border Patrol,"Air, sea and other",Ramey Sector,Apprehensions,61
2016-04,2016,Border Patrol,Northern border,Blaine Sector,Apprehensions,19
2016-04,2016,Border Patrol,Northern border,Buffalo Sector,Apprehensions,29
2016-04,2016,Border Patrol,Northern border,Detroit Sector,Apprehensions,51
2016-04,2016,Border Patrol,Northern border,Grand Forks Sector,Apprehensions,35
2016-04,2016,Border Patrol,Northern border,Havre Sector,Apprehensions,9
2016-04,2016,Border Patrol,Northern border,Houlton Sector,Apprehensions,2
2016-04,2016,Border Patrol,Northern border,Spokane Sector,Apprehensions,18
2016-04,2016,Border Patrol,Northern border,Swanton Sector,Apprehensions,18
2016-04,2016,Border Patrol,Southwest border,Big Bend Sector,Apprehensions,739
2016-04,2016,Border Patrol,Southwest border,Del Rio Sector,Apprehensions,2224
2016-04,2016,Border Patrol,Southwest border,El Centro Sector,Apprehensions,2097
2016-04,2016,Border Patrol,Southwest border,El Paso Sector,Apprehensions,2408
2016-04,2016,Border Patrol,Southwest border,Laredo Sector,Apprehensions,3654
2016-04,2016,Border Patrol,Southwest border,Rio Grande Valley Sector,Apprehensions,16688
2016-04,2016,Border Patrol,Southwest border,San Diego Sector,Apprehensions,3329
2016-04,2016,Border Patrol,Southwest border,Tucson Sector,Apprehensions,5784
2016-04,2016,Border Patrol,Southwest border,Yuma Sector,Apprehensions,1166
2016-05,2016,Border Patrol,"Air, sea and other",Miami Sector,Apprehensions,266
2016-05,2016,Border Patrol,"Air, sea and other",New Orleans Sector,Apprehensions,57
2016-05,2016,Border Patrol,"Air, sea and other",Ramey Sector,Apprehensions,78
2016-05,2016,Border Patrol,Northern border,Blaine Sector,Apprehensions,20
2016-05,2016,Border Patrol,Northern border,Buffalo Sector,Apprehensions,21
2016-05,2016,Border Patrol,Northern border,Detroit Sector,Apprehensions,78
2016-05,2016,Border Patrol,Northern border,Grand Forks Sector,Apprehensions,34
2016-05,2016,Border Patrol,Northern border,Havre Sector,Apprehensions,4
2016-05,2016,Border Patrol,Northern border,Houlton Sector,Apprehensions,7
2016-05,2016,Border Patrol,Northern border,Spokane Sector,Apprehensions,56
2016-05,2016,Border Patrol,Northern border,Swanton Sector,Apprehensions,14
2016-05,2016,Border Patrol,Southwest border,Big Bend Sector,Apprehensions,491
2016-05,2016,Border Patrol,Southwest border,Del Rio Sector,Apprehensions,2588
2016-05,2016,Border Patrol,Southwest border,El Centro Sector,Apprehensions,2000
2016-05,2016,Border Patrol,Southwest border,El Paso Sector,Apprehensions,2481
2016-05,2016,Border Patrol,Southwest border,Laredo Sector,Apprehensions,3403
2016-05,2016,Border Patrol,Southwest border,Rio Grande Valley Sector,Apprehensions,18291
2016-05,2016,Border Patrol,Southwest border,San Diego Sector,Apprehensions,3118
2016-05,2016,Border Patrol,Southwest border,Tucson Sector,Apprehensions,6574
2016-05,2016,Border Patrol,Southwest border,Yuma Sector,Apprehensions,1391
2016-06,2016,Border Patrol,"Air, sea and other",Miami Sector,Apprehensions,232
2016-06,2016,Border Patrol,"Air, sea and other",New Orleans Sector,Apprehensions,56
2016-06,2016,Border Patrol,"Air, sea and other",Ramey Sector,Apprehensions,72
2016-06,2016,Border Patrol,Northern border,Blaine Sector,Apprehensions,17
2016-06,2016,Border Patrol,Northern border,Buffalo Sector,Apprehensions,15
2016-06,2016,Border Patrol,Northern border,Detroit Sector,Apprehensions,67
2016-06,2016,Border Patrol,Northern border,Grand Forks Sector,Apprehensions,34
2016-06,2016,Border Patrol,Northern border,Havre Sector,Apprehensions,2
2016-06,2016,Border Patrol,Northern border,Houlton Sector,Apprehensions,1
2016-06,2016,Border Patrol,Northern border,Spokane Sector,Apprehensions,20
2016-06,2016,Border Patrol,Northern border,Swanton Sector,Apprehensions,34
2016-06,2016,Border Patrol,Southwest border,Big Bend Sector,Apprehensions,292
2016-06,2016,Border Patrol,Southwest border,Del Rio Sector,Apprehensions,1918
2016-06,2016,Border Patrol,Southwest border,El Centro Sector,Apprehensions,1719
2016-06,2016,Border Patrol,Southwest border,El Paso Sector,Apprehensions,2369
2016-06,2016,Border Patrol,Southwest border,Laredo Sector,Apprehensions,2906
2016-06,2016,Border Patrol,Southwest border,Rio Grande Valley Sector,Apprehensions,15972
2016-06,2016,Border Patrol,Southwest border,San Diego Sector,Apprehensions,2522
2016-06,2016,Border Patrol,Southwest border,Tucson Sector,Apprehensions,5427
2016-06,2016,Border Patrol,Southwest border,Yuma Sector,Apprehensions,1325
2016-07,2016,Border Patrol,"Air, sea and other",Miami Sector,Apprehensions,286
2016-07,2016,Border Patrol,"Air, sea and other",New Orleans Sector,Apprehensions,96
2016-07,2016,Border Patrol,"Air, sea and other",Ramey Sector,Apprehensions,66
2016-07,2016,Border Patrol,Northern border,Blaine Sector,Apprehensions,28
2016-07,2016,Border Patrol,Northern border,Buffalo Sector,Apprehensions,37
2016-07,2016,Border Patrol,Northern border,Detroit Sector,Apprehensions,64
2016-07,2016,Border Patrol,Northern border,Grand Forks Sector,Apprehensions,66
2016-07,2016,Border Patrol,Northern border,Havre Sector,Apprehensions,2
2016-07,2016,Border Patrol,Northern border,Houlton Sector,Apprehensions,2
2016-07,2016,Border Patrol,Northern border,Spokane Sector,Apprehensions,19
2016-07,2016,Border Patrol,Northern border,Swanton Sector,Apprehensions,35
2016-07,2016,Border Patrol,Southwest border,Big Bend Sector,Apprehensions,344
2016-07,2016,Border Patrol,Southwest border,Del Rio Sector,Apprehensions,1833
2016-07,2016,Border Patrol,Southwest border,El Centro Sector,Apprehensions,1669
2016-07,2016,Border Patrol,Southwest border,El Paso Sector,Apprehensions,2503
2016-07,2016,Border Patrol,Southwest border,Laredo Sector,Apprehensions,2647
2016-07,2016,Border Patrol,Southwest border,Rio Grande Valley Sector,Apprehensions,16519
2016-07,2016,Border Patrol,Southwest border,San Diego Sector,Apprehensions,2555
2016-07,2016,Border Patrol,Southwest border,Tucson Sector,Apprehensions,4364
2016-07,2016,Border Patrol,Southwest border,Yuma Sector,Apprehensions,1289
2016-08,2016,Border Patrol,"Air, sea and other",Miami Sector,Apprehensions,274
2016-08,2016,Border Patrol,"Air, sea and other",New Orleans Sector,Apprehensions,72
2016-08,2016,Border Patrol,"Air, sea and other",Ramey Sector,Apprehensions,43
2016-08,2016,Border Patrol,Northern border,Blaine Sector,Apprehensions,30
2016-08,2016,Border Patrol,Northern border,Buffalo Sector,Apprehensions,27
2016-08,2016,Border Patrol,Northern border,Detroit Sector,Apprehensions,89
2016-08,2016,Border Patrol,Northern border,Grand Forks Sector,Apprehensions,62
2016-08,2016,Border Patrol,Northern border,Havre Sector,Apprehensions,7
2016-08,2016,Border Patrol,Northern border,Houlton Sector,Apprehensions,1
2016-08,2016,Border Patrol,Northern border,Spokane Sector,Apprehensions,20
2016-08,2016,Border Patrol,Northern border,Swanton Sector,Apprehensions,30
2016-08,2016,Border Patrol,Southwest border,Big Bend Sector,Apprehensions,326
2016-08,2016,Border Patrol,Southwest border,Del Rio Sector,Apprehensions,1445
2016-08,2016,Border Patrol,Southwest border,El Centro Sector,Apprehensions,2047
2016-08,2016,Border Patrol,Southwest border,El Paso Sector,Apprehensions,2708
2016-08,2016,Border Patrol,Southwest border,Laredo Sector,Apprehensions,2888
2016-08,2016,Border Patrol,Southwest border,Rio Grande Valley Sector,Apprehensions,19155
2016-08,2016,Border Patrol,Southwest border,San Diego Sector,Apprehensions,2748
2016-08,2016,Border Patrol,Southwest border,Tucson Sector,Apprehensions,4303
2016-08,2016,Border Patrol,Southwest border,Yuma Sector,Apprehensions,1428
2016-09,2016,Border Patrol,"Air, sea and other",Miami Sector,Apprehensions,304
2016-09,2016,Border Patrol,"Air, sea and other",New Orleans Sector,Apprehensions,83
2016-09,2016,Border Patrol,"Air, sea and other",Ramey Sector,Apprehensions,73
2016-09,2016,Border Patrol,Northern border,Blaine Sector,Apprehensions,22
2016-09,2016,Border Patrol,Northern border,Buffalo Sector,Apprehensions,18
2016-09,2016,Border Patrol,Northern border,Detroit Sector,Apprehensions,66
2016-09,2016,Border Patrol,Northern border,Grand Forks Sector,Apprehensions,46
2016-09,2016,Border Patrol,Northern border,Havre Sector,Apprehensions,2
2016-09,2016,Border Patrol,Northern border,Houlton Sector,Apprehensions,0
2016-09,2016,Border Patrol,Northern border,Spokane Sector,Apprehensions,23
2016-09,2016,Border Patrol,Northern border,Swanton Sector,Apprehensions,47
2016-09,2016,Border Patrol,Southwest border,Big Bend Sector,Apprehensions,650
2016-09,2016,Border Patrol,Southwest border,Del Rio Sector,Apprehensions,1881
2016-09,2016,Border Patrol,Southwest border,El Centro Sector,Apprehensions,2032
2016-09,2016,Border Patrol,Southwest border,El Paso Sector,Apprehensions,2955
2016-09,2016,Border Patrol,Southwest border,Laredo Sector,Apprehensions,3129
2016-09,2016,Border Patrol,Southwest border,Rio Grande Valley Sector,Apprehensions,19753
2016-09,2016,Border Patrol,Southwest border,San Diego Sector,Apprehensions,3183
2016-09,2016,Border Patrol,Southwest border,Tucson Sector,Apprehensions,4527
2016-09,2016,Border Patrol,Southwest border,Yuma Sector,Apprehensions,1391
2016-10,2017,Border Patrol,"Air, sea and other",Miami Sector,Apprehensions,178
2016-10,2017,Border Patrol,"Air, sea and other",New Orleans Sector,Apprehensions,76
2016-10,2017,Border Patrol,"Air, sea and other",Ramey Sector,Apprehensions,77
2016-10,2017,Border Patrol,Northern border,Blaine Sector,Apprehensions,45
2016-10,2017,Border Patrol,Northern border,Buffalo Sector,Apprehensions,9
2016-10,2017,Border Patrol,Northern border,Detroit Sector,Apprehensions,64
2016-10,2017,Border Patrol,Northern border,Grand Forks Sector,Apprehensions,19
2016-10,2017,Border Patrol,Northern border,Havre Sector,Apprehensions,1
2016-10,2017,Border Patrol,Northern border,Houlton Sector,Apprehensions,5
2016-10,2017,Border Patrol,Northern border,Spokane Sector,Apprehensions,16
2016-10,2017,Border Patrol,Northern border,Swanton Sector,Apprehensions,10
2016-10,2017,Border Patrol,Southwest border,Big Bend Sector,Apprehensions,697
2016-10,2017,Border Patrol,Southwest border,Del Rio Sector,Apprehensions,2106
2016-10,2017,Border Patrol,Southwest border,El Centro Sector,Apprehensions,2441
2016-10,2017,Border Patrol,Southwest border,El Paso Sector,Apprehensions,3973
2016-10,2017,Border Patrol,Southwest border,Laredo Sector,Apprehensions,3350
2016-10,2017,Border Patrol,Southwest border,Rio Grande Valley Sector,Apprehensions,22642
2016-10,2017,Border Patrol,Southwest border,San Diego Sector,Apprehensions,2934
2016-10,2017,Border Patrol,Southwest border,Tucson Sector,Apprehensions,5924
2016-10,2017,Border Patrol,Southwest border,Yuma Sector,Apprehensions,2117
2016-11,2017,Border Patrol,"Air, sea and other",Miami Sector,Apprehensions,186
2016-11,2017,Border Patrol,"Air, sea and other",New Orleans Sector,Apprehensions,98
2016-11,2017,Border Patrol,"Air, sea and other",Ramey Sector,Apprehensions,41
2016-11,2017,Border Patrol,Northern border,Blaine Sector,Apprehensions,36
2016-11,2017,Border Patrol,Northern border,Buffalo Sector,Apprehensions,19
2016-11,2017,Border Patrol,Northern border,Detroit Sector,Apprehensions,30
2016-11,2017,Border Patrol,Northern border,Grand Forks Sector,Apprehensions,25
2016-11,2017,Border Patrol,Northern border,Havre Sector,Apprehensions,3
2016-11,2017,Border Patrol,Northern border,Houlton Sector,Apprehensions,0
2016-11,2017,Border Patrol,Northern border,Spokane Sector,Apprehensions,10
2016-11,2017,Border Patrol,Northern border,Swanton Sector,Apprehensions,22
2016-11,2017,Border Patrol,Southwest border,Big Bend Sector,Apprehensions,603
2016-11,2017,Border Patrol,Southwest border,Del Rio Sector,Apprehensions,1880
2016-11,2017,Border Patrol,Southwest border,El Centro Sector,Apprehensions,1850
2016-11,2017,Border Patrol,Southwest border,El Paso Sector,Apprehensions,4105
2016-11,2017,Border Patrol,Southwest border,Laredo Sector,Apprehensions,3194
2016-11,2017,Border Patrol,Southwest border,Rio Grande Valley Sector,Apprehensions,24686
2016-11,2017,Border Patrol,Southwest border,San Diego Sector,Apprehensions,2947
2016-11,2017,Border Patrol,Southwest border,Tucson Sector,Apprehensions,5912
2016-11,2017,Border Patrol,Southwest border,Yuma Sector,Apprehensions,2034
2016-12,2017,Border Patrol,"Air, sea and other",Miami Sector,Apprehensions,329
2016-12,2017,Border Patrol,"Air, sea and other",New Orleans Sector,Apprehensions,81
2016-12,2017,Border Patrol,"Air, sea and other",Ramey Sector,Apprehensions,62
2016-12,2017,Border Patrol,Northern border,Blaine Sector,Apprehensions,28
2016-12,2017,Border Patrol,Northern border,Buffalo Sector,Apprehensions,12
2016-12,2017,Border Patrol,Northern border,Detroit Sector,Apprehensions,34
2016-12,2017,Border Patrol,Northern border,Grand Forks Sector,Apprehensions,23
2016-12,2017,Border Patrol,Northern border,Havre Sector,Apprehensions,2
2016-12,2017,Border Patrol,Northern border,Houlton Sector,Apprehensions,0
2016-12,2017,Border Patrol,Northern border,Spokane Sector,Apprehensions,7
2016-12,2017,Border Patrol,Northern border,Swanton Sector,Apprehensions,25
2016-12,2017,Border Patrol,Southwest border,Big Bend Sector,Apprehensions,477
2016-12,2017,Border Patrol,Southwest border,Del Rio Sector,Apprehensions,1817
2016-12,2017,Border Patrol,Southwest border,El Centro Sector,Apprehensions,1870
2016-12,2017,Border Patrol,Southwest border,El Paso Sector,Apprehensions,3948
2016-12,2017,Border Patrol,Southwest border,Laredo Sector,Apprehensions,2460
2016-12,2017,Border Patrol,Southwest border,Rio Grande Valley Sector,Apprehensions,23418
2016-12,2017,Border Patrol,Southwest border,San Diego Sector,Apprehensions,3099
2016-12,2017,Border Patrol,Southwest border,Tucson Sector,Apprehensions,4303
2016-12,2017,Border Patrol,Southwest border,Yuma Sector,Apprehensions,1859
2017-01,2017,Border Patrol,"Air, sea and other",Miami Sector,Apprehensions,161
2017-01,2017,Border Patrol,"Air, sea and other",New Orleans Sector,Apprehensions,121
2017-01,2017,Border Patrol,"Air, sea and other",Ramey Sector,Apprehensions,99
2017-01,2017,Border Patrol,Northern border,Blaine Sector,Apprehensions,20
2017-01,2017,Border Patrol,Northern border,Buffalo Sector,Apprehensions,24
2017-01,2017,Border Patrol,Northern border,Detroit Sector,Apprehensions,43
2017-01,2017,Border Patrol,Northern border,Grand Forks Sector,Apprehensions,40
2017-01,2017,Border Patrol,Northern border,Havre Sector,Apprehensions,0
2017-01,2017,Border Patrol,Northern border,Houlton Sector,Apprehensions,1
2017-01,2017,Border Patrol,Northern border,Spokane Sector,Apprehensions,5
2017-01,2017,Border Patrol,Northern border,Swanton Sector,Apprehensions,19
2017-01,2017,Border Patrol,Southwest border,Big Bend Sector,Apprehensions,473
2017-01,2017,Border Patrol,Southwest border,Del Rio Sector,Apprehensions,1243
2017-01,2017,Border Patrol,Southwest border,El Centro Sector,Apprehensions,1796
2017-01,2017,Border Patrol,Southwest border,El Paso Sector,Apprehensions,2779
2017-01,2017,Border Patrol,Southwest border,Laredo Sector,Apprehensions,2265
2017-01,2017,Border Patrol,Southwest border,Rio Grande Valley Sector,Apprehensions,15580
2017-01,2017,Border Patrol,Southwest border,San Diego Sector,Apprehensions,2927
2017-01,2017,Border Patrol,Southwest border,Tucson Sector,Apprehensions,3357
2017-01,2017,Border Patrol,Southwest border,Yuma Sector,Apprehensions,1156
2017-02,2017,Border Patrol,"Air, sea and other",Miami Sector,Apprehensions,194
2017-02,2017,Border Patrol,"Air, sea and other",New Orleans Sector,Apprehensions,94
2017-02,2017,Border Patrol,"Air, sea and other",Ramey Sector,Apprehensions,15
2017-02,2017,Border Patrol,Northern border,Blaine Sector,Apprehensions,23
2017-02,2017,Border Patrol,Northern border,Buffalo Sector,Apprehensions,66
2017-02,2017,Border Patrol,Northern border,Detroit Sector,Apprehensions,71
2017-02,2017,Border Patrol,Northern border,Grand Forks Sector,Apprehensions,48
2017-02,2017,Border Patrol,Northern border,Havre Sector,Apprehensions,4
2017-02,2017,Border Patrol,Northern border,Houlton Sector,Apprehensions,0
2017-02,2017,Border Patrol,Northern border,Spokane Sector,Apprehensions,18
2017-02,2017,Border Patrol,Northern border,Swanton Sector,Apprehensions,43
2017-02,2017,Border Patrol,Southwest border,Big Bend Sector,Apprehensions,383
2017-02,2017,Border Patrol,Southwest border,Del Rio Sector,Apprehensions,1104
2017-02,2017,Border Patrol,Southwest border,El Centro Sector,Apprehensions,1196
2017-02,2017,Border Patrol,Southwest border,El Paso Sector,Apprehensions,1575
2017-02,2017,Border Patrol,Southwest border,Laredo Sector,Apprehensions,1710
2017-02,2017,Border Patrol,Southwest border,Rio Grande Valley Sector,Apprehensions,7855
2017-02,2017,Border Patrol,Southwest border,San Diego Sector,Apprehensions,1808
2017-02,2017,Border Patrol,Southwest border,Tucson Sector,Apprehensions,2589
2017-02,2017,Border Patrol,Southwest border,Yuma Sector,Apprehensions,534
2017-03,2017,Border Patrol,"Air, sea and other",Miami Sector,Apprehensions,150
2017-03,2017,Border Patrol,"Air, sea and other",New Orleans Sector,Apprehensions,88
2017-03,2017,Border Patrol,"Air, sea and other",Ramey Sector,Apprehensions,15
2017-03,2017,Border Patrol,Northern border,Blaine Sector,Apprehensions,21
2017-03,2017,Border Patrol,Northern border,Buffalo Sector,Apprehensions,16
2017-03,2017,Border Patrol,Northern border,Detroit Sector,Apprehensions,143
2017-03,2017,Border Patrol,Northern border,Grand Forks Sector,Apprehensions,56
2017-03,2017,Border Patrol,Northern border,Havre Sector,Apprehensions,0
2017-03,2017,Border Patrol,Northern border,Houlton Sector,Apprehensions,1
2017-03,2017,Border Patrol,Northern border,Spokane Sector,Apprehensions,22
2017-03,2017,Border Patrol,Northern border,Swanton Sector,Apprehensions,43
2017-03,2017,Border Patrol,Southwest border,Big Bend Sector,Apprehensions,357
2017-03,2017,Border Patrol,Southwest border,Del Rio Sector,Apprehensions,746
2017-03,2017,Border Patrol,Southwest border,El Centro Sector,Apprehensions,871
2017-03,2017,Border Patrol,Southwest border,El Paso Sector,Apprehensions,978
2017-03,2017,Border Patrol,Southwest border,Laredo Sector,Apprehensions,1256
2017-03,2017,Border Patrol,Southwest border,Rio Grande Valley Sector,Apprehensions,4147
2017-03,2017,Border Patrol,Southwest border,San Diego Sector,Apprehensions,1356
2017-03,2017,Border Patrol,Southwest border,Tucson Sector,Apprehensions,2148
2017-03,2017,Border Patrol,Southwest border,Yuma Sector,Apprehensions,336
2017-04,2017,Border Patrol,"Air, sea and other",Miami Sector,Apprehensions,193
2017-04,2017,Border Patrol,"Air, sea and other",New Orleans Sector,Apprehensions,50
2017-04,2017,Border Patrol,"Air, sea and other",Ramey Sector,Apprehensions,39
2017-04,2017,Border Patrol,Northern border,Blaine Sector,Apprehensions,16
2017-04,2017,Border Patrol,Northern border,Buffalo Sector,Apprehensions,33
2017-04,2017,Border Patrol,Northern border,Detroit Sector,Apprehensions,119
2017-04,2017,Border Patrol,Northern border,Grand Forks Sector,Apprehensions,57
2017-04,2017,Border Patrol,Northern border,Havre Sector,Apprehensions,4
2017-04,2017,Border Patrol,Northern border,Houlton Sector,Apprehensions,0
2017-04,2017,Border Patrol,Northern border,Spokane Sector,Apprehensions,14
2017-04,2017,Border Patrol,Northern border,Swanton Sector,Apprehensions,25
2017-04,2017,Border Patrol,Southwest border,Big Bend Sector,Apprehensions,413
2017-04,2017,Border Patrol,Southwest border,Del Rio Sector,Apprehensions,589
2017-04,2017,Border Patrol,Southwest border,El Centro Sector,Apprehensions,849
2017-04,2017,Border Patrol,Southwest border,El Paso Sector,Apprehensions,906
2017-04,2017,Border Patrol,Southwest border,Laredo Sector,Apprehensions,1304
2017-04,2017,Border Patrol,Southwest border,Rio Grande Valley Sector,Apprehensions,3942
2017-04,2017,Border Patrol,Southwest border,San Diego Sector,Apprehensions,1392
2017-04,2017,Border Patrol,Southwest border,Tucson Sector,Apprehensions,1487
2017-04,2017,Border Patrol,Southwest border,Yuma Sector,Apprehensions,245
2017-05,2017,Border Patrol,"Air, sea and other",Miami Sector,Apprehensions,221
2017-05,2017,Border Patrol,"Air, sea and other",New Orleans Sector,Apprehensions,105
2017-05,2017,Border Patrol,"Air, sea and other",Ramey Sector,Apprehensions,17
2017-05,2017,Border Patrol,Northern border,Blaine Sector,Apprehensions,12
2017-05,2017,Border Patrol,Northern border,Buffalo Sector,Apprehensions,76
2017-05,2017,Border Patrol,Northern border,Detroit Sector,Apprehensions,112
2017-05,2017,Border Patrol,Northern border,Grand Forks Sector,Apprehensions,44
2017-05,2017,Border Patrol,Northern border,Havre Sector,Apprehensions,6
2017-05,2017,Border Patrol,Northern border,Houlton Sector,Apprehensions,5
2017-05,2017,Border Patrol,Northern border,Spokane Sector,Apprehensions,14
2017-05,2017,Border Patrol,Northern border,Swanton Sector,Apprehensions,41
2017-05,2017,Border Patrol,Southwest border,Big Bend Sector,Apprehensions,552
2017-05,2017,Border Patrol,Southwest border,Del Rio Sector,Apprehensions,740
2017-05,2017,Border Patrol,Southwest border,El Centro Sector,Apprehensions,1134
2017-05,2017,Border Patrol,Southwest border,El Paso Sector,Apprehensions,1032
2017-05,2017,Border Patrol,Southwest border,Laredo Sector,Apprehensions,1722
2017-05,2017,Border Patrol,Southwest border,Rio Grande Valley Sector,Apprehensions,4882
2017-05,2017,Border Patrol,Southwest border,San Diego Sector,Apprehensions,1724
2017-05,2017,Border Patrol,Southwest border,Tucson Sector,Apprehensions,2199
2017-05,2017,Border Patrol,Southwest border,Yuma Sector,Apprehensions,534
2017-06,2017,Border Patrol,"Air, sea and other",Miami Sector,Apprehensions,173
2017-06,2017,Border Patrol,"Air, sea and other",New Orleans Sector,Apprehensions,57
2017-06,2017,Border Patrol,"Air, sea and other",Ramey Sector,Apprehensions,0
2017-06,2017,Border Patrol,Northern border,Blaine Sector,Apprehensions,23
2017-06,2017,Border Patrol,Northern border,Buffalo Sector,Apprehensions,48
2017-06,2017,Border Patrol,Northern border,Detroit Sector,Apprehensions,118
2017-06,2017,Border Patrol,Northern border,Grand Forks Sector,Apprehensions,42
2017-06,2017,Border Patrol,Northern border,Havre Sector,Apprehensions,4
2017-06,2017,Border Patrol,Northern border,Houlton Sector,Apprehensions,1
2017-06,2017,Border Patrol,Northern border,Spokane Sector,Apprehensions,50
2017-06,2017,Border Patrol,Northern border,Swanton Sector,Apprehensions,51
2017-06,2017,Border Patrol,Southwest border,Big Bend Sector,Apprehensions,378
2017-06,2017,Border Patrol,Southwest border,Del Rio Sector,Apprehensions,761
2017-06,2017,Border Patrol,Southwest border,El Centro Sector,Apprehensions,1280
2017-06,2017,Border Patrol,Southwest border,El Paso Sector,Apprehensions,1180
2017-06,2017,Border Patrol,Southwest border,Laredo Sector,Apprehensions,1839
2017-06,2017,Border Patrol,Southwest border,Rio Grande Valley Sector,Apprehensions,5817
2017-06,2017,Border Patrol,Southwest border,San Diego Sector,Apprehensions,1652
2017-06,2017,Border Patrol,Southwest border,Tucson Sector,Apprehensions,2632
2017-06,2017,Border Patrol,Southwest border,Yuma Sector,Apprehensions,548
2017-07,2017,Border Patrol,"Air, sea and other",Miami Sector,Apprehensions,195
2017-07,2017,Border Patrol,"Air, sea and other",New Orleans Sector,Apprehensions,52
2017-07,2017,Border Patrol,"Air, sea and other",Ramey Sector,Apprehensions,8
2017-07,2017,Border Patrol,Northern border,Blaine Sector,Apprehensions,27
2017-07,2017,Border Patrol,Northern border,Buffalo Sector,Apprehensions,55
2017-07,2017,Border Patrol,Northern border,Detroit Sector,Apprehensions,113
2017-07,2017,Border Patrol,Northern border,Grand Forks Sector,Apprehensions,51
2017-07,2017,Border Patrol,Northern border,Havre Sector,Apprehensions,7
2017-07,2017,Border Patrol,Northern border,Houlton Sector,Apprehensions,5
2017-07,2017,Border Patrol,Northern border,Spokane Sector,Apprehensions,19
2017-07,2017,Border Patrol,Northern border,Swanton Sector,Apprehensions,63
2017-07,2017,Border Patrol,Southwest border,Big Bend Sector,Apprehensions,492
2017-07,2017,Border Patrol,Southwest border,Del Rio Sector,Apprehensions,760
2017-07,2017,Border Patrol,Southwest border,El Centro Sector,Apprehensions,1478
2017-07,2017,Border Patrol,Southwest border,El Paso Sector,Apprehensions,1395
2017-07,2017,Border Patrol,Southwest border,Laredo Sector,Apprehensions,2120
2017-07,2017,Border Patrol,Southwest border,Rio Grande Valley Sector,Apprehensions,7107
2017-07,2017,Border Patrol,Southwest border,San Diego Sector,Apprehensions,1764
2017-07,2017,Border Patrol,Southwest border,Tucson Sector,Apprehensions,2177
2017-07,2017,Border Patrol,Southwest border,Yuma Sector,Apprehensions,894
2017-08,2017,Border Patrol,"Air, sea and other",Miami Sector,Apprehensions,196
2017-08,2017,Border Patrol,"Air, sea and other",New Orleans Sector,Apprehensions,74
2017-08,2017,Border Patrol,"Air, sea and other",Ramey Sector,Apprehensions,15
2017-08,2017,Border Patrol,Northern border,Blaine Sector,Apprehensions,27
2017-08,2017,Border Patrol,Northern border,Buffalo Sector,Apprehensions,37
2017-08,2017,Border Patrol,Northern border,Detroit Sector,Apprehensions,132
2017-08,2017,Border Patrol,Northern border,Grand Forks Sector,Apprehensions,58
2017-08,2017,Border Patrol,Northern border,Havre Sector,Apprehensions,7
2017-08,2017,Border Patrol,Northern border,Houlton Sector,Apprehensions,8
2017-08,2017,Border Patrol,Northern border,Spokane Sector,Apprehensions,17
2017-08,2017,Border Patrol,Northern border,Swanton Sector,Apprehensions,73
2017-08,2017,Border Patrol,Southwest border,Big Bend Sector,Apprehensions,563
2017-08,2017,Border Patrol,Southwest border,Del Rio Sector,Apprehensions,798
2017-08,2017,Border Patrol,Southwest border,El Centro Sector,Apprehensions,1880
2017-08,2017,Border Patrol,Southwest border,El Paso Sector,Apprehensions,1782
2017-08,2017,Border Patrol,Southwest border,Laredo Sector,Apprehensions,2143
2017-08,2017,Border Patrol,Southwest border,Rio Grande Valley Sector,Apprehensions,8650
2017-08,2017,Border Patrol,Southwest border,San Diego Sector,Apprehensions,2241
2017-08,2017,Border Patrol,Southwest border,Tucson Sector,Apprehensions,2913
2017-08,2017,Border Patrol,Southwest border,Yuma Sector,Apprehensions,1318
2017-09,2017,Border Patrol,"Air, sea and other",Miami Sector,Apprehensions,104
2017-09,2017,Border Patrol,"Air, sea and other",New Orleans Sector,Apprehensions,24
2017-09,2017,Border Patrol,"Air, sea and other",Ramey Sector,Apprehensions,0
2017-09,2017,Border Patrol,Northern border,Blaine Sector,Apprehensions,10
2017-09,2017,Border Patrol,Northern border,Buffalo Sector,Apprehensions,52
2017-09,2017,Border Patrol,Northern border,Detroit Sector,Apprehensions,91
2017-09,2017,Border Patrol,Northern border,Grand Forks Sector,Apprehensions,33
2017-09,2017,Border Patrol,Northern border,Havre Sector,Apprehensions,1
2017-09,2017,Border Patrol,Northern border,Houlton Sector,Apprehensions,4
2017-09,2017,Border Patrol,Northern border,Spokane Sector,Apprehensions,16
2017-09,2017,Border Patrol,Northern border,Swanton Sector,Apprehensions,34
2017-09,2017,Border Patrol,Southwest border,Big Bend Sector,Apprehensions,614
2017-09,2017,Border Patrol,Southwest border,Del Rio Sector,Apprehensions,932
2017-09,2017,Border Patrol,Southwest border,El Centro Sector,Apprehensions,1988
2017-09,2017,Border Patrol,Southwest border,El Paso Sector,Apprehensions,1540
2017-09,2017,Border Patrol,Southwest border,Laredo Sector,Apprehensions,2097
2017-09,2017,Border Patrol,Southwest border,Rio Grande Valley Sector,Apprehensions,8836
2017-09,2017,Border Patrol,Southwest border,San Diego Sector,Apprehensions,2242
2017-09,2017,Border Patrol,Southwest border,Tucson Sector,Apprehensions,3016
2017-09,2017,Border Patrol,Southwest border,Yuma Sector,Apprehensions,1272
2017-10,2018,Border Patrol,"Air, sea and other",Miami Sector,Apprehensions,196
2017-10,2018,Border Patrol,"Air, sea and other",New Orleans Sector,Apprehensions,46
2017-10,2018,Border Patrol,"Air, sea and other",Ramey Sector,Apprehensions,7
2017-10,2018,Border Patrol,Northern border,Blaine Sector,Apprehensions,19
2017-10,2018,Border Patrol,Northern border,Buffalo Sector,Apprehensions,48
2017-10,2018,Border Patrol,Northern border,Detroit Sector,Apprehensions,119
2017-10,2018,Border Patrol,Northern border,Grand Forks Sector,Apprehensions,48
2017-10,2018,Border Patrol,Northern border,Havre Sector,Apprehensions,10
2017-10,2018,Border Patrol,Northern border,Houlton Sector,Apprehensions,0
2017-10,2018,Border Patrol,Northern border,Spokane Sector,Apprehensions,30
2017-10,2018,Border Patrol,Northern border,Swanton Sector,Apprehensions,28
2017-10,2018,Border Patrol,Southwest border,Big Bend Sector,Apprehensions,819
2017-10,2018,Border Patrol,Southwest border,Del Rio Sector,Apprehensions,1046
2017-10,2018,Border Patrol,Southwest border,El Centro Sector,Apprehensions,2194
2017-10,2018,Border Patrol,Southwest border,El Paso Sector,Apprehensions,1489
2017-10,2018,Border Patrol,Southwest border,Laredo Sector,Apprehensions,2451
2017-10,2018,Border Patrol,Southwest border,Rio Grande Valley Sector,Apprehensions,9722
2017-10,2018,Border Patrol,Southwest border,San Diego Sector,Apprehensions,2377
2017-10,2018,Border Patrol,Southwest border,Tucson Sector,Apprehensions,3854
2017-10,2018,Border Patrol,Southwest border,Yuma Sector,Apprehensions,1536
2017-11,2018,Border Patrol,"Air, sea and other",Miami Sector,Apprehensions,168
2017-11,2018,Border Patrol,"Air, sea and other",New Orleans Sector,Apprehensions,62
2017-11,2018,Border Patrol,"Air, sea and other",Ramey Sector,Apprehensions,17
2017-11,2018,Border Patrol,Northern border,Blaine Sector,Apprehensions,22
2017-11,2018,Border Patrol,Northern border,Buffalo Sector,Apprehensions,23
2017-11,2018,Border Patrol,Northern border,Detroit Sector,Apprehensions,150
2017-11,2018,Border Patrol,Northern border,Grand Forks Sector,Apprehensions,40
2017-11,2018,Border Patrol,Northern border,Havre Sector,Apprehensions,13
2017-11,2018,Border Patrol,Northern border,Houlton Sector,Apprehensions,2
2017-11,2018,Border Patrol,Northern border,Spokane Sector,Apprehensions,16
2017-11,2018,Border Patrol,Northern border,Swanton Sector,Apprehensions,29
2017-11,2018,Border Patrol,Southwest border,Big Bend Sector,Apprehensions,828
2017-11,2018,Border Patrol,Southwest border,Del Rio Sector,Apprehensions,1186
2017-11,2018,Border Patrol,Southwest border,El Centro Sector,Apprehensions,2123
2017-11,2018,Border Patrol,Southwest border,El Paso Sector,Apprehensions,1647
2017-11,2018,Border Patrol,Southwest border,Laredo Sector,Apprehensions,2283
2017-11,2018,Border Patrol,Southwest border,Rio Grande Valley Sector,Apprehensions,11726
2017-11,2018,Border Patrol,Southwest border,San Diego Sector,Apprehensions,2760
2017-11,2018,Border Patrol,Southwest border,Tucson Sector,Apprehensions,4562
2017-11,2018,Border Patrol,Southwest border,Yuma Sector,Apprehensions,1970
2017-12,2018,Border Patrol,"Air, sea and other",Miami Sector,Apprehensions,164
2017-12,2018,Border Patrol,"Air, sea and other",New Orleans Sector,Apprehensions,27
2017-12,2018,Border Patrol,"Air, sea and other",Ramey Sector,Apprehensions,14
2017-12,2018,Border Patrol,Northern border,Blaine Sector,Apprehensions,22
2017-12,2018,Border Patrol,Northern border,Buffalo Sector,Apprehensions,17
2017-12,2018,Border Patrol,Northern border,Detroit Sector,Apprehensions,86
2017-12,2018,Border Patrol,Northern border,Grand Forks Sector,Apprehensions,38
2017-12,2018,Border Patrol,Northern border,Havre Sector,Apprehensions,2
2017-12,2018,Border Patrol,Northern border,Houlton Sector,Apprehensions,5
2017-12,2018,Border Patrol,Northern border,Spokane Sector,Apprehensions,17
2017-12,2018,Border Patrol,Northern border,Swanton Sector,Apprehensions,32
2017-12,2018,Border Patrol,Southwest border,Big Bend Sector,Apprehensions,802
2017-12,2018,Border Patrol,Southwest border,Del Rio Sector,Apprehensions,1113
2017-12,2018,Border Patrol,Southwest border,El Centro Sector,Apprehensions,2110
2017-12,2018,Border Patrol,Southwest border,El Paso Sector,Apprehensions,1713
2017-12,2018,Border Patrol,Southwest border,Laredo Sector,Apprehensions,1982
2017-12,2018,Border Patrol,Southwest border,Rio Grande Valley Sector,Apprehensions,11668
2017-12,2018,Border Patrol,Southwest border,San Diego Sector,Apprehensions,2764
2017-12,2018,Border Patrol,Southwest border,Tucson Sector,Apprehensions,4400
2017-12,2018,Border Patrol,Southwest border,Yuma Sector,Apprehensions,2443
2018-01,2018,Border Patrol,"Air, sea and other",Miami Sector,Apprehensions,189
2018-01,2018,Border Patrol,"Air, sea and other",New Orleans Sector,Apprehensions,86
2018-01,2018,Border Patrol,"Air, sea and other",Ramey Sector,Apprehensions,77
2018-01,2018,Border Patrol,Northern border,Blaine Sector,Apprehensions,15
2018-01,2018,Border Patrol,Northern border,Buffalo Sector,Apprehensions,25
2018-01,2018,Border Patrol,Northern border,Detroit Sector,Apprehensions,193
2018-01,2018,Border Patrol,Northern border,Grand Forks Sector,Apprehensions,21
2018-01,2018,Border Patrol,Northern border,Havre Sector,Apprehensions,0
2018-01,2018,Border Patrol,Northern border,Houlton Sector,Apprehensions,3
2018-01,2018,Border Patrol,Northern border,Spokane Sector,Apprehensions,22
2018-01,2018,Border Patrol,Northern border,Swanton Sector,Apprehensions,30
2018-01,2018,Border Patrol,Southwest border,Big Bend Sector,Apprehensions,543
2018-01,2018,Border Patrol,Southwest border,Del Rio Sector,Apprehensions,1083
2018-01,2018,Border Patrol,Southwest border,El Centro Sector,Apprehensions,2052
2018-01,2018,Border Patrol,Southwest border,El Paso Sector,Apprehensions,1607
2018-01,2018,Border Patrol,Southwest border,Laredo Sector,Apprehensions,2296
2018-01,2018,Border Patrol,Southwest border,Rio Grande Valley Sector,Apprehensions,9484
2018-01,2018,Border Patrol,Southwest border,San Diego Sector,Apprehensions,3171
2018-01,2018,Border Patrol,Southwest border,Tucson Sector,Apprehensions,3925
2018-01,2018,Border Patrol,Southwest border,Yuma Sector,Apprehensions,1814
2018-02,2018,Border Patrol,"Air, sea and other",Miami Sector,Apprehensions,189
2018-02,2018,Border Patrol,"Air, sea and other",New Orleans Sector,Apprehensions,63
2018-02,2018,Border Patrol,"Air, sea and other",Ramey Sector,Apprehensions,18
2018-02,2018,Border Patrol,Northern border,Blaine Sector,Apprehensions,10
2018-02,2018,Border Patrol,Northern border,Buffalo Sector,Apprehensions,16
2018-02,2018,Border Patrol,Northern border,Detroit Sector,Apprehensions,159
2018-02,2018,Border Patrol,Northern border,Grand Forks Sector,Apprehensions,30
2018-02,2018,Border Patrol,Northern border,Havre Sector,Apprehensions,2
2018-02,2018,Border Patrol,Northern border,Houlton Sector,Apprehensions,3
2018-02,2018,Border Patrol,Northern border,Spokane Sector,Apprehensions,19
2018-02,2018,Border Patrol,Northern border,Swanton Sector,Apprehensions,47
2018-02,2018,Border Patrol,Southwest border,Big Bend Sector,Apprehensions,838
2018-02,2018,Border Patrol,Southwest border,Del Rio Sector,Apprehensions,1306
2018-02,2018,Border Patrol,Southwest border,El Centro Sector,Apprehensions,1954
2018-02,2018,Border Patrol,Southwest border,El Paso Sector,Apprehensions,1737
2018-02,2018,Border Patrol,Southwest border,Laredo Sector,Apprehensions,2671
2018-02,2018,Border Patrol,Southwest border,Rio Grande Valley Sector,Apprehensions,9611
2018-02,2018,Border Patrol,Southwest border,San Diego Sector,Apprehensions,3107
2018-02,2018,Border Patrol,Southwest border,Tucson Sector,Apprehensions,3824
2018-02,2018,Border Patrol,Southwest border,Yuma Sector,Apprehensions,1618
2018-03,2018,Border Patrol,"Air, sea and other",Miami Sector,Apprehensions,202
2018-03,2018,Border Patrol,"Air, sea and other",New Orleans Sector,Apprehensions,54
2018-03,2018,Border Patrol,"Air, sea and other",Ramey Sector,Apprehensions,21
2018-03,2018,Border Patrol,Northern border,Blaine Sector,Apprehensions,54
2018-03,2018,Border Patrol,Northern border,Buffalo Sector,Apprehensions,29
2018-03,2018,Border Patrol,Northern border,Detroit Sector,Apprehensions,175
2018-03,2018,Border Patrol,Northern border,Grand Forks Sector,Apprehensions,41
2018-03,2018,Border Patrol,Northern border,Havre Sector,Apprehensions,1
2018-03,2018,Border Patrol,Northern border,Houlton Sector,Apprehensions,6
2018-03,2018,Border Patrol,Northern border,Spokane Sector,Apprehensions,36
2018-03,2018,Border Patrol,Northern border,Swanton Sector,Apprehensions,66
2018-03,2018,Border Patrol,Southwest border,Big Bend Sector,Apprehensions,703
2018-03,2018,Border Patrol,Southwest border,Del Rio Sector,Apprehensions,1466
2018-03,2018,Border Patrol,Southwest border,El Centro Sector,Apprehensions,2697
2018-03,2018,Border Patrol,Southwest border,El Paso Sector,Apprehensions,2782
2018-03,2018,Border Patrol,Southwest border,Laredo Sector,Apprehensions,3652
2018-03,2018,Border Patrol,Southwest border,Rio Grande Valley Sector,Apprehensions,14140
2018-03,2018,Border Patrol,Southwest border,San Diego Sector,Apprehensions,4101
2018-03,2018,Border Patrol,Southwest border,Tucson Sector,Apprehensions,5785
2018-03,2018,Border Patrol,Southwest border,Yuma Sector,Apprehensions,2064
2018-04,2018,Border Patrol,"Air, sea and other",Miami Sector,Apprehensions,205
2018-04,2018,Border Patrol,"Air, sea and other",New Orleans Sector,Apprehensions,63
2018-04,2018,Border Patrol,"Air, sea and other",Ramey Sector,Apprehensions,9
2018-04,2018,Border Patrol,Northern border,Blaine Sector,Apprehensions,40
2018-04,2018,Border Patrol,Northern border,Buffalo Sector,Apprehensions,32
2018-04,2018,Border Patrol,Northern border,Detroit Sector,Apprehensions,166
2018-04,2018,Border Patrol,Northern border,Grand Forks Sector,Apprehensions,31
2018-04,2018,Border Patrol,Northern border,Havre Sector,Apprehensions,1
2018-04,2018,Border Patrol,Northern border,Houlton Sector,Apprehensions,9
2018-04,2018,Border Patrol,Northern border,Spokane Sector,Apprehensions,27
2018-04,2018,Border Patrol,Northern border,Swanton Sector,Apprehensions,36
2018-04,2018,Border Patrol,Southwest border,Big Bend Sector,Apprehensions,808
2018-04,2018,Border Patrol,Southwest border,Del Rio Sector,Apprehensions,1451
2018-04,2018,Border Patrol,Southwest border,El Centro Sector,Apprehensions,2790
2018-04,2018,Border Patrol,Southwest border,El Paso Sector,Apprehensions,2671
2018-04,2018,Border Patrol,Southwest border,Laredo Sector,Apprehensions,3370
2018-04,2018,Border Patrol,Southwest border,Rio Grande Valley Sector,Apprehensions,15993
2018-04,2018,Border Patrol,Southwest border,San Diego Sector,Apprehensions,3644
2018-04,2018,Border Patrol,Southwest border,Tucson Sector,Apprehensions,5012
2018-04,2018,Border Patrol,Southwest border,Yuma Sector,Apprehensions,2504
2018-05,2018,Border Patrol,"Air, sea and other",Miami Sector,Apprehensions,172
2018-05,2018,Border Patrol,"Air, sea and other",New Orleans Sector,Apprehensions,35
2018-05,2018,Border Patrol,"Air, sea and other",Ramey Sector,Apprehensions,36
2018-05,2018,Border Patrol,Northern border,Blaine Sector,Apprehensions,35
2018-05,2018,Border Patrol,Northern border,Buffalo Sector,Apprehensions,46
2018-05,2018,Border Patrol,Northern border,Detroit Sector,Apprehensions,158
2018-05,2018,Border Patrol,Northern border,Grand Forks Sector,Apprehensions,41
2018-05,2018,Border Patrol,Northern border,Havre Sector,Apprehensions,0
2018-05,2018,Border Patrol,Northern border,Houlton Sector,Apprehensions,3
2018-05,2018,Border Patrol,Northern border,Spokane Sector,Apprehensions,32
2018-05,2018,Border Patrol,Northern border,Swanton Sector,Apprehensions,66
2018-05,2018,Border Patrol,Southwest border,Big Bend Sector,Apprehensions,743
2018-05,2018,Border Patrol,Southwest border,Del Rio Sector,Apprehensions,1486
2018-05,2018,Border Patrol,Southwest border,El Centro Sector,Apprehensions,2683
2018-05,2018,Border Patrol,Southwest border,El Paso Sector,Apprehensions,3510
2018-05,2018,Border Patrol,Southwest border,Laredo Sector,Apprehensions,3210
2018-05,2018,Border Patrol,Southwest border,Rio Grande Valley Sector,Apprehensions,17491
2018-05,2018,Border Patrol,Southwest border,San Diego Sector,Apprehensions,3418
2018-05,2018,Border Patrol,Southwest border,Tucson Sector,Apprehensions,4760
2018-05,2018,Border Patrol,Southwest border,Yuma Sector,Apprehensions,3038
2018-06,2018,Border Patrol,"Air, sea and other",Miami Sector,Apprehensions,130
2018-06,2018,Border Patrol,"Air, sea and other",New Orleans Sector,Apprehensions,115
2018-06,2018,Border Patrol,"Air, sea and other",Ramey Sector,Apprehensions,5
2018-06,2018,Border Patrol,Northern border,Blaine Sector,Apprehensions,27
2018-06,2018,Border Patrol,Northern border,Buffalo Sector,Apprehensions,55
2018-06,2018,Border Patrol,Northern border,Detroit Sector,Apprehensions,280
2018-06,2018,Border Patrol,Northern border,Grand Forks Sector,Apprehensions,38
2018-06,2018,Border Patrol,Northern border,Havre Sector,Apprehensions,6
2018-06,2018,Border Patrol,Northern border,Houlton Sector,Apprehensions,4
2018-06,2018,Border Patrol,Northern border,Spokane Sector,Apprehensions,29
2018-06,2018,Border Patrol,Northern border,Swanton Sector,Apprehensions,105
2018-06,2018,Border Patrol,Southwest border,Big Bend Sector,Apprehensions,375
2018-06,2018,Border Patrol,Southwest border,Del Rio Sector,Apprehensions,1462
2018-06,2018,Border Patrol,Southwest border,El Centro Sector,Apprehensions,2327
2018-06,2018,Border Patrol,Southwest border,El Paso Sector,Apprehensions,3560
2018-06,2018,Border Patrol,Southwest border,Laredo Sector,Apprehensions,2586
2018-06,2018,Border Patrol,Southwest border,Rio Grande Valley Sector,Apprehensions,14703
2018-06,2018,Border Patrol,Southwest border,San Diego Sector,Apprehensions,3014
2018-06,2018,Border Patrol,Southwest border,Tucson Sector,Apprehensions,4146
2018-06,2018,Border Patrol,Southwest border,Yuma Sector,Apprehensions,1916
2018-07,2018,Border Patrol,"Air, sea and other",Miami Sector,Apprehensions,244
2018-07,2018,Border Patrol,"Air, sea and other",New Orleans Sector,Apprehensions,43
2018-07,2018,Border Patrol,"Air, sea and other",Ramey Sector,Apprehensions,20
2018-07,2018,Border Patrol,Northern border,Blaine Sector,Apprehensions,22
2018-07,2018,Border Patrol,Northern border,Buffalo Sector,Apprehensions,33
2018-07,2018,Border Patrol,Northern border,Detroit Sector,Apprehensions,168
2018-07,2018,Border Patrol,Northern border,Grand Forks Sector,Apprehensions,41
2018-07,2018,Border Patrol,Northern border,Havre Sector,Apprehensions,4
2018-07,2018,Border Patrol,Northern border,Houlton Sector,Apprehensions,6
2018-07,2018,Border Patrol,Northern border,Spokane Sector,Apprehensions,39
2018-07,2018,Border Patrol,Northern border,Swanton Sector,Apprehensions,92
2018-07,2018,Border Patrol,Southwest border,Big Bend Sector,Apprehensions,456
2018-07,2018,Border Patrol,Southwest border,Del Rio Sector,Apprehensions,1365
2018-07,2018,Border Patrol,Southwest border,El Centro Sector,Apprehensions,2531
2018-07,2018,Border Patrol,Southwest border,El Paso Sector,Apprehensions,2890
2018-07,2018,Border Patrol,Southwest border,Laredo Sector,Apprehensions,2600
2018-07,2018,Border Patrol,Southwest border,Rio Grande Valley Sector,Apprehensions,13238
2018-07,2018,Border Patrol,Southwest border,San Diego Sector,Apprehensions,3098
2018-07,2018,Border Patrol,Southwest border,Tucson Sector,Apprehensions,3241
2018-07,2018,Border Patrol,Southwest border,Yuma Sector,Apprehensions,1880
2018-08,2018,Border Patrol,"Air, sea and other",Miami Sector,Apprehensions,173
2018-08,2018,Border Patrol,"Air, sea and other",New Orleans Sector,Apprehensions,102
2018-08,2018,Border Patrol,"Air, sea and other",Ramey Sector,Apprehensions,53
2018-08,2018,Border Patrol,Northern border,Blaine Sector,Apprehensions,43
2018-08,2018,Border Patrol,Northern border,Buffalo Sector,Apprehensions,28
2018-08,2018,Border Patrol,Northern border,Detroit Sector,Apprehensions,127
2018-08,2018,Border Patrol,Northern border,Grand Forks Sector,Apprehensions,55
2018-08,2018,Border Patrol,Northern border,Havre Sector,Apprehensions,6
2018-08,2018,Border Patrol,Northern border,Houlton Sector,Apprehensions,3
2018-08,2018,Border Patrol,Northern border,Spokane Sector,Apprehensions,52
2018-08,2018,Border Patrol,Northern border,Swanton Sector,Apprehensions,67
2018-08,2018,Border Patrol,Southwest border,Big Bend Sector,Apprehensions,585
2018-08,2018,Border Patrol,Southwest border,Del Rio Sector,Apprehensions,1506
2018-08,2018,Border Patrol,Southwest border,El Centro Sector,Apprehensions,2821
2018-08,2018,Border Patrol,Southwest border,El Paso Sector,Apprehensions,3585
2018-08,2018,Border Patrol,Southwest border,Laredo Sector,Apprehensions,2785
2018-08,2018,Border Patrol,Southwest border,Rio Grande Valley Sector,Apprehensions,16744
2018-08,2018,Border Patrol,Southwest border,San Diego Sector,Apprehensions,3507
2018-08,2018,Border Patrol,Southwest border,Tucson Sector,Apprehensions,3627
2018-08,2018,Border Patrol,Southwest border,Yuma Sector,Apprehensions,2364
2018-09,2018,Border Patrol,"Air, sea and other",Miami Sector,Apprehensions,137
2018-09,2018,Border Patrol,"Air, sea and other",New Orleans Sector,Apprehensions,102
2018-09,2018,Border Patrol,"Air, sea and other",Ramey Sector,Apprehensions,3
2018-09,2018,Border Patrol,Northern border,Blaine Sector,Apprehensions,50
2018-09,2018,Border Patrol,Northern border,Buffalo Sector,Apprehensions,32
2018-09,2018,Border Patrol,Northern border,Detroit Sector,Apprehensions,149
2018-09,2018,Border Patrol,Northern border,Grand Forks Sector,Apprehensions,37
2018-09,2018,Border Patrol,Northern border,Havre Sector,Apprehensions,2
2018-09,2018,Border Patrol,Northern border,Houlton Sector,Apprehensions,8
2018-09,2018,Border Patrol,Northern border,Spokane Sector,Apprehensions,28
2018-09,2018,Border Patrol,Northern border,Swanton Sector,Apprehensions,138
2018-09,2018,Border Patrol,Southwest border,Big Bend Sector,Apprehensions,545
2018-09,2018,Border Patrol,Southwest border,Del Rio Sector,Apprehensions,1363
2018-09,2018,Border Patrol,Southwest border,El Centro Sector,Apprehensions,2948
2018-09,2018,Border Patrol,Southwest border,El Paso Sector,Apprehensions,4370
2018-09,2018,Border Patrol,Southwest border,Laredo Sector,Apprehensions,2755
2018-09,2018,Border Patrol,Southwest border,Rio Grande Valley Sector,Apprehensions,17742
2018-09,2018,Border Patrol,Southwest border,San Diego Sector,Apprehensions,3630
2018-09,2018,Border Patrol,Southwest border,Tucson Sector,Apprehensions,5036
2018-09,2018,Border Patrol,Southwest border,Yuma Sector,Apprehensions,3097
2018-10,2019,Border Patrol,"Air, sea and other",Miami Sector,Apprehensions,201
2018-10,2019,Border Patrol,"Air, sea and other",New Orleans Sector,Apprehensions,74
2018-10,2019,Border Patrol,"Air, sea and other",Ramey Sector,Apprehensions,21
2018-10,2019,Border Patrol,Northern border,Blaine Sector,Apprehensions,53
2018-10,2019,Border Patrol,Northern border,Buffalo Sector,Apprehensions,40
2018-10,2019,Border Patrol,Northern border,Detroit Sector,Apprehensions,188
2018-10,2019,Border Patrol,Northern border,Grand Forks Sector,Apprehensions,24
2018-10,2019,Border Patrol,Northern border,Havre Sector,Apprehensions,7
2018-10,2019,Border Patrol,Northern border,Houlton Sector,Apprehensions,2
2018-10,2019,Border Patrol,Northern border,Spokane Sector,Apprehensions,38
2018-10,2019,Border Patrol,Northern border,Swanton Sector,Apprehensions,148
2018-10,2019,Border Patrol,Southwest border,Big Bend Sector,Apprehensions,555
2018-10,2019,Border Patrol,Southwest border,Del Rio Sector,Apprehensions,2002
2018-10,2019,Border Patrol,Southwest border,El Centro Sector,Apprehensions,3242
2018-10,2019,Border Patrol,Southwest border,El Paso Sector,Apprehensions,7334
2018-10,2019,Border Patrol,Southwest border,Laredo Sector,Apprehensions,3448
2018-10,2019,Border Patrol,Southwest border,Rio Grande Valley Sector,Apprehensions,20755
2018-10,2019,Border Patrol,Southwest border,San Diego Sector,Apprehensions,4227
2018-10,2019,Border Patrol,Southwest border,Tucson Sector,Apprehensions,5828
2018-10,2019,Border Patrol,Southwest border,Yuma Sector,Apprehensions,3614
2018-11,2019,Border Patrol,"Air, sea and other",Miami Sector,Apprehensions,136
2018-11,2019,Border Patrol,"Air, sea and other",New Orleans Sector,Apprehensions,82
2018-11,2019,Border Patrol,"Air, sea and other",Ramey Sector,Apprehensions,26
2018-11,2019,Border Patrol,Northern border,Blaine Sector,Apprehensions,35
2018-11,2019,Border Patrol,Northern border,Buffalo Sector,Apprehensions,29
2018-11,2019,Border Patrol,Northern border,Detroit Sector,Apprehensions,107
2018-11,2019,Border Patrol,Northern border,Grand Forks Sector,Apprehensions,28
2018-11,2019,Border Patrol,Northern border,Havre Sector,Apprehensions,7
2018-11,2019,Border Patrol,Northern border,Houlton Sector,Apprehensions,3
2018-11,2019,Border Patrol,Northern border,Spokane Sector,Apprehensions,41
2018-11,2019,Border Patrol,Northern border,Swanton Sector,Apprehensions,68
2018-11,2019,Border Patrol,Southwest border,Big Bend Sector,Apprehensions,448
2018-11,2019,Border Patrol,Southwest border,Del Rio Sector,Apprehensions,2088
2018-11,2019,Border Patrol,Southwest border,El Centro Sector,Apprehensions,3189
2018-11,2019,Border Patrol,Southwest border,El Paso Sector,Apprehensions,8867
2018-11,2019,Border Patrol,Southwest border,Laredo Sector,Apprehensions,2669
2018-11,2019,Border Patrol,Southwest border,Rio Grande Valley Sector,Apprehensions,20713
2018-11,2019,Border Patrol,Southwest border,San Diego Sector,Apprehensions,4577
2018-11,2019,Border Patrol,Southwest border,Tucson Sector,Apprehensions,5062
2018-11,2019,Border Patrol,Southwest border,Yuma Sector,Apprehensions,4244
2018-12,2019,Border Patrol,"Air, sea and other",Miami Sector,Apprehensions,149
2018-12,2019,Border Patrol,"Air, sea and other",New Orleans Sector,Apprehensions,60
2018-12,2019,Border Patrol,"Air, sea and other",Ramey Sector,Apprehensions,36
2018-12,2019,Border Patrol,Northern border,Blaine Sector,Apprehensions,48
2018-12,2019,Border Patrol,Northern border,Buffalo Sector,Apprehensions,19
2018-12,2019,Border Patrol,Northern border,Detroit Sector,Apprehensions,119
2018-12,2019,Border Patrol,Northern border,Grand Forks Sector,Apprehensions,29
2018-12,2019,Border Patrol,Northern border,Havre Sector,Apprehensions,5
2018-12,2019,Border Patrol,Northern border,Houlton Sector,Apprehensions,2
2018-12,2019,Border Patrol,Northern border,Spokane Sector,Apprehensions,23
2018-12,2019,Border Patrol,Northern border,Swanton Sector,Apprehensions,79
2018-12,2019,Border Patrol,Southwest border,Big Bend Sector,Apprehensions,621
2018-12,2019,Border Patrol,Southwest border,Del Rio Sector,Apprehensions,2024
2018-12,2019,Border Patrol,Southwest border,El Centro Sector,Apprehensions,2718
2018-12,2019,Border Patrol,Southwest border,El Paso Sector,Apprehensions,9450
2018-12,2019,Border Patrol,Southwest border,Laredo Sector,Apprehensions,2059
2018-12,2019,Border Patrol,Southwest border,Rio Grande Valley Sector,Apprehensions,18372
2018-12,2019,Border Patrol,Southwest border,San Diego Sector,Apprehensions,5816
2018-12,2019,Border Patrol,Southwest border,Tucson Sector,Apprehensions,4912
2018-12,2019,Border Patrol,Southwest border,Yuma Sector,Apprehensions,4779
2019-01,2019,Border Patrol,"Air, sea and other",Miami Sector,Apprehensions,172
2019-01,2019,Border Patrol,"Air, sea and other",New Orleans Sector,Apprehensions,100
2019-01,2019,Border Patrol,"Air, sea and other",Ramey Sector,Apprehensions,32
2019-01,2019,Border Patrol,Northern border,Blaine Sector,Apprehensions,41
2019-01,2019,Border Patrol,Northern border,Buffalo Sector,Apprehensions,26
2019-01,2019,Border Patrol,Northern border,Detroit Sector,Apprehensions,107
2019-01,2019,Border Patrol,Northern border,Grand Forks Sector,Apprehensions,20
2019-01,2019,Border Patrol,Northern border,Havre Sector,Apprehensions,8
2019-01,2019,Border Patrol,Northern border,Houlton Sector,Apprehensions,0
2019-01,2019,Border Patrol,Northern border,Spokane Sector,Apprehensions,57
2019-01,2019,Border Patrol,Northern border,Swanton Sector,Apprehensions,40
2019-01,2019,Border Patrol,Southwest border,Big Bend Sector,Apprehensions,588
2019-01,2019,Border Patrol,Southwest border,Del Rio Sector,Apprehensions,2524
2019-01,2019,Border Patrol,Southwest border,El Centro Sector,Apprehensions,2461
2019-01,2019,Border Patrol,Southwest border,El Paso Sector,Apprehensions,9137
2019-01,2019,Border Patrol,Southwest border,Laredo Sector,Apprehensions,2632
2019-01,2019,Border Patrol,Southwest border,Rio Grande Valley Sector,Apprehensions,17713
2019-01,2019,Border Patrol,Southwest border,San Diego Sector,Apprehensions,4122
2019-01,2019,Border Patrol,Southwest border,Tucson Sector,Apprehensions,4096
2019-01,2019,Border Patrol,Southwest border,Yuma Sector,Apprehensions,4706
2019-02,2019,Border Patrol,"Air, sea and other",Miami Sector,Apprehensions,111
2019-02,2019,Border Patrol,"Air, sea and other",New Orleans Sector,Apprehensions,101
2019-02,2019,Border Patrol,"Air, sea and other",Ramey Sector,Apprehensions,20
2019-02,2019,Border Patrol,Northern border,Blaine Sector,Apprehensions,41
2019-02,2019,Border Patrol,Northern border,Buffalo Sector,Apprehensions,27
2019-02,2019,Border Patrol,Northern border,Detroit Sector,Apprehensions,115
2019-02,2019,Border Patrol,Northern border,Grand Forks Sector,Apprehensions,24
2019-02,2019,Border Patrol,Northern border,Havre Sector,Apprehensions,0
2019-02,2019,Border Patrol,Northern border,Houlton Sector,Apprehensions,0
2019-02,2019,Border Patrol,Northern border,Spokane Sector,Apprehensions,42
2019-02,2019,Border Patrol,Northern border,Swanton Sector,Apprehensions,58
2019-02,2019,Border Patrol,Southwest border,Big Bend Sector,Apprehensions,845
2019-02,2019,Border Patrol,Southwest border,Del Rio Sector,Apprehensions,4013
2019-02,2019,Border Patrol,Southwest border,El Centro Sector,Apprehensions,3319
2019-02,2019,Border Patrol,Southwest border,El Paso Sector,Apprehensions,14171
2019-02,2019,Border Patrol,Southwest border,Laredo Sector,Apprehensions,3123
2019-02,2019,Border Patrol,Southwest border,Rio Grande Valley Sector,Apprehensions,25366
2019-02,2019,Border Patrol,Southwest border,San Diego Sector,Apprehensions,5448
2019-02,2019,Border Patrol,Southwest border,Tucson Sector,Apprehensions,4911
2019-02,2019,Border Patrol,Southwest border,Yuma Sector,Apprehensions,5687
2019-03,2019,Border Patrol,"Air, sea and other",Miami Sector,Apprehensions,184
2019-03,2019,Border Patrol,"Air, sea and other",New Orleans Sector,Apprehensions,94
2019-03,2019,Border Patrol,"Air, sea and other",Ramey Sector,Apprehensions,61
2019-03,2019,Border Patrol,Northern border,Blaine Sector,Apprehensions,54
2019-03,2019,Border Patrol,Northern border,Buffalo Sector,Apprehensions,43
2019-03,2019,Border Patrol,Northern border,Detroit Sector,Apprehensions,118
2019-03,2019,Border Patrol,Northern border,Grand Forks Sector,Apprehensions,36
2019-03,2019,Border Patrol,Northern border,Havre Sector,Apprehensions,5
2019-03,2019,Border Patrol,Northern border,Houlton Sector,Apprehensions,4
2019-03,2019,Border Patrol,Northern border,Spokane Sector,Apprehensions,52
2019-03,2019,Border Patrol,Northern border,Swanton Sector,Apprehensions,109
2019-03,2019,Border Patrol,Southwest border,Big Bend Sector,Apprehensions,942
2019-03,2019,Border Patrol,Southwest border,Del Rio Sector,Apprehensions,5563
2019-03,2019,Border Patrol,Southwest border,El Centro Sector,Apprehensions,3561
2019-03,2019,Border Patrol,Southwest border,El Paso Sector,Apprehensions,22224
2019-03,2019,Border Patrol,Southwest border,Laredo Sector,Apprehensions,4192
2019-03,2019,Border Patrol,Southwest border,Rio Grande Valley Sector,Apprehensions,33763
2019-03,2019,Border Patrol,Southwest border,San Diego Sector,Apprehensions,6881
2019-03,2019,Border Patrol,Southwest border,Tucson Sector,Apprehensions,7257
2019-03,2019,Border Patrol,Southwest border,Yuma Sector,Apprehensions,8450
2019-04,2019,Border Patrol,"Air, sea and other",Miami Sector,Apprehensions,191
2019-04,2019,Border Patrol,"Air, sea and other",New Orleans Sector,Apprehensions,132
2019-04,2019,Border Patrol,"Air, sea and other",Ramey Sector,Apprehensions,15
2019-04,2019,Border Patrol,Northern border,Blaine Sector,Apprehensions,35
2019-04,2019,Border Patrol,Northern border,Buffalo Sector,Apprehensions,33
2019-04,2019,Border Patrol,Northern border,Detroit Sector,Apprehensions,102
2019-04,2019,Border Patrol,Northern border,Grand Forks Sector,Apprehensions,48
2019-04,2019,Border Patrol,Northern border,Havre Sector,Apprehensions,7
2019-04,2019,Border Patrol,Northern border,Houlton Sector,Apprehensions,1
2019-04,2019,Border Patrol,Northern border,Spokane Sector,Apprehensions,37
2019-04,2019,Border Patrol,Northern border,Swanton Sector,Apprehensions,73
2019-04,2019,Border Patrol,Southwest border,Big Bend Sector,Apprehensions,941
2019-04,2019,Border Patrol,Southwest border,Del Rio Sector,Apprehensions,5848
2019-04,2019,Border Patrol,Southwest border,El Centro Sector,Apprehensions,3386
2019-04,2019,Border Patrol,Southwest border,El Paso Sector,Apprehensions,27073
2019-04,2019,Border Patrol,Southwest border,Laredo Sector,Apprehensions,3975
2019-04,2019,Border Patrol,Southwest border,Rio Grande Valley Sector,Apprehensions,36727
2019-04,2019,Border Patrol,Southwest border,San Diego Sector,Apprehensions,6197
2019-04,2019,Border Patrol,Southwest border,Tucson Sector,Apprehensions,5921
2019-04,2019,Border Patrol,Southwest border,Yuma Sector,Apprehensions,9205
2019-05,2019,Border Patrol,"Air, sea and other",Miami Sector,Apprehensions,163
2019-05,2019,Border Patrol,"Air, sea and other",New Orleans Sector,Apprehensions,105
2019-05,2019,Border Patrol,"Air, sea and other",Ramey Sector,Apprehensions,64
2019-05,2019,Border Patrol,Northern border,Blaine Sector,Apprehensions,27
2019-05,2019,Border Patrol,Northern border,Buffalo Sector,Apprehensions,18
2019-05,2019,Border Patrol,Northern border,Detroit Sector,Apprehensions,114
2019-05,2019,Border Patrol,Northern border,Grand Forks Sector,Apprehensions,41
2019-05,2019,Border Patrol,Northern border,Havre Sector,Apprehensions,3
2019-05,2019,Border Patrol,Northern border,Houlton Sector,Apprehensions,0
2019-05,2019,Border Patrol,Northern border,Spokane Sector,Apprehensions,46
2019-05,2019,Border Patrol,Northern border,Swanton Sector,Apprehensions,104
2019-05,2019,Border Patrol,Southwest border,Big Bend Sector,Apprehensions,1557
2019-05,2019,Border Patrol,Southwest border,Del Rio Sector,Apprehensions,8563
2019-05,2019,Border Patrol,Southwest border,El Centro Sector,Apprehensions,3482
2019-05,2019,Border Patrol,Southwest border,El Paso Sector,Apprehensions,38637
2019-05,2019,Border Patrol,Southwest border,Laredo Sector,Apprehensions,4115
2019-05,2019,Border Patrol,Southwest border,Rio Grande Valley Sector,Apprehensions,49821
2019-05,2019,Border Patrol,Southwest border,San Diego Sector,Apprehensions,5882
2019-05,2019,Border Patrol,Southwest border,Tucson Sector,Apprehensions,6875
2019-05,2019,Border Patrol,Southwest border,Yuma Sector,Apprehensions,13924
2019-06,2019,Border Patrol,"Air, sea and other",Miami Sector,Apprehensions,140
2019-06,2019,Border Patrol,"Air, sea and other",New Orleans Sector,Apprehensions,100
2019-06,2019,Border Patrol,"Air, sea and other",Ramey Sector,Apprehensions,78
2019-06,2019,Border Patrol,Northern border,Blaine Sector,Apprehensions,53
2019-06,2019,Border Patrol,Northern border,Buffalo Sector,Apprehensions,55
2019-06,2019,Border Patrol,Northern border,Detroit Sector,Apprehensions,95
2019-06,2019,Border Patrol,Northern border,Grand Forks Sector,Apprehensions,43
2019-06,2019,Border Patrol,Northern border,Havre Sector,Apprehensions,8
2019-06,2019,Border Patrol,Northern border,Houlton Sector,Apprehensions,4
2019-06,2019,Border Patrol,Northern border,Spokane Sector,Apprehensions,11
2019-06,2019,Border Patrol,Northern border,Swanton Sector,Apprehensions,87
2019-06,2019,Border Patrol,Southwest border,Big Bend Sector,Apprehensions,628
2019-06,2019,Border Patrol,Southwest border,Del Rio Sector,Apprehensions,8085
2019-06,2019,Border Patrol,Southwest border,El Centro Sector,Apprehensions,2885
2019-06,2019,Border Patrol,Southwest border,El Paso Sector,Apprehensions,18882
2019-06,2019,Border Patrol,Southwest border,Laredo Sector,Apprehensions,3819
2019-06,2019,Border Patrol,Southwest border,Rio Grande Valley Sector,Apprehensions,43207
2019-06,2019,Border Patrol,Southwest border,San Diego Sector,Apprehensions,4684
2019-06,2019,Border Patrol,Southwest border,Tucson Sector,Apprehensions,5517
2019-06,2019,Border Patrol,Southwest border,Yuma Sector,Apprehensions,7195
2019-07,2019,Border Patrol,"Air, sea and other",Miami Sector,Apprehensions,165
2019-07,2019,Border Patrol,"Air, sea and other",New Orleans Sector,Apprehensions,87
2019-07,2019,Border Patrol,"Air, sea and other",Ramey Sector,Apprehensions,27
2019-07,2019,Border Patrol,Northern border,Blaine Sector,Apprehensions,49
2019-07,2019,Border Patrol,Northern border,Buffalo Sector,Apprehensions,93
2019-07,2019,Border Patrol,Northern border,Detroit Sector,Apprehensions,79
2019-07,2019,Border Patrol,Northern border,Grand Forks Sector,Apprehensions,31
2019-07,2019,Border Patrol,Northern border,Havre Sector,Apprehensions,14
2019-07,2019,Border Patrol,Northern border,Houlton Sector,Apprehensions,19
2019-07,2019,Border Patrol,Northern border,Spokane Sector,Apprehensions,19
2019-07,2019,Border Patrol,Northern border,Swanton Sector,Apprehensions,91
2019-07,2019,Border Patrol,Southwest border,Big Bend Sector,Apprehensions,799
2019-07,2019,Border Patrol,Southwest border,Del Rio Sector,Apprehensions,6686
2019-07,2019,Border Patrol,Southwest border,El Centro Sector,Apprehensions,2214
2019-07,2019,Border Patrol,Southwest border,El Paso Sector,Apprehensions,11594
2019-07,2019,Border Patrol,Southwest border,Laredo Sector,Apprehensions,2686
2019-07,2019,Border Patrol,Southwest border,Rio Grande Valley Sector,Apprehensions,36854
2019-07,2019,Border Patrol,Southwest border,San Diego Sector,Apprehensions,3458
2019-07,2019,Border Patrol,Southwest border,Tucson Sector,Apprehensions,4129
2019-07,2019,Border Patrol,Southwest border,Yuma Sector,Apprehensions,3558
2019-08,2019,Border Patrol,"Air, sea and other",Miami Sector,Apprehensions,179
2019-08,2019,Border Patrol,"Air, sea and other",New Orleans Sector,Apprehensions,105
2019-08,2019,Border Patrol,"Air, sea and other",Ramey Sector,Apprehensions,106
2019-08,2019,Border Patrol,Northern border,Blaine Sector,Apprehensions,38
2019-08,2019,Border Patrol,Northern border,Buffalo Sector,Apprehensions,123
2019-08,2019,Border Patrol,Northern border,Detroit Sector,Apprehensions,80
2019-08,2019,Border Patrol,Northern border,Grand Forks Sector,Apprehensions,41
2019-08,2019,Border Patrol,Northern border,Havre Sector,Apprehensions,5
2019-08,2019,Border Patrol,Northern border,Houlton Sector,Apprehensions,8
2019-08,2019,Border Patrol,Northern border,Spokane Sector,Apprehensions,30
2019-08,2019,Border Patrol,Northern border,Swanton Sector,Apprehensions,80
2019-08,2019,Border Patrol,Southwest border,Big Bend Sector,Apprehensions,922
2019-08,2019,Border Patrol,Southwest border,Del Rio Sector,Apprehensions,5297
2019-08,2019,Border Patrol,Southwest border,El Centro Sector,Apprehensions,2327
2019-08,2019,Border Patrol,Southwest border,El Paso Sector,Apprehensions,8078
2019-08,2019,Border Patrol,Southwest border,Laredo Sector,Apprehensions,2421
2019-08,2019,Border Patrol,Southwest border,Rio Grande Valley Sector,Apprehensions,22355
2019-08,2019,Border Patrol,Southwest border,San Diego Sector,Apprehensions,3321
2019-08,2019,Border Patrol,Southwest border,Tucson Sector,Apprehensions,4080
2019-08,2019,Border Patrol,Southwest border,Yuma Sector,Apprehensions,1883
2019-09,2019,Border Patrol,"Air, sea and other",Miami Sector,Apprehensions,100
2019-09,2019,Border Patrol,"Air, sea and other",New Orleans Sector,Apprehensions,92
2019-09,2019,Border Patrol,"Air, sea and other",Ramey Sector,Apprehensions,76
2019-09,2019,Border Patrol,Northern border,Blaine Sector,Apprehensions,50
2019-09,2019,Border Patrol,Northern border,Buffalo Sector,Apprehensions,31
2019-09,2019,Border Patrol,Northern border,Detroit Sector,Apprehensions,98
2019-09,2019,Border Patrol,Northern border,Grand Forks Sector,Apprehensions,47
2019-09,2019,Border Patrol,Northern border,Havre Sector,Apprehensions,8
2019-09,2019,Border Patrol,Northern border,Houlton Sector,Apprehensions,9
2019-09,2019,Border Patrol,Northern border,Spokane Sector,Apprehensions,32
2019-09,2019,Border Patrol,Northern border,Swanton Sector,Apprehensions,119
2019-09,2019,Border Patrol,Southwest border,Big Bend Sector,Apprehensions,791
2019-09,2019,Border Patrol,Southwest border,Del Rio Sector,Apprehensions,4576
2019-09,2019,Border Patrol,Southwest border,El Centro Sector,Apprehensions,2354
2019-09,2019,Border Patrol,Southwest border,El Paso Sector,Apprehensions,6696
2019-09,2019,Border Patrol,Southwest border,Laredo Sector,Apprehensions,3239
2019-09,2019,Border Patrol,Southwest border,Rio Grande Valley Sector,Apprehensions,13489
2019-09,2019,Border Patrol,Southwest border,San Diego Sector,Apprehensions,3436
2019-09,2019,Border Patrol,Southwest border,Tucson Sector,Apprehensions,4902
2019-09,2019,Border Patrol,Southwest border,Yuma Sector,Apprehensions,1024
2019-10,2020,Border Patrol,"Air, sea and other",Miami Sector,Apprehensions,169
2019-10,2020,Border Patrol,"Air, sea and other",New Orleans Sector,Apprehensions,98
2019-10,2020,Border Patrol,"Air, sea and other",Ramey Sector,Apprehensions,26
2019-10,2020,Border Patrol,Northern border,Blaine Sector,Apprehensions,32
2019-10,2020,Border Patrol,Northern border,Buffalo Sector,Apprehensions,25
2019-10,2020,Border Patrol,Northern border,Detroit Sector,Apprehensions,95
2019-10,2020,Border Patrol,Northern border,Grand Forks Sector,Apprehensions,52
2019-10,2020,Border Patrol,Northern border,Havre Sector,Apprehensions,3
2019-10,2020,Border Patrol,Northern border,Houlton Sector,Apprehensions,6
2019-10,2020,Border Patrol,Northern border,Spokane Sector,Apprehensions,43
2019-10,2020,Border Patrol,Northern border,Swanton Sector,Apprehensions,89
2019-10,2020,Border Patrol,Southwest border,Big Bend Sector,Apprehensions,653
2019-10,2020,Border Patrol,Southwest border,Del Rio Sector,Apprehensions,3198
2019-10,2020,Border Patrol,Southwest border,El Centro Sector,Apprehensions,1998
2019-10,2020,Border Patrol,Southwest border,El Paso Sector,Apprehensions,5234
2019-10,2020,Border Patrol,Southwest border,Laredo Sector,Apprehensions,3811
2019-10,2020,Border Patrol,Southwest border,Rio Grande Valley Sector,Apprehensions,9740
2019-10,2020,Border Patrol,Southwest border,San Diego Sector,Apprehensions,3640
2019-10,2020,Border Patrol,Southwest border,Tucson Sector,Apprehensions,6335
2019-10,2020,Border Patrol,Southwest border,Yuma Sector,Apprehensions,793
2019-10,2020,Field Operations,"Air, sea and other",Atlanta Field Office,Inadmissibles,1022
2019-10,2020,Field Operations,"Air, sea and other",Baltimore Field Office,Inadmissibles,443
2019-10,2020,Field Operations,"Air, sea and other",Boston Field Office,Inadmissibles,183
2019-10,2020,Field Operations,"Air, sea and other",Buffalo Field Office,Inadmissibles,11
2019-10,2020,Field Operations,"Air, sea and other",Chicago Field Office,Inadmissibles,349
2019-10,2020,Field Operations,"Air, sea and other",Detroit Field Office,Inadmissibles,91
2019-10,2020,Field Operations,"Air, sea and other",Houston Field Office,Inadmissibles,2533
2019-10,2020,Field Operations,"Air, sea and other",Laredo Field Office,Inadmissibles,307
2019-10,2020,Field Operations,"Air, sea and other",Los Angeles Field Office,Inadmissibles,953
2019-10,2020,Field Operations,"Air, sea and other",Miami Field Office,Inadmissibles,1172
2019-10,2020,Field Operations,"Air, sea and other",New Orleans Field Office,Inadmissibles,948
2019-10,2020,Field Operations,"Air, sea and other",New York Field Office,Inadmissibles,721
2019-10,2020,Field Operations,"Air, sea and other",Portland Field Office,Inadmissibles,145
2019-10,2020,Field Operations,"Air, sea and other",Preclearance Field Office,Inadmissibles,879
2019-10,2020,Field Operations,"Air, sea and other",San Diego Field Office,Inadmissibles,65
2019-10,2020,Field Operations,"Air, sea and other",San Francisco Field Office,Inadmissibles,836
2019-10,2020,Field Operations,"Air, sea and other",San Juan Field Office,Inadmissibles,556
2019-10,2020,Field Operations,"Air, sea and other",Seattle Field Office,Inadmissibles,345
2019-10,2020,Field Operations,"Air, sea and other",Tampa Field Office,Inadmissibles,327
2019-10,2020,Field Operations,"Air, sea and other",Tucson Field Office,Inadmissibles,7
2019-10,2020,Field Operations,Northern border,Boston Field Office,Inadmissibles,1212
2019-10,2020,Field Operations,Northern border,Buffalo Field Office,Inadmissibles,1077
2019-10,2020,Field Operations,Northern border,Detroit Field Office,Inadmissibles,550
2019-10,2020,Field Operations,Northern border,Portland Field Office,Inadmissibles,1
2019-10,2020,Field Operations,Northern border,Seattle Field Office,Inadmissibles,649
2019-10,2020,Field Operations,Southwest border,El Paso Field Office,Inadmissibles,1851
2019-10,2020,Field Operations,Southwest border,Laredo Field Office,Inadmissibles,3784
2019-10,2020,Field Operations,Southwest border,San Diego Field Office,Inadmissibles,2679
2019-10,2020,Field Operations,Southwest border,Tucson Field Office,Inadmissibles,1423
2019-11,2020,Border Patrol,"Air, sea and other",Miami Sector,Apprehensions,138
2019-11,2020,Border Patrol,"Air, sea and other",New Orleans Sector,Apprehensions,128
2019-11,2020,Border Patrol,"Air, sea and other",Ramey Sector,Apprehensions,32
2019-11,2020,Border Patrol,Northern border,Blaine Sector,Apprehensions,24
2019-11,2020,Border Patrol,Northern border,Buffalo Sector,Apprehensions,11
2019-11,2020,Border Patrol,Northern border,Detroit Sector,Apprehensions,94
2019-11,2020,Border Patrol,Northern border,Grand Forks Sector,Apprehensions,32
2019-11,2020,Border Patrol,Northern border,Havre Sector,Apprehensions,20
2019-11,2020,Border Patrol,Northern border,Houlton Sector,Apprehensions,17
2019-11,2020,Border Patrol,Northern border,Spokane Sector,Apprehensions,40
2019-11,2020,Border Patrol,Northern border,Swanton Sector,Apprehensions,51
2019-11,2020,Border Patrol,Southwest border,Big Bend Sector,Apprehensions,526
2019-11,2020,Border Patrol,Southwest border,Del Rio Sector,Apprehensions,3119
2019-11,2020,Border Patrol,Southwest border,El Centro Sector,Apprehensions,1911
2019-11,2020,Border Patrol,Southwest border,El Paso Sector,Apprehensions,5086
2019-11,2020,Border Patrol,Southwest border,Laredo Sector,Apprehensions,3354
2019-11,2020,Border Patrol,Southwest border,Rio Grande Valley Sector,Apprehensions,8557
2019-11,2020,Border Patrol,Southwest border,San Diego Sector,Apprehensions,3679
2019-11,2020,Border Patrol,Southwest border,Tucson Sector,Apprehensions,6514
2019-11,2020,Border Patrol,Southwest border,Yuma Sector,Apprehensions,778
2019-11,2020,Field Operations,"Air, sea and other",Atlanta Field Office,Inadmissibles,762
2019-11,2020,Field Operations,"Air, sea and other",Baltimore Field Office,Inadmissibles,550
2019-11,2020,Field Operations,"Air, sea and other",Boston Field Office,Inadmissibles,146
2019-11,2020,Field Operations,"Air, sea and other",Buffalo Field Office,Inadmissibles,1
2019-11,2020,Field Operations,"Air, sea and other",Chicago Field Office,Inadmissibles,294
2019-11,2020,Field Operations,"Air, sea and other",Detroit Field Office,Inadmissibles,82
2019-11,2020,Field Operations,"Air, sea and other",El Paso Field Office,Inadmissibles,1
2019-11,2020,Field Operations,"Air, sea and other",Houston Field Office,Inadmissibles,2246
2019-11,2020,Field Operations,"Air, sea and other",Laredo Field Office,Inadmissibles,178
2019-11,2020,Field Operations,"Air, sea and other",Los Angeles Field Office,Inadmissibles,807
2019-11,2020,Field Operations,"Air, sea and other",Miami Field Office,Inadmissibles,996
2019-11,2020,Field Operations,"Air, sea and other",New Orleans Field Office,Inadmissibles,1038
2019-11,2020,Field Operations,"Air, sea and other",New York Field Office,Inadmissibles,804
2019-11,2020,Field Operations,"Air, sea and other",Portland Field Office,Inadmissibles,148
2019-11,2020,Field Operations,"Air, sea and other",Preclearance Field Office,Inadmissibles,1001
2019-11,2020,Field Operations,"Air, sea and other",San Diego Field Office,Inadmissibles,61
2019-11,2020,Field Operations,"Air, sea and other",San Francisco Field Office,Inadmissibles,929
2019-11,2020,Field Operations,"Air, sea and other",San Juan Field Office,Inadmissibles,618
2019-11,2020,Field Operations,"Air, sea and other",Seattle Field Office,Inadmissibles,264
2019-11,2020,Field Operations,"Air, sea and other",Tampa Field Office,Inadmissibles,319
2019-11,2020,Field Operations,"Air, sea and other",Tucson Field Office,Inadmissibles,6
2019-11,2020,Field Operations,Northern border,Boston Field Office,Inadmissibles,855
2019-11,2020,Field Operations,Northern border,Buffalo Field Office,Inadmissibles,1064
2019-11,2020,Field Operations,Northern border,Detroit Field Office,Inadmissibles,441
2019-11,2020,Field Operations,Northern border,Seattle Field Office,Inadmissibles,683
2019-11,2020,Field Operations,Southwest border,El Paso Field Office,Inadmissibles,1729
2019-11,2020,Field Operations,Southwest border,Laredo Field Office,Inadmissibles,3407
2019-11,2020,Field Operations,Southwest border,San Diego Field Office,Inadmissibles,2592
2019-11,2020,Field Operations,Southwest border,Tucson Field Office,Inadmissibles,1391
2019-12,2020,Border Patrol,"Air, sea and other",Miami Sector,Apprehensions,138
2019-12,2020,Border Patrol,"Air, sea and other",New Orleans Sector,Apprehensions,99
2019-12,2020,Border Patrol,"Air, sea and other",Ramey Sector,Apprehensions,48
2019-12,2020,Border Patrol,Northern border,Blaine Sector,Apprehensions,36
2019-12,2020,Border Patrol,Northern border,Buffalo Sector,Apprehensions,11
2019-12,2020,Border Patrol,Northern border,Detroit Sector,Apprehensions,40
2019-12,2020,Border Patrol,Northern border,Grand Forks Sector,Apprehensions,35
2019-12,2020,Border Patrol,Northern border,Havre Sector,Apprehensions,1
2019-12,2020,Border Patrol,Northern border,Houlton Sector,Apprehensions,12
2019-12,2020,Border Patrol,Northern border,Spokane Sector,Apprehensions,23
2019-12,2020,Border Patrol,Northern border,Swanton Sector,Apprehensions,75
2019-12,2020,Border Patrol,Southwest border,Big Bend Sector,Apprehensions,543
2019-12,2020,Border Patrol,Southwest border,Del Rio Sector,Apprehensions,3003
2019-12,2020,Border Patrol,Southwest border,El Centro Sector,Apprehensions,1755
2019-12,2020,Border Patrol,Southwest border,El Paso Sector,Apprehensions,5099
2019-12,2020,Border Patrol,Southwest border,Laredo Sector,Apprehensions,3125
2019-12,2020,Border Patrol,Southwest border,Rio Grande Valley Sector,Apprehensions,7825
2019-12,2020,Border Patrol,Southwest border,San Diego Sector,Apprehensions,4097
2019-12,2020,Border Patrol,Southwest border,Tucson Sector,Apprehensions,6647
2019-12,2020,Border Patrol,Southwest border,Yuma Sector,Apprehensions,759
2019-12,2020,Field Operations,"Air, sea and other",Atlanta Field Office,Inadmissibles,564
2019-12,2020,Field Operations,"Air, sea and other",Baltimore Field Office,Inadmissibles,658
2019-12,2020,Field Operations,"Air, sea and other",Boston Field Office,Inadmissibles,253
2019-12,2020,Field Operations,"Air, sea and other",Buffalo Field Office,Inadmissibles,1
2019-12,2020,Field Operations,"Air, sea and other",Chicago Field Office,Inadmissibles,329
2019-12,2020,Field Operations,"Air, sea and other",Detroit Field Office,Inadmissibles,91
2019-12,2020,Field Operations,"Air, sea and other",Houston Field Office,Inadmissibles,2339
2019-12,2020,Field Operations,"Air, sea and other",Laredo Field Office,Inadmissibles,253
2019-12,2020,Field Operations,"Air, sea and other",Los Angeles Field Office,Inadmissibles,974
2019-12,2020,Field Operations,"Air, sea and other",Miami Field Office,Inadmissibles,941
2019-12,2020,Field Operations,"Air, sea and other",New Orleans Field Office,Inadmissibles,808
2019-12,2020,Field Operations,"Air, sea and other",New York Field Office,Inadmissibles,880
2019-12,2020,Field Operations,"Air, sea and other",Portland Field Office,Inadmissibles,177
2019-12,2020,Field Operations,"Air, sea and other",Preclearance Field Office,Inadmissibles,1113
2019-12,2020,Field Operations,"Air, sea and other",San Diego Field Office,Inadmissibles,139
2019-12,2020,Field Operations,"Air, sea and other",San Francisco Field Office,Inadmissibles,767
2019-12,2020,Field Operations,"Air, sea and other",San Juan Field Office,Inadmissibles,539
2019-12,2020,Field Operations,"Air, sea and other",Seattle Field Office,Inadmissibles,265
2019-12,2020,Field Operations,"Air, sea and other",Tampa Field Office,Inadmissibles,288
2019-12,2020,Field Operations,"Air, sea and other",Tucson Field Office,Inadmissibles,6
2019-12,2020,Field Operations,Northern border,Boston Field Office,Inadmissibles,1305
2019-12,2020,Field Operations,Northern border,Buffalo Field Office,Inadmissibles,1162
2019-12,2020,Field Operations,Northern border,Detroit Field Office,Inadmissibles,501
2019-12,2020,Field Operations,Northern border,Seattle Field Office,Inadmissibles,750
2019-12,2020,Field Operations,Southwest border,El Paso Field Office,Inadmissibles,1342
2019-12,2020,Field Operations,Southwest border,Laredo Field Office,Inadmissibles,2906
2019-12,2020,Field Operations,Southwest border,San Diego Field Office,Inadmissibles,2459
2019-12,2020,Field Operations,Southwest border,Tucson Field Office,Inadmissibles,1005
2020-01,2020,Border Patrol,"Air, sea and other",Miami Sector,Apprehensions,182
2020-01,2020,Border Patrol,"Air, sea and other",New Orleans Sector,Apprehensions,86
2020-01,2020,Border Patrol,"Air, sea and other",Ramey Sector,Apprehensions,30
2020-01,2020,Border Patrol,Northern border,Blaine Sector,Apprehensions,25
2020-01,2020,Border Patrol,Northern border,Buffalo Sector,Apprehensions,47
2020-01,2020,Border Patrol,Northern border,Detroit Sector,Apprehensions,94
2020-01,2020,Border Patrol,Northern border,Grand Forks Sector,Apprehensions,24
2020-01,2020,Border Patrol,Northern border,Havre Sector,Apprehensions,1
2020-01,2020,Border Patrol,Northern border,Houlton Sector,Apprehensions,22
2020-01,2020,Border Patrol,Northern border,Spokane Sector,Apprehensions,25
2020-01,2020,Border Patrol,Northern border,Swanton Sector,Apprehensions,62
2020-01,2020,Border Patrol,Southwest border,Big Bend Sector,Apprehensions,604
2020-01,2020,Border Patrol,Southwest border,Del Rio Sector,Apprehensions,2348
2020-01,2020,Border Patrol,Southwest border,El Centro Sector,Apprehensions,1699
2020-01,2020,Border Patrol,Southwest border,El Paso Sector,Apprehensions,4394
2020-01,2020,Border Patrol,Southwest border,Laredo Sector,Apprehensions,3618
2020-01,2020,Border Patrol,Southwest border,Rio Grande Valley Sector,Apprehensions,6479
2020-01,2020,Border Patrol,Southwest border,San Diego Sector,Apprehensions,4209
2020-01,2020,Border Patrol,Southwest border,Tucson Sector,Apprehensions,5158
2020-01,2020,Border Patrol,Southwest border,Yuma Sector,Apprehensions,696
2020-01,2020,Field Operations,"Air, sea and other",Atlanta Field Office,Inadmissibles,527
2020-01,2020,Field Operations,"Air, sea and other",Baltimore Field Office,Inadmissibles,698
2020-01,2020,Field Operations,"Air, sea and other",Boston Field Office,Inadmissibles,159
2020-01,2020,Field Operations,"Air, sea and other",Buffalo Field Office,Inadmissibles,32
2020-01,2020,Field Operations,"Air, sea and other",Chicago Field Office,Inadmissibles,307
2020-01,2020,Field Operations,"Air, sea and other",Detroit Field Office,Inadmissibles,82
2020-01,2020,Field Operations,"Air, sea and other",Houston Field Office,Inadmissibles,2637
2020-01,2020,Field Operations,"Air, sea and other",Laredo Field Office,Inadmissibles,218
2020-01,2020,Field Operations,"Air, sea and other",Los Angeles Field Office,Inadmissibles,1001
2020-01,2020,Field Operations,"Air, sea and other",Miami Field Office,Inadmissibles,1105
2020-01,2020,Field Operations,"Air, sea and other",New Orleans Field Office,Inadmissibles,827
2020-01,2020,Field Operations,"Air, sea and other",New York Field Office,Inadmissibles,789
2020-01,2020,Field Operations,"Air, sea and other",Portland Field Office,Inadmissibles,129
2020-01,2020,Field Operations,"Air, sea and other",Preclearance Field Office,Inadmissibles,1256
2020-01,2020,Field Operations,"Air, sea and other",San Diego Field Office,Inadmissibles,37
2020-01,2020,Field Operations,"Air, sea and other",San Francisco Field Office,Inadmissibles,884
2020-01,2020,Field Operations,"Air, sea and other",San Juan Field Office,Inadmissibles,522
2020-01,2020,Field Operations,"Air, sea and other",Seattle Field Office,Inadmissibles,298
2020-01,2020,Field Operations,"Air, sea and other",Tampa Field Office,Inadmissibles,261
2020-01,2020,Field Operations,"Air, sea and other",Tucson Field Office,Inadmissibles,9
2020-01,2020,Field Operations,Northern border,Boston Field Office,Inadmissibles,791
2020-01,2020,Field Operations,Northern border,Buffalo Field Office,Inadmissibles,1311
2020-01,2020,Field Operations,Northern border,Detroit Field Office,Inadmissibles,469
2020-01,2020,Field Operations,Northern border,Seattle Field Office,Inadmissibles,722
2020-01,2020,Field Operations,Southwest border,El Paso Field Office,Inadmissibles,1272
2020-01,2020,Field Operations,Southwest border,Laredo Field Office,Inadmissibles,2716
2020-01,2020,Field Operations,Southwest border,San Diego Field Office,Inadmissibles,2442
2020-01,2020,Field Operations,Southwest border,Tucson Field Office,Inadmissibles,950
2020-02,2020,Border Patrol,"Air, sea and other",Miami Sector,Apprehensions,168
2020-02,2020,Border Patrol,"Air, sea and other",New Orleans Sector,Apprehensions,99
2020-02,2020,Border Patrol,"Air, sea and other",Ramey Sector,Apprehensions,15
2020-02,2020,Border Patrol,Northern border,Blaine Sector,Apprehensions,27
2020-02,2020,Border Patrol,Northern border,Buffalo Sector,Apprehensions,13
2020-02,2020,Border Patrol,Northern border,Detroit Sector,Apprehensions,88
2020-02,2020,Border Patrol,Northern border,Grand Forks Sector,Apprehensions,37
2020-02,2020,Border Patrol,Northern border,Houlton Sector,Apprehensions,19
2020-02,2020,Border Patrol,Northern border,Spokane Sector,Apprehensions,23
2020-02,2020,Border Patrol,Northern border,Swanton Sector,Apprehensions,49
2020-02,2020,Border Patrol,Southwest border,Big Bend Sector,Apprehensions,562
2020-02,2020,Border Patrol,Southwest border,Del Rio Sector,Apprehensions,2622
2020-02,2020,Border Patrol,Southwest border,El Centro Sector,Apprehensions,2020
2020-02,2020,Border Patrol,Southwest border,El Paso Sector,Apprehensions,3366
2020-02,2020,Border Patrol,Southwest border,Laredo Sector,Apprehensions,3946
2020-02,2020,Border Patrol,Southwest border,Rio Grande Valley Sector,Apprehensions,6703
2020-02,2020,Border Patrol,Southwest border,San Diego Sector,Apprehensions,4672
2020-02,2020,Border Patrol,Southwest border,Tucson Sector,Apprehensions,5184
2020-02,2020,Border Patrol,Southwest border,Yuma Sector,Apprehensions,1002
2020-02,2020,Field Operations,"Air, sea and other",Atlanta Field Office,Inadmissibles,521
2020-02,2020,Field Operations,"Air, sea and other",Baltimore Field Office,Inadmissibles,660
2020-02,2020,Field Operations,"Air, sea and other",Boston Field Office,Inadmissibles,208
2020-02,2020,Field Operations,"Air, sea and other",Buffalo Field Office,Inadmissibles,4
2020-02,2020,Field Operations,"Air, sea and other",Chicago Field Office,Inadmissibles,325
2020-02,2020,Field Operations,"Air, sea and other",Detroit Field Office,Inadmissibles,88
2020-02,2020,Field Operations,"Air, sea and other",Houston Field Office,Inadmissibles,2523
2020-02,2020,Field Operations,"Air, sea and other",Laredo Field Office,Inadmissibles,184
2020-02,2020,Field Operations,"Air, sea and other",Los Angeles Field Office,Inadmissibles,811
2020-02,2020,Field Operations,"Air, sea and other",Miami Field Office,Inadmissibles,1093
2020-02,2020,Field Operations,"Air, sea and other",New Orleans Field Office,Inadmissibles,583
2020-02,2020,Field Operations,"Air, sea and other",New York Field Office,Inadmissibles,837
2020-02,2020,Field Operations,"Air, sea and other",Portland Field Office,Inadmissibles,276
2020-02,2020,Field Operations,"Air, sea and other",Preclearance Field Office,Inadmissibles,1188
2020-02,2020,Field Operations,"Air, sea and other",San Diego Field Office,Inadmissibles,44
2020-02,2020,Field Operations,"Air, sea and other",San Francisco Field Office,Inadmissibles,770
2020-02,2020,Field Operations,"Air, sea and other",San Juan Field Office,Inadmissibles,501
2020-02,2020,Field Operations,"Air, sea and other",Seattle Field Office,Inadmissibles,277
2020-02,2020,Field Operations,"Air, sea and other",Tampa Field Office,Inadmissibles,315
2020-02,2020,Field Operations,"Air, sea and other",Tucson Field Office,Inadmissibles,3
2020-02,2020,Field Operations,Northern border,Boston Field Office,Inadmissibles,1142
2020-02,2020,Field Operations,Northern border,Buffalo Field Office,Inadmissibles,3942
2020-02,2020,Field Operations,Northern border,Detroit Field Office,Inadmissibles,462
2020-02,2020,Field Operations,Northern border,Portland Field Office,Inadmissibles,1
2020-02,2020,Field Operations,Northern border,Seattle Field Office,Inadmissibles,901
2020-02,2020,Field Operations,Southwest border,El Paso Field Office,Inadmissibles,959
2020-02,2020,Field Operations,Southwest border,Laredo Field Office,Inadmissibles,2414
2020-02,2020,Field Operations,Southwest border,San Diego Field Office,Inadmissibles,2191
2020-02,2020,Field Operations,Southwest border,Tucson Field Office,Inadmissibles,1046
2020-03,2020,Border Patrol,"Air, sea and other",Miami Sector,Apprehensions,139
2020-03,2020,Border Patrol,"Air, sea and other",New Orleans Sector,Apprehensions,35
2020-03,2020,Border Patrol,"Air, sea and other",Ramey Sector,Apprehensions,41
2020-03,2020,Border Patrol,Northern border,Blaine Sector,Apprehensions,13
2020-03,2020,Border Patrol,Northern border,Buffalo Sector,Apprehensions,10
2020-03,2020,Border Patrol,Northern border,Detroit Sector,Apprehensions,38
2020-03,2020,Border Patrol,Northern border,Grand Forks Sector,Apprehensions,14
2020-03,2020,Border Patrol,Northern border,Houlton Sector,Apprehensions,6
2020-03,2020,Border Patrol,Northern border,Spokane Sector,Apprehensions,25
2020-03,2020,Border Patrol,Northern border,Swanton Sector,Apprehensions,44
2020-03,2020,Border Patrol,Southwest border,Big Bend Sector,Apprehensions,469
2020-03,2020,Border Patrol,Southwest border,Del Rio Sector,Apprehensions,1903
2020-03,2020,Border Patrol,Southwest border,El Centro Sector,Apprehensions,1450
2020-03,2020,Border Patrol,Southwest border,El Paso Sector,Apprehensions,2690
2020-03,2020,Border Patrol,Southwest border,Laredo Sector,Apprehensions,3243
2020-03,2020,Border Patrol,Southwest border,Rio Grande Valley Sector,Apprehensions,5562
2020-03,2020,Border Patrol,Southwest border,San Diego Sector,Apprehensions,3801
2020-03,2020,Border Patrol,Southwest border,Tucson Sector,Apprehensions,3747
2020-03,2020,Border Patrol,Southwest border,Yuma Sector,Apprehensions,443
2020-03,2020,Field Operations,"Air, sea and other",Atlanta Field Office,Inadmissibles,847
2020-03,2020,Field Operations,"Air, sea and other",Baltimore Field Office,Inadmissibles,367
2020-03,2020,Field Operations,"Air, sea and other",Boston Field Office,Inadmissibles,136
2020-03,2020,Field Operations,"Air, sea and other",Buffalo Field Office,Inadmissibles,4
2020-03,2020,Field Operations,"Air, sea and other",Chicago Field Office,Inadmissibles,237
2020-03,2020,Field Operations,"Air, sea and other",Detroit Field Office,Inadmissibles,62
2020-03,2020,Field Operations,"Air, sea and other",Houston Field Office,Inadmissibles,3661
2020-03,2020,Field Operations,"Air, sea and other",Laredo Field Office,Inadmissibles,436
2020-03,2020,Field Operations,"Air, sea and other",Los Angeles Field Office,Inadmissibles,697
2020-03,2020,Field Operations,"Air, sea and other",Miami Field Office,Inadmissibles,1599
2020-03,2020,Field Operations,"Air, sea and other",New Orleans Field Office,Inadmissibles,742
2020-03,2020,Field Operations,"Air, sea and other",New York Field Office,Inadmissibles,564
2020-03,2020,Field Operations,"Air, sea and other",Portland Field Office,Inadmissibles,200
2020-03,2020,Field Operations,"Air, sea and other",Preclearance Field Office,Inadmissibles,914
2020-03,2020,Field Operations,"Air, sea and other",San Diego Field Office,Inadmissibles,105
2020-03,2020,Field Operations,"Air, sea and other",San Francisco Field Office,Inadmissibles,1840
2020-03,2020,Field Operations,"Air, sea and other",San Juan Field Office,Inadmissibles,573
2020-03,2020,Field Operations,"Air, sea and other",Seattle Field Office,Inadmissibles,218
2020-03,2020,Field Operations,"Air, sea and other",Tampa Field Office,Inadmissibles,244
2020-03,2020,Field Operations,"Air, sea and other",Tucson Field Office,Inadmissibles,1
2020-03,2020,Field Operations,Northern border,Boston Field Office,Inadmissibles,470
2020-03,2020,Field Operations,Northern border,Buffalo Field Office,Inadmissibles,2282
2020-03,2020,Field Operations,Northern border,Detroit Field Office,Inadmissibles,339
2020-03,2020,Field Operations,Northern border,Seattle Field Office,Inadmissibles,486
2020-03,2020,Field Operations,Southwest border,El Paso Field Office,Inadmissibles,625
2020-03,2020,Field Operations,Southwest border,Laredo Field Office,Inadmissibles,1445
2020-03,2020,Field Operations,Southwest border,San Diego Field Office,Inadmissibles,1351
2020-03,2020,Field Operations,Southwest border,Tucson Field Office,Inadmissibles,581
2020-04,2020,Border Patrol,"Air, sea and other",Miami Sector,Apprehensions,15
2020-04,2020,Border Patrol,Northern border,Blaine Sector,Apprehensions,1
2020-04,2020,Border Patrol,Northern border,Buffalo Sector,Apprehensions,3
2020-04,2020,Border Patrol,Northern border,Detroit Sector,Apprehensions,1
2020-04,2020,Border Patrol,Northern border,Houlton Sector,Apprehensions,1
2020-04,2020,Border Patrol,Northern border,Spokane Sector,Apprehensions,2
2020-04,2020,Border Patrol,Northern border,Swanton Sector,Apprehensions,1
2020-04,2020,Border Patrol,Southwest border,Big Bend Sector,Apprehensions,47
2020-04,2020,Border Patrol,Southwest border,Del Rio Sector,Apprehensions,102
2020-04,2020,Border Patrol,Southwest border,El Centro Sector,Apprehensions,164
2020-04,2020,Border Patrol,Southwest border,El Paso Sector,Apprehensions,261
2020-04,2020,Border Patrol,Southwest border,Laredo Sector,Apprehensions,102
2020-04,2020,Border Patrol,Southwest border,Rio Grande Valley Sector,Apprehensions,185
2020-04,2020,Border Patrol,Southwest border,San Diego Sector,Apprehensions,61
2020-04,2020,Border Patrol,Southwest border,Tucson Sector,Apprehensions,219
2020-04,2020,Border Patrol,Southwest border,Yuma Sector,Apprehensions,38
2020-04,2020,Field Operations,"Air, sea and other",Atlanta Field Office,Inadmissibles,1037
2020-04,2020,Field Operations,"Air, sea and other",Baltimore Field Office,Inadmissibles,85
2020-04,2020,Field Operations,"Air, sea and other",Boston Field Office,Inadmissibles,37
2020-04,2020,Field Operations,"Air, sea and other",Buffalo Field Office,Inadmissibles,9
2020-04,2020,Field Operations,"Air, sea and other",Chicago Field Office,Inadmissibles,115
2020-04,2020,Field Operations,"Air, sea and other",Detroit Field Office,Inadmissibles,8
2020-04,2020,Field Operations,"Air, sea and other",Houston Field Office,Inadmissibles,6558
2020-04,2020,Field Operations,"Air, sea and other",Laredo Field Office,Inadmissibles,239
2020-04,2020,Field Operations,"Air, sea and other",Los Angeles Field Office,Inadmissibles,67
2020-04,2020,Field Operations,"Air, sea and other",Miami Field Office,Inadmissibles,712
2020-04,2020,Field Operations,"Air, sea and other",New Orleans Field Office,Inadmissibles,323
2020-04,2020,Field Operations,"Air, sea and other",New York Field Office,Inadmissibles,118
2020-04,2020,Field Operations,"Air, sea and other",Portland Field Office,Inadmissibles,185
2020-04,2020,Field Operations,"Air, sea and other",Preclearance Field Office,Inadmissibles,209
2020-04,2020,Field Operations,"Air, sea and other",San Diego Field Office,Inadmissibles,77
2020-04,2020,Field Operations,"Air, sea and other",San Francisco Field Office,Inadmissibles,1580
2020-04,2020,Field Operations,"Air, sea and other",San Juan Field Office,Inadmissibles,155
2020-04,2020,Field Operations,"Air, sea and other",Seattle Field Office,Inadmissibles,427
2020-04,2020,Field Operations,"Air, sea and other",Tampa Field Office,Inadmissibles,187
2020-04,2020,Field Operations,Northern border,Boston Field Office,Inadmissibles,251
2020-04,2020,Field Operations,Northern border,Buffalo Field Office,Inadmissibles,103
2020-04,2020,Field Operations,Northern border,Detroit Field Office,Inadmissibles,54
2020-04,2020,Field Operations,Northern border,Seattle Field Office,Inadmissibles,55
2020-04,2020,Field Operations,Southwest border,El Paso Field Office,Inadmissibles,54
2020-04,2020,Field Operations,Southwest border,Laredo Field Office,Inadmissibles,203
2020-04,2020,Field Operations,Southwest border,San Diego Field Office,Inadmissibles,90
2020-04,2020,Field Operations,Southwest border,Tucson Field Office,Inadmissibles,58
2020-05,2020,Border Patrol,"Air, sea and other",Miami Sector,Apprehensions,38
2020-05,2020,Border Patrol,"Air, sea and other",New Orleans Sector,Apprehensions,7
2020-05,2020,Border Patrol,"Air, sea and other",Ramey Sector,Apprehensions,24
2020-05,2020,Border Patrol,Northern border,Blaine Sector,Apprehensions,6
2020-05,2020,Border Patrol,Northern border,Buffalo Sector,Apprehensions,4
2020-05,2020,Border Patrol,Northern border,Spokane Sector,Apprehensions,9
2020-05,2020,Border Patrol,Northern border,Swanton Sector,Apprehensions,6
2020-05,2020,Border Patrol,Southwest border,Big Bend Sector,Apprehensions,63
2020-05,2020,Border Patrol,Southwest border,Del Rio Sector,Apprehensions,156
2020-05,2020,Border Patrol,Southwest border,El Centro Sector,Apprehensions,84
2020-05,2020,Border Patrol,Southwest border,El Paso Sector,Apprehensions,306
2020-05,2020,Border Patrol,Southwest border,Laredo Sector,Apprehensions,161
2020-05,2020,Border Patrol,Southwest border,Rio Grande Valley Sector,Apprehensions,319
2020-05,2020,Border Patrol,Southwest border,San Diego Sector,Apprehensions,94
2020-05,2020,Border Patrol,Southwest border,Tucson Sector,Apprehensions,206
2020-05,2020,Border Patrol,Southwest border,Yuma Sector,Apprehensions,160
2020-05,2020,Field Operations,"Air, sea and other",Atlanta Field Office,Inadmissibles,2141
2020-05,2020,Field Operations,"Air, sea and other",Baltimore Field Office,Inadmissibles,177
2020-05,2020,Field Operations,"Air, sea and other",Boston Field Office,Inadmissibles,9
2020-05,2020,Field Operations,"Air, sea and other",Chicago Field Office,Inadmissibles,188
2020-05,2020,Field Operations,"Air, sea and other",Detroit Field Office,Inadmissibles,8
2020-05,2020,Field Operations,"Air, sea and other",Houston Field Office,Inadmissibles,6968
2020-05,2020,Field Operations,"Air, sea and other",Laredo Field Office,Inadmissibles,130
2020-05,2020,Field Operations,"Air, sea and other",Los Angeles Field Office,Inadmissibles,76
2020-05,2020,Field Operations,"Air, sea and other",Miami Field Office,Inadmissibles,1175
2020-05,2020,Field Operations,"Air, sea and other",New Orleans Field Office,Inadmissibles,2038
2020-05,2020,Field Operations,"Air, sea and other",New York Field Office,Inadmissibles,327
2020-05,2020,Field Operations,"Air, sea and other",Portland Field Office,Inadmissibles,294
2020-05,2020,Field Operations,"Air, sea and other",Preclearance Field Office,Inadmissibles,174
2020-05,2020,Field Operations,"Air, sea and other",San Diego Field Office,Inadmissibles,434
2020-05,2020,Field Operations,"Air, sea and other",San Francisco Field Office,Inadmissibles,1228
2020-05,2020,Field Operations,"Air, sea and other",San Juan Field Office,Inadmissibles,245
2020-05,2020,Field Operations,"Air, sea and other",Seattle Field Office,Inadmissibles,352
2020-05,2020,Field Operations,"Air, sea and other",Tampa Field Office,Inadmissibles,147
2020-05,2020,Field Operations,"Air, sea and other",Tucson Field Office,Inadmissibles,2
2020-05,2020,Field Operations,Northern border,Boston Field Office,Inadmissibles,36
2020-05,2020,Field Operations,Northern border,Buffalo Field Office,Inadmissibles,167
2020-05,2020,Field Operations,Northern border,Detroit Field Office,Inadmissibles,90
2020-05,2020,Field Operations,Northern border,Seattle Field Office,Inadmissibles,76
2020-05,2020,Field Operations,Southwest border,El Paso Field Office,Inadmissibles,109
2020-05,2020,Field Operations,Southwest border,Laredo Field Office,Inadmissibles,405
2020-05,2020,Field Operations,Southwest border,San Diego Field Office,Inadmissibles,175
2020-05,2020,Field Operations,Southwest border,Tucson Field Office,Inadmissibles,104
2020-06,2020,Border Patrol,"Air, sea and other",Miami Sector,Apprehensions,60
2020-06,2020,Border Patrol,"Air, sea and other",New Orleans Sector,Apprehensions,2
2020-06,2020,Border Patrol,"Air, sea and other",Ramey Sector,Apprehensions,45
2020-06,2020,Border Patrol,Northern border,Blaine Sector,Apprehensions,1
2020-06,2020,Border Patrol,Northern border,Buffalo Sector,Apprehensions,6
2020-06,2020,Border Patrol,Northern border,Detroit Sector,Apprehensions,2
2020-06,2020,Border Patrol,Northern border,Spokane Sector,Apprehensions,10
2020-06,2020,Border Patrol,Northern border,Swanton Sector,Apprehensions,12
2020-06,2020,Border Patrol,Southwest border,Big Bend Sector,Apprehensions,100
2020-06,2020,Border Patrol,Southwest border,Del Rio Sector,Apprehensions,292
2020-06,2020,Border Patrol,Southwest border,El Centro Sector,Apprehensions,93
2020-06,2020,Border Patrol,Southwest border,El Paso Sector,Apprehensions,479
2020-06,2020,Border Patrol,Southwest border,Laredo Sector,Apprehensions,182
2020-06,2020,Border Patrol,Southwest border,Rio Grande Valley Sector,Apprehensions,438
2020-06,2020,Border Patrol,Southwest border,San Diego Sector,Apprehensions,99
2020-06,2020,Border Patrol,Southwest border,Tucson Sector,Apprehensions,524
2020-06,2020,Border Patrol,Southwest border,Yuma Sector,Apprehensions,159
2020-06,2020,Field Operations,"Air, sea and other",Atlanta Field Office,Inadmissibles,1532
2020-06,2020,Field Operations,"Air, sea and other",Baltimore Field Office,Inadmissibles,150
2020-06,2020,Field Operations,"Air, sea and other",Boston Field Office,Inadmissibles,9
2020-06,2020,Field Operations,"Air, sea and other",Buffalo Field Office,Inadmissibles,14
2020-06,2020,Field Operations,"Air, sea and other",Chicago Field Office,Inadmissibles,152
2020-06,2020,Field Operations,"Air, sea and other",Detroit Field Office,Inadmissibles,20
2020-06,2020,Field Operations,"Air, sea and other",Houston Field Office,Inadmissibles,6629
2020-06,2020,Field Operations,"Air, sea and other",Laredo Field Office,Inadmissibles,28
2020-06,2020,Field Operations,"Air, sea and other",Los Angeles Field Office,Inadmissibles,154
2020-06,2020,Field Operations,"Air, sea and other",Miami Field Office,Inadmissibles,848
2020-06,2020,Field Operations,"Air, sea and other",New Orleans Field Office,Inadmissibles,3504
2020-06,2020,Field Operations,"Air, sea and other",New York Field Office,Inadmissibles,260
2020-06,2020,Field Operations,"Air, sea and other",Portland Field Office,Inadmissibles,353
2020-06,2020,Field Operations,"Air, sea and other",Preclearance Field Office,Inadmissibles,305
2020-06,2020,Field Operations,"Air, sea and other",San Diego Field Office,Inadmissibles,70
2020-06,2020,Field Operations,"Air, sea and other",San Francisco Field Office,Inadmissibles,1297
2020-06,2020,Field Operations,"Air, sea and other",San Juan Field Office,Inadmissibles,248
2020-06,2020,Field Operations,"Air, sea and other",Seattle Field Office,Inadmissibles,261
2020-06,2020,Field Operations,"Air, sea and other",Tampa Field Office,Inadmissibles,161
2020-06,2020,Field Operations,Northern border,Boston Field Office,Inadmissibles,259
2020-06,2020,Field Operations,Northern border,Buffalo Field Office,Inadmissibles,305
2020-06,2020,Field Operations,Northern border,Detroit Field Office,Inadmissibles,130
2020-06,2020,Field Operations,Northern border,Portland Field Office,Inadmissibles,1
2020-06,2020,Field Operations,Northern border,Seattle Field Office,Inadmissibles,81
2020-06,2020,Field Operations,Southwest border,El Paso Field Office,Inadmissibles,153
2020-06,2020,Field Operations,Southwest border,Laredo Field Office,Inadmissibles,363
2020-06,2020,Field Operations,Southwest border,San Diego Field Office,Inadmissibles,227
2020-06,2020,Field Operations,Southwest border,Tucson Field Office,Inadmissibles,111
2020-07,2020,Border Patrol,"Air, sea and other",Miami Sector,Apprehensions,95
2020-07,2020,Border Patrol,"Air, sea and other",New Orleans Sector,Apprehensions,9
2020-07,2020,Border Patrol,"Air, sea and other",Ramey Sector,Apprehensions,31
2020-07,2020,Border Patrol,Northern border,Blaine Sector,Apprehensions,4
2020-07,2020,Border Patrol,Northern border,Buffalo Sector,Apprehensions,14
2020-07,2020,Border Patrol,Northern border,Grand Forks Sector,Apprehensions,6
2020-07,2020,Border Patrol,Northern border,Havre Sector,Apprehensions,1
2020-07,2020,Border Patrol,Northern border,Houlton Sector,Apprehensions,2
2020-07,2020,Border Patrol,Northern border,Spokane Sector,Apprehensions,10
2020-07,2020,Border Patrol,Northern border,Swanton Sector,Apprehensions,29
2020-07,2020,Border Patrol,Southwest border,Big Bend Sector,Apprehensions,123
2020-07,2020,Border Patrol,Southwest border,Del Rio Sector,Apprehensions,388
2020-07,2020,Border Patrol,Southwest border,El Centro Sector,Apprehensions,175
2020-07,2020,Border Patrol,Southwest border,El Paso Sector,Apprehensions,674
2020-07,2020,Border Patrol,Southwest border,Laredo Sector,Apprehensions,227
2020-07,2020,Border Patrol,Southwest border,Rio Grande Valley Sector,Apprehensions,577
2020-07,2020,Border Patrol,Southwest border,San Diego Sector,Apprehensions,137
2020-07,2020,Border Patrol,Southwest border,Tucson Sector,Apprehensions,742
2020-07,2020,Border Patrol,Southwest border,Yuma Sector,Apprehensions,117
2020-07,2020,Field Operations,"Air, sea and other",Atlanta Field Office,Inadmissibles,1428
2020-07,2020,Field Operations,"Air, sea and other",Baltimore Field Office,Inadmissibles,116
2020-07,2020,Field Operations,"Air, sea and other",Boston Field Office,Inadmissibles,38
2020-07,2020,Field Operations,"Air, sea and other",Chicago Field Office,Inadmissibles,329
2020-07,2020,Field Operations,"Air, sea and other",Detroit Field Office,Inadmissibles,22
2020-07,2020,Field Operations,"Air, sea and other",Houston Field Office,Inadmissibles,3064
2020-07,2020,Field Operations,"Air, sea and other",Laredo Field Office,Inadmissibles,8
2020-07,2020,Field Operations,"Air, sea and other",Los Angeles Field Office,Inadmissibles,538
2020-07,2020,Field Operations,"Air, sea and other",Miami Field Office,Inadmissibles,448
2020-07,2020,Field Operations,"Air, sea and other",New Orleans Field Office,Inadmissibles,1714
2020-07,2020,Field Operations,"Air, sea and other",New York Field Office,Inadmissibles,537
2020-07,2020,Field Operations,"Air, sea and other",Portland Field Office,Inadmissibles,416
2020-07,2020,Field Operations,"Air, sea and other",Preclearance Field Office,Inadmissibles,554
2020-07,2020,Field Operations,"Air, sea and other",San Diego Field Office,Inadmissibles,58
2020-07,2020,Field Operations,"Air, sea and other",San Francisco Field Office,Inadmissibles,1650
2020-07,2020,Field Operations,"Air, sea and other",San Juan Field Office,Inadmissibles,280
2020-07,2020,Field Operations,"Air, sea and other",Seattle Field Office,Inadmissibles,264
2020-07,2020,Field Operations,"Air, sea and other",Tampa Field Office,Inadmissibles,135
2020-07,2020,Field Operations,"Air, sea and other",Tucson Field Office,Inadmissibles,7
2020-07,2020,Field Operations,Northern border,Boston Field Office,Inadmissibles,65
2020-07,2020,Field Operations,Northern border,Buffalo Field Office,Inadmissibles,374
2020-07,2020,Field Operations,Northern border,Detroit Field Office,Inadmissibles,132
2020-07,2020,Field Operations,Northern border,Portland Field Office,Inadmissibles,1
2020-07,2020,Field Operations,Northern border,Seattle Field Office,Inadmissibles,97
2020-07,2020,Field Operations,Southwest border,El Paso Field Office,Inadmissibles,202
2020-07,2020,Field Operations,Southwest border,Laredo Field Office,Inadmissibles,424
2020-07,2020,Field Operations,Southwest border,San Diego Field Office,Inadmissibles,218
2020-07,2020,Field Operations,Southwest border,Tucson Field Office,Inadmissibles,54
2020-08,2020,Border Patrol,"Air, sea and other",Miami Sector,Apprehensions,76
2020-08,2020,Border Patrol,"Air, sea and other",New Orleans Sector,Apprehensions,3
2020-08,2020,Border Patrol,"Air, sea and other",Ramey Sector,Apprehensions,49
2020-08,2020,Border Patrol,Northern border,Buffalo Sector,Apprehensions,12
2020-08,2020,Border Patrol,Northern border,Detroit Sector,Apprehensions,2
2020-08,2020,Border Patrol,Northern border,Grand Forks Sector,Apprehensions,9
2020-08,2020,Border Patrol,Northern border,Houlton Sector,Apprehensions,1
2020-08,2020,Border Patrol,Northern border,Spokane Sector,Apprehensions,5
2020-08,2020,Border Patrol,Northern border,Swanton Sector,Apprehensions,20
2020-08,2020,Border Patrol,Southwest border,Big Bend Sector,Apprehensions,161
2020-08,2020,Border Patrol,Southwest border,Del Rio Sector,Apprehensions,430
2020-08,2020,Border Patrol,Southwest border,El Centro Sector,Apprehensions,238
2020-08,2020,Border Patrol,Southwest border,El Paso Sector,Apprehensions,1042
2020-08,2020,Border Patrol,Southwest border,Laredo Sector,Apprehensions,332
2020-08,2020,Border Patrol,Southwest border,Rio Grande Valley Sector,Apprehensions,950
2020-08,2020,Border Patrol,Southwest border,San Diego Sector,Apprehensions,184
2020-08,2020,Border Patrol,Southwest border,Tucson Sector,Apprehensions,1024
2020-08,2020,Border Patrol,Southwest border,Yuma Sector,Apprehensions,180
2020-08,2020,Field Operations,"Air, sea and other",Atlanta Field Office,Inadmissibles,1123
2020-08,2020,Field Operations,"Air, sea and other",Baltimore Field Office,Inadmissibles,128
2020-08,2020,Field Operations,"Air, sea and other",Boston Field Office,Inadmissibles,67
2020-08,2020,Field Operations,"Air, sea and other",Buffalo Field Office,Inadmissibles,40
2020-08,2020,Field Operations,"Air, sea and other",Chicago Field Office,Inadmissibles,412
2020-08,2020,Field Operations,"Air, sea and other",Detroit Field Office,Inadmissibles,20
2020-08,2020,Field Operations,"Air, sea and other",El Paso Field Office,Inadmissibles,1
2020-08,2020,Field Operations,"Air, sea and other",Houston Field Office,Inadmissibles,3504
2020-08,2020,Field Operations,"Air, sea and other",Laredo Field Office,Inadmissibles,5
2020-08,2020,Field Operations,"Air, sea and other",Los Angeles Field Office,Inadmissibles,839
2020-08,2020,Field Operations,"Air, sea and other",Miami Field Office,Inadmissibles,647
2020-08,2020,Field Operations,"Air, sea and other",New Orleans Field Office,Inadmissibles,1858
2020-08,2020,Field Operations,"Air, sea and other",New York Field Office,Inadmissibles,579
2020-08,2020,Field Operations,"Air, sea and other",Portland Field Office,Inadmissibles,386
2020-08,2020,Field Operations,"Air, sea and other",Preclearance Field Office,Inadmissibles,543
2020-08,2020,Field Operations,"Air, sea and other",San Diego Field Office,Inadmissibles,63
2020-08,2020,Field Operations,"Air, sea and other",San Francisco Field Office,Inadmissibles,1797
2020-08,2020,Field Operations,"Air, sea and other",San Juan Field Office,Inadmissibles,478
2020-08,2020,Field Operations,"Air, sea and other",Seattle Field Office,Inadmissibles,522
2020-08,2020,Field Operations,"Air, sea and other",Tampa Field Office,Inadmissibles,101
2020-08,2020,Field Operations,"Air, sea and other",Tucson Field Office,Inadmissibles,4
2020-08,2020,Field Operations,Northern border,Boston Field Office,Inadmissibles,1162
2020-08,2020,Field Operations,Northern border,Buffalo Field Office,Inadmissibles,353
2020-08,2020,Field Operations,Northern border,Detroit Field Office,Inadmissibles,168
2020-08,2020,Field Operations,Northern border,Portland Field Office,Inadmissibles,1
2020-08,2020,Field Operations,Northern border,Seattle Field Office,Inadmissibles,88
2020-08,2020,Field Operations,Southwest border,El Paso Field Office,Inadmissibles,186
2020-08,2020,Field Operations,Southwest border,Laredo Field Office,Inadmissibles,484
2020-08,2020,Field Operations,Southwest border,San Diego Field Office,Inadmissibles,263
2020-08,2020,Field Operations,Southwest border,Tucson Field Office,Inadmissibles,87
2020-09,2020,Border Patrol,"Air, sea and other",Miami Sector,Apprehensions,84
2020-09,2020,Border Patrol,"Air, sea and other",New Orleans Sector,Apprehensions,6
2020-09,2020,Border Patrol,"Air, sea and other",Ramey Sector,Apprehensions,15
2020-09,2020,Border Patrol,Northern border,Blaine Sector,Apprehensions,1
2020-09,2020,Border Patrol,Northern border,Buffalo Sector,Apprehensions,18
2020-09,2020,Border Patrol,Northern border,Grand Forks Sector,Apprehensions,8
2020-09,2020,Border Patrol,Northern border,Houlton Sector,Apprehensions,1
2020-09,2020,Border Patrol,Northern border,Spokane Sector,Apprehensions,14
2020-09,2020,Border Patrol,Northern border,Swanton Sector,Apprehensions,32
2020-09,2020,Border Patrol,Southwest border,Big Bend Sector,Apprehensions,209
2020-09,2020,Border Patrol,Southwest border,Del Rio Sector,Apprehensions,1035
2020-09,2020,Border Patrol,Southwest border,El Centro Sector,Apprehensions,125
2020-09,2020,Border Patrol,Southwest border,El Paso Sector,Apprehensions,1211
2020-09,2020,Border Patrol,Southwest border,Laredo Sector,Apprehensions,397
2020-09,2020,Border Patrol,Southwest border,Rio Grande Valley Sector,Apprehensions,1573
2020-09,2020,Border Patrol,Southwest border,San Diego Sector,Apprehensions,217
2020-09,2020,Border Patrol,Southwest border,Tucson Sector,Apprehensions,1471
2020-09,2020,Border Patrol,Southwest border,Yuma Sector,Apprehensions,206
2020-09,2020,Field Operations,"Air, sea and other",Atlanta Field Office,Inadmissibles,1006
2020-09,2020,Field Operations,"Air, sea and other",Baltimore Field Office,Inadmissibles,281
2020-09,2020,Field Operations,"Air, sea and other",Boston Field Office,Inadmissibles,68
2020-09,2020,Field Operations,"Air, sea and other",Buffalo Field Office,Inadmissibles,37
2020-09,2020,Field Operations,"Air, sea and other",Chicago Field Office,Inadmissibles,404
2020-09,2020,Field Operations,"Air, sea and other",Detroit Field Office,Inadmissibles,32
2020-09,2020,Field Operations,"Air, sea and other",El Paso Field Office,Inadmissibles,1
2020-09,2020,Field Operations,"Air, sea and other",Houston Field Office,Inadmissibles,4660
2020-09,2020,Field Operations,"Air, sea and other",Laredo Field Office,Inadmissibles,8
2020-09,2020,Field Operations,"Air, sea and other",Los Angeles Field Office,Inadmissibles,920
2020-09,2020,Field Operations,"Air, sea and other",Miami Field Office,Inadmissibles,710
2020-09,2020,Field Operations,"Air, sea and other",New Orleans Field Office,Inadmissibles,2315
2020-09,2020,Field Operations,"Air, sea and other",New York Field Office,Inadmissibles,654
2020-09,2020,Field Operations,"Air, sea and other",Portland Field Office,Inadmissibles,375
2020-09,2020,Field Operations,"Air, sea and other",Preclearance Field Office,Inadmissibles,680
2020-09,2020,Field Operations,"Air, sea and other",San Diego Field Office,Inadmissibles,75
2020-09,2020,Field Operations,"Air, sea and other",San Francisco Field Office,Inadmissibles,817
2020-09,2020,Field Operations,"Air, sea and other",San Juan Field Office,Inadmissibles,375
2020-09,2020,Field Operations,"Air, sea and other",Seattle Field Office,Inadmissibles,583
2020-09,2020,Field Operations,"Air, sea and other",Tampa Field Office,Inadmissibles,197
2020-09,2020,Field Operations,"Air, sea and other",Tucson Field Office,Inadmissibles,6
2020-09,2020,Field Operations,Northern border,Boston Field Office,Inadmissibles,99
2020-09,2020,Field Operations,Northern border,Buffalo Field Office,Inadmissibles,249
2020-09,2020,Field Operations,Northern border,Detroit Field Office,Inadmissibles,130
2020-09,2020,Field Operations,Northern border,Seattle Field Office,Inadmissibles,458
2020-09,2020,Field Operations,Southwest border,El Paso Field Office,Inadmissibles,195
2020-09,2020,Field Operations,Southwest border,Laredo Field Office,Inadmissibles,592
2020-09,2020,Field Operations,Southwest border,San Diego Field Office,Inadmissibles,277
2020-09,2020,Field Operations,Southwest border,Tucson Field Office,Inadmissibles,99
2020-10,2021,Border Patrol,"Air, sea and other",Miami Sector,Apprehensions,82
2020-10,2021,Border Patrol,"Air, sea and other",New Orleans Sector,Apprehensions,16
2020-10,2021,Border Patrol,"Air, sea and other",Ramey Sector,Apprehensions,20
2020-10,2021,Border Patrol,Northern border,Buffalo Sector,Apprehensions,18
2020-10,2021,Border Patrol,Northern border,Detroit Sector,Apprehensions,3
2020-10,2021,Border Patrol,Northern border,Grand Forks Sector,Apprehensions,1
2020-10,2021,Border Patrol,Northern border,Houlton Sector,Apprehensions,10
2020-10,2021,Border Patrol,Northern border,Spokane Sector,Apprehensions,4
2020-10,2021,Border Patrol,Northern border,Swanton Sector,Apprehensions,10
2020-10,2021,Border Patrol,Southwest border,Big Bend Sector,Apprehensions,218
2020-10,2021,Border Patrol,Southwest border,Del Rio Sector,Apprehensions,731
2020-10,2021,Border Patrol,Southwest border,El Centro Sector,Apprehensions,131
2020-10,2021,Border Patrol,Southwest border,El Paso Sector,Apprehensions,805
2020-10,2021,Border Patrol,Southwest border,Laredo Sector,Apprehensions,762
2020-10,2021,Border Patrol,Southwest border,Rio Grande Valley Sector,Apprehensions,1907
2020-10,2021,Border Patrol,Southwest border,San Diego Sector,Apprehensions,213
2020-10,2021,Border Patrol,Southwest border,Tucson Sector,Apprehensions,1100
2020-10,2021,Border Patrol,Southwest border,Yuma Sector,Apprehensions,174
2020-10,2021,Field Operations,"Air, sea and other",Atlanta Field Office,Inadmissibles,918
2020-10,2021,Field Operations,"Air, sea and other",Baltimore Field Office,Inadmissibles,489
2020-10,2021,Field Operations,"Air, sea and other",Boston Field Office,Inadmissibles,93
2020-10,2021,Field Operations,"Air, sea and other",Buffalo Field Office,Inadmissibles,11
2020-10,2021,Field Operations,"Air, sea and other",Chicago Field Office,Inadmissibles,417
2020-10,2021,Field Operations,"Air, sea and other",Detroit Field Office,Inadmissibles,30
2020-10,2021,Field Operations,"Air, sea and other",Houston Field Office,Inadmissibles,4519
2020-10,2021,Field Operations,"Air, sea and other",Laredo Field Office,Inadmissibles,489
2020-10,2021,Field Operations,"Air, sea and other",Los Angeles Field Office,Inadmissibles,887
2020-10,2021,Field Operations,"Air, sea and other",Miami Field Office,Inadmissibles,1247
2020-10,2021,Field Operations,"Air, sea and other",New Orleans Field Office,Inadmissibles,2811
2020-10,2021,Field Operations,"Air, sea and other",New York Field Office,Inadmissibles,972
2020-10,2021,Field Operations,"Air, sea and other",Portland Field Office,Inadmissibles,179
2020-10,2021,Field Operations,"Air, sea and other",Preclearance Field Office,Inadmissibles,784
2020-10,2021,Field Operations,"Air, sea and other",San Diego Field Office,Inadmissibles,82
2020-10,2021,Field Operations,"Air, sea and other",San Francisco Field Office,Inadmissibles,755
2020-10,2021,Field Operations,"Air, sea and other",San Juan Field Office,Inadmissibles,327
2020-10,2021,Field Operations,"Air, sea and other",Seattle Field Office,Inadmissibles,632
2020-10,2021,Field Operations,"Air, sea and other",Tampa Field Office,Inadmissibles,220
2020-10,2021,Field Operations,"Air, sea and other",Tucson Field Office,Inadmissibles,16
2020-10,2021,Field Operations,Northern border,Boston Field Office,Inadmissibles,1081
2020-10,2021,Field Operations,Northern border,Buffalo Field Office,Inadmissibles,267
2020-10,2021,Field Operations,Northern border,Detroit Field Office,Inadmissibles,152
2020-10,2021,Field Operations,Northern border,Seattle Field Office,Inadmissibles,210
2020-10,2021,Field Operations,Southwest border,El Paso Field Office,Inadmissibles,162
2020-10,2021,Field Operations,Southwest border,Laredo Field Office,Inadmissibles,418
2020-10,2021,Field Operations,Southwest border,San Diego Field Office,Inadmissibles,317
2020-10,2021,Field Operations,Southwest border,Tucson Field Office,Inadmissibles,97
2020-11,2021,Border Patrol,"Air, sea and other",Miami Sector,Apprehensions,100
2020-11,2021,Border Patrol,"Air, sea and other",New Orleans Sector,Apprehensions,14
2020-11,2021,Border Patrol,"Air, sea and other",Ramey Sector,Apprehensions,21
2020-11,2021,Border Patrol,Northern border,Buffalo Sector,Apprehensions,3
2020-11,2021,Border Patrol,Northern border,Detroit Sector,Apprehensions,3
2020-11,2021,Border Patrol,Northern border,Grand Forks Sector,Apprehensions,4
2020-11,2021,Border Patrol,Northern border,Houlton Sector,Apprehensions,5
2020-11,2021,Border Patrol,Northern border,Spokane Sector,Apprehensions,3
2020-11,2021,Border Patrol,Northern border,Swanton Sector,Apprehensions,8
2020-11,2021,Border Patrol,Southwest border,Big Bend Sector,Apprehensions,363
2020-11,2021,Border Patrol,Southwest border,Del Rio Sector,Apprehensions,914
2020-11,2021,Border Patrol,Southwest border,El Centro Sector,Apprehensions,220
2020-11,2021,Border Patrol,Southwest border,El Paso Sector,Apprehensions,1178
2020-11,2021,Border Patrol,Southwest border,Laredo Sector,Apprehensions,1283
2020-11,2021,Border Patrol,Southwest border,Rio Grande Valley Sector,Apprehensions,2345
2020-11,2021,Border Patrol,Southwest border,San Diego Sector,Apprehensions,341
2020-11,2021,Border Patrol,Southwest border,Tucson Sector,Apprehensions,953
2020-11,2021,Border Patrol,Southwest border,Yuma Sector,Apprehensions,284
2020-11,2021,Field Operations,"Air, sea and other",Atlanta Field Office,Inadmissibles,862
2020-11,2021,Field Operations,"Air, sea and other",Baltimore Field Office,Inadmissibles,495
2020-11,2021,Field Operations,"Air, sea and other",Boston Field Office,Inadmissibles,79
2020-11,2021,Field Operations,"Air, sea and other",Buffalo Field Office,Inadmissibles,16
2020-11,2021,Field Operations,"Air, sea and other",Chicago Field Office,Inadmissibles,390
2020-11,2021,Field Operations,"Air, sea and other",Detroit Field Office,Inadmissibles,34
2020-11,2021,Field Operations,"Air, sea and other",El Paso Field Office,Inadmissibles,1
2020-11,2021,Field Operations,"Air, sea and other",Houston Field Office,Inadmissibles,4280
2020-11,2021,Field Operations,"Air, sea and other",Laredo Field Office,Inadmissibles,418
2020-11,2021,Field Operations,"Air, sea and other",Los Angeles Field Office,Inadmissibles,826
2020-11,2021,Field Operations,"Air, sea and other",Miami Field Office,Inadmissibles,1043
2020-11,2021,Field Operations,"Air, sea and other",New Orleans Field Office,Inadmissibles,2803
2020-11,2021,Field Operations,"Air, sea and other",New York Field Office,Inadmissibles,1141
2020-11,2021,Field Operations,"Air, sea and other",Portland Field Office,Inadmissibles,153
2020-11,2021,Field Operations,"Air, sea and other",Preclearance Field Office,Inadmissibles,759
2020-11,2021,Field Operations,"Air, sea and other",San Diego Field Office,Inadmissibles,70
2020-11,2021,Field Operations,"Air, sea and other",San Francisco Field Office,Inadmissibles,679
2020-11,2021,Field Operations,"Air, sea and other",San Juan Field Office,Inadmissibles,343
2020-11,2021,Field Operations,"Air, sea and other",Seattle Field Office,Inadmissibles,559
2020-11,2021,Field Operations,"Air, sea and other",Tampa Field Office,Inadmissibles,211
2020-11,2021,Field Operations,"Air, sea and other",Tucson Field Office,Inadmissibles,5
2020-11,2021,Field Operations,Northern border,Boston Field Office,Inadmissibles,661
2020-11,2021,Field Operations,Northern border,Buffalo Field Office,Inadmissibles,215
2020-11,2021,Field Operations,Northern border,Detroit Field Office,Inadmissibles,99
2020-11,2021,Field Operations,Northern border,Portland Field Office,Inadmissibles,1
2020-11,2021,Field Operations,Northern border,Seattle Field Office,Inadmissibles,78
2020-11,2021,Field Operations,Southwest border,El Paso Field Office,Inadmissibles,197
2020-11,2021,Field Operations,Southwest border,Laredo Field Office,Inadmissibles,369
2020-11,2021,Field Operations,Southwest border,San Diego Field Office,Inadmissibles,366
2020-11,2021,Field Operations,Southwest border,Tucson Field Office,Inadmissibles,70
2020-12,2021,Border Patrol,"Air, sea and other",Miami Sector,Apprehensions,88
2020-12,2021,Border Patrol,"Air, sea and other",New Orleans Sector,Apprehensions,18
2020-12,2021,Border Patrol,"Air, sea and other",Ramey Sector,Apprehensions,15
2020-12,2021,Border Patrol,Northern border,Blaine Sector,Apprehensions,1
2020-12,2021,Border Patrol,Northern border,Buffalo Sector,Apprehensions,3
2020-12,2021,Border Patrol,Northern border,Detroit Sector,Apprehensions,1
2020-12,2021,Border Patrol,Northern border,Grand Forks Sector,Apprehensions,1
2020-12,2021,Border Patrol,Northern border,Houlton Sector,Apprehensions,9
2020-12,2021,Border Patrol,Northern border,Spokane Sector,Apprehensions,2
2020-12,2021,Border Patrol,Northern border,Swanton Sector,Apprehensions,13
2020-12,2021,Border Patrol,Southwest border,Big Bend Sector,Apprehensions,395
2020-12,2021,Border Patrol,Southwest border,Del Rio Sector,Apprehensions,1106
2020-12,2021,Border Patrol,Southwest border,El Centro Sector,Apprehensions,283
2020-12,2021,Border Patrol,Southwest border,El Paso Sector,Apprehensions,1874
2020-12,2021,Border Patrol,Southwest border,Laredo Sector,Apprehensions,1113
2020-12,2021,Border Patrol,Southwest border,Rio Grande Valley Sector,Apprehensions,2959
2020-12,2021,Border Patrol,Southwest border,San Diego Sector,Apprehensions,653
2020-12,2021,Border Patrol,Southwest border,Tucson Sector,Apprehensions,1658
2020-12,2021,Border Patrol,Southwest border,Yuma Sector,Apprehensions,505
2020-12,2021,Field Operations,"Air, sea and other",Atlanta Field Office,Inadmissibles,1097
2020-12,2021,Field Operations,"Air, sea and other",Baltimore Field Office,Inadmissibles,517
2020-12,2021,Field Operations,"Air, sea and other",Boston Field Office,Inadmissibles,101
2020-12,2021,Field Operations,"Air, sea and other",Buffalo Field Office,Inadmissibles,28
2020-12,2021,Field Operations,"Air, sea and other",Chicago Field Office,Inadmissibles,352
2020-12,2021,Field Operations,"Air, sea and other",Detroit Field Office,Inadmissibles,25
2020-12,2021,Field Operations,"Air, sea and other",El Paso Field Office,Inadmissibles,1
2020-12,2021,Field Operations,"Air, sea and other",Houston Field Office,Inadmissibles,4440
2020-12,2021,Field Operations,"Air, sea and other",Laredo Field Office,Inadmissibles,436
2020-12,2021,Field Operations,"Air, sea and other",Los Angeles Field Office,Inadmissibles,730
2020-12,2021,Field Operations,"Air, sea and other",Miami Field Office,Inadmissibles,2519
2020-12,2021,Field Operations,"Air, sea and other",New Orleans Field Office,Inadmissibles,2301
2020-12,2021,Field Operations,"Air, sea and other",New York Field Office,Inadmissibles,1014
2020-12,2021,Field Operations,"Air, sea and other",Portland Field Office,Inadmissibles,159
2020-12,2021,Field Operations,"Air, sea and other",Preclearance Field Office,Inadmissibles,766
2020-12,2021,Field Operations,"Air, sea and other",San Diego Field Office,Inadmissibles,73
2020-12,2021,Field Operations,"Air, sea and other",San Francisco Field Office,Inadmissibles,548
2020-12,2021,Field Operations,"Air, sea and other",San Juan Field Office,Inadmissibles,570
2020-12,2021,Field Operations,"Air, sea and other",Seattle Field Office,Inadmissibles,529
2020-12,2021,Field Operations,"Air, sea and other",Tampa Field Office,Inadmissibles,214
2020-12,2021,Field Operations,"Air, sea and other",Tucson Field Office,Inadmissibles,6
2020-12,2021,Field Operations,Northern border,Boston Field Office,Inadmissibles,873
2020-12,2021,Field Operations,Northern border,Buffalo Field Office,Inadmissibles,371
2020-12,2021,Field Operations,Northern border,Detroit Field Office,Inadmissibles,96
2020-12,2021,Field Operations,Northern border,Seattle Field Office,Inadmissibles,59
2020-12,2021,Field Operations,Southwest border,El Paso Field Office,Inadmissibles,227
2020-12,2021,Field Operations,Southwest border,Laredo Field Office,Inadmissibles,347
2020-12,2021,Field Operations,Southwest border,San Diego Field Office,Inadmissibles,465
2020-12,2021,Field Operations,Southwest border,Tucson Field Office,Inadmissibles,67
2021-01,2021,Border Patrol,"Air, sea and other",Miami Sector,Apprehensions,98
2021-01,2021,Border Patrol,"Air, sea and other",New Orleans Sector,Apprehensions,31
2021-01,2021,Border Patrol,"Air, sea and other",Ramey Sector,Apprehensions,39
2021-01,2021,Border Patrol,Northern border,Blaine Sector,Apprehensions,2
2021-01,2021,Border Patrol,Northern border,Buffalo Sector,Apprehensions,8
2021-01,2021,Border Patrol,Northern border,Detroit Sector,Apprehensions,2
2021-01,2021,Border Patrol,Northern border,Grand Forks Sector,Apprehensions,3
2021-01,2021,Border Patrol,Northern border,Houlton Sector,Apprehensions,1
2021-01,2021,Border Patrol,Northern border,Spokane Sector,Apprehensions,6
2021-01,2021,Border Patrol,Northern border,Swanton Sector,Apprehensions,6
2021-01,2021,Border Patrol,Southwest border,Big Bend Sector,Apprehensions,373
2021-01,2021,Border Patrol,Southwest border,Del Rio Sector,Apprehensions,1928
2021-01,2021,Border Patrol,Southwest border,El Centro Sector,Apprehensions,342
2021-01,2021,Border Patrol,Southwest border,El Paso Sector,Apprehensions,1727
2021-01,2021,Border Patrol,Southwest border,Laredo Sector,Apprehensions,1160
2021-01,2021,Border Patrol,Southwest border,Rio Grande Valley Sector,Apprehensions,4171
2021-01,2021,Border Patrol,Southwest border,San Diego Sector,Apprehensions,870
2021-01,2021,Border Patrol,Southwest border,Tucson Sector,Apprehensions,1453
2021-01,2021,Border Patrol,Southwest border,Yuma Sector,Apprehensions,763
2021-01,2021,Field Operations,"Air, sea and other",Atlanta Field Office,Inadmissibles,917
2021-01,2021,Field Operations,"Air, sea and other",Baltimore Field Office,Inadmissibles,544
2021-01,2021,Field Operations,"Air, sea and other",Boston Field Office,Inadmissibles,95
2021-01,2021,Field Operations,"Air, sea and other",Buffalo Field Office,Inadmissibles,4
2021-01,2021,Field Operations,"Air, sea and other",Chicago Field Office,Inadmissibles,400
2021-01,2021,Field Operations,"Air, sea and other",Detroit Field Office,Inadmissibles,43
2021-01,2021,Field Operations,"Air, sea and other",Houston Field Office,Inadmissibles,4956
2021-01,2021,Field Operations,"Air, sea and other",Laredo Field Office,Inadmissibles,485
2021-01,2021,Field Operations,"Air, sea and other",Los Angeles Field Office,Inadmissibles,1028
2021-01,2021,Field Operations,"Air, sea and other",Miami Field Office,Inadmissibles,1045
2021-01,2021,Field Operations,"Air, sea and other",New Orleans Field Office,Inadmissibles,2236
2021-01,2021,Field Operations,"Air, sea and other",New York Field Office,Inadmissibles,1032
2021-01,2021,Field Operations,"Air, sea and other",Portland Field Office,Inadmissibles,99
2021-01,2021,Field Operations,"Air, sea and other",Preclearance Field Office,Inadmissibles,808
2021-01,2021,Field Operations,"Air, sea and other",San Diego Field Office,Inadmissibles,55
2021-01,2021,Field Operations,"Air, sea and other",San Francisco Field Office,Inadmissibles,587
2021-01,2021,Field Operations,"Air, sea and other",San Juan Field Office,Inadmissibles,417
2021-01,2021,Field Operations,"Air, sea and other",Seattle Field Office,Inadmissibles,652
2021-01,2021,Field Operations,"Air, sea and other",Tampa Field Office,Inadmissibles,287
2021-01,2021,Field Operations,"Air, sea and other",Tucson Field Office,Inadmissibles,7
2021-01,2021,Field Operations,Northern border,Boston Field Office,Inadmissibles,19
2021-01,2021,Field Operations,Northern border,Buffalo Field Office,Inadmissibles,200
2021-01,2021,Field Operations,Northern border,Detroit Field Office,Inadmissibles,91
2021-01,2021,Field Operations,Northern border,Portland Field Office,Inadmissibles,2
2021-01,2021,Field Operations,Northern border,Seattle Field Office,Inadmissibles,180
2021-01,2021,Field Operations,Southwest border,El Paso Field Office,Inadmissibles,227
2021-01,2021,Field Operations,Southwest border,Laredo Field Office,Inadmissibles,350
2021-01,2021,Field Operations,Southwest border,San Diego Field Office,Inadmissibles,662
2021-01,2021,Field Operations,Southwest border,Tucson Field Office,Inadmissibles,84
2021-02,2021,Border Patrol,"Air, sea and other",Miami Sector,Apprehensions,48
2021-02,2021,Border Patrol,"Air, sea and other",New Orleans Sector,Apprehensions,69
2021-02,2021,Border Patrol,"Air, sea and other",Ramey Sector,Apprehensions,9
2021-02,2021,Border Patrol,Northern border,Blaine Sector,Apprehensions,3
2021-02,2021,Border Patrol,Northern border,Buffalo Sector,Apprehensions,7
2021-02,2021,Border Patrol,Northern border,Grand Forks Sector,Apprehensions,7
2021-02,2021,Border Patrol,Northern border,Spokane Sector,Apprehensions,8
2021-02,2021,Border Patrol,Northern border,Swanton Sector,Apprehensions,4
2021-02,2021,Border Patrol,Southwest border,Big Bend Sector,Apprehensions,496
2021-02,2021,Border Patrol,Southwest border,Del Rio Sector,Apprehensions,2470
2021-02,2021,Border Patrol,Southwest border,El Centro Sector,Apprehensions,507
2021-02,2021,Border Patrol,Southwest border,El Paso Sector,Apprehensions,2273
2021-02,2021,Border Patrol,Southwest border,Laredo Sector,Apprehensions,921
2021-02,2021,Border Patrol,Southwest border,Rio Grande Valley Sector,Apprehensions,12386
2021-02,2021,Border Patrol,Southwest border,San Diego Sector,Apprehensions,735
2021-02,2021,Border Patrol,Southwest border,Tucson Sector,Apprehensions,2244
2021-02,2021,Border Patrol,Southwest border,Yuma Sector,Apprehensions,3293
2021-02,2021,Field Operations,"Air, sea and other",Atlanta Field Office,Inadmissibles,1025
2021-02,2021,Field Operations,"Air, sea and other",Baltimore Field Office,Inadmissibles,729
2021-02,2021,Field Operations,"Air, sea and other",Boston Field Office,Inadmissibles,121
2021-02,2021,Field Operations,"Air, sea and other",Buffalo Field Office,Inadmissibles,27
2021-02,2021,Field Operations,"Air, sea and other",Chicago Field Office,Inadmissibles,363
2021-02,2021,Field Operations,"Air, sea and other",Detroit Field Office,Inadmissibles,48
2021-02,2021,Field Operations,"Air, sea and other",Houston Field Office,Inadmissibles,3329
2021-02,2021,Field Operations,"Air, sea and other",Laredo Field Office,Inadmissibles,326
2021-02,2021,Field Operations,"Air, sea and other",Los Angeles Field Office,Inadmissibles,1064
2021-02,2021,Field Operations,"Air, sea and other",Miami Field Office,Inadmissibles,997
2021-02,2021,Field Operations,"Air, sea and other",New Orleans Field Office,Inadmissibles,1399
2021-02,2021,Field Operations,"Air, sea and other",New York Field Office,Inadmissibles,899
2021-02,2021,Field Operations,"Air, sea and other",Portland Field Office,Inadmissibles,135
2021-02,2021,Field Operations,"Air, sea and other",Preclearance Field Office,Inadmissibles,472
2021-02,2021,Field Operations,"Air, sea and other",San Diego Field Office,Inadmissibles,124
2021-02,2021,Field Operations,"Air, sea and other",San Francisco Field Office,Inadmissibles,626
2021-02,2021,Field Operations,"Air, sea and other",San Juan Field Office,Inadmissibles,351
2021-02,2021,Field Operations,"Air, sea and other",Seattle Field Office,Inadmissibles,533
2021-02,2021,Field Operations,"Air, sea and other",Tampa Field Office,Inadmissibles,178
2021-02,2021,Field Operations,"Air, sea and other",Tucson Field Office,Inadmissibles,9
2021-02,2021,Field Operations,Northern border,Boston Field Office,Inadmissibles,538
2021-02,2021,Field Operations,Northern border,Buffalo Field Office,Inadmissibles,302
2021-02,2021,Field Operations,Northern border,Detroit Field Office,Inadmissibles,125
2021-02,2021,Field Operations,Northern border,Seattle Field Office,Inadmissibles,286
2021-02,2021,Field Operations,Southwest border,El Paso Field Office,Inadmissibles,255
2021-02,2021,Field Operations,Southwest border,Laredo Field Office,Inadmissibles,359
2021-02,2021,Field Operations,Southwest border,San Diego Field Office,Inadmissibles,803
2021-02,2021,Field Operations,Southwest border,Tucson Field Office,Inadmissibles,92
2021-03,2021,Border Patrol,"Air, sea and other",Miami Sector,Apprehensions,58
2021-03,2021,Border Patrol,"Air, sea and other",New Orleans Sector,Apprehensions,28
2021-03,2021,Border Patrol,"Air, sea and other",Ramey Sector,Apprehensions,24
2021-03,2021,Border Patrol,Northern border,Blaine Sector,Apprehensions,2
2021-03,2021,Border Patrol,Northern border,Buffalo Sector,Apprehensions,18
2021-03,2021,Border Patrol,Northern border,Grand Forks Sector,Apprehensions,33
2021-03,2021,Border Patrol,Northern border,Havre Sector,Apprehensions,2
2021-03,2021,Border Patrol,Northern border,Houlton Sector,Apprehensions,2
2021-03,2021,Border Patrol,Northern border,Spokane Sector,Apprehensions,5
2021-03,2021,Border Patrol,Northern border,Swanton Sector,Apprehensions,22
2021-03,2021,Border Patrol,Southwest border,Big Bend Sector,Apprehensions,529
2021-03,2021,Border Patrol,Southwest border,Del Rio Sector,Apprehensions,6651
2021-03,2021,Border Patrol,Southwest border,El Centro Sector,Apprehensions,1135
2021-03,2021,Border Patrol,Southwest border,El Paso Sector,Apprehensions,4428
2021-03,2021,Border Patrol,Southwest border,Laredo Sector,Apprehensions,1121
2021-03,2021,Border Patrol,Southwest border,Rio Grande Valley Sector,Apprehensions,34272
2021-03,2021,Border Patrol,Southwest border,San Diego Sector,Apprehensions,1478
2021-03,2021,Border Patrol,Southwest border,Tucson Sector,Apprehensions,3967
2021-03,2021,Border Patrol,Southwest border,Yuma Sector,Apprehensions,8389
2021-03,2021,Field Operations,"Air, sea and other",Atlanta Field Office,Inadmissibles,1110
2021-03,2021,Field Operations,"Air, sea and other",Baltimore Field Office,Inadmissibles,1029
2021-03,2021,Field Operations,"Air, sea and other",Boston Field Office,Inadmissibles,195
2021-03,2021,Field Operations,"Air, sea and other",Buffalo Field Office,Inadmissibles,30
2021-03,2021,Field Operations,"Air, sea and other",Chicago Field Office,Inadmissibles,422
2021-03,2021,Field Operations,"Air, sea and other",Detroit Field Office,Inadmissibles,36
2021-03,2021,Field Operations,"Air, sea and other",Houston Field Office,Inadmissibles,4338
2021-03,2021,Field Operations,"Air, sea and other",Laredo Field Office,Inadmissibles,390
2021-03,2021,Field Operations,"Air, sea and other",Los Angeles Field Office,Inadmissibles,1227
2021-03,2021,Field Operations,"Air, sea and other",Miami Field Office,Inadmissibles,1793
2021-03,2021,Field Operations,"Air, sea and other",New Orleans Field Office,Inadmissibles,1850
2021-03,2021,Field Operations,"Air, sea and other",New York Field Office,Inadmissibles,1391
2021-03,2021,Field Operations,"Air, sea and other",Portland Field Office,Inadmissibles,296
2021-03,2021,Field Operations,"Air, sea and other",Preclearance Field Office,Inadmissibles,391
2021-03,2021,Field Operations,"Air, sea and other",San Diego Field Office,Inadmissibles,106
2021-03,2021,Field Operations,"Air, sea and other",San Francisco Field Office,Inadmissibles,712
2021-03,2021,Field Operations,"Air, sea and other",San Juan Field Office,Inadmissibles,406
2021-03,2021,Field Operations,"Air, sea and other",Seattle Field Office,Inadmissibles,724
2021-03,2021,Field Operations,"Air, sea and other",Tampa Field Office,Inadmissibles,196
2021-03,2021,Field Operations,"Air, sea and other",Tucson Field Office,Inadmissibles,7
2021-03,2021,Field Operations,Northern border,Boston Field Office,Inadmissibles,763
2021-03,2021,Field Operations,Northern border,Buffalo Field Office,Inadmissibles,288
2021-03,2021,Field Operations,Northern border,Detroit Field Office,Inadmissibles,142
2021-03,2021,Field Operations,Northern border,Portland Field Office,Inadmissibles,3
2021-03,2021,Field Operations,Northern border,Seattle Field Office,Inadmissibles,337
2021-03,2021,Field Operations,Southwest border,El Paso Field Office,Inadmissibles,280
2021-03,2021,Field Operations,Southwest border,Laredo Field Office,Inadmissibles,560
2021-03,2021,Field Operations,Southwest border,San Diego Field Office,Inadmissibles,1076
2021-03,2021,Field Operations,Southwest border,Tucson Field Office,Inadmissibles,142
2021-04,2021,Border Patrol,"Air, sea and other",Miami Sector,Apprehensions,47
2021-04,2021,Border Patrol,"Air, sea and other",New Orleans Sector,Apprehensions,31
2021-04,2021,Border Patrol,"Air, sea and other",Ramey Sector,Apprehensions,54
2021-04,2021,Border Patrol,Northern border,Blaine Sector,Apprehensions,1
2021-04,2021,Border Patrol,Northern border,Buffalo Sector,Apprehensions,13
2021-04,2021,Border Patrol,Northern border,Detroit Sector,Apprehensions,1
2021-04,2021,Border Patrol,Northern border,Grand Forks Sector,Apprehensions,14
2021-04,2021,Border Patrol,Northern border,Houlton Sector,Apprehensions,11
2021-04,2021,Border Patrol,Northern border,Spokane Sector,Apprehensions,4
2021-04,2021,Border Patrol,Northern border,Swanton Sector,Apprehensions,8
2021-04,2021,Border Patrol,Southwest border,Big Bend Sector,Apprehensions,460
2021-04,2021,Border Patrol,Southwest border,Del Rio Sector,Apprehensions,8171
2021-04,2021,Border Patrol,Southwest border,El Centro Sector,Apprehensions,2249
2021-04,2021,Border Patrol,Southwest border,El Paso Sector,Apprehensions,3569
2021-04,2021,Border Patrol,Southwest border,Laredo Sector,Apprehensions,1150
2021-04,2021,Border Patrol,Southwest border,Rio Grande Valley Sector,Apprehensions,29925
2021-04,2021,Border Patrol,Southwest border,San Diego Sector,Apprehensions,3398
2021-04,2021,Border Patrol,Southwest border,Tucson Sector,Apprehensions,3488
2021-04,2021,Border Patrol,Southwest border,Yuma Sector,Apprehensions,10450
2021-04,2021,Field Operations,"Air, sea and other",Atlanta Field Office,Inadmissibles,1238
2021-04,2021,Field Operations,"Air, sea and other",Baltimore Field Office,Inadmissibles,955
2021-04,2021,Field Operations,"Air, sea and other",Boston Field Office,Inadmissibles,123
2021-04,2021,Field Operations,"Air, sea and other",Chicago Field Office,Inadmissibles,512
2021-04,2021,Field Operations,"Air, sea and other",Detroit Field Office,Inadmissibles,30
2021-04,2021,Field Operations,"Air, sea and other",Houston Field Office,Inadmissibles,4703
2021-04,2021,Field Operations,"Air, sea and other",Laredo Field Office,Inadmissibles,486
2021-04,2021,Field Operations,"Air, sea and other",Los Angeles Field Office,Inadmissibles,1247
2021-04,2021,Field Operations,"Air, sea and other",Miami Field Office,Inadmissibles,829
2021-04,2021,Field Operations,"Air, sea and other",New Orleans Field Office,Inadmissibles,1878
2021-04,2021,Field Operations,"Air, sea and other",New York Field Office,Inadmissibles,1331
2021-04,2021,Field Operations,"Air, sea and other",Portland Field Office,Inadmissibles,178
2021-04,2021,Field Operations,"Air, sea and other",Preclearance Field Office,Inadmissibles,416
2021-04,2021,Field Operations,"Air, sea and other",San Diego Field Office,Inadmissibles,48
2021-04,2021,Field Operations,"Air, sea and other",San Francisco Field Office,Inadmissibles,746
2021-04,2021,Field Operations,"Air, sea and other",San Juan Field Office,Inadmissibles,425
2021-04,2021,Field Operations,"Air, sea and other",Seattle Field Office,Inadmissibles,660
2021-04,2021,Field Operations,"Air, sea and other",Tampa Field Office,Inadmissibles,201
2021-04,2021,Field Operations,"Air, sea and other",Tucson Field Office,Inadmissibles,7
2021-04,2021,Field Operations,Northern border,Boston Field Office,Inadmissibles,47
2021-04,2021,Field Operations,Northern border,Buffalo Field Office,Inadmissibles,341
2021-04,2021,Field Operations,Northern border,Detroit Field Office,Inadmissibles,118
2021-04,2021,Field Operations,Northern border,Seattle Field Office,Inadmissibles,384
2021-04,2021,Field Operations,Southwest border,El Paso Field Office,Inadmissibles,518
2021-04,2021,Field Operations,Southwest border,Laredo Field Office,Inadmissibles,658
2021-04,2021,Field Operations,Southwest border,San Diego Field Office,Inadmissibles,1908
2021-04,2021,Field Operations,Southwest border,Tucson Field Office,Inadmissibles,261
2021-05,2021,Border Patrol,"Air, sea and other",Miami Sector,Apprehensions,148
2021-05,2021,Border Patrol,"Air, sea and other",New Orleans Sector,Apprehensions,4
2021-05,2021,Border Patrol,"Air, sea and other",Ramey Sector,Apprehensions,87
2021-05,2021,Border Patrol,Northern border,Blaine Sector,Apprehensions,1
2021-05,2021,Border Patrol,Northern border,Buffalo Sector,Apprehensions,1
2021-05,2021,Border Patrol,Northern border,Detroit Sector,Apprehensions,4
2021-05,2021,Border Patrol,Northern border,Grand Forks Sector,Apprehensions,12
2021-05,2021,Border Patrol,Northern border,Spokane Sector,Apprehensions,1
2021-05,2021,Border Patrol,Northern border,Swanton Sector,Apprehensions,8
2021-05,2021,Border Patrol,Southwest border,Big Bend Sector,Apprehensions,480
2021-05,2021,Border Patrol,Southwest border,Del Rio Sector,Apprehensions,11850
2021-05,2021,Border Patrol,Southwest border,El Centro Sector,Apprehensions,2196
2021-05,2021,Border Patrol,Southwest border,El Paso Sector,Apprehensions,3344
2021-05,2021,Border Patrol,Southwest border,Laredo Sector,Apprehensions,1209
2021-05,2021,Border Patrol,Southwest border,Rio Grande Valley Sector,Apprehensions,26539
2021-05,2021,Border Patrol,Southwest border,San Diego Sector,Apprehensions,2878
2021-05,2021,Border Patrol,Southwest border,Tucson Sector,Apprehensions,3380
2021-05,2021,Border Patrol,Southwest border,Yuma Sector,Apprehensions,9289
2021-05,2021,Field Operations,"Air, sea and other",Atlanta Field Office,Inadmissibles,1169
2021-05,2021,Field Operations,"Air, sea and other",Baltimore Field Office,Inadmissibles,1061
2021-05,2021,Field Operations,"Air, sea and other",Boston Field Office,Inadmissibles,259
2021-05,2021,Field Operations,"Air, sea and other",Buffalo Field Office,Inadmissibles,26
2021-05,2021,Field Operations,"Air, sea and other",Chicago Field Office,Inadmissibles,413
2021-05,2021,Field Operations,"Air, sea and other",Detroit Field Office,Inadmissibles,34
2021-05,2021,Field Operations,"Air, sea and other",Houston Field Office,Inadmissibles,4804
2021-05,2021,Field Operations,"Air, sea and other",Laredo Field Office,Inadmissibles,112
2021-05,2021,Field Operations,"Air, sea and other",Los Angeles Field Office,Inadmissibles,1225
2021-05,2021,Field Operations,"Air, sea and other",Miami Field Office,Inadmissibles,1026
2021-05,2021,Field Operations,"Air, sea and other",New Orleans Field Office,Inadmissibles,1904
2021-05,2021,Field Operations,"Air, sea and other",New York Field Office,Inadmissibles,1213
2021-05,2021,Field Operations,"Air, sea and other",Portland Field Office,Inadmissibles,184
2021-05,2021,Field Operations,"Air, sea and other",Preclearance Field Office,Inadmissibles,496
2021-05,2021,Field Operations,"Air, sea and other",San Diego Field Office,Inadmissibles,129
2021-05,2021,Field Operations,"Air, sea and other",San Francisco Field Office,Inadmissibles,761
2021-05,2021,Field Operations,"Air, sea and other",San Juan Field Office,Inadmissibles,356
2021-05,2021,Field Operations,"Air, sea and other",Seattle Field Office,Inadmissibles,736
2021-05,2021,Field Operations,"Air, sea and other",Tampa Field Office,Inadmissibles,254
2021-05,2021,Field Operations,"Air, sea and other",Tucson Field Office,Inadmissibles,12
2021-05,2021,Field Operations,Northern border,Boston Field Office,Inadmissibles,30
2021-05,2021,Field Operations,Northern border,Buffalo Field Office,Inadmissibles,403
2021-05,2021,Field Operations,Northern border,Detroit Field Office,Inadmissibles,185
2021-05,2021,Field Operations,Northern border,Seattle Field Office,Inadmissibles,411
2021-05,2021,Field Operations,Southwest border,El Paso Field Office,Inadmissibles,973
2021-05,2021,Field Operations,Southwest border,Laredo Field Office,Inadmissibles,1735
2021-05,2021,Field Operations,Southwest border,San Diego Field Office,Inadmissibles,2877
2021-05,2021,Field Operations,Southwest border,Tucson Field Office,Inadmissibles,455
2021-06,2021,Border Patrol,"Air, sea and other",Miami Sector,Apprehensions,97
2021-06,2021,Border Patrol,"Air, sea and other",New Orleans Sector,Apprehensions,19
2021-06,2021,Border Patrol,"Air, sea and other",Ramey Sector,Apprehensions,39
2021-06,2021,Border Patrol,Northern border,Blaine Sector,Apprehensions,2
2021-06,2021,Border Patrol,Northern border,Buffalo Sector,Apprehensions,12
2021-06,2021,Border Patrol,Northern border,Detroit Sector,Apprehensions,1
2021-06,2021,Border Patrol,Northern border,Grand Forks Sector,Apprehensions,3
2021-06,2021,Border Patrol,Northern border,Havre Sector,Apprehensions,1
2021-06,2021,Border Patrol,Northern border,Houlton Sector,Apprehensions,6
2021-06,2021,Border Patrol,Northern border,Spokane Sector,Apprehensions,1
2021-06,2021,Border Patrol,Northern border,Swanton Sector,Apprehensions,5
2021-06,2021,Border Patrol,Southwest border,Big Bend Sector,Apprehensions,430
2021-06,2021,Border Patrol,Southwest border,Del Rio Sector,Apprehensions,15676
2021-06,2021,Border Patrol,Southwest border,El Centro Sector,Apprehensions,1143
2021-06,2021,Border Patrol,Southwest border,El Paso Sector,Apprehensions,3679
2021-06,2021,Border Patrol,Southwest border,Laredo Sector,Apprehensions,994
2021-06,2021,Border Patrol,Southwest border,Rio Grande Valley Sector,Apprehensions,37433
2021-06,2021,Border Patrol,Southwest border,San Diego Sector,Apprehensions,2843
2021-06,2021,Border Patrol,Southwest border,Tucson Sector,Apprehensions,3457
2021-06,2021,Border Patrol,Southwest border,Yuma Sector,Apprehensions,9959
2021-06,2021,Field Operations,"Air, sea and other",Atlanta Field Office,Inadmissibles,956
2021-06,2021,Field Operations,"Air, sea and other",Baltimore Field Office,Inadmissibles,1048
2021-06,2021,Field Operations,"Air, sea and other",Boston Field Office,Inadmissibles,441
2021-06,2021,Field Operations,"Air, sea and other",Buffalo Field Office,Inadmissibles,16
2021-06,2021,Field Operations,"Air, sea and other",Chicago Field Office,Inadmissibles,447
2021-06,2021,Field Operations,"Air, sea and other",Detroit Field Office,Inadmissibles,40
2021-06,2021,Field Operations,"Air, sea and other",Houston Field Office,Inadmissibles,4722
2021-06,2021,Field Operations,"Air, sea and other",Laredo Field Office,Inadmissibles,121
2021-06,2021,Field Operations,"Air, sea and other",Los Angeles Field Office,Inadmissibles,1457
2021-06,2021,Field Operations,"Air, sea and other",Miami Field Office,Inadmissibles,1413
2021-06,2021,Field Operations,"Air, sea and other",New Orleans Field Office,Inadmissibles,1479
2021-06,2021,Field Operations,"Air, sea and other",New York Field Office,Inadmissibles,1623
2021-06,2021,Field Operations,"Air, sea and other",Portland Field Office,Inadmissibles,145
2021-06,2021,Field Operations,"Air, sea and other",Preclearance Field Office,Inadmissibles,552
2021-06,2021,Field Operations,"Air, sea and other",San Diego Field Office,Inadmissibles,123
2021-06,2021,Field Operations,"Air, sea and other",San Francisco Field Office,Inadmissibles,783
2021-06,2021,Field Operations,"Air, sea and other",San Juan Field Office,Inadmissibles,431
2021-06,2021,Field Operations,"Air, sea and other",Seattle Field Office,Inadmissibles,674
2021-06,2021,Field Operations,"Air, sea and other",Tampa Field Office,Inadmissibles,271
2021-06,2021,Field Operations,"Air, sea and other",Tucson Field Office,Inadmissibles,11
2021-06,2021,Field Operations,Northern border,Boston Field Office,Inadmissibles,72
2021-06,2021,Field Operations,Northern border,Buffalo Field Office,Inadmissibles,521
2021-06,2021,Field Operations,Northern border,Detroit Field Office,Inadmissibles,160
2021-06,2021,Field Operations,Northern border,Portland Field Office,Inadmissibles,3
2021-06,2021,Field Operations,Northern border,Seattle Field Office,Inadmissibles,568
2021-06,2021,Field Operations,Southwest border,El Paso Field Office,Inadmissibles,1379
2021-06,2021,Field Operations,Southwest border,Laredo Field Office,Inadmissibles,2628
2021-06,2021,Field Operations,Southwest border,San Diego Field Office,Inadmissibles,3648
2021-06,2021,Field Operations,Southwest border,Tucson Field Office,Inadmissibles,837
2021-07,2021,Border Patrol,"Air, sea and other",Miami Sector,Apprehensions,34
2021-07,2021,Border Patrol,"Air, sea and other",New Orleans Sector,Apprehensions,30
2021-07,2021,Border Patrol,"Air, sea and other",Ramey Sector,Apprehensions,54
2021-07,2021,Border Patrol,Northern border,Blaine Sector,Apprehensions,1
2021-07,2021,Border Patrol,Northern border,Buffalo Sector,Apprehensions,1
2021-07,2021,Border Patrol,Northern border,Detroit Sector,Apprehensions,1
2021-07,2021,Border Patrol,Northern border,Grand Forks Sector,Apprehensions,4
2021-07,2021,Border Patrol,Northern border,Havre Sector,Apprehensions,3
2021-07,2021,Border Patrol,Northern border,Houlton Sector,Apprehensions,3
2021-07,2021,Border Patrol,Northern border,Spokane Sector,Apprehensions,10
2021-07,2021,Border Patrol,Northern border,Swanton Sector,Apprehensions,8
2021-07,2021,Border Patrol,Southwest border,Big Bend Sector,Apprehensions,386
2021-07,2021,Border Patrol,Southwest border,Del Rio Sector,Apprehensions,18677
2021-07,2021,Border Patrol,Southwest border,El Centro Sector,Apprehensions,834
2021-07,2021,Border Patrol,Southwest border,El Paso Sector,Apprehensions,3777
2021-07,2021,Border Patrol,Southwest border,Laredo Sector,Apprehensions,861
2021-07,2021,Border Patrol,Southwest border,Rio Grande Valley Sector,Apprehensions,60659
2021-07,2021,Border Patrol,Southwest border,San Diego Sector,Apprehensions,4232
2021-07,2021,Border Patrol,Southwest border,Tucson Sector,Apprehensions,3949
2021-07,2021,Border Patrol,Southwest border,Yuma Sector,Apprehensions,13068
2021-07,2021,Field Operations,"Air, sea and other",Atlanta Field Office,Inadmissibles,1069
2021-07,2021,Field Operations,"Air, sea and other",Baltimore Field Office,Inadmissibles,1028
2021-07,2021,Field Operations,"Air, sea and other",Boston Field Office,Inadmissibles,305
2021-07,2021,Field Operations,"Air, sea and other",Buffalo Field Office,Inadmissibles,17
2021-07,2021,Field Operations,"Air, sea and other",Chicago Field Office,Inadmissibles,410
2021-07,2021,Field Operations,"Air, sea and other",Detroit Field Office,Inadmissibles,46
2021-07,2021,Field Operations,"Air, sea and other",Houston Field Office,Inadmissibles,4879
2021-07,2021,Field Operations,"Air, sea and other",Laredo Field Office,Inadmissibles,109
2021-07,2021,Field Operations,"Air, sea and other",Los Angeles Field Office,Inadmissibles,1493
2021-07,2021,Field Operations,"Air, sea and other",Miami Field Office,Inadmissibles,929
2021-07,2021,Field Operations,"Air, sea and other",New Orleans Field Office,Inadmissibles,1798
2021-07,2021,Field Operations,"Air, sea and other",New York Field Office,Inadmissibles,1352
2021-07,2021,Field Operations,"Air, sea and other",Portland Field Office,Inadmissibles,358
2021-07,2021,Field Operations,"Air, sea and other",Preclearance Field Office,Inadmissibles,831
2021-07,2021,Field Operations,"Air, sea and other",San Diego Field Office,Inadmissibles,78
2021-07,2021,Field Operations,"Air, sea and other",San Francisco Field Office,Inadmissibles,685
2021-07,2021,Field Operations,"Air, sea and other",San Juan Field Office,Inadmissibles,401
2021-07,2021,Field Operations,"Air, sea and other",Seattle Field Office,Inadmissibles,777
2021-07,2021,Field Operations,"Air, sea and other",Tampa Field Office,Inadmissibles,266
2021-07,2021,Field Operations,"Air, sea and other",Tucson Field Office,Inadmissibles,18
2021-07,2021,Field Operations,Northern border,Boston Field Office,Inadmissibles,762
2021-07,2021,Field Operations,Northern border,Buffalo Field Office,Inadmissibles,858
2021-07,2021,Field Operations,Northern border,Detroit Field Office,Inadmissibles,207
2021-07,2021,Field Operations,Northern border,Portland Field Office,Inadmissibles,3
2021-07,2021,Field Operations,Northern border,Seattle Field Office,Inadmissibles,729
2021-07,2021,Field Operations,Southwest border,El Paso Field Office,Inadmissibles,1322
2021-07,2021,Field Operations,Southwest border,Laredo Field Office,Inadmissibles,4370
2021-07,2021,Field Operations,Southwest border,San Diego Field Office,Inadmissibles,4164
2021-07,2021,Field Operations,Southwest border,Tucson Field Office,Inadmissibles,1042
2021-08,2021,Border Patrol,"Air, sea and other",Miami Sector,Apprehensions,116
2021-08,2021,Border Patrol,"Air, sea and other",New Orleans Sector,Apprehensions,16
2021-08,2021,Border Patrol,"Air, sea and other",Ramey Sector,Apprehensions,100
2021-08,2021,Border Patrol,Northern border,Blaine Sector,Apprehensions,4
2021-08,2021,Border Patrol,Northern border,Buffalo Sector,Apprehensions,2
2021-08,2021,Border Patrol,Northern border,Detroit Sector,Apprehensions,1
2021-08,2021,Border Patrol,Northern border,Grand Forks Sector,Apprehensions,1
2021-08,2021,Border Patrol,Northern border,Houlton Sector,Apprehensions,6
2021-08,2021,Border Patrol,Northern border,Spokane Sector,Apprehensions,3
2021-08,2021,Border Patrol,Northern border,Swanton Sector,Apprehensions,5
2021-08,2021,Border Patrol,Southwest border,Big Bend Sector,Apprehensions,248
2021-08,2021,Border Patrol,Southwest border,Del Rio Sector,Apprehensions,21230
2021-08,2021,Border Patrol,Southwest border,El Centro Sector,Apprehensions,779
2021-08,2021,Border Patrol,Southwest border,El Paso Sector,Apprehensions,2987
2021-08,2021,Border Patrol,Southwest border,Laredo Sector,Apprehensions,737
2021-08,2021,Border Patrol,Southwest border,Rio Grande Valley Sector,Apprehensions,53626
2021-08,2021,Border Patrol,Southwest border,San Diego Sector,Apprehensions,4416
2021-08,2021,Border Patrol,Southwest border,Tucson Sector,Apprehensions,3585
2021-08,2021,Border Patrol,Southwest border,Yuma Sector,Apprehensions,15789
2021-08,2021,Field Operations,"Air, sea and other",Atlanta Field Office,Inadmissibles,1245
2021-08,2021,Field Operations,"Air, sea and other",Baltimore Field Office,Inadmissibles,1763
2021-08,2021,Field Operations,"Air, sea and other",Boston Field Office,Inadmissibles,244
2021-08,2021,Field Operations,"Air, sea and other",Buffalo Field Office,Inadmissibles,1
2021-08,2021,Field Operations,"Air, sea and other",Chicago Field Office,Inadmissibles,346
2021-08,2021,Field Operations,"Air, sea and other",Detroit Field Office,Inadmissibles,40
2021-08,2021,Field Operations,"Air, sea and other",Houston Field Office,Inadmissibles,4789
2021-08,2021,Field Operations,"Air, sea and other",Laredo Field Office,Inadmissibles,170
2021-08,2021,Field Operations,"Air, sea and other",Los Angeles Field Office,Inadmissibles,1439
2021-08,2021,Field Operations,"Air, sea and other",Miami Field Office,Inadmissibles,1021
2021-08,2021,Field Operations,"Air, sea and other",New Orleans Field Office,Inadmissibles,1428
2021-08,2021,Field Operations,"Air, sea and other",New York Field Office,Inadmissibles,1307
2021-08,2021,Field Operations,"Air, sea and other",Portland Field Office,Inadmissibles,203
2021-08,2021,Field Operations,"Air, sea and other",Preclearance Field Office,Inadmissibles,707
2021-08,2021,Field Operations,"Air, sea and other",San Diego Field Office,Inadmissibles,66
2021-08,2021,Field Operations,"Air, sea and other",San Francisco Field Office,Inadmissibles,687
2021-08,2021,Field Operations,"Air, sea and other",San Juan Field Office,Inadmissibles,336
2021-08,2021,Field Operations,"Air, sea and other",Seattle Field Office,Inadmissibles,641
2021-08,2021,Field Operations,"Air, sea and other",Tampa Field Office,Inadmissibles,269
2021-08,2021,Field Operations,"Air, sea and other",Tucson Field Office,Inadmissibles,13
2021-08,2021,Field Operations,Northern border,Boston Field Office,Inadmissibles,998
2021-08,2021,Field Operations,Northern border,Buffalo Field Office,Inadmissibles,1054
2021-08,2021,Field Operations,Northern border,Detroit Field Office,Inadmissibles,423
2021-08,2021,Field Operations,Northern border,Portland Field Office,Inadmissibles,6
2021-08,2021,Field Operations,Northern border,Seattle Field Office,Inadmissibles,798
2021-08,2021,Field Operations,Southwest border,El Paso Field Office,Inadmissibles,1495
2021-08,2021,Field Operations,Southwest border,Laredo Field Office,Inadmissibles,4087
2021-08,2021,Field Operations,Southwest border,San Diego Field Office,Inadmissibles,4640
2021-08,2021,Field Operations,Southwest border,Tucson Field Office,Inadmissibles,814
2021-09,2021,Border Patrol,"Air, sea and other",Miami Sector,Apprehensions,115
2021-09,2021,Border Patrol,"Air, sea and other",New Orleans Sector,Apprehensions,68
2021-09,2021,Border Patrol,"Air, sea and other",Ramey Sector,Apprehensions,208
2021-09,2021,Border Patrol,Northern border,Buffalo Sector,Apprehensions,11
2021-09,2021,Border Patrol,Northern border,Detroit Sector,Apprehensions,10
2021-09,2021,Border Patrol,Northern border,Grand Forks Sector,Apprehensions,2
2021-09,2021,Border Patrol,Northern border,Houlton Sector,Apprehensions,2
2021-09,2021,Border Patrol,Northern border,Spokane Sector,Apprehensions,1
2021-09,2021,Border Patrol,Northern border,Swanton Sector,Apprehensions,9
2021-09,2021,Border Patrol,Southwest border,Big Bend Sector,Apprehensions,282
2021-09,2021,Border Patrol,Southwest border,Del Rio Sector,Apprehensions,24824
2021-09,2021,Border Patrol,Southwest border,El Centro Sector,Apprehensions,996
2021-09,2021,Border Patrol,Southwest border,El Paso Sector,Apprehensions,2761
2021-09,2021,Border Patrol,Southwest border,Laredo Sector,Apprehensions,700
2021-09,2021,Border Patrol,Southwest border,Rio Grande Valley Sector,Apprehensions,28519
2021-09,2021,Border Patrol,Southwest border,San Diego Sector,Apprehensions,3010
2021-09,2021,Border Patrol,Southwest border,Tucson Sector,Apprehensions,3306
2021-09,2021,Border Patrol,Southwest border,Yuma Sector,Apprehensions,20559
2021-09,2021,Field Operations,"Air, sea and other",Atlanta Field Office,Inadmissibles,1297
2021-09,2021,Field Operations,"Air, sea and other",Baltimore Field Office,Inadmissibles,1554
2021-09,2021,Field Operations,"Air, sea and other",Boston Field Office,Inadmissibles,268
2021-09,2021,Field Operations,"Air, sea and other",Chicago Field Office,Inadmissibles,481
2021-09,2021,Field Operations,"Air, sea and other",Detroit Field Office,Inadmissibles,53
2021-09,2021,Field Operations,"Air, sea and other",Houston Field Office,Inadmissibles,4808
2021-09,2021,Field Operations,"Air, sea and other",Laredo Field Office,Inadmissibles,300
2021-09,2021,Field Operations,"Air, sea and other",Los Angeles Field Office,Inadmissibles,1393
2021-09,2021,Field Operations,"Air, sea and other",Miami Field Office,Inadmissibles,1010
2021-09,2021,Field Operations,"Air, sea and other",New Orleans Field Office,Inadmissibles,1475
2021-09,2021,Field Operations,"Air, sea and other",New York Field Office,Inadmissibles,1629
2021-09,2021,Field Operations,"Air, sea and other",Portland Field Office,Inadmissibles,209
2021-09,2021,Field Operations,"Air, sea and other",Preclearance Field Office,Inadmissibles,729
2021-09,2021,Field Operations,"Air, sea and other",San Diego Field Office,Inadmissibles,49
2021-09,2021,Field Operations,"Air, sea and other",San Francisco Field Office,Inadmissibles,723
2021-09,2021,Field Operations,"Air, sea and other",San Juan Field Office,Inadmissibles,646
2021-09,2021,Field Operations,"Air, sea and other",Seattle Field Office,Inadmissibles,551
2021-09,2021,Field Operations,"Air, sea and other",Tampa Field Office,Inadmissibles,346
2021-09,2021,Field Operations,"Air, sea and other",Tucson Field Office,Inadmissibles,11
2021-09,2021,Field Operations,Northern border,Boston Field Office,Inadmissibles,711
2021-09,2021,Field Operations,Northern border,Buffalo Field Office,Inadmissibles,883
2021-09,2021,Field Operations,Northern border,Detroit Field Office,Inadmissibles,356
2021-09,2021,Field Operations,Northern border,Portland Field Office,Inadmissibles,3
2021-09,2021,Field Operations,Northern border,Seattle Field Office,Inadmissibles,717
2021-09,2021,Field Operations,Southwest border,El Paso Field Office,Inadmissibles,319
2021-09,2021,Field Operations,Southwest border,Laredo Field Office,Inadmissibles,979
2021-09,2021,Field Operations,Southwest border,San Diego Field Office,Inadmissibles,2896
2021-09,2021,Field Operations,Southwest border,Tucson Field Office,Inadmissibles,177
2021-10,2022,Border Patrol,"Air, sea and other",Miami Sector,Apprehensions,191
2021-10,2022,Border Patrol,"Air, sea and other",New Orleans Sector,Apprehensions,37
2021-10,2022,Border Patrol,"Air, sea and other",Ramey Sector,Apprehensions,212
2021-10,2022,Border Patrol,Northern border,Blaine Sector,Apprehensions,10
2021-10,2022,Border Patrol,Northern border,Buffalo Sector,Apprehensions,8
2021-10,2022,Border Patrol,Northern border,Detroit Sector,Apprehensions,5
2021-10,2022,Border Patrol,Northern border,Houlton Sector,Apprehensions,14
2021-10,2022,Border Patrol,Northern border,Spokane Sector,Apprehensions,3
2021-10,2022,Border Patrol,Northern border,Swanton Sector,Apprehensions,4
2021-10,2022,Border Patrol,Southwest border,Big Bend Sector,Apprehensions,371
2021-10,2022,Border Patrol,Southwest border,Del Rio Sector,Apprehensions,13631
2021-10,2022,Border Patrol,Southwest border,El Centro Sector,Apprehensions,958
2021-10,2022,Border Patrol,Southwest border,El Paso Sector,Apprehensions,2819
2021-10,2022,Border Patrol,Southwest border,Laredo Sector,Apprehensions,603
2021-10,2022,Border Patrol,Southwest border,Rio Grande Valley Sector,Apprehensions,21516
2021-10,2022,Border Patrol,Southwest border,San Diego Sector,Apprehensions,3342
2021-10,2022,Border Patrol,Southwest border,Tucson Sector,Apprehensions,3911
2021-10,2022,Border Patrol,Southwest border,Yuma Sector,Apprehensions,19276
2021-10,2022,Field Operations,"Air, sea and other",Atlanta Field Office,Inadmissibles,1288
2021-10,2022,Field Operations,"Air, sea and other",Baltimore Field Office,Inadmissibles,1244
2021-10,2022,Field Operations,"Air, sea and other",Boston Field Office,Inadmissibles,253
2021-10,2022,Field Operations,"Air, sea and other",Buffalo Field Office,Inadmissibles,4
2021-10,2022,Field Operations,"Air, sea and other",Chicago Field Office,Inadmissibles,330
2021-10,2022,Field Operations,"Air, sea and other",Detroit Field Office,Inadmissibles,41
2021-10,2022,Field Operations,"Air, sea and other",Houston Field Office,Inadmissibles,4498
2021-10,2022,Field Operations,"Air, sea and other",Laredo Field Office,Inadmissibles,750
2021-10,2022,Field Operations,"Air, sea and other",Los Angeles Field Office,Inadmissibles,1813
2021-10,2022,Field Operations,"Air, sea and other",Miami Field Office,Inadmissibles,952
2021-10,2022,Field Operations,"Air, sea and other",New Orleans Field Office,Inadmissibles,1859
2021-10,2022,Field Operations,"Air, sea and other",New York Field Office,Inadmissibles,1536
2021-10,2022,Field Operations,"Air, sea and other",Portland Field Office,Inadmissibles,138
2021-10,2022,Field Operations,"Air, sea and other",Preclearance Field Office,Inadmissibles,830
2021-10,2022,Field Operations,"Air, sea and other",San Diego Field Office,Inadmissibles,115
2021-10,2022,Field Operations,"Air, sea and other",San Francisco Field Office,Inadmissibles,784
2021-10,2022,Field Operations,"Air, sea and other",San Juan Field Office,Inadmissibles,542
2021-10,2022,Field Operations,"Air, sea and other",Seattle Field Office,Inadmissibles,845
2021-10,2022,Field Operations,"Air, sea and other",Tampa Field Office,Inadmissibles,308
2021-10,2022,Field Operations,"Air, sea and other",Tucson Field Office,Inadmissibles,1
2021-10,2022,Field Operations,Northern border,Boston Field Office,Inadmissibles,1012
2021-10,2022,Field Operations,Northern border,Buffalo Field Office,Inadmissibles,860
2021-10,2022,Field Operations,Northern border,Detroit Field Office,Inadmissibles,170
2021-10,2022,Field Operations,Northern border,Portland Field Office,Inadmissibles,2
2021-10,2022,Field Operations,Northern border,Seattle Field Office,Inadmissibles,712
2021-10,2022,Field Operations,Southwest border,El Paso Field Office,Inadmissibles,232
2021-10,2022,Field Operations,Southwest border,Laredo Field Office,Inadmissibles,575
2021-10,2022,Field Operations,Southwest border,San Diego Field Office,Inadmissibles,2879
2021-10,2022,Field Operations,Southwest border,Tucson Field Office,Inadmissibles,201
2021-11,2022,Border Patrol,"Air, sea and other",Miami Sector,Apprehensions,145
2021-11,2022,Border Patrol,"Air, sea and other",New Orleans Sector,Apprehensions,14
2021-11,2022,Border Patrol,"Air, sea and other",Ramey Sector,Apprehensions,175
2021-11,2022,Border Patrol,Northern border,Blaine Sector,Apprehensions,1
2021-11,2022,Border Patrol,Northern border,Buffalo Sector,Apprehensions,5
2021-11,2022,Border Patrol,Northern border,Detroit Sector,Apprehensions,5
2021-11,2022,Border Patrol,Northern border,Grand Forks Sector,Apprehensions,1
2021-11,2022,Border Patrol,Northern border,Havre Sector,Apprehensions,4
2021-11,2022,Border Patrol,Northern border,Houlton Sector,Apprehensions,6
2021-11,2022,Border Patrol,Northern border,Spokane Sector,Apprehensions,3
2021-11,2022,Border Patrol,Northern border,Swanton Sector,Apprehensions,8
2021-11,2022,Border Patrol,Southwest border,Big Bend Sector,Apprehensions,510
2021-11,2022,Border Patrol,Southwest border,Del Rio Sector,Apprehensions,18981
2021-11,2022,Border Patrol,Southwest border,El Centro Sector,Apprehensions,905
2021-11,2022,Border Patrol,Southwest border,El Paso Sector,Apprehensions,4562
2021-11,2022,Border Patrol,Southwest border,Laredo Sector,Apprehensions,717
2021-11,2022,Border Patrol,Southwest border,Rio Grande Valley Sector,Apprehensions,25397
2021-11,2022,Border Patrol,Southwest border,San Diego Sector,Apprehensions,3993
2021-11,2022,Border Patrol,Southwest border,Tucson Sector,Apprehensions,3837
2021-11,2022,Border Patrol,Southwest border,Yuma Sector,Apprehensions,20263
2021-11,2022,Field Operations,"Air, sea and other",Atlanta Field Office,Inadmissibles,1224
2021-11,2022,Field Operations,"Air, sea and other",Baltimore Field Office,Inadmissibles,1162
2021-11,2022,Field Operations,"Air, sea and other",Boston Field Office,Inadmissibles,307
2021-11,2022,Field Operations,"Air, sea and other",Chicago Field Office,Inadmissibles,443
2021-11,2022,Field Operations,"Air, sea and other",Detroit Field Office,Inadmissibles,50
2021-11,2022,Field Operations,"Air, sea and other",El Paso Field Office,Inadmissibles,2
2021-11,2022,Field Operations,"Air, sea and other",Houston Field Office,Inadmissibles,4783
2021-11,2022,Field Operations,"Air, sea and other",Laredo Field Office,Inadmissibles,404
2021-11,2022,Field Operations,"Air, sea and other",Los Angeles Field Office,Inadmissibles,1774
2021-11,2022,Field Operations,"Air, sea and other",Miami Field Office,Inadmissibles,975
2021-11,2022,Field Operations,"Air, sea and other",New Orleans Field Office,Inadmissibles,1838
2021-11,2022,Field Operations,"Air, sea and other",New York Field Office,Inadmissibles,1678
2021-11,2022,Field Operations,"Air, sea and other",Portland Field Office,Inadmissibles,134
2021-11,2022,Field Operations,"Air, sea and other",Preclearance Field Office,Inadmissibles,691
2021-11,2022,Field Operations,"Air, sea and other",San Diego Field Office,Inadmissibles,78
2021-11,2022,Field Operations,"Air, sea and other",San Francisco Field Office,Inadmissibles,689
2021-11,2022,Field Operations,"Air, sea and other",San Juan Field Office,Inadmissibles,664
2021-11,2022,Field Operations,"Air, sea and other",Seattle Field Office,Inadmissibles,757
2021-11,2022,Field Operations,"Air, sea and other",Tampa Field Office,Inadmissibles,315
2021-11,2022,Field Operations,"Air, sea and other",Tucson Field Office,Inadmissibles,8
2021-11,2022,Field Operations,Northern border,Boston Field Office,Inadmissibles,643
2021-11,2022,Field Operations,Northern border,Buffalo Field Office,Inadmissibles,2285
2021-11,2022,Field Operations,Northern border,Detroit Field Office,Inadmissibles,439
2021-11,2022,Field Operations,Northern border,Portland Field Office,Inadmissibles,1
2021-11,2022,Field Operations,Northern border,Seattle Field Office,Inadmissibles,1198
2021-11,2022,Field Operations,Southwest border,El Paso Field Office,Inadmissibles,532
2021-11,2022,Field Operations,Southwest border,Laredo Field Office,Inadmissibles,1007
2021-11,2022,Field Operations,Southwest border,San Diego Field Office,Inadmissibles,3575
2021-11,2022,Field Operations,Southwest border,Tucson Field Office,Inadmissibles,379
2021-12,2022,Border Patrol,"Air, sea and other",Miami Sector,Apprehensions,339
2021-12,2022,Border Patrol,"Air, sea and other",New Orleans Sector,Apprehensions,36
2021-12,2022,Border Patrol,"Air, sea and other",Ramey Sector,Apprehensions,79
2021-12,2022,Border Patrol,Northern border,Blaine Sector,Apprehensions,19
2021-12,2022,Border Patrol,Northern border,Buffalo Sector,Apprehensions,3
2021-12,2022,Border Patrol,Northern border,Detroit Sector,Apprehensions,2
2021-12,2022,Border Patrol,Northern border,Grand Forks Sector,Apprehensions,5
2021-12,2022,Border Patrol,Northern border,Havre Sector,Apprehensions,7
2021-12,2022,Border Patrol,Northern border,Houlton Sector,Apprehensions,7
2021-12,2022,Border Patrol,Northern border,Spokane Sector,Apprehensions,9
2021-12,2022,Border Patrol,Northern border,Swanton Sector,Apprehensions,32
2021-12,2022,Border Patrol,Southwest border,Big Bend Sector,Apprehensions,743
2021-12,2022,Border Patrol,Southwest border,Del Rio Sector,Apprehensions,22469
2021-12,2022,Border Patrol,Southwest border,El Centro Sector,Apprehensions,1436
2021-12,2022,Border Patrol,Southwest border,El Paso Sector,Apprehensions,8028
2021-12,2022,Border Patrol,Southwest border,Laredo Sector,Apprehensions,632
2021-12,2022,Border Patrol,Southwest border,Rio Grande Valley Sector,Apprehensions,24445
2021-12,2022,Border Patrol,Southwest border,San Diego Sector,Apprehensions,4712
2021-12,2022,Border Patrol,Southwest border,Tucson Sector,Apprehensions,2674
2021-12,2022,Border Patrol,Southwest border,Yuma Sector,Apprehensions,25621
2021-12,2022,Field Operations,"Air, sea and other",Atlanta Field Office,Inadmissibles,1186
2021-12,2022,Field Operations,"Air, sea and other",Baltimore Field Office,Inadmissibles,1053
2021-12,2022,Field Operations,"Air, sea and other",Boston Field Office,Inadmissibles,230
2021-12,2022,Field Operations,"Air, sea and other",Buffalo Field Office,Inadmissibles,21
2021-12,2022,Field Operations,"Air, sea and other",Chicago Field Office,Inadmissibles,401
2021-12,2022,Field Operations,"Air, sea and other",Detroit Field Office,Inadmissibles,60
2021-12,2022,Field Operations,"Air, sea and other",Houston Field Office,Inadmissibles,4803
2021-12,2022,Field Operations,"Air, sea and other",Laredo Field Office,Inadmissibles,459
2021-12,2022,Field Operations,"Air, sea and other",Los Angeles Field Office,Inadmissibles,1544
2021-12,2022,Field Operations,"Air, sea and other",Miami Field Office,Inadmissibles,1985
2021-12,2022,Field Operations,"Air, sea and other",New Orleans Field Office,Inadmissibles,1851
2021-12,2022,Field Operations,"Air, sea and other",New York Field Office,Inadmissibles,1560
2021-12,2022,Field Operations,"Air, sea and other",Portland Field Office,Inadmissibles,87
2021-12,2022,Field Operations,"Air, sea and other",Preclearance Field Office,Inadmissibles,602
2021-12,2022,Field Operations,"Air, sea and other",San Diego Field Office,Inadmissibles,183
2021-12,2022,Field Operations,"Air, sea and other",San Francisco Field Office,Inadmissibles,773
2021-12,2022,Field Operations,"Air, sea and other",San Juan Field Office,Inadmissibles,516
2021-12,2022,Field Operations,"Air, sea and other",Seattle Field Office,Inadmissibles,710
2021-12,2022,Field Operations,"Air, sea and other",Tampa Field Office,Inadmissibles,549
2021-12,2022,Field Operations,"Air, sea and other",Tucson Field Office,Inadmissibles,9
2021-12,2022,Field Operations,Northern border,Boston Field Office,Inadmissibles,1620
2021-12,2022,Field Operations,Northern border,Buffalo Field Office,Inadmissibles,2569
2021-12,2022,Field Operations,Northern border,Detroit Field Office,Inadmissibles,636
2021-12,2022,Field Operations,Northern border,Portland Field Office,Inadmissibles,3
2021-12,2022,Field Operations,Northern border,Seattle Field Office,Inadmissibles,1279
2021-12,2022,Field Operations,Southwest border,El Paso Field Office,Inadmissibles,522
2021-12,2022,Field Operations,Southwest border,Laredo Field Office,Inadmissibles,1213
2021-12,2022,Field Operations,Southwest border,San Diego Field Office,Inadmissibles,4272
2021-12,2022,Field Operations,Southwest border,Tucson Field Office,Inadmissibles,333
2022-01,2022,Border Patrol,"Air, sea and other",Miami Sector,Apprehensions,233
2022-01,2022,Border Patrol,"Air, sea and other",New Orleans Sector,Apprehensions,11
2022-01,2022,Border Patrol,"Air, sea and other",Ramey Sector,Apprehensions,314
2022-01,2022,Border Patrol,Northern border,Blaine Sector,Apprehensions,22
2022-01,2022,Border Patrol,Northern border,Buffalo Sector,Apprehensions,3
2022-01,2022,Border Patrol,Northern border,Detroit Sector,Apprehensions,2
2022-01,2022,Border Patrol,Northern border,Grand Forks Sector,Apprehensions,8
2022-01,2022,Border Patrol,Northern border,Houlton Sector,Apprehensions,4
2022-01,2022,Border Patrol,Northern border,Spokane Sector,Apprehensions,8
2022-01,2022,Border Patrol,Northern border,Swanton Sector,Apprehensions,14
2022-01,2022,Border Patrol,Southwest border,Big Bend Sector,Apprehensions,391
2022-01,2022,Border Patrol,Southwest border,Del Rio Sector,Apprehensions,19384
2022-01,2022,Border Patrol,Southwest border,El Centro Sector,Apprehensions,2130
2022-01,2022,Border Patrol,Southwest border,El Paso Sector,Apprehensions,6452
2022-01,2022,Border Patrol,Southwest border,Laredo Sector,Apprehensions,585
2022-01,2022,Border Patrol,Southwest border,Rio Grande Valley Sector,Apprehensions,15529
2022-01,2022,Border Patrol,Southwest border,San Diego Sector,Apprehensions,2782
2022-01,2022,Border Patrol,Southwest border,Tucson Sector,Apprehensions,2182
2022-01,2022,Border Patrol,Southwest border,Yuma Sector,Apprehensions,20917
2022-01,2022,Field Operations,"Air, sea and other",Atlanta Field Office,Inadmissibles,1501
2022-01,2022,Field Operations,"Air, sea and other",Baltimore Field Office,Inadmissibles,1457
2022-01,2022,Field Operations,"Air, sea and other",Boston Field Office,Inadmissibles,318
2022-01,2022,Field Operations,"Air, sea and other",Chicago Field Office,Inadmissibles,312
2022-01,2022,Field Operations,"Air, sea and other",Detroit Field Office,Inadmissibles,51
2022-01,2022,Field Operations,"Air, sea and other",El Paso Field Office,Inadmissibles,3
2022-01,2022,Field Operations,"Air, sea and other",Houston Field Office,Inadmissibles,5415
2022-01,2022,Field Operations,"Air, sea and other",Laredo Field Office,Inadmissibles,357
2022-01,2022,Field Operations,"Air, sea and other",Los Angeles Field Office,Inadmissibles,1766
2022-01,2022,Field Operations,"Air, sea and other",Miami Field Office,Inadmissibles,4422
2022-01,2022,Field Operations,"Air, sea and other",New Orleans Field Office,Inadmissibles,2829
2022-01,2022,Field Operations,"Air, sea and other",New York Field Office,Inadmissibles,1242
2022-01,2022,Field Operations,"Air, sea and other",Portland Field Office,Inadmissibles,91
2022-01,2022,Field Operations,"Air, sea and other",Preclearance Field Office,Inadmissibles,537
2022-01,2022,Field Operations,"Air, sea and other",San Diego Field Office,Inadmissibles,169
2022-01,2022,Field Operations,"Air, sea and other",San Francisco Field Office,Inadmissibles,721
2022-01,2022,Field Operations,"Air, sea and other",San Juan Field Office,Inadmissibles,554
2022-01,2022,Field Operations,"Air, sea and other",Seattle Field Office,Inadmissibles,773
2022-01,2022,Field Operations,"Air, sea and other",Tampa Field Office,Inadmissibles,1456
2022-01,2022,Field Operations,"Air, sea and other",Tucson Field Office,Inadmissibles,5
2022-01,2022,Field Operations,Northern border,Boston Field Office,Inadmissibles,2411
2022-01,2022,Field Operations,Northern border,Buffalo Field Office,Inadmissibles,2061
2022-01,2022,Field Operations,Northern border,Detroit Field Office,Inadmissibles,315
2022-01,2022,Field Operations,Northern border,Portland Field Office,Inadmissibles,1
2022-01,2022,Field Operations,Northern border,Seattle Field Office,Inadmissibles,1385
2022-01,2022,Field Operations,Southwest border,El Paso Field Office,Inadmissibles,608
2022-01,2022,Field Operations,Southwest border,Laredo Field Office,Inadmissibles,1513
2022-01,2022,Field Operations,Southwest border,San Diego Field Office,Inadmissibles,2357
2022-01,2022,Field Operations,Southwest border,Tucson Field Office,Inadmissibles,329
2022-02,2022,Border Patrol,"Air, sea and other",Miami Sector,Apprehensions,55
2022-02,2022,Border Patrol,"Air, sea and other",New Orleans Sector,Apprehensions,37
2022-02,2022,Border Patrol,"Air, sea and other",Ramey Sector,Apprehensions,135
2022-02,2022,Border Patrol,Northern border,Blaine Sector,Apprehensions,12
2022-02,2022,Border Patrol,Northern border,Buffalo Sector,Apprehensions,3
2022-02,2022,Border Patrol,Northern border,Grand Forks Sector,Apprehensions,3
2022-02,2022,Border Patrol,Northern border,Havre Sector,Apprehensions,1
2022-02,2022,Border Patrol,Northern border,Houlton Sector,Apprehensions,23
2022-02,2022,Border Patrol,Northern border,Spokane Sector,Apprehensions,7
2022-02,2022,Border Patrol,Northern border,Swanton Sector,Apprehensions,21
2022-02,2022,Border Patrol,Southwest border,Big Bend Sector,Apprehensions,580
2022-02,2022,Border Patrol,Southwest border,Del Rio Sector,Apprehensions,14733
2022-02,2022,Border Patrol,Southwest border,El Centro Sector,Apprehensions,2153
2022-02,2022,Border Patrol,Southwest border,El Paso Sector,Apprehensions,8488
2022-02,2022,Border Patrol,Southwest border,Laredo Sector,Apprehensions,761
2022-02,2022,Border Patrol,Southwest border,Rio Grande Valley Sector,Apprehensions,17144
2022-02,2022,Border Patrol,Southwest border,San Diego Sector,Apprehensions,2835
2022-02,2022,Border Patrol,Southwest border,Tucson Sector,Apprehensions,3462
2022-02,2022,Border Patrol,Southwest border,Yuma Sector,Apprehensions,18132
2022-02,2022,Field Operations,"Air, sea and other",Atlanta Field Office,Inadmissibles,813
2022-02,2022,Field Operations,"Air, sea and other",Baltimore Field Office,Inadmissibles,1353
2022-02,2022,Field Operations,"Air, sea and other",Boston Field Office,Inadmissibles,289
2022-02,2022,Field Operations,"Air, sea and other",Chicago Field Office,Inadmissibles,330
2022-02,2022,Field Operations,"Air, sea and other",Detroit Field Office,Inadmissibles,55
2022-02,2022,Field Operations,"Air, sea and other",El Paso Field Office,Inadmissibles,3
2022-02,2022,Field Operations,"Air, sea and other",Houston Field Office,Inadmissibles,5165
2022-02,2022,Field Operations,"Air, sea and other",Laredo Field Office,Inadmissibles,235
2022-02,2022,Field Operations,"Air, sea and other",Los Angeles Field Office,Inadmissibles,1564
2022-02,2022,Field Operations,"Air, sea and other",Miami Field Office,Inadmissibles,1717
2022-02,2022,Field Operations,"Air, sea and other",New Orleans Field Office,Inadmissibles,1735
2022-02,2022,Field Operations,"Air, sea and other",New York Field Office,Inadmissibles,1148
2022-02,2022,Field Operations,"Air, sea and other",Portland Field Office,Inadmissibles,123
2022-02,2022,Field Operations,"Air, sea and other",Preclearance Field Office,Inadmissibles,590
2022-02,2022,Field Operations,"Air, sea and other",San Diego Field Office,Inadmissibles,192
2022-02,2022,Field Operations,"Air, sea and other",San Francisco Field Office,Inadmissibles,835
2022-02,2022,Field Operations,"Air, sea and other",San Juan Field Office,Inadmissibles,564
2022-02,2022,Field Operations,"Air, sea and other",Seattle Field Office,Inadmissibles,755
2022-02,2022,Field Operations,"Air, sea and other",Tampa Field Office,Inadmissibles,679
2022-02,2022,Field Operations,"Air, sea and other",Tucson Field Office,Inadmissibles,2
2022-02,2022,Field Operations,Northern border,Boston Field Office,Inadmissibles,1056
2022-02,2022,Field Operations,Northern border,Buffalo Field Office,Inadmissibles,1896
2022-02,2022,Field Operations,Northern border,Detroit Field Office,Inadmissibles,298
2022-02,2022,Field Operations,Northern border,Portland Field Office,Inadmissibles,3
2022-02,2022,Field Operations,Northern border,Seattle Field Office,Inadmissibles,1556
2022-02,2022,Field Operations,Southwest border,El Paso Field Office,Inadmissibles,584
2022-02,2022,Field Operations,Southwest border,Laredo Field Office,Inadmissibles,1648
2022-02,2022,Field Operations,Southwest border,San Diego Field Office,Inadmissibles,2019
2022-02,2022,Field Operations,Southwest border,Tucson Field Office,Inadmissibles,318
2022-03,2022,Border Patrol,"Air, sea and other",Miami Sector,Apprehensions,485
2022-03,2022,Border Patrol,"Air, sea and other",New Orleans Sector,Apprehensions,13
2022-03,2022,Border Patrol,"Air, sea and other",Ramey Sector,Apprehensions,100
2022-03,2022,Border Patrol,Northern border,Blaine Sector,Apprehensions,20
2022-03,2022,Border Patrol,Northern border,Buffalo Sector,Apprehensions,7
2022-03,2022,Border Patrol,Northern border,Detroit Sector,Apprehensions,1
2022-03,2022,Border Patrol,Northern border,Grand Forks Sector,Apprehensions,1
2022-03,2022,Border Patrol,Northern border,Havre Sector,Apprehensions,8
2022-03,2022,Border Patrol,Northern border,Houlton Sector,Apprehensions,14
2022-03,2022,Border Patrol,Northern border,Swanton Sector,Apprehensions,44
2022-03,2022,Border Patrol,Southwest border,Big Bend Sector,Apprehensions,712
2022-03,2022,Border Patrol,Southwest border,Del Rio Sector,Apprehensions,25906
2022-03,2022,Border Patrol,Southwest border,El Centro Sector,Apprehensions,3618
2022-03,2022,Border Patrol,Southwest border,El Paso Sector,Apprehensions,9742
2022-03,2022,Border Patrol,Southwest border,Laredo Sector,Apprehensions,1290
2022-03,2022,Border Patrol,Southwest border,Rio Grande Valley Sector,Apprehensions,23354
2022-03,2022,Border Patrol,Southwest border,San Diego Sector,Apprehensions,4158
2022-03,2022,Border Patrol,Southwest border,Tucson Sector,Apprehensions,5795
2022-03,2022,Border Patrol,Southwest border,Yuma Sector,Apprehensions,26926
2022-03,2022,Field Operations,"Air, sea and other",Atlanta Field Office,Inadmissibles,1097
2022-03,2022,Field Operations,"Air, sea and other",Baltimore Field Office,Inadmissibles,1271
2022-03,2022,Field Operations,"Air, sea and other",Boston Field Office,Inadmissibles,179
2022-03,2022,Field Operations,"Air, sea and other",Chicago Field Office,Inadmissibles,414
2022-03,2022,Field Operations,"Air, sea and other",Detroit Field Office,Inadmissibles,61
2022-03,2022,Field Operations,"Air, sea and other",El Paso Field Office,Inadmissibles,1
2022-03,2022,Field Operations,"Air, sea and other",Houston Field Office,Inadmissibles,6438
2022-03,2022,Field Operations,"Air, sea and other",Laredo Field Office,Inadmissibles,73
2022-03,2022,Field Operations,"Air, sea and other",Los Angeles Field Office,Inadmissibles,1821
2022-03,2022,Field Operations,"Air, sea and other",Miami Field Office,Inadmissibles,2158
2022-03,2022,Field Operations,"Air, sea and other",New Orleans Field Office,Inadmissibles,1041
2022-03,2022,Field Operations,"Air, sea and other",New York Field Office,Inadmissibles,813
2022-03,2022,Field Operations,"Air, sea and other",Portland Field Office,Inadmissibles,208
2022-03,2022,Field Operations,"Air, sea and other",Preclearance Field Office,Inadmissibles,698
2022-03,2022,Field Operations,"Air, sea and other",San Diego Field Office,Inadmissibles,177
2022-03,2022,Field Operations,"Air, sea and other",San Francisco Field Office,Inadmissibles,1058
2022-03,2022,Field Operations,"Air, sea and other",San Juan Field Office,Inadmissibles,500
2022-03,2022,Field Operations,"Air, sea and other",Seattle Field Office,Inadmissibles,838
2022-03,2022,Field Operations,"Air, sea and other",Tampa Field Office,Inadmissibles,557
2022-03,2022,Field Operations,"Air, sea and other",Tucson Field Office,Inadmissibles,7
2022-03,2022,Field Operations,Northern border,Boston Field Office,Inadmissibles,999
2022-03,2022,Field Operations,Northern border,Buffalo Field Office,Inadmissibles,2881
2022-03,2022,Field Operations,Northern border,Detroit Field Office,Inadmissibles,415
2022-03,2022,Field Operations,Northern border,Portland Field Office,Inadmissibles,9
2022-03,2022,Field Operations,Northern border,Seattle Field Office,Inadmissibles,1837
2022-03,2022,Field Operations,Southwest border,El Paso Field Office,Inadmissibles,856
2022-03,2022,Field Operations,Southwest border,Laredo Field Office,Inadmissibles,2024
2022-03,2022,Field Operations,Southwest border,San Diego Field Office,Inadmissibles,5610
2022-03,2022,Field Operations,Southwest border,Tucson Field Office,Inadmissibles,502
2022-04,2022,Border Patrol,"Air, sea and other",Miami Sector,Apprehensions,207
2022-04,2022,Border Patrol,"Air, sea and other",New Orleans Sector,Apprehensions,22
2022-04,2022,Border Patrol,"Air, sea and other",Ramey Sector,Apprehensions,72
2022-04,2022,Border Patrol,Northern border,Blaine Sector,Apprehensions,41
2022-04,2022,Border Patrol,Northern border,Buffalo Sector,Apprehensions,1
2022-04,2022,Border Patrol,Northern border,Detroit Sector,Apprehensions,4
2022-04,2022,Border Patrol,Northern border,Grand Forks Sector,Apprehensions,1
2022-04,2022,Border Patrol,Northern border,Havre Sector,Apprehensions,7
2022-04,2022,Border Patrol,Northern border,Houlton Sector,Apprehensions,41
2022-04,2022,Border Patrol,Northern border,Spokane Sector,Apprehensions,7
2022-04,2022,Border Patrol,Northern border,Swanton Sector,Apprehensions,66
2022-04,2022,Border Patrol,Southwest border,Big Bend Sector,Apprehensions,1116
2022-04,2022,Border Patrol,Southwest border,Del Rio Sector,Apprehensions,25540
2022-04,2022,Border Patrol,Southwest border,El Centro Sector,Apprehensions,3141
2022-04,2022,Border Patrol,Southwest border,El Paso Sector,Apprehensions,14900
2022-04,2022,Border Patrol,Southwest border,Laredo Sector,Apprehensions,1490
2022-04,2022,Border Patrol,Southwest border,Rio Grande Valley Sector,Apprehensions,23788
2022-04,2022,Border Patrol,Southwest border,San Diego Sector,Apprehensions,4557
2022-04,2022,Border Patrol,Southwest border,Tucson Sector,Apprehensions,6511
2022-04,2022,Border Patrol,Southwest border,Yuma Sector,Apprehensions,24137
2022-04,2022,Field Operations,"Air, sea and other",Atlanta Field Office,Inadmissibles,892
2022-04,2022,Field Operations,"Air, sea and other",Baltimore Field Office,Inadmissibles,1097
2022-04,2022,Field Operations,"Air, sea and other",Boston Field Office,Inadmissibles,126
2022-04,2022,Field Operations,"Air, sea and other",Buffalo Field Office,Inadmissibles,71
2022-04,2022,Field Operations,"Air, sea and other",Chicago Field Office,Inadmissibles,466
2022-04,2022,Field Operations,"Air, sea and other",Detroit Field Office,Inadmissibles,70
2022-04,2022,Field Operations,"Air, sea and other",El Paso Field Office,Inadmissibles,1
2022-04,2022,Field Operations,"Air, sea and other",Houston Field Office,Inadmissibles,5670
2022-04,2022,Field Operations,"Air, sea and other",Laredo Field Office,Inadmissibles,125
2022-04,2022,Field Operations,"Air, sea and other",Los Angeles Field Office,Inadmissibles,1459
2022-04,2022,Field Operations,"Air, sea and other",Miami Field Office,Inadmissibles,1373
2022-04,2022,Field Operations,"Air, sea and other",New Orleans Field Office,Inadmissibles,1160
2022-04,2022,Field Operations,"Air, sea and other",New York Field Office,Inadmissibles,779
2022-04,2022,Field Operations,"Air, sea and other",Portland Field Office,Inadmissibles,107
2022-04,2022,Field Operations,"Air, sea and other",Preclearance Field Office,Inadmissibles,771
2022-04,2022,Field Operations,"Air, sea and other",San Diego Field Office,Inadmissibles,154
2022-04,2022,Field Operations,"Air, sea and other",San Francisco Field Office,Inadmissibles,962
2022-04,2022,Field Operations,"Air, sea and other",San Juan Field Office,Inadmissibles,628
2022-04,2022,Field Operations,"Air, sea and other",Seattle Field Office,Inadmissibles,493
2022-04,2022,Field Operations,"Air, sea and other",Tampa Field Office,Inadmissibles,457
2022-04,2022,Field Operations,"Air, sea and other",Tucson Field Office,Inadmissibles,6
2022-04,2022,Field Operations,Northern border,Boston Field Office,Inadmissibles,1510
2022-04,2022,Field Operations,Northern border,Buffalo Field Office,Inadmissibles,3407
2022-04,2022,Field Operations,Northern border,Detroit Field Office,Inadmissibles,566
2022-04,2022,Field Operations,Northern border,Portland Field Office,Inadmissibles,7
2022-04,2022,Field Operations,Northern border,Seattle Field Office,Inadmissibles,1798
2022-04,2022,Field Operations,Southwest border,El Paso Field Office,Inadmissibles,1278
2022-04,2022,Field Operations,Southwest border,Laredo Field Office,Inadmissibles,5800
2022-04,2022,Field Operations,Southwest border,San Diego Field Office,Inadmissibles,22256
2022-04,2022,Field Operations,Southwest border,Tucson Field Office,Inadmissibles,697
2022-05,2022,Border Patrol,"Air, sea and other",Miami Sector,Apprehensions,284
2022-05,2022,Border Patrol,"Air, sea and other",New Orleans Sector,Apprehensions,30
2022-05,2022,Border Patrol,"Air, sea and other",Ramey Sector,Apprehensions,214
2022-05,2022,Border Patrol,Northern border,Blaine Sector,Apprehensions,58
2022-05,2022,Border Patrol,Northern border,Buffalo Sector,Apprehensions,9
2022-05,2022,Border Patrol,Northern border,Detroit Sector,Apprehensions,8
2022-05,2022,Border Patrol,Northern border,Grand Forks Sector,Apprehensions,7
2022-05,2022,Border Patrol,Northern border,Havre Sector,Apprehensions,10
2022-05,2022,Border Patrol,Northern border,Houlton Sector,Apprehensions,17
2022-05,2022,Border Patrol,Northern border,Spokane Sector,Apprehensions,10
2022-05,2022,Border Patrol,Northern border,Swanton Sector,Apprehensions,56
2022-05,2022,Border Patrol,Southwest border,Big Bend Sector,Apprehensions,928
2022-05,2022,Border Patrol,Southwest border,Del Rio Sector,Apprehensions,29946
2022-05,2022,Border Patrol,Southwest border,El Centro Sector,Apprehensions,3586
2022-05,2022,Border Patrol,Southwest border,El Paso Sector,Apprehensions,15680
2022-05,2022,Border Patrol,Southwest border,Laredo Sector,Apprehensions,721
2022-05,2022,Border Patrol,Southwest border,Rio Grande Valley Sector,Apprehensions,27763
2022-05,2022,Border Patrol,Southwest border,San Diego Sector,Apprehensions,5997
2022-05,2022,Border Patrol,Southwest border,Tucson Sector,Apprehensions,6769
2022-05,2022,Border Patrol,Southwest border,Yuma Sector,Apprehensions,29383
2022-05,2022,Field Operations,"Air, sea and other",Atlanta Field Office,Inadmissibles,1252
2022-05,2022,Field Operations,"Air, sea and other",Baltimore Field Office,Inadmissibles,985
2022-05,2022,Field Operations,"Air, sea and other",Boston Field Office,Inadmissibles,368
2022-05,2022,Field Operations,"Air, sea and other",Buffalo Field Office,Inadmissibles,16
2022-05,2022,Field Operations,"Air, sea and other",Chicago Field Office,Inadmissibles,1653
2022-05,2022,Field Operations,"Air, sea and other",Detroit Field Office,Inadmissibles,148
2022-05,2022,Field Operations,"Air, sea and other",Houston Field Office,Inadmissibles,5700
2022-05,2022,Field Operations,"Air, sea and other",Laredo Field Office,Inadmissibles,255
2022-05,2022,Field Operations,"Air, sea and other",Los Angeles Field Office,Inadmissibles,1942
2022-05,2022,Field Operations,"Air, sea and other",Miami Field Office,Inadmissibles,2055
2022-05,2022,Field Operations,"Air, sea and other",New Orleans Field Office,Inadmissibles,922
2022-05,2022,Field Operations,"Air, sea and other",New York Field Office,Inadmissibles,2447
2022-05,2022,Field Operations,"Air, sea and other",Portland Field Office,Inadmissibles,462
2022-05,2022,Field Operations,"Air, sea and other",Preclearance Field Office,Inadmissibles,816
2022-05,2022,Field Operations,"Air, sea and other",San Diego Field Office,Inadmissibles,72
2022-05,2022,Field Operations,"Air, sea and other",San Francisco Field Office,Inadmissibles,1561
2022-05,2022,Field Operations,"Air, sea and other",San Juan Field Office,Inadmissibles,512
2022-05,2022,Field Operations,"Air, sea and other",Seattle Field Office,Inadmissibles,1240
2022-05,2022,Field Operations,"Air, sea and other",Tampa Field Office,Inadmissibles,973
2022-05,2022,Field Operations,"Air, sea and other",Tucson Field Office,Inadmissibles,31
2022-05,2022,Field Operations,Northern border,Boston Field Office,Inadmissibles,1181
2022-05,2022,Field Operations,Northern border,Buffalo Field Office,Inadmissibles,4022
2022-05,2022,Field Operations,Northern border,Detroit Field Office,Inadmissibles,715
2022-05,2022,Field Operations,Northern border,Portland Field Office,Inadmissibles,9
2022-05,2022,Field Operations,Northern border,Seattle Field Office,Inadmissibles,1513
2022-05,2022,Field Operations,Southwest border,El Paso Field Office,Inadmissibles,1474
2022-05,2022,Field Operations,Southwest border,Laredo Field Office,Inadmissibles,6058
2022-05,2022,Field Operations,Southwest border,San Diego Field Office,Inadmissibles,6219
2022-05,2022,Field Operations,Southwest border,Tucson Field Office,Inadmissibles,838
2022-06,2022,Border Patrol,"Air, sea and other",Miami Sector,Apprehensions,239
2022-06,2022,Border Patrol,"Air, sea and other",New Orleans Sector,Apprehensions,29
2022-06,2022,Border Patrol,"Air, sea and other",Ramey Sector,Apprehensions,137
2022-06,2022,Border Patrol,Northern border,Blaine Sector,Apprehensions,58
2022-06,2022,Border Patrol,Northern border,Buffalo Sector,Apprehensions,3
2022-06,2022,Border Patrol,Northern border,Detroit Sector,Apprehensions,15
2022-06,2022,Border Patrol,Northern border,Grand Forks Sector,Apprehensions,1
2022-06,2022,Border Patrol,Northern border,Havre Sector,Apprehensions,6
2022-06,2022,Border Patrol,Northern border,Houlton Sector,Apprehensions,29
2022-06,2022,Border Patrol,Northern border,Spokane Sector,Apprehensions,10
2022-06,2022,Border Patrol,Northern border,Swanton Sector,Apprehensions,78
2022-06,2022,Border Patrol,Southwest border,Big Bend Sector,Apprehensions,658
2022-06,2022,Border Patrol,Southwest border,Del Rio Sector,Apprehensions,30108
2022-06,2022,Border Patrol,Southwest border,El Centro Sector,Apprehensions,3551
2022-06,2022,Border Patrol,Southwest border,El Paso Sector,Apprehensions,10423
2022-06,2022,Border Patrol,Southwest border,Laredo Sector,Apprehensions,835
2022-06,2022,Border Patrol,Southwest border,Rio Grande Valley Sector,Apprehensions,22692
2022-06,2022,Border Patrol,Southwest border,San Diego Sector,Apprehensions,5585
2022-06,2022,Border Patrol,Southwest border,Tucson Sector,Apprehensions,5405
2022-06,2022,Border Patrol,Southwest border,Yuma Sector,Apprehensions,20351
2022-06,2022,Field Operations,"Air, sea and other",Atlanta Field Office,Inadmissibles,1694
2022-06,2022,Field Operations,"Air, sea and other",Baltimore Field Office,Inadmissibles,1440
2022-06,2022,Field Operations,"Air, sea and other",Boston Field Office,Inadmissibles,519
2022-06,2022,Field Operations,"Air, sea and other",Buffalo Field Office,Inadmissibles,36
2022-06,2022,Field Operations,"Air, sea and other",Chicago Field Office,Inadmissibles,2912
2022-06,2022,Field Operations,"Air, sea and other",Detroit Field Office,Inadmissibles,293
2022-06,2022,Field Operations,"Air, sea and other",El Paso Field Office,Inadmissibles,2
2022-06,2022,Field Operations,"Air, sea and other",Houston Field Office,Inadmissibles,5320
2022-06,2022,Field Operations,"Air, sea and other",Laredo Field Office,Inadmissibles,208
2022-06,2022,Field Operations,"Air, sea and other",Los Angeles Field Office,Inadmissibles,2332
2022-06,2022,Field Operations,"Air, sea and other",Miami Field Office,Inadmissibles,2284
2022-06,2022,Field Operations,"Air, sea and other",New Orleans Field Office,Inadmissibles,1072
2022-06,2022,Field Operations,"Air, sea and other",New York Field Office,Inadmissibles,4518
2022-06,2022,Field Operations,"Air, sea and other",Portland Field Office,Inadmissibles,621
2022-06,2022,Field Operations,"Air, sea and other",Preclearance Field Office,Inadmissibles,852
2022-06,2022,Field Operations,"Air, sea and other",San Diego Field Office,Inadmissibles,40
2022-06,2022,Field Operations,"Air, sea and other",San Francisco Field Office,Inadmissibles,1451
2022-06,2022,Field Operations,"Air, sea and other",San Juan Field Office,Inadmissibles,578
2022-06,2022,Field Operations,"Air, sea and other",Seattle Field Office,Inadmissibles,1491
2022-06,2022,Field Operations,"Air, sea and other",Tampa Field Office,Inadmissibles,697
2022-06,2022,Field Operations,"Air, sea and other",Tucson Field Office,Inadmissibles,42
2022-06,2022,Field Operations,Northern border,Boston Field Office,Inadmissibles,1370
2022-06,2022,Field Operations,Northern border,Buffalo Field Office,Inadmissibles,4320
2022-06,2022,Field Operations,Northern border,Detroit Field Office,Inadmissibles,614
2022-06,2022,Field Operations,Northern border,Portland Field Office,Inadmissibles,16
2022-06,2022,Field Operations,Northern border,Seattle Field Office,Inadmissibles,1524
2022-06,2022,Field Operations,Southwest border,El Paso Field Office,Inadmissibles,1626
2022-06,2022,Field Operations,Southwest border,Laredo Field Office,Inadmissibles,6376
2022-06,2022,Field Operations,Southwest border,San Diego Field Office,Inadmissibles,4787
2022-06,2022,Field Operations,Southwest border,Tucson Field Office,Inadmissibles,757
2022-07,2022,Border Patrol,"Air, sea and other",Miami Sector,Apprehensions,316
2022-07,2022,Border Patrol,"Air, sea and other",New Orleans Sector,Apprehensions,11
2022-07,2022,Border Patrol,"Air, sea and other",Ramey Sector,Apprehensions,107
2022-07,2022,Border Patrol,Northern border,Blaine Sector,Apprehensions,34
2022-07,2022,Border Patrol,Northern border,Buffalo Sector,Apprehensions,14
2022-07,2022,Border Patrol,Northern border,Detroit Sector,Apprehensions,23
2022-07,2022,Border Patrol,Northern border,Grand Forks Sector,Apprehensions,10
2022-07,2022,Border Patrol,Northern border,Havre Sector,Apprehensions,1
2022-07,2022,Border Patrol,Northern border,Houlton Sector,Apprehensions,32
2022-07,2022,Border Patrol,Northern border,Spokane Sector,Apprehensions,7
2022-07,2022,Border Patrol,Northern border,Swanton Sector,Apprehensions,103
2022-07,2022,Border Patrol,Southwest border,Big Bend Sector,Apprehensions,611
2022-07,2022,Border Patrol,Southwest border,Del Rio Sector,Apprehensions,36380
2022-07,2022,Border Patrol,Southwest border,El Centro Sector,Apprehensions,4564
2022-07,2022,Border Patrol,Southwest border,El Paso Sector,Apprehensions,11010
2022-07,2022,Border Patrol,Southwest border,Laredo Sector,Apprehensions,575
2022-07,2022,Border Patrol,Southwest border,Rio Grande Valley Sector,Apprehensions,18644
2022-07,2022,Border Patrol,Southwest border,San Diego Sector,Apprehensions,7764
2022-07,2022,Border Patrol,Southwest border,Tucson Sector,Apprehensions,4766
2022-07,2022,Border Patrol,Southwest border,Yuma Sector,Apprehensions,21764
2022-07,2022,Field Operations,"Air, sea and other",Atlanta Field Office,Inadmissibles,1261
2022-07,2022,Field Operations,"Air, sea and other",Baltimore Field Office,Inadmissibles,1114
2022-07,2022,Field Operations,"Air, sea and other",Boston Field Office,Inadmissibles,528
2022-07,2022,Field Operations,"Air, sea and other",Buffalo Field Office,Inadmissibles,23
2022-07,2022,Field Operations,"Air, sea and other",Chicago Field Office,Inadmissibles,2947
2022-07,2022,Field Operations,"Air, sea and other",Detroit Field Office,Inadmissibles,390
2022-07,2022,Field Operations,"Air, sea and other",El Paso Field Office,Inadmissibles,1
2022-07,2022,Field Operations,"Air, sea and other",Houston Field Office,Inadmissibles,4358
2022-07,2022,Field Operations,"Air, sea and other",Laredo Field Office,Inadmissibles,78
2022-07,2022,Field Operations,"Air, sea and other",Los Angeles Field Office,Inadmissibles,1929
2022-07,2022,Field Operations,"Air, sea and other",Miami Field Office,Inadmissibles,1787
2022-07,2022,Field Operations,"Air, sea and other",New Orleans Field Office,Inadmissibles,884
2022-07,2022,Field Operations,"Air, sea and other",New York Field Office,Inadmissibles,4799
2022-07,2022,Field Operations,"Air, sea and other",Portland Field Office,Inadmissibles,563
2022-07,2022,Field Operations,"Air, sea and other",Preclearance Field Office,Inadmissibles,880
2022-07,2022,Field Operations,"Air, sea and other",San Diego Field Office,Inadmissibles,50
2022-07,2022,Field Operations,"Air, sea and other",San Francisco Field Office,Inadmissibles,1310
2022-07,2022,Field Operations,"Air, sea and other",San Juan Field Office,Inadmissibles,474
2022-07,2022,Field Operations,"Air, sea and other",Seattle Field Office,Inadmissibles,1220
2022-07,2022,Field Operations,"Air, sea and other",Tampa Field Office,Inadmissibles,667
2022-07,2022,Field Operations,"Air, sea and other",Tucson Field Office,Inadmissibles,14
2022-07,2022,Field Operations,Northern border,Boston Field Office,Inadmissibles,2037
2022-07,2022,Field Operations,Northern border,Buffalo Field Office,Inadmissibles,5028
2022-07,2022,Field Operations,Northern border,Detroit Field Office,Inadmissibles,778
2022-07,2022,Field Operations,Northern border,Portland Field Office,Inadmissibles,29
2022-07,2022,Field Operations,Northern border,Seattle Field Office,Inadmissibles,1627
2022-07,2022,Field Operations,Southwest border,El Paso Field Office,Inadmissibles,1823
2022-07,2022,Field Operations,Southwest border,Laredo Field Office,Inadmissibles,8378
2022-07,2022,Field Operations,Southwest border,San Diego Field Office,Inadmissibles,5337
2022-07,2022,Field Operations,Southwest border,Tucson Field Office,Inadmissibles,840
2022-08,2022,Border Patrol,"Air, sea and other",Miami Sector,Apprehensions,1049
2022-08,2022,Border Patrol,"Air, sea and other",New Orleans Sector,Apprehensions,40
2022-08,2022,Border Patrol,"Air, sea and other",Ramey Sector,Apprehensions,51
2022-08,2022,Border Patrol,Northern border,Blaine Sector,Apprehensions,26
2022-08,2022,Border Patrol,Northern border,Buffalo Sector,Apprehensions,16
2022-08,2022,Border Patrol,Northern border,Detroit Sector,Apprehensions,24
2022-08,2022,Border Patrol,Northern border,Grand Forks Sector,Apprehensions,17
2022-08,2022,Border Patrol,Northern border,Havre Sector,Apprehensions,6
2022-08,2022,Border Patrol,Northern border,Houlton Sector,Apprehensions,28
2022-08,2022,Border Patrol,Northern border,Spokane Sector,Apprehensions,12
2022-08,2022,Border Patrol,Northern border,Swanton Sector,Apprehensions,153
2022-08,2022,Border Patrol,Southwest border,Big Bend Sector,Apprehensions,738
2022-08,2022,Border Patrol,Southwest border,Del Rio Sector,Apprehensions,39328
2022-08,2022,Border Patrol,Southwest border,El Centro Sector,Apprehensions,4855
2022-08,2022,Border Patrol,Southwest border,El Paso Sector,Apprehensions,13574
2022-08,2022,Border Patrol,Southwest border,Laredo Sector,Apprehensions,530
2022-08,2022,Border Patrol,Southwest border,Rio Grande Valley Sector,Apprehensions,15490
2022-08,2022,Border Patrol,Southwest border,San Diego Sector,Apprehensions,6798
2022-08,2022,Border Patrol,Southwest border,Tucson Sector,Apprehensions,5440
2022-08,2022,Border Patrol,Southwest border,Yuma Sector,Apprehensions,22342
2022-08,2022,Field Operations,"Air, sea and other",Atlanta Field Office,Inadmissibles,1791
2022-08,2022,Field Operations,"Air, sea and other",Baltimore Field Office,Inadmissibles,1500
2022-08,2022,Field Operations,"Air, sea and other",Boston Field Office,Inadmissibles,589
2022-08,2022,Field Operations,"Air, sea and other",Buffalo Field Office,Inadmissibles,28
2022-08,2022,Field Operations,"Air, sea and other",Chicago Field Office,Inadmissibles,3935
2022-08,2022,Field Operations,"Air, sea and other",Detroit Field Office,Inadmissibles,517
2022-08,2022,Field Operations,"Air, sea and other",El Paso Field Office,Inadmissibles,2
2022-08,2022,Field Operations,"Air, sea and other",Houston Field Office,Inadmissibles,5614
2022-08,2022,Field Operations,"Air, sea and other",Laredo Field Office,Inadmissibles,81
2022-08,2022,Field Operations,"Air, sea and other",Los Angeles Field Office,Inadmissibles,2318
2022-08,2022,Field Operations,"Air, sea and other",Miami Field Office,Inadmissibles,1975
2022-08,2022,Field Operations,"Air, sea and other",New Orleans Field Office,Inadmissibles,853
2022-08,2022,Field Operations,"Air, sea and other",New York Field Office,Inadmissibles,5229
2022-08,2022,Field Operations,"Air, sea and other",Portland Field Office,Inadmissibles,894
2022-08,2022,Field Operations,"Air, sea and other",Preclearance Field Office,Inadmissibles,1071
2022-08,2022,Field Operations,"Air, sea and other",San Diego Field Office,Inadmissibles,49
2022-08,2022,Field Operations,"Air, sea and other",San Francisco Field Office,Inadmissibles,1630
2022-08,2022,Field Operations,"Air, sea and other",San Juan Field Office,Inadmissibles,626
2022-08,2022,Field Operations,"Air, sea and other",Seattle Field Office,Inadmissibles,1569
2022-08,2022,Field Operations,"Air, sea and other",Tampa Field Office,Inadmissibles,701
2022-08,2022,Field Operations,"Air, sea and other",Tucson Field Office,Inadmissibles,62
2022-08,2022,Field Operations,Northern border,Boston Field Office,Inadmissibles,2166
2022-08,2022,Field Operations,Northern border,Buffalo Field Office,Inadmissibles,6011
2022-08,2022,Field Operations,Northern border,Detroit Field Office,Inadmissibles,884
2022-08,2022,Field Operations,Northern border,Portland Field Office,Inadmissibles,37
2022-08,2022,Field Operations,Northern border,Seattle Field Office,Inadmissibles,1809
2022-08,2022,Field Operations,Southwest border,El Paso Field Office,Inadmissibles,1775
2022-08,2022,Field Operations,Southwest border,Laredo Field Office,Inadmissibles,11270
2022-08,2022,Field Operations,Southwest border,San Diego Field Office,Inadmissibles,6387
2022-08,2022,Field Operations,Southwest border,Tucson Field Office,Inadmissibles,851
2022-09,2022,Border Patrol,"Air, sea and other",Miami Sector,Apprehensions,461
2022-09,2022,Border Patrol,"Air, sea and other",New Orleans Sector,Apprehensions,49
2022-09,2022,Border Patrol,"Air, sea and other",Ramey Sector,Apprehensions,44
2022-09,2022,Border Patrol,Northern border,Blaine Sector,Apprehensions,58
2022-09,2022,Border Patrol,Northern border,Buffalo Sector,Apprehensions,18
2022-09,2022,Border Patrol,Northern border,Detroit Sector,Apprehensions,35
2022-09,2022,Border Patrol,Northern border,Grand Forks Sector,Apprehensions,13
2022-09,2022,Border Patrol,Northern border,Havre Sector,Apprehensions,1
2022-09,2022,Border Patrol,Northern border,Houlton Sector,Apprehensions,36
2022-09,2022,Border Patrol,Northern border,Spokane Sector,Apprehensions,4
2022-09,2022,Border Patrol,Northern border,Swanton Sector,Apprehensions,217
2022-09,2022,Border Patrol,Southwest border,Big Bend Sector,Apprehensions,410
2022-09,2022,Border Patrol,Southwest border,Del Rio Sector,Apprehensions,37221
2022-09,2022,Border Patrol,Southwest border,El Centro Sector,Apprehensions,5949
2022-09,2022,Border Patrol,Southwest border,El Paso Sector,Apprehensions,35820
2022-09,2022,Border Patrol,Southwest border,Laredo Sector,Apprehensions,646
2022-09,2022,Border Patrol,Southwest border,Rio Grande Valley Sector,Apprehensions,16722
2022-09,2022,Border Patrol,Southwest border,San Diego Sector,Apprehensions,7843
2022-09,2022,Border Patrol,Southwest border,Tucson Sector,Apprehensions,6650
2022-09,2022,Border Patrol,Southwest border,Yuma Sector,Apprehensions,23864
2022-09,2022,Field Operations,"Air, sea and other",Atlanta Field Office,Inadmissibles,1652
2022-09,2022,Field Operations,"Air, sea and other",Baltimore Field Office,Inadmissibles,1463
2022-09,2022,Field Operations,"Air, sea and other",Boston Field Office,Inadmissibles,687
2022-09,2022,Field Operations,"Air, sea and other",Buffalo Field Office,Inadmissibles,25
2022-09,2022,Field Operations,"Air, sea and other",Chicago Field Office,Inadmissibles,4079
2022-09,2022,Field Operations,"Air, sea and other",Detroit Field Office,Inadmissibles,388
2022-09,2022,Field Operations,"Air, sea and other",Houston Field Office,Inadmissibles,5824
2022-09,2022,Field Operations,"Air, sea and other",Laredo Field Office,Inadmissibles,16
2022-09,2022,Field Operations,"Air, sea and other",Los Angeles Field Office,Inadmissibles,2060
2022-09,2022,Field Operations,"Air, sea and other",Miami Field Office,Inadmissibles,1751
2022-09,2022,Field Operations,"Air, sea and other",New Orleans Field Office,Inadmissibles,1074
2022-09,2022,Field Operations,"Air, sea and other",New York Field Office,Inadmissibles,5688
2022-09,2022,Field Operations,"Air, sea and other",Portland Field Office,Inadmissibles,846
2022-09,2022,Field Operations,"Air, sea and other",Preclearance Field Office,Inadmissibles,1072
2022-09,2022,Field Operations,"Air, sea and other",San Diego Field Office,Inadmissibles,53
2022-09,2022,Field Operations,"Air, sea and other",San Francisco Field Office,Inadmissibles,1635
2022-09,2022,Field Operations,"Air, sea and other",San Juan Field Office,Inadmissibles,508
2022-09,2022,Field Operations,"Air, sea and other",Seattle Field Office,Inadmissibles,1491
2022-09,2022,Field Operations,"Air, sea and other",Tampa Field Office,Inadmissibles,547
2022-09,2022,Field Operations,"Air, sea and other",Tucson Field Office,Inadmissibles,51
2022-09,2022,Field Operations,Northern border,Boston Field Office,Inadmissibles,1852
2022-09,2022,Field Operations,Northern border,Buffalo Field Office,Inadmissibles,5178
2022-09,2022,Field Operations,Northern border,Detroit Field Office,Inadmissibles,1094
2022-09,2022,Field Operations,Northern border,Portland Field Office,Inadmissibles,12
2022-09,2022,Field Operations,Northern border,Seattle Field Office,Inadmissibles,1597
2022-09,2022,Field Operations,Southwest border,El Paso Field Office,Inadmissibles,1439
2022-09,2022,Field Operations,Southwest border,Laredo Field Office,Inadmissibles,8470
2022-09,2022,Field Operations,Southwest border,San Diego Field Office,Inadmissibles,7109
2022-09,2022,Field Operations,Southwest border,Tucson Field Office,Inadmissibles,1152
2022-10,2023,Border Patrol,"Air, sea and other",Miami Sector,Apprehensions,925
2022-10,2023,Border Patrol,"Air, sea and other",New Orleans Sector,Apprehensions,57
2022-10,2023,Border Patrol,"Air, sea and other",Ramey Sector,Apprehensions,281
2022-10,2023,Border Patrol,Northern border,Blaine Sector,Apprehensions,80
2022-10,2023,Border Patrol,Northern border,Buffalo Sector,Apprehensions,10
2022-10,2023,Border Patrol,Northern border,Detroit Sector,Apprehensions,35
2022-10,2023,Border Patrol,Northern border,Grand Forks Sector,Apprehensions,7
2022-10,2023,Border Patrol,Northern border,Havre Sector,Apprehensions,6
2022-10,2023,Border Patrol,Northern border,Houlton Sector,Apprehensions,7
2022-10,2023,Border Patrol,Northern border,Spokane Sector,Apprehensions,25
2022-10,2023,Border Patrol,Northern border,Swanton Sector,Apprehensions,292
2022-10,2023,Border Patrol,Southwest border,Big Bend Sector,Apprehensions,350
2022-10,2023,Border Patrol,Southwest border,Del Rio Sector,Apprehensions,28636
2022-10,2023,Border Patrol,Southwest border,El Centro Sector,Apprehensions,5206
2022-10,2023,Border Patrol,Southwest border,El Paso Sector,Apprehensions,35471
2022-10,2023,Border Patrol,Southwest border,Laredo Sector,Apprehensions,564
2022-10,2023,Border Patrol,Southwest border,Rio Grande Valley Sector,Apprehensions,17105
2022-10,2023,Border Patrol,Southwest border,San Diego Sector,Apprehensions,8634
2022-10,2023,Border Patrol,Southwest border,Tucson Sector,Apprehensions,7401
2022-10,2023,Border Patrol,Southwest border,Yuma Sector,Apprehensions,21713
2022-10,2023,Field Operations,"Air, sea and other",Atlanta Field Office,Inadmissibles,1449
2022-10,2023,Field Operations,"Air, sea and other",Baltimore Field Office,Inadmissibles,1162
2022-10,2023,Field Operations,"Air, sea and other",Boston Field Office,Inadmissibles,475
2022-10,2023,Field Operations,"Air, sea and other",Buffalo Field Office,Inadmissibles,23
2022-10,2023,Field Operations,"Air, sea and other",Chicago Field Office,Inadmissibles,3725
2022-10,2023,Field Operations,"Air, sea and other",Detroit Field Office,Inadmissibles,339
2022-10,2023,Field Operations,"Air, sea and other",El Paso Field Office,Inadmissibles,1
2022-10,2023,Field Operations,"Air, sea and other",Houston Field Office,Inadmissibles,5414
2022-10,2023,Field Operations,"Air, sea and other",Laredo Field Office,Inadmissibles,50
2022-10,2023,Field Operations,"Air, sea and other",Los Angeles Field Office,Inadmissibles,2318
2022-10,2023,Field Operations,"Air, sea and other",Miami Field Office,Inadmissibles,1981
2022-10,2023,Field Operations,"Air, sea and other",New Orleans Field Office,Inadmissibles,958
2022-10,2023,Field Operations,"Air, sea and other",New York Field Office,Inadmissibles,4714
2022-10,2023,Field Operations,"Air, sea and other",Portland Field Office,Inadmissibles,741
2022-10,2023,Field Operations,"Air, sea and other",Preclearance Field Office,Inadmissibles,1042
2022-10,2023,Field Operations,"Air, sea and other",San Diego Field Office,Inadmissibles,66
2022-10,2023,Field Operations,"Air, sea and other",San Francisco Field Office,Inadmissibles,1778
2022-10,2023,Field Operations,"Air, sea and other",San Juan Field Office,Inadmissibles,645
2022-10,2023,Field Operations,"Air, sea and other",Seattle Field Office,Inadmissibles,1791
2022-10,2023,Field Operations,"Air, sea and other",Tampa Field Office,Inadmissibles,965
2022-10,2023,Field Operations,"Air, sea and other",Tucson Field Office,Inadmissibles,9
2022-10,2023,Field Operations,Northern border,Boston Field Office,Inadmissibles,2831
2022-10,2023,Field Operations,Northern border,Buffalo Field Office,Inadmissibles,5823
2022-10,2023,Field Operations,Northern border,Detroit Field Office,Inadmissibles,1086
2022-10,2023,Field Operations,Northern border,Portland Field Office,Inadmissibles,19
2022-10,2023,Field Operations,Northern border,Seattle Field Office,Inadmissibles,2682
2022-10,2023,Field Operations,Southwest border,El Paso Field Office,Inadmissibles,1788
2022-10,2023,Field Operations,Southwest border,Laredo Field Office,Inadmissibles,13086
2022-10,2023,Field Operations,Southwest border,San Diego Field Office,Inadmissibles,8494
2022-10,2023,Field Operations,Southwest border,Tucson Field Office,Inadmissibles,956
2022-11,2023,Border Patrol,"Air, sea and other",Miami Sector,Apprehensions,1120
2022-11,2023,Border Patrol,"Air, sea and other",New Orleans Sector,Apprehensions,34
2022-11,2023,Border Patrol,"Air, sea and other",Ramey Sector,Apprehensions,66
2022-11,2023,Border Patrol,Northern border,Blaine Sector,Apprehensions,84
2022-11,2023,Border Patrol,Northern border,Buffalo Sector,Apprehensions,18
2022-11,2023,Border Patrol,Northern border,Detroit Sector,Apprehensions,24
2022-11,2023,Border Patrol,Northern border,Grand Forks Sector,Apprehensions,28
2022-11,2023,Border Patrol,Northern border,Havre Sector,Apprehensions,3
2022-11,2023,Border Patrol,Northern border,Houlton Sector,Apprehensions,29
2022-11,2023,Border Patrol,Northern border,Spokane Sector,Apprehensions,3
2022-11,2023,Border Patrol,Northern border,Swanton Sector,Apprehensions,377
2022-11,2023,Border Patrol,Southwest border,Big Bend Sector,Apprehensions,397
2022-11,2023,Border Patrol,Southwest border,Del Rio Sector,Apprehensions,34776
2022-11,2023,Border Patrol,Southwest border,El Centro Sector,Apprehensions,5280
2022-11,2023,Border Patrol,Southwest border,El Paso Sector,Apprehensions,37186
2022-11,2023,Border Patrol,Southwest border,Laredo Sector,Apprehensions,585
2022-11,2023,Border Patrol,Southwest border,Rio Grande Valley Sector,Apprehensions,19508
2022-11,2023,Border Patrol,Southwest border,San Diego Sector,Apprehensions,9294
2022-11,2023,Border Patrol,Southwest border,Tucson Sector,Apprehensions,9368
2022-11,2023,Border Patrol,Southwest border,Yuma Sector,Apprehensions,22215
2022-11,2023,Field Operations,"Air, sea and other",Atlanta Field Office,Inadmissibles,1821
2022-11,2023,Field Operations,"Air, sea and other",Baltimore Field Office,Inadmissibles,1274
2022-11,2023,Field Operations,"Air, sea and other",Boston Field Office,Inadmissibles,323
2022-11,2023,Field Operations,"Air, sea and other",Buffalo Field Office,Inadmissibles,51
2022-11,2023,Field Operations,"Air, sea and other",Chicago Field Office,Inadmissibles,2974
2022-11,2023,Field Operations,"Air, sea and other",Detroit Field Office,Inadmissibles,317
2022-11,2023,Field Operations,"Air, sea and other",Houston Field Office,Inadmissibles,6052
2022-11,2023,Field Operations,"Air, sea and other",Los Angeles Field Office,Inadmissibles,2213
2022-11,2023,Field Operations,"Air, sea and other",Miami Field Office,Inadmissibles,6310
2022-11,2023,Field Operations,"Air, sea and other",New Orleans Field Office,Inadmissibles,1090
2022-11,2023,Field Operations,"Air, sea and other",New York Field Office,Inadmissibles,4438
2022-11,2023,Field Operations,"Air, sea and other",Portland Field Office,Inadmissibles,465
2022-11,2023,Field Operations,"Air, sea and other",Preclearance Field Office,Inadmissibles,1009
2022-11,2023,Field Operations,"Air, sea and other",San Diego Field Office,Inadmissibles,51
2022-11,2023,Field Operations,"Air, sea and other",San Francisco Field Office,Inadmissibles,1841
2022-11,2023,Field Operations,"Air, sea and other",San Juan Field Office,Inadmissibles,638
2022-11,2023,Field Operations,"Air, sea and other",Seattle Field Office,Inadmissibles,1718
2022-11,2023,Field Operations,"Air, sea and other",Tampa Field Office,Inadmissibles,2289
2022-11,2023,Field Operations,"Air, sea and other",Tucson Field Office,Inadmissibles,26
2022-11,2023,Field Operations,Northern border,Boston Field Office,Inadmissibles,2375
2022-11,2023,Field Operations,Northern border,Buffalo Field Office,Inadmissibles,4881
2022-11,2023,Field Operations,Northern border,Detroit Field Office,Inadmissibles,948
2022-11,2023,Field Operations,Northern border,Portland Field Office,Inadmissibles,4
2022-11,2023,Field Operations,Northern border,Seattle Field Office,Inadmissibles,2073
2022-11,2023,Field Operations,Southwest border,El Paso Field Office,Inadmissibles,2422
2022-11,2023,Field Operations,Southwest border,Laredo Field Office,Inadmissibles,13284
2022-11,2023,Field Operations,Southwest border,San Diego Field Office,Inadmissibles,8751
2022-11,2023,Field Operations,Southwest border,Tucson Field Office,Inadmissibles,1151
2022-12,2023,Border Patrol,"Air, sea and other",Miami Sector,Apprehensions,1271
2022-12,2023,Border Patrol,"Air, sea and other",New Orleans Sector,Apprehensions,28
2022-12,2023,Border Patrol,"Air, sea and other",Ramey Sector,Apprehensions,151
2022-12,2023,Border Patrol,Northern border,Blaine Sector,Apprehensions,48
2022-12,2023,Border Patrol,Northern border,Buffalo Sector,Apprehensions,16
2022-12,2023,Border Patrol,Northern border,Detroit Sector,Apprehensions,21
2022-12,2023,Border Patrol,Northern border,Grand Forks Sector,Apprehensions,27
2022-12,2023,Border Patrol,Northern border,Havre Sector,Apprehensions,1
2022-12,2023,Border Patrol,Northern border,Houlton Sector,Apprehensions,10
2022-12,2023,Border Patrol,Northern border,Spokane Sector,Apprehensions,4
2022-12,2023,Border Patrol,Northern border,Swanton Sector,Apprehensions,393
2022-12,2023,Border Patrol,Southwest border,Big Bend Sector,Apprehensions,374
2022-12,2023,Border Patrol,Southwest border,Del Rio Sector,Apprehensions,41961
2022-12,2023,Border Patrol,Southwest border,El Centro Sector,Apprehensions,8335
2022-12,2023,Border Patrol,Southwest border,El Paso Sector,Apprehensions,40722
2022-12,2023,Border Patrol,Southwest border,Laredo Sector,Apprehensions,931
2022-12,2023,Border Patrol,Southwest border,Rio Grande Valley Sector,Apprehensions,19919
2022-12,2023,Border Patrol,Southwest border,San Diego Sector,Apprehensions,12077
2022-12,2023,Border Patrol,Southwest border,Tucson Sector,Apprehensions,17338
2022-12,2023,Border Patrol,Southwest border,Yuma Sector,Apprehensions,29005
2022-12,2023,Field Operations,"Air, sea and other",Atlanta Field Office,Inadmissibles,1285
2022-12,2023,Field Operations,"Air, sea and other",Baltimore Field Office,Inadmissibles,1587
2022-12,2023,Field Operations,"Air, sea and other",Boston Field Office,Inadmissibles,380
2022-12,2023,Field Operations,"Air, sea and other",Buffalo Field Office,Inadmissibles,5
2022-12,2023,Field Operations,"Air, sea and other",Chicago Field Office,Inadmissibles,3512
2022-12,2023,Field Operations,"Air, sea and other",Detroit Field Office,Inadmissibles,353
2022-12,2023,Field Operations,"Air, sea and other",El Paso Field Office,Inadmissibles,1
2022-12,2023,Field Operations,"Air, sea and other",Houston Field Office,Inadmissibles,6120
2022-12,2023,Field Operations,"Air, sea and other",Laredo Field Office,Inadmissibles,7
2022-12,2023,Field Operations,"Air, sea and other",Los Angeles Field Office,Inadmissibles,2573
2022-12,2023,Field Operations,"Air, sea and other",Miami Field Office,Inadmissibles,5574
2022-12,2023,Field Operations,"Air, sea and other",New Orleans Field Office,Inadmissibles,1039
2022-12,2023,Field Operations,"Air, sea and other",New York Field Office,Inadmissibles,4368
2022-12,2023,Field Operations,"Air, sea and other",Portland Field Office,Inadmissibles,557
2022-12,2023,Field Operations,"Air, sea and other",Preclearance Field Office,Inadmissibles,1087
2022-12,2023,Field Operations,"Air, sea and other",San Diego Field Office,Inadmissibles,62
2022-12,2023,Field Operations,"Air, sea and other",San Francisco Field Office,Inadmissibles,2121
2022-12,2023,Field Operations,"Air, sea and other",San Juan Field Office,Inadmissibles,1148
2022-12,2023,Field Operations,"Air, sea and other",Seattle Field Office,Inadmissibles,1513
2022-12,2023,Field Operations,"Air, sea and other",Tampa Field Office,Inadmissibles,1920
2022-12,2023,Field Operations,"Air, sea and other",Tucson Field Office,Inadmissibles,25
2022-12,2023,Field Operations,Northern border,Boston Field Office,Inadmissibles,2904
2022-12,2023,Field Operations,Northern border,Buffalo Field Office,Inadmissibles,4740
2022-12,2023,Field Operations,Northern border,Detroit Field Office,Inadmissibles,985
2022-12,2023,Field Operations,Northern border,Portland Field Office,Inadmissibles,8
2022-12,2023,Field Operations,Northern border,Seattle Field Office,Inadmissibles,2109
2022-12,2023,Field Operations,Southwest border,El Paso Field Office,Inadmissibles,2687
2022-12,2023,Field Operations,Southwest border,Laredo Field Office,Inadmissibles,14893
2022-12,2023,Field Operations,Southwest border,San Diego Field Office,Inadmissibles,9419
2022-12,2023,Field Operations,Southwest border,Tucson Field Office,Inadmissibles,1357
2023-01,2023,Border Patrol,"Air, sea and other",Miami Sector,Apprehensions,1357
2023-01,2023,Border Patrol,"Air, sea and other",New Orleans Sector,Apprehensions,57
2023-01,2023,Border Patrol,"Air, sea and other",Ramey Sector,Apprehensions,214
2023-01,2023,Border Patrol,Northern border,Blaine Sector,Apprehensions,104
2023-01,2023,Border Patrol,Northern border,Buffalo Sector,Apprehensions,8
2023-01,2023,Border Patrol,Northern border,Detroit Sector,Apprehensions,48
2023-01,2023,Border Patrol,Northern border,Grand Forks Sector,Apprehensions,6
2023-01,2023,Border Patrol,Northern border,Havre Sector,Apprehensions,7
2023-01,2023,Border Patrol,Northern border,Houlton Sector,Apprehensions,30
2023-01,2023,Border Patrol,Northern border,Spokane Sector,Apprehensions,7
2023-01,2023,Border Patrol,Northern border,Swanton Sector,Apprehensions,339
2023-01,2023,Border Patrol,Southwest border,Big Bend Sector,Apprehensions,337
2023-01,2023,Border Patrol,Southwest border,Del Rio Sector,Apprehensions,11436
2023-01,2023,Border Patrol,Southwest border,El Centro Sector,Apprehensions,3363
2023-01,2023,Border Patrol,Southwest border,El Paso Sector,Apprehensions,9424
2023-01,2023,Border Patrol,Southwest border,Laredo Sector,Apprehensions,1338
2023-01,2023,Border Patrol,Southwest border,Rio Grande Valley Sector,Apprehensions,7450
2023-01,2023,Border Patrol,Southwest border,San Diego Sector,Apprehensions,8390
2023-01,2023,Border Patrol,Southwest border,Tucson Sector,Apprehensions,13371
2023-01,2023,Border Patrol,Southwest border,Yuma Sector,Apprehensions,7896
2023-01,2023,Field Operations,"Air, sea and other",Atlanta Field Office,Inadmissibles,1223
2023-01,2023,Field Operations,"Air, sea and other",Baltimore Field Office,Inadmissibles,1685
2023-01,2023,Field Operations,"Air, sea and other",Boston Field Office,Inadmissibles,394
2023-01,2023,Field Operations,"Air, sea and other",Buffalo Field Office,Inadmissibles,66
2023-01,2023,Field Operations,"Air, sea and other",Chicago Field Office,Inadmissibles,2068
2023-01,2023,Field Operations,"Air, sea and other",Detroit Field Office,Inadmissibles,271
2023-01,2023,Field Operations,"Air, sea and other",Houston Field Office,Inadmissibles,6108
2023-01,2023,Field Operations,"Air, sea and other",Laredo Field Office,Inadmissibles,45
2023-01,2023,Field Operations,"Air, sea and other",Los Angeles Field Office,Inadmissibles,2077
2023-01,2023,Field Operations,"Air, sea and other",Miami Field Office,Inadmissibles,10741
2023-01,2023,Field Operations,"Air, sea and other",New Orleans Field Office,Inadmissibles,968
2023-01,2023,Field Operations,"Air, sea and other",New York Field Office,Inadmissibles,4186
2023-01,2023,Field Operations,"Air, sea and other",Portland Field Office,Inadmissibles,453
2023-01,2023,Field Operations,"Air, sea and other",Preclearance Field Office,Inadmissibles,1062
2023-01,2023,Field Operations,"Air, sea and other",San Diego Field Office,Inadmissibles,50
2023-01,2023,Field Operations,"Air, sea and other",San Francisco Field Office,Inadmissibles,1591
2023-01,2023,Field Operations,"Air, sea and other",San Juan Field Office,Inadmissibles,620
2023-01,2023,Field Operations,"Air, sea and other",Seattle Field Office,Inadmissibles,1419
2023-01,2023,Field Operations,"Air, sea and other",Tampa Field Office,Inadmissibles,1977
2023-01,2023,Field Operations,"Air, sea and other",Tucson Field Office,Inadmissibles,35
2023-01,2023,Field Operations,Northern border,Boston Field Office,Inadmissibles,2682
2023-01,2023,Field Operations,Northern border,Buffalo Field Office,Inadmissibles,4636
2023-01,2023,Field Operations,Northern border,Detroit Field Office,Inadmissibles,860
2023-01,2023,Field Operations,Northern border,Portland Field Office,Inadmissibles,8
2023-01,2023,Field Operations,Northern border,Seattle Field Office,Inadmissibles,2517
2023-01,2023,Field Operations,Southwest border,El Paso Field Office,Inadmissibles,2951
2023-01,2023,Field Operations,Southwest border,Laredo Field Office,Inadmissibles,13977
2023-01,2023,Field Operations,Southwest border,San Diego Field Office,Inadmissibles,7857
2023-01,2023,Field Operations,Southwest border,Tucson Field Office,Inadmissibles,1395
2023-02,2023,Border Patrol,"Air, sea and other",Miami Sector,Apprehensions,327
2023-02,2023,Border Patrol,"Air, sea and other",New Orleans Sector,Apprehensions,39
2023-02,2023,Border Patrol,"Air, sea and other",Ramey Sector,Apprehensions,29
2023-02,2023,Border Patrol,Northern border,Blaine Sector,Apprehensions,80
2023-02,2023,Border Patrol,Northern border,Buffalo Sector,Apprehensions,37
2023-02,2023,Border Patrol,Northern border,Detroit Sector,Apprehensions,39
2023-02,2023,Border Patrol,Northern border,Grand Forks Sector,Apprehensions,16
2023-02,2023,Border Patrol,Northern border,Houlton Sector,Apprehensions,26
2023-02,2023,Border Patrol,Northern border,Spokane Sector,Apprehensions,10
2023-02,2023,Border Patrol,Northern border,Swanton Sector,Apprehensions,357
2023-02,2023,Border Patrol,Southwest border,Big Bend Sector,Apprehensions,294
2023-02,2023,Border Patrol,Southwest border,Del Rio Sector,Apprehensions,6590
2023-02,2023,Border Patrol,Southwest border,El Centro Sector,Apprehensions,2226
2023-02,2023,Border Patrol,Southwest border,El Paso Sector,Apprehensions,8740
2023-02,2023,Border Patrol,Southwest border,Laredo Sector,Apprehensions,1854
2023-02,2023,Border Patrol,Southwest border,Rio Grande Valley Sector,Apprehensions,7587
2023-02,2023,Border Patrol,Southwest border,San Diego Sector,Apprehensions,9429
2023-02,2023,Border Patrol,Southwest border,Tucson Sector,Apprehensions,10451
2023-02,2023,Border Patrol,Southwest border,Yuma Sector,Apprehensions,7207
2023-02,2023,Field Operations,"Air, sea and other",Atlanta Field Office,Inadmissibles,1009
2023-02,2023,Field Operations,"Air, sea and other",Baltimore Field Office,Inadmissibles,1854
2023-02,2023,Field Operations,"Air, sea and other",Boston Field Office,Inadmissibles,298
2023-02,2023,Field Operations,"Air, sea and other",Chicago Field Office,Inadmissibles,1781
2023-02,2023,Field Operations,"Air, sea and other",Detroit Field Office,Inadmissibles,205
2023-02,2023,Field Operations,"Air, sea and other",Houston Field Office,Inadmissibles,5850
2023-02,2023,Field Operations,"Air, sea and other",Laredo Field Office,Inadmissibles,11
2023-02,2023,Field Operations,"Air, sea and other",Los Angeles Field Office,Inadmissibles,1761
2023-02,2023,Field Operations,"Air, sea and other",Miami Field Office,Inadmissibles,18465
2023-02,2023,Field Operations,"Air, sea and other",New Orleans Field Office,Inadmissibles,976
2023-02,2023,Field Operations,"Air, sea and other",New York Field Office,Inadmissibles,4388
2023-02,2023,Field Operations,"Air, sea and other",Portland Field Office,Inadmissibles,457
2023-02,2023,Field Operations,"Air, sea and other",Preclearance Field Office,Inadmissibles,966
2023-02,2023,Field Operations,"Air, sea and other",San Diego Field Office,Inadmissibles,42
2023-02,2023,Field Operations,"Air, sea and other",San Francisco Field Office,Inadmissibles,1516
2023-02,2023,Field Operations,"Air, sea and other",San Juan Field Office,Inadmissibles,608
2023-02,2023,Field Operations,"Air, sea and other",Seattle Field Office,Inadmissibles,1041
2023-02,2023,Field Operations,"Air, sea and other",Tampa Field Office,Inadmissibles,2526
2023-02,2023,Field Operations,"Air, sea and other",Tucson Field Office,Inadmissibles,80
2023-02,2023,Field Operations,Northern border,Boston Field Office,Inadmissibles,2413
2023-02,2023,Field Operations,Northern border,Buffalo Field Office,Inadmissibles,4014
2023-02,2023,Field Operations,Northern border,Detroit Field Office,Inadmissibles,778
2023-02,2023,Field Operations,Northern border,Portland Field Office,Inadmissibles,31
2023-02,2023,Field Operations,Northern border,Seattle Field Office,Inadmissibles,3100
2023-02,2023,Field Operations,Southwest border,El Paso Field Office,Inadmissibles,2734
2023-02,2023,Field Operations,Southwest border,Laredo Field Office,Inadmissibles,12595
2023-02,2023,Field Operations,Southwest border,San Diego Field Office,Inadmissibles,7376
2023-02,2023,Field Operations,Southwest border,Tucson Field Office,Inadmissibles,1569
2023-03,2023,Border Patrol,"Air, sea and other",Miami Sector,Apprehensions,205
2023-03,2023,Border Patrol,"Air, sea and other",New Orleans Sector,Apprehensions,45
2023-03,2023,Border Patrol,"Air, sea and other",Ramey Sector,Apprehensions,154
2023-03,2023,Border Patrol,Northern border,Blaine Sector,Apprehensions,107
2023-03,2023,Border Patrol,Northern border,Buffalo Sector,Apprehensions,10
2023-03,2023,Border Patrol,Northern border,Detroit Sector,Apprehensions,52
2023-03,2023,Border Patrol,Northern border,Grand Forks Sector,Apprehensions,14
2023-03,2023,Border Patrol,Northern border,Havre Sector,Apprehensions,5
2023-03,2023,Border Patrol,Northern border,Houlton Sector,Apprehensions,32
2023-03,2023,Border Patrol,Northern border,Spokane Sector,Apprehensions,9
2023-03,2023,Border Patrol,Northern border,Swanton Sector,Apprehensions,596
2023-03,2023,Border Patrol,Southwest border,Big Bend Sector,Apprehensions,364
2023-03,2023,Border Patrol,Southwest border,Del Rio Sector,Apprehensions,6512
2023-03,2023,Border Patrol,Southwest border,El Centro Sector,Apprehensions,2768
2023-03,2023,Border Patrol,Southwest border,El Paso Sector,Apprehensions,11858
2023-03,2023,Border Patrol,Southwest border,Laredo Sector,Apprehensions,751
2023-03,2023,Border Patrol,Southwest border,Rio Grande Valley Sector,Apprehensions,9675
2023-03,2023,Border Patrol,Southwest border,San Diego Sector,Apprehensions,15369
2023-03,2023,Border Patrol,Southwest border,Tucson Sector,Apprehensions,15547
2023-03,2023,Border Patrol,Southwest border,Yuma Sector,Apprehensions,9835
2023-03,2023,Field Operations,"Air, sea and other",Atlanta Field Office,Inadmissibles,1102
2023-03,2023,Field Operations,"Air, sea and other",Baltimore Field Office,Inadmissibles,1599
2023-03,2023,Field Operations,"Air, sea and other",Boston Field Office,Inadmissibles,390
2023-03,2023,Field Operations,"Air, sea and other",Buffalo Field Office,Inadmissibles,43
2023-03,2023,Field Operations,"Air, sea and other",Chicago Field Office,Inadmissibles,1650
2023-03,2023,Field Operations,"Air, sea and other",Detroit Field Office,Inadmissibles,184
2023-03,2023,Field Operations,"Air, sea and other",Houston Field Office,Inadmissibles,6769
2023-03,2023,Field Operations,"Air, sea and other",Laredo Field Office,Inadmissibles,10
2023-03,2023,Field Operations,"Air, sea and other",Los Angeles Field Office,Inadmissibles,1969
2023-03,2023,Field Operations,"Air, sea and other",Miami Field Office,Inadmissibles,23059
2023-03,2023,Field Operations,"Air, sea and other",New Orleans Field Office,Inadmissibles,1071
2023-03,2023,Field Operations,"Air, sea and other",New York Field Office,Inadmissibles,5252
2023-03,2023,Field Operations,"Air, sea and other",Portland Field Office,Inadmissibles,481
2023-03,2023,Field Operations,"Air, sea and other",Preclearance Field Office,Inadmissibles,1068
2023-03,2023,Field Operations,"Air, sea and other",San Diego Field Office,Inadmissibles,40
2023-03,2023,Field Operations,"Air, sea and other",San Francisco Field Office,Inadmissibles,1855
2023-03,2023,Field Operations,"Air, sea and other",San Juan Field Office,Inadmissibles,534
2023-03,2023,Field Operations,"Air, sea and other",Seattle Field Office,Inadmissibles,940
2023-03,2023,Field Operations,"Air, sea and other",Tampa Field Office,Inadmissibles,1964
2023-03,2023,Field Operations,"Air, sea and other",Tucson Field Office,Inadmissibles,48
2023-03,2023,Field Operations,Northern border,Boston Field Office,Inadmissibles,3726
2023-03,2023,Field Operations,Northern border,Buffalo Field Office,Inadmissibles,5033
2023-03,2023,Field Operations,Northern border,Detroit Field Office,Inadmissibles,889
2023-03,2023,Field Operations,Northern border,Portland Field Office,Inadmissibles,29
2023-03,2023,Field Operations,Northern border,Seattle Field Office,Inadmissibles,3481
2023-03,2023,Field Operations,Southwest border,El Paso Field Office,Inadmissibles,2807
2023-03,2023,Field Operations,Southwest border,Laredo Field Office,Inadmissibles,15049
2023-03,2023,Field Operations,Southwest border,San Diego Field Office,Inadmissibles,7912
2023-03,2023,Field Operations,Southwest border,Tucson Field Office,Inadmissibles,1612
2023-04,2023,Border Patrol,"Air, sea and other",Miami Sector,Apprehensions,105
2023-04,2023,Border Patrol,"Air, sea and other",New Orleans Sector,Apprehensions,57
2023-04,2023,Border Patrol,"Air, sea and other",Ramey Sector,Apprehensions,89
2023-04,2023,Border Patrol,Northern border,Blaine Sector,Apprehensions,172
2023-04,2023,Border Patrol,Northern border,Buffalo Sector,Apprehensions,11
2023-04,2023,Border Patrol,Northern border,Detroit Sector,Apprehensions,23
2023-04,2023,Border Patrol,Northern border,Grand Forks Sector,Apprehensions,19
2023-04,2023,Border Patrol,Northern border,Havre Sector,Apprehensions,13
2023-04,2023,Border Patrol,Northern border,Houlton Sector,Apprehensions,25
2023-04,2023,Border Patrol,Northern border,Spokane Sector,Apprehensions,20
2023-04,2023,Border Patrol,Northern border,Swanton Sector,Apprehensions,556
2023-04,2023,Border Patrol,Southwest border,Big Bend Sector,Apprehensions,391
2023-04,2023,Border Patrol,Southwest border,Del Rio Sector,Apprehensions,6037
2023-04,2023,Border Patrol,Southwest border,El Centro Sector,Apprehensions,2012
2023-04,2023,Border Patrol,Southwest border,El Paso Sector,Apprehensions,16766
2023-04,2023,Border Patrol,Southwest border,Laredo Sector,Apprehensions,739
2023-04,2023,Border Patrol,Southwest border,Rio Grande Valley Sector,Apprehensions,25591
2023-04,2023,Border Patrol,Southwest border,San Diego Sector,Apprehensions,18842
2023-04,2023,Border Patrol,Southwest border,Tucson Sector,Apprehensions,18755
2023-04,2023,Border Patrol,Southwest border,Yuma Sector,Apprehensions,10723
2023-04,2023,Field Operations,"Air, sea and other",Atlanta Field Office,Inadmissibles,1206
2023-04,2023,Field Operations,"Air, sea and other",Baltimore Field Office,Inadmissibles,1614
2023-04,2023,Field Operations,"Air, sea and other",Boston Field Office,Inadmissibles,346
2023-04,2023,Field Operations,"Air, sea and other",Buffalo Field Office,Inadmissibles,10
2023-04,2023,Field Operations,"Air, sea and other",Chicago Field Office,Inadmissibles,1507
2023-04,2023,Field Operations,"Air, sea and other",Detroit Field Office,Inadmissibles,162
2023-04,2023,Field Operations,"Air, sea and other",Houston Field Office,Inadmissibles,6589
2023-04,2023,Field Operations,"Air, sea and other",Laredo Field Office,Inadmissibles,33
2023-04,2023,Field Operations,"Air, sea and other",Los Angeles Field Office,Inadmissibles,1843
2023-04,2023,Field Operations,"Air, sea and other",Miami Field Office,Inadmissibles,23408
2023-04,2023,Field Operations,"Air, sea and other",New Orleans Field Office,Inadmissibles,980
2023-04,2023,Field Operations,"Air, sea and other",New York Field Office,Inadmissibles,4871
2023-04,2023,Field Operations,"Air, sea and other",Portland Field Office,Inadmissibles,429
2023-04,2023,Field Operations,"Air, sea and other",Preclearance Field Office,Inadmissibles,1063
2023-04,2023,Field Operations,"Air, sea and other",San Diego Field Office,Inadmissibles,56
2023-04,2023,Field Operations,"Air, sea and other",San Francisco Field Office,Inadmissibles,1714
2023-04,2023,Field Operations,"Air, sea and other",San Juan Field Office,Inadmissibles,693
2023-04,2023,Field Operations,"Air, sea and other",Seattle Field Office,Inadmissibles,663
2023-04,2023,Field Operations,"Air, sea and other",Tampa Field Office,Inadmissibles,2440
2023-04,2023,Field Operations,"Air, sea and other",Tucson Field Office,Inadmissibles,38
2023-04,2023,Field Operations,Northern border,Boston Field Office,Inadmissibles,2669
2023-04,2023,Field Operations,Northern border,Buffalo Field Office,Inadmissibles,5511
2023-04,2023,Field Operations,Northern border,Detroit Field Office,Inadmissibles,805
2023-04,2023,Field Operations,Northern border,Portland Field Office,Inadmissibles,13
2023-04,2023,Field Operations,Northern border,Seattle Field Office,Inadmissibles,3296
2023-04,2023,Field Operations,Southwest border,El Paso Field Office,Inadmissibles,2945
2023-04,2023,Field Operations,Southwest border,Laredo Field Office,Inadmissibles,13369
2023-04,2023,Field Operations,Southwest border,San Diego Field Office,Inadmissibles,7931
2023-04,2023,Field Operations,Southwest border,Tucson Field Office,Inadmissibles,1676
2023-05,2023,Border Patrol,"Air, sea and other",Miami Sector,Apprehensions,154
2023-05,2023,Border Patrol,"Air, sea and other",New Orleans Sector,Apprehensions,29
2023-05,2023,Border Patrol,"Air, sea and other",Ramey Sector,Apprehensions,55
2023-05,2023,Border Patrol,Northern border,Blaine Sector,Apprehensions,113
2023-05,2023,Border Patrol,Northern border,Buffalo Sector,Apprehensions,32
2023-05,2023,Border Patrol,Northern border,Detroit Sector,Apprehensions,72
2023-05,2023,Border Patrol,Northern border,Grand Forks Sector,Apprehensions,48
2023-05,2023,Border Patrol,Northern border,Havre Sector,Apprehensions,9
2023-05,2023,Border Patrol,Northern border,Houlton Sector,Apprehensions,49
2023-05,2023,Border Patrol,Northern border,Spokane Sector,Apprehensions,18
2023-05,2023,Border Patrol,Northern border,Swanton Sector,Apprehensions,458
2023-05,2023,Border Patrol,Southwest border,Big Bend Sector,Apprehensions,1052
2023-05,2023,Border Patrol,Southwest border,Del Rio Sector,Apprehensions,21170
2023-05,2023,Border Patrol,Southwest border,El Centro Sector,Apprehensions,3654
2023-05,2023,Border Patrol,Southwest border,El Paso Sector,Apprehensions,20336
2023-05,2023,Border Patrol,Southwest border,Laredo Sector,Apprehensions,2027
2023-05,2023,Border Patrol,Southwest border,Rio Grande Valley Sector,Apprehensions,31681
2023-05,2023,Border Patrol,Southwest border,San Diego Sector,Apprehensions,20722
2023-05,2023,Border Patrol,Southwest border,Tucson Sector,Apprehensions,24377
2023-05,2023,Border Patrol,Southwest border,Yuma Sector,Apprehensions,14782
2023-05,2023,Field Operations,"Air, sea and other",Atlanta Field Office,Inadmissibles,1260
2023-05,2023,Field Operations,"Air, sea and other",Baltimore Field Office,Inadmissibles,1764
2023-05,2023,Field Operations,"Air, sea and other",Boston Field Office,Inadmissibles,509
2023-05,2023,Field Operations,"Air, sea and other",Buffalo Field Office,Inadmissibles,5
2023-05,2023,Field Operations,"Air, sea and other",Chicago Field Office,Inadmissibles,1830
2023-05,2023,Field Operations,"Air, sea and other",Detroit Field Office,Inadmissibles,151
2023-05,2023,Field Operations,"Air, sea and other",El Paso Field Office,Inadmissibles,2
2023-05,2023,Field Operations,"Air, sea and other",Houston Field Office,Inadmissibles,6549
2023-05,2023,Field Operations,"Air, sea and other",Laredo Field Office,Inadmissibles,13
2023-05,2023,Field Operations,"Air, sea and other",Los Angeles Field Office,Inadmissibles,2141
2023-05,2023,Field Operations,"Air, sea and other",Miami Field Office,Inadmissibles,25013
2023-05,2023,Field Operations,"Air, sea and other",New Orleans Field Office,Inadmissibles,810
2023-05,2023,Field Operations,"Air, sea and other",New York Field Office,Inadmissibles,4001
2023-05,2023,Field Operations,"Air, sea and other",Portland Field Office,Inadmissibles,564
2023-05,2023,Field Operations,"Air, sea and other",Preclearance Field Office,Inadmissibles,1115
2023-05,2023,Field Operations,"Air, sea and other",San Diego Field Office,Inadmissibles,46
2023-05,2023,Field Operations,"Air, sea and other",San Francisco Field Office,Inadmissibles,2320
2023-05,2023,Field Operations,"Air, sea and other",San Juan Field Office,Inadmissibles,780
2023-05,2023,Field Operations,"Air, sea and other",Seattle Field Office,Inadmissibles,820
2023-05,2023,Field Operations,"Air, sea and other",Tampa Field Office,Inadmissibles,1678
2023-05,2023,Field Operations,"Air, sea and other",Tucson Field Office,Inadmissibles,34
2023-05,2023,Field Operations,Northern border,Boston Field Office,Inadmissibles,3021
2023-05,2023,Field Operations,Northern border,Buffalo Field Office,Inadmissibles,7632
2023-05,2023,Field Operations,Northern border,Detroit Field Office,Inadmissibles,1308
2023-05,2023,Field Operations,Northern border,Portland Field Office,Inadmissibles,83
2023-05,2023,Field Operations,Northern border,Seattle Field Office,Inadmissibles,3697
2023-05,2023,Field Operations,Southwest border,El Paso Field Office,Inadmissibles,4476
2023-05,2023,Field Operations,Southwest border,Laredo Field Office,Inadmissibles,18262
2023-05,2023,Field Operations,Southwest border,San Diego Field Office,Inadmissibles,9047
2023-05,2023,Field Operations,Southwest border,Tucson Field Office,Inadmissibles,2658
2023-06,2023,Border Patrol,"Air, sea and other",Miami Sector,Apprehensions,55
2023-06,2023,Border Patrol,"Air, sea and other",New Orleans Sector,Apprehensions,41
2023-06,2023,Border Patrol,"Air, sea and other",Ramey Sector,Apprehensions,128
2023-06,2023,Border Patrol,Northern border,Blaine Sector,Apprehensions,118
2023-06,2023,Border Patrol,Northern border,Buffalo Sector,Apprehensions,17
2023-06,2023,Border Patrol,Northern border,Detroit Sector,Apprehensions,20
2023-06,2023,Border Patrol,Northern border,Grand Forks Sector,Apprehensions,11
2023-06,2023,Border Patrol,Northern border,Havre Sector,Apprehensions,8
2023-06,2023,Border Patrol,Northern border,Houlton Sector,Apprehensions,16
2023-06,2023,Border Patrol,Northern border,Spokane Sector,Apprehensions,21
2023-06,2023,Border Patrol,Northern border,Swanton Sector,Apprehensions,633
2023-06,2023,Border Patrol,Southwest border,Big Bend Sector,Apprehensions,412
2023-06,2023,Border Patrol,Southwest border,Del Rio Sector,Apprehensions,24632
2023-06,2023,Border Patrol,Southwest border,El Centro Sector,Apprehensions,1680
2023-06,2023,Border Patrol,Southwest border,El Paso Sector,Apprehensions,13231
2023-06,2023,Border Patrol,Southwest border,Laredo Sector,Apprehensions,1919
2023-06,2023,Border Patrol,Southwest border,Rio Grande Valley Sector,Apprehensions,11435
2023-06,2023,Border Patrol,Southwest border,San Diego Sector,Apprehensions,12901
2023-06,2023,Border Patrol,Southwest border,Tucson Sector,Apprehensions,24359
2023-06,2023,Border Patrol,Southwest border,Yuma Sector,Apprehensions,8969
2023-06,2023,Field Operations,"Air, sea and other",Atlanta Field Office,Inadmissibles,1280
2023-06,2023,Field Operations,"Air, sea and other",Baltimore Field Office,Inadmissibles,1609
2023-06,2023,Field Operations,"Air, sea and other",Boston Field Office,Inadmissibles,422
2023-06,2023,Field Operations,"Air, sea and other",Buffalo Field Office,Inadmissibles,32
2023-06,2023,Field Operations,"Air, sea and other",Chicago Field Office,Inadmissibles,1687
2023-06,2023,Field Operations,"Air, sea and other",Detroit Field Office,Inadmissibles,158
2023-06,2023,Field Operations,"Air, sea and other",Houston Field Office,Inadmissibles,6255
2023-06,2023,Field Operations,"Air, sea and other",Laredo Field Office,Inadmissibles,1
2023-06,2023,Field Operations,"Air, sea and other",Los Angeles Field Office,Inadmissibles,1889
2023-06,2023,Field Operations,"Air, sea and other",Miami Field Office,Inadmissibles,24945
2023-06,2023,Field Operations,"Air, sea and other",New Orleans Field Office,Inadmissibles,842
2023-06,2023,Field Operations,"Air, sea and other",New York Field Office,Inadmissibles,4025
2023-06,2023,Field Operations,"Air, sea and other",Portland Field Office,Inadmissibles,432
2023-06,2023,Field Operations,"Air, sea and other",Preclearance Field Office,Inadmissibles,997
2023-06,2023,Field Operations,"Air, sea and other",San Diego Field Office,Inadmissibles,44
2023-06,2023,Field Operations,"Air, sea and other",San Francisco Field Office,Inadmissibles,2060
2023-06,2023,Field Operations,"Air, sea and other",San Juan Field Office,Inadmissibles,753
2023-06,2023,Field Operations,"Air, sea and other",Seattle Field Office,Inadmissibles,809
2023-06,2023,Field Operations,"Air, sea and other",Tampa Field Office,Inadmissibles,1794
2023-06,2023,Field Operations,"Air, sea and other",Tucson Field Office,Inadmissibles,25
2023-06,2023,Field Operations,Northern border,Boston Field Office,Inadmissibles,3585
2023-06,2023,Field Operations,Northern border,Buffalo Field Office,Inadmissibles,7057
2023-06,2023,Field Operations,Northern border,Detroit Field Office,Inadmissibles,1062
2023-06,2023,Field Operations,Northern border,Portland Field Office,Inadmissibles,119
2023-06,2023,Field Operations,Northern border,Seattle Field Office,Inadmissibles,3951
2023-06,2023,Field Operations,Southwest border,El Paso Field Office,Inadmissibles,6918
2023-06,2023,Field Operations,Southwest border,Laredo Field Office,Inadmissibles,22209
2023-06,2023,Field Operations,Southwest border,San Diego Field Office,Inadmissibles,12957
2023-06,2023,Field Operations,Southwest border,Tucson Field Office,Inadmissibles,2934
2023-07,2023,Border Patrol,"Air, sea and other",Miami Sector,Apprehensions,76
2023-07,2023,Border Patrol,"Air, sea and other",New Orleans Sector,Apprehensions,30
2023-07,2023,Border Patrol,"Air, sea and other",Ramey Sector,Apprehensions,162
2023-07,2023,Border Patrol,Northern border,Blaine Sector,Apprehensions,158
2023-07,2023,Border Patrol,Northern border,Buffalo Sector,Apprehensions,51
2023-07,2023,Border Patrol,Northern border,Detroit Sector,Apprehensions,55
2023-07,2023,Border Patrol,Northern border,Grand Forks Sector,Apprehensions,26
2023-07,2023,Border Patrol,Northern border,Havre Sector,Apprehensions,5
2023-07,2023,Border Patrol,Northern border,Houlton Sector,Apprehensions,41
2023-07,2023,Border Patrol,Northern border,Spokane Sector,Apprehensions,17
2023-07,2023,Border Patrol,Northern border,Swanton Sector,Apprehensions,801
2023-07,2023,Border Patrol,Southwest border,Big Bend Sector,Apprehensions,404
2023-07,2023,Border Patrol,Southwest border,Del Rio Sector,Apprehensions,24505
2023-07,2023,Border Patrol,Southwest border,El Centro Sector,Apprehensions,1458
2023-07,2023,Border Patrol,Southwest border,El Paso Sector,Apprehensions,16466
2023-07,2023,Border Patrol,Southwest border,Laredo Sector,Apprehensions,2436
2023-07,2023,Border Patrol,Southwest border,Rio Grande Valley Sector,Apprehensions,26527
2023-07,2023,Border Patrol,Southwest border,San Diego Sector,Apprehensions,15032
2023-07,2023,Border Patrol,Southwest border,Tucson Sector,Apprehensions,39215
2023-07,2023,Border Patrol,Southwest border,Yuma Sector,Apprehensions,6599
2023-07,2023,Field Operations,"Air, sea and other",Atlanta Field Office,Inadmissibles,899
2023-07,2023,Field Operations,"Air, sea and other",Baltimore Field Office,Inadmissibles,1304
2023-07,2023,Field Operations,"Air, sea and other",Boston Field Office,Inadmissibles,384
2023-07,2023,Field Operations,"Air, sea and other",Buffalo Field Office,Inadmissibles,25
2023-07,2023,Field Operations,"Air, sea and other",Chicago Field Office,Inadmissibles,1478
2023-07,2023,Field Operations,"Air, sea and other",Detroit Field Office,Inadmissibles,148
2023-07,2023,Field Operations,"Air, sea and other",El Paso Field Office,Inadmissibles,1
2023-07,2023,Field Operations,"Air, sea and other",Houston Field Office,Inadmissibles,6348
2023-07,2023,Field Operations,"Air, sea and other",Laredo Field Office,Inadmissibles,51
2023-07,2023,Field Operations,"Air, sea and other",Los Angeles Field Office,Inadmissibles,1608
2023-07,2023,Field Operations,"Air, sea and other",Miami Field Office,Inadmissibles,18851
2023-07,2023,Field Operations,"Air, sea and other",New Orleans Field Office,Inadmissibles,779
2023-07,2023,Field Operations,"Air, sea and other",New York Field Office,Inadmissibles,3696
2023-07,2023,Field Operations,"Air, sea and other",Portland Field Office,Inadmissibles,410
2023-07,2023,Field Operations,"Air, sea and other",Preclearance Field Office,Inadmissibles,1089
2023-07,2023,Field Operations,"Air, sea and other",San Diego Field Office,Inadmissibles,52
2023-07,2023,Field Operations,"Air, sea and other",San Francisco Field Office,Inadmissibles,2661
2023-07,2023,Field Operations,"Air, sea and other",San Juan Field Office,Inadmissibles,642
2023-07,2023,Field Operations,"Air, sea and other",Seattle Field Office,Inadmissibles,720
2023-07,2023,Field Operations,"Air, sea and other",Tampa Field Office,Inadmissibles,1628
2023-07,2023,Field Operations,"Air, sea and other",Tucson Field Office,Inadmissibles,64
2023-07,2023,Field Operations,Northern border,Boston Field Office,Inadmissibles,4098
2023-07,2023,Field Operations,Northern border,Buffalo Field Office,Inadmissibles,7308
2023-07,2023,Field Operations,Northern border,Detroit Field Office,Inadmissibles,1193
2023-07,2023,Field Operations,Northern border,Portland Field Office,Inadmissibles,127
2023-07,2023,Field Operations,Northern border,Seattle Field Office,Inadmissibles,4689
2023-07,2023,Field Operations,Southwest border,El Paso Field Office,Inadmissibles,7887
2023-07,2023,Field Operations,Southwest border,Laredo Field Office,Inadmissibles,24180
2023-07,2023,Field Operations,Southwest border,San Diego Field Office,Inadmissibles,15424
2023-07,2023,Field Operations,Southwest border,Tucson Field Office,Inadmissibles,3346
2023-08,2023,Border Patrol,"Air, sea and other",Miami Sector,Apprehensions,61
2023-08,2023,Border Patrol,"Air, sea and other",New Orleans Sector,Apprehensions,49
2023-08,2023,Border Patrol,"Air, sea and other",Ramey Sector,Apprehensions,157
2023-08,2023,Border Patrol,Northern border,Blaine Sector,Apprehensions,188
2023-08,2023,Border Patrol,Northern border,Buffalo Sector,Apprehensions,41
2023-08,2023,Border Patrol,Northern border,Detroit Sector,Apprehensions,34
2023-08,2023,Border Patrol,Northern border,Grand Forks Sector,Apprehensions,33
2023-08,2023,Border Patrol,Northern border,Havre Sector,Apprehensions,12
2023-08,2023,Border Patrol,Northern border,Houlton Sector,Apprehensions,15
2023-08,2023,Border Patrol,Northern border,Spokane Sector,Apprehensions,21
2023-08,2023,Border Patrol,Northern border,Swanton Sector,Apprehensions,712
2023-08,2023,Border Patrol,Southwest border,Big Bend Sector,Apprehensions,568
2023-08,2023,Border Patrol,Southwest border,Del Rio Sector,Apprehensions,29689
2023-08,2023,Border Patrol,Southwest border,El Centro Sector,Apprehensions,1458
2023-08,2023,Border Patrol,Southwest border,El Paso Sector,Apprehensions,25234
2023-08,2023,Border Patrol,Southwest border,Laredo Sector,Apprehensions,3097
2023-08,2023,Border Patrol,Southwest border,Rio Grande Valley Sector,Apprehensions,46537
2023-08,2023,Border Patrol,Southwest border,San Diego Sector,Apprehensions,18985
2023-08,2023,Border Patrol,Southwest border,Tucson Sector,Apprehensions,48752
2023-08,2023,Border Patrol,Southwest border,Yuma Sector,Apprehensions,6734
2023-08,2023,Field Operations,"Air, sea and other",Atlanta Field Office,Inadmissibles,1012
2023-08,2023,Field Operations,"Air, sea and other",Baltimore Field Office,Inadmissibles,1711
2023-08,2023,Field Operations,"Air, sea and other",Boston Field Office,Inadmissibles,425
2023-08,2023,Field Operations,"Air, sea and other",Buffalo Field Office,Inadmissibles,50
2023-08,2023,Field Operations,"Air, sea and other",Chicago Field Office,Inadmissibles,1749
2023-08,2023,Field Operations,"Air, sea and other",Detroit Field Office,Inadmissibles,164
2023-08,2023,Field Operations,"Air, sea and other",El Paso Field Office,Inadmissibles,2
2023-08,2023,Field Operations,"Air, sea and other",Houston Field Office,Inadmissibles,6819
2023-08,2023,Field Operations,"Air, sea and other",Laredo Field Office,Inadmissibles,30
2023-08,2023,Field Operations,"Air, sea and other",Los Angeles Field Office,Inadmissibles,1820
2023-08,2023,Field Operations,"Air, sea and other",Miami Field Office,Inadmissibles,24792
2023-08,2023,Field Operations,"Air, sea and other",New Orleans Field Office,Inadmissibles,877
2023-08,2023,Field Operations,"Air, sea and other",New York Field Office,Inadmissibles,3705
2023-08,2023,Field Operations,"Air, sea and other",Portland Field Office,Inadmissibles,582
2023-08,2023,Field Operations,"Air, sea and other",Preclearance Field Office,Inadmissibles,1193
2023-08,2023,Field Operations,"Air, sea and other",San Diego Field Office,Inadmissibles,35
2023-08,2023,Field Operations,"Air, sea and other",San Francisco Field Office,Inadmissibles,2577
2023-08,2023,Field Operations,"Air, sea and other",San Juan Field Office,Inadmissibles,859
2023-08,2023,Field Operations,"Air, sea and other",Seattle Field Office,Inadmissibles,839
2023-08,2023,Field Operations,"Air, sea and other",Tampa Field Office,Inadmissibles,1747
2023-08,2023,Field Operations,"Air, sea and other",Tucson Field Office,Inadmissibles,21
2023-08,2023,Field Operations,Northern border,Boston Field Office,Inadmissibles,4744
2023-08,2023,Field Operations,Northern border,Buffalo Field Office,Inadmissibles,7705
2023-08,2023,Field Operations,Northern border,Detroit Field Office,Inadmissibles,1294
2023-08,2023,Field Operations,Northern border,Portland Field Office,Inadmissibles,129
2023-08,2023,Field Operations,Northern border,Seattle Field Office,Inadmissibles,4906
2023-08,2023,Field Operations,Southwest border,El Paso Field Office,Inadmissibles,8038
2023-08,2023,Field Operations,Southwest border,Laredo Field Office,Inadmissibles,24002
2023-08,2023,Field Operations,Southwest border,San Diego Field Office,Inadmissibles,15754
2023-08,2023,Field Operations,Southwest border,Tucson Field Office,Inadmissibles,4115
2023-09,2023,Border Patrol,"Air, sea and other",Miami Sector,Apprehensions,85
2023-09,2023,Border Patrol,"Air, sea and other",New Orleans Sector,Apprehensions,19
2023-09,2023,Border Patrol,"Air, sea and other",Ramey Sector,Apprehensions,121
2023-09,2023,Border Patrol,Northern border,Blaine Sector,Apprehensions,218
2023-09,2023,Border Patrol,Northern border,Buffalo Sector,Apprehensions,10
2023-09,2023,Border Patrol,Northern border,Detroit Sector,Apprehensions,48
2023-09,2023,Border Patrol,Northern border,Grand Forks Sector,Apprehensions,63
2023-09,2023,Border Patrol,Northern border,Havre Sector,Apprehensions,7
2023-09,2023,Border Patrol,Northern border,Houlton Sector,Apprehensions,15
2023-09,2023,Border Patrol,Northern border,Spokane Sector,Apprehensions,18
2023-09,2023,Border Patrol,Northern border,Swanton Sector,Apprehensions,956
2023-09,2023,Border Patrol,Southwest border,Big Bend Sector,Apprehensions,560
2023-09,2023,Border Patrol,Southwest border,Del Rio Sector,Apprehensions,45688
2023-09,2023,Border Patrol,Southwest border,El Centro Sector,Apprehensions,1979
2023-09,2023,Border Patrol,Southwest border,El Paso Sector,Apprehensions,38148
2023-09,2023,Border Patrol,Southwest border,Laredo Sector,Apprehensions,3079
2023-09,2023,Border Patrol,Southwest border,Rio Grande Valley Sector,Apprehensions,45764
2023-09,2023,Border Patrol,Southwest border,San Diego Sector,Apprehensions,26609
2023-09,2023,Border Patrol,Southwest border,Tucson Sector,Apprehensions,51001
2023-09,2023,Border Patrol,Southwest border,Yuma Sector,Apprehensions,5935
2023-09,2023,Field Operations,"Air, sea and other",Atlanta Field Office,Inadmissibles,1150
2023-09,2023,Field Operations,"Air, sea and other",Baltimore Field Office,Inadmissibles,1748
2023-09,2023,Field Operations,"Air, sea and other",Boston Field Office,Inadmissibles,414
2023-09,2023,Field Operations,"Air, sea and other",Buffalo Field Office,Inadmissibles,12
2023-09,2023,Field Operations,"Air, sea and other",Chicago Field Office,Inadmissibles,2078
2023-09,2023,Field Operations,"Air, sea and other",Detroit Field Office,Inadmissibles,189
2023-09,2023,Field Operations,"Air, sea and other",Houston Field Office,Inadmissibles,6212
2023-09,2023,Field Operations,"Air, sea and other",Laredo Field Office,Inadmissibles,45
2023-09,2023,Field Operations,"Air, sea and other",Los Angeles Field Office,Inadmissibles,1948
2023-09,2023,Field Operations,"Air, sea and other",Miami Field Office,Inadmissibles,25270
2023-09,2023,Field Operations,"Air, sea and other",New Orleans Field Office,Inadmissibles,1166
2023-09,2023,Field Operations,"Air, sea and other",New York Field Office,Inadmissibles,4382
2023-09,2023,Field Operations,"Air, sea and other",Portland Field Office,Inadmissibles,525
2023-09,2023,Field Operations,"Air, sea and other",Preclearance Field Office,Inadmissibles,1205
2023-09,2023,Field Operations,"Air, sea and other",San Diego Field Office,Inadmissibles,36
2023-09,2023,Field Operations,"Air, sea and other",San Francisco Field Office,Inadmissibles,2722
2023-09,2023,Field Operations,"Air, sea and other",San Juan Field Office,Inadmissibles,902
2023-09,2023,Field Operations,"Air, sea and other",Seattle Field Office,Inadmissibles,901
2023-09,2023,Field Operations,"Air, sea and other",Tampa Field Office,Inadmissibles,1613
2023-09,2023,Field Operations,"Air, sea and other",Tucson Field Office,Inadmissibles,62
2023-09,2023,Field Operations,Northern border,Boston Field Office,Inadmissibles,5162
2023-09,2023,Field Operations,Northern border,Buffalo Field Office,Inadmissibles,6323
2023-09,2023,Field Operations,Northern border,Detroit Field Office,Inadmissibles,1084
2023-09,2023,Field Operations,Northern border,Portland Field Office,Inadmissibles,61
2023-09,2023,Field Operations,Northern border,Seattle Field Office,Inadmissibles,4887
2023-09,2023,Field Operations,Southwest border,El Paso Field Office,Inadmissibles,7515
2023-09,2023,Field Operations,Southwest border,Laredo Field Office,Inadmissibles,23560
2023-09,2023,Field Operations,Southwest border,San Diego Field Office,Inadmissibles,15394
2023-09,2023,Field Operations,Southwest border,Tucson Field Office,Inadmissibles,4503
2023-10,2024,Border Patrol,"Air, sea and other",Miami Sector,Apprehensions,69
2023-10,2024,Border Patrol,"Air, sea and other",New Orleans Sector,Apprehensions,39
2023-10,2024,Border Patrol,"Air, sea and other",Ramey Sector,Apprehensions,75
2023-10,2024,Border Patrol,Northern border,Blaine Sector,Apprehensions,229
2023-10,2024,Border Patrol,Northern border,Buffalo Sector,Apprehensions,32
2023-10,2024,Border Patrol,Northern border,Detroit Sector,Apprehensions,61
2023-10,2024,Border Patrol,Northern border,Grand Forks Sector,Apprehensions,19
2023-10,2024,Border Patrol,Northern border,Havre Sector,Apprehensions,31
2023-10,2024,Border Patrol,Northern border,Houlton Sector,Apprehensions,53
2023-10,2024,Border Patrol,Northern border,Spokane Sector,Apprehensions,22
2023-10,2024,Border Patrol,Northern border,Swanton Sector,Apprehensions,1075
2023-10,2024,Border Patrol,Southwest border,Big Bend Sector,Apprehensions,479
2023-10,2024,Border Patrol,Southwest border,Del Rio Sector,Apprehensions,38206
2023-10,2024,Border Patrol,Southwest border,El Centro Sector,Apprehensions,2049
2023-10,2024,Border Patrol,Southwest border,El Paso Sector,Apprehensions,22106
2023-10,2024,Border Patrol,Southwest border,Laredo Sector,Apprehensions,2827
2023-10,2024,Border Patrol,Southwest border,Rio Grande Valley Sector,Apprehensions,32111
2023-10,2024,Border Patrol,Southwest border,San Diego Sector,Apprehensions,29878
2023-10,2024,Border Patrol,Southwest border,Tucson Sector,Apprehensions,55223
2023-10,2024,Border Patrol,Southwest border,Yuma Sector,Apprehensions,5870
2023-10,2024,Field Operations,"Air, sea and other",Atlanta Field Office,Inadmissibles,917
2023-10,2024,Field Operations,"Air, sea and other",Baltimore Field Office,Inadmissibles,1591
2023-10,2024,Field Operations,"Air, sea and other",Boston Field Office,Inadmissibles,320
2023-10,2024,Field Operations,"Air, sea and other",Buffalo Field Office,Inadmissibles,23
2023-10,2024,Field Operations,"Air, sea and other",Chicago Field Office,Inadmissibles,1883
2023-10,2024,Field Operations,"Air, sea and other",Detroit Field Office,Inadmissibles,214
2023-10,2024,Field Operations,"Air, sea and other",Houston Field Office,Inadmissibles,6208
2023-10,2024,Field Operations,"Air, sea and other",Laredo Field Office,Inadmissibles,25
2023-10,2024,Field Operations,"Air, sea and other",Los Angeles Field Office,Inadmissibles,2266
2023-10,2024,Field Operations,"Air, sea and other",Miami Field Office,Inadmissibles,25351
2023-10,2024,Field Operations,"Air, sea and other",New Orleans Field Office,Inadmissibles,930
2023-10,2024,Field Operations,"Air, sea and other",New York Field Office,Inadmissibles,4379
2023-10,2024,Field Operations,"Air, sea and other",Portland Field Office,Inadmissibles,300
2023-10,2024,Field Operations,"Air, sea and other",Preclearance Field Office,Inadmissibles,1222
2023-10,2024,Field Operations,"Air, sea and other",San Diego Field Office,Inadmissibles,31
2023-10,2024,Field Operations,"Air, sea and other",San Francisco Field Office,Inadmissibles,2742
2023-10,2024,Field Operations,"Air, sea and other",San Juan Field Office,Inadmissibles,1576
2023-10,2024,Field Operations,"Air, sea and other",Seattle Field Office,Inadmissibles,827
2023-10,2024,Field Operations,"Air, sea and other",Tampa Field Office,Inadmissibles,1696
2023-10,2024,Field Operations,"Air, sea and other",Tucson Field Office,Inadmissibles,17
2023-10,2024,Field Operations,Northern border,Boston Field Office,Inadmissibles,3126
2023-10,2024,Field Operations,Northern border,Buffalo Field Office,Inadmissibles,5251
2023-10,2024,Field Operations,Northern border,Detroit Field Office,Inadmissibles,1178
2023-10,2024,Field Operations,Northern border,Portland Field Office,Inadmissibles,44
2023-10,2024,Field Operations,Northern border,Seattle Field Office,Inadmissibles,4275
2023-10,2024,Field Operations,Southwest border,El Paso Field Office,Inadmissibles,7573
2023-10,2024,Field Operations,Southwest border,Laredo Field Office,Inadmissibles,24439
2023-10,2024,Field Operations,Southwest border,San Diego Field Office,Inadmissibles,15996
2023-10,2024,Field Operations,Southwest border,Tucson Field Office,Inadmissibles,4170
2023-11,2024,Border Patrol,"Air, sea and other",Miami Sector,Apprehensions,50
2023-11,2024,Border Patrol,"Air, sea and other",New Orleans Sector,Apprehensions,26
2023-11,2024,Border Patrol,"Air, sea and other",Ramey Sector,Apprehensions,27
2023-11,2024,Border Patrol,Northern border,Blaine Sector,Apprehensions,198
2023-11,2024,Border Patrol,Northern border,Buffalo Sector,Apprehensions,31
2023-11,2024,Border Patrol,Northern border,Detroit Sector,Apprehensions,55
2023-11,2024,Border Patrol,Northern border,Grand Forks Sector,Apprehensions,22
2023-11,2024,Border Patrol,Northern border,Havre Sector,Apprehensions,4
2023-11,2024,Border Patrol,Northern border,Houlton Sector,Apprehensions,47
2023-11,2024,Border Patrol,Northern border,Spokane Sector,Apprehensions,15
2023-11,2024,Border Patrol,Northern border,Swanton Sector,Apprehensions,776
2023-11,2024,Border Patrol,Southwest border,Big Bend Sector,Apprehensions,426
2023-11,2024,Border Patrol,Southwest border,Del Rio Sector,Apprehensions,42930
2023-11,2024,Border Patrol,Southwest border,El Centro Sector,Apprehensions,1788
2023-11,2024,Border Patrol,Southwest border,El Paso Sector,Apprehensions,22409
2023-11,2024,Border Patrol,Southwest border,Laredo Sector,Apprehensions,2811
2023-11,2024,Border Patrol,Southwest border,Rio Grande Valley Sector,Apprehensions,18784
2023-11,2024,Border Patrol,Southwest border,San Diego Sector,Apprehensions,31163
2023-11,2024,Border Patrol,Southwest border,Tucson Sector,Apprehensions,64636
2023-11,2024,Border Patrol,Southwest border,Yuma Sector,Apprehensions,6159
2023-11,2024,Field Operations,"Air, sea and other",Atlanta Field Office,Inadmissibles,1172
2023-11,2024,Field Operations,"Air, sea and other",Baltimore Field Office,Inadmissibles,1521
2023-11,2024,Field Operations,"Air, sea and other",Boston Field Office,Inadmissibles,276
2023-11,2024,Field Operations,"Air, sea and other",Buffalo Field Office,Inadmissibles,34
2023-11,2024,Field Operations,"Air, sea and other",Chicago Field Office,Inadmissibles,1505
2023-11,2024,Field Operations,"Air, sea and other",Detroit Field Office,Inadmissibles,137
2023-11,2024,Field Operations,"Air, sea and other",Houston Field Office,Inadmissibles,5534
2023-11,2024,Field Operations,"Air, sea and other",Laredo Field Office,Inadmissibles,1
2023-11,2024,Field Operations,"Air, sea and other",Los Angeles Field Office,Inadmissibles,1978
2023-11,2024,Field Operations,"Air, sea and other",Miami Field Office,Inadmissibles,26971
2023-11,2024,Field Operations,"Air, sea and other",New Orleans Field Office,Inadmissibles,856
2023-11,2024,Field Operations,"Air, sea and other",New York Field Office,Inadmissibles,4257
2023-11,2024,Field Operations,"Air, sea and other",Portland Field Office,Inadmissibles,436
2023-11,2024,Field Operations,"Air, sea and other",Preclearance Field Office,Inadmissibles,1214
2023-11,2024,Field Operations,"Air, sea and other",San Diego Field Office,Inadmissibles,32
2023-11,2024,Field Operations,"Air, sea and other",San Francisco Field Office,Inadmissibles,1776
2023-11,2024,Field Operations,"Air, sea and other",San Juan Field Office,Inadmissibles,1239
2023-11,2024,Field Operations,"Air, sea and other",Seattle Field Office,Inadmissibles,702
2023-11,2024,Field Operations,"Air, sea and other",Tampa Field Office,Inadmissibles,2392
2023-11,2024,Field Operations,"Air, sea and other",Tucson Field Office,Inadmissibles,15
2023-11,2024,Field Operations,Northern border,Boston Field Office,Inadmissibles,2974
2023-11,2024,Field Operations,Northern border,Buffalo Field Office,Inadmissibles,4892
2023-11,2024,Field Operations,Northern border,Detroit Field Office,Inadmissibles,1010
2023-11,2024,Field Operations,Northern border,Portland Field Office,Inadmissibles,14
2023-11,2024,Field Operations,Northern border,Seattle Field Office,Inadmissibles,4017
2023-11,2024,Field Operations,Southwest border,El Paso Field Office,Inadmissibles,7615
2023-11,2024,Field Operations,Southwest border,Laredo Field Office,Inadmissibles,24225
2023-11,2024,Field Operations,Southwest border,San Diego Field Office,Inadmissibles,15421
2023-11,2024,Field Operations,Southwest border,Tucson Field Office,Inadmissibles,4032
2023-12,2024,Border Patrol,"Air, sea and other",Miami Sector,Apprehensions,59
2023-12,2024,Border Patrol,"Air, sea and other",New Orleans Sector,Apprehensions,23
2023-12,2024,Border Patrol,"Air, sea and other",Ramey Sector,Apprehensions,178
2023-12,2024,Border Patrol,Northern border,Blaine Sector,Apprehensions,291
2023-12,2024,Border Patrol,Northern border,Buffalo Sector,Apprehensions,31
2023-12,2024,Border Patrol,Northern border,Detroit Sector,Apprehensions,45
2023-12,2024,Border Patrol,Northern border,Grand Forks Sector,Apprehensions,8
2023-12,2024,Border Patrol,Northern border,Havre Sector,Apprehensions,13
2023-12,2024,Border Patrol,Northern border,Houlton Sector,Apprehensions,23
2023-12,2024,Border Patrol,Northern border,Spokane Sector,Apprehensions,10
2023-12,2024,Border Patrol,Northern border,Swanton Sector,Apprehensions,757
2023-12,2024,Border Patrol,Southwest border,Big Bend Sector,Apprehensions,322
2023-12,2024,Border Patrol,Southwest border,Del Rio Sector,Apprehensions,71048
2023-12,2024,Border Patrol,Southwest border,El Centro Sector,Apprehensions,2222
2023-12,2024,Border Patrol,Southwest border,El Paso Sector,Apprehensions,33967
2023-12,2024,Border Patrol,Southwest border,Laredo Sector,Apprehensions,2267
2023-12,2024,Border Patrol,Southwest border,Rio Grande Valley Sector,Apprehensions,18216
2023-12,2024,Border Patrol,Southwest border,San Diego Sector,Apprehensions,34370
2023-12,2024,Border Patrol,Southwest border,Tucson Sector,Apprehensions,80184
2023-12,2024,Border Patrol,Southwest border,Yuma Sector,Apprehensions,7144
2023-12,2024,Field Operations,"Air, sea and other",Atlanta Field Office,Inadmissibles,987
2023-12,2024,Field Operations,"Air, sea and other",Baltimore Field Office,Inadmissibles,1539
2023-12,2024,Field Operations,"Air, sea and other",Boston Field Office,Inadmissibles,316
2023-12,2024,Field Operations,"Air, sea and other",Chicago Field Office,Inadmissibles,1606
2023-12,2024,Field Operations,"Air, sea and other",Detroit Field Office,Inadmissibles,151
2023-12,2024,Field Operations,"Air, sea and other",Houston Field Office,Inadmissibles,5900
2023-12,2024,Field Operations,"Air, sea and other",Laredo Field Office,Inadmissibles,27
2023-12,2024,Field Operations,"Air, sea and other",Los Angeles Field Office,Inadmissibles,2212
2023-12,2024,Field Operations,"Air, sea and other",Miami Field Office,Inadmissibles,27661
2023-12,2024,Field Operations,"Air, sea and other",New Orleans Field Office,Inadmissibles,976
2023-12,2024,Field Operations,"Air, sea and other",New York Field Office,Inadmissibles,4311
2023-12,2024,Field Operations,"Air, sea and other",Portland Field Office,Inadmissibles,297
2023-12,2024,Field Operations,"Air, sea and other",Preclearance Field Office,Inadmissibles,1185
2023-12,2024,Field Operations,"Air, sea and other",San Diego Field Office,Inadmissibles,58
2023-12,2024,Field Operations,"Air, sea and other",San Francisco Field Office,Inadmissibles,1874
2023-12,2024,Field Operations,"Air, sea and other",San Juan Field Office,Inadmissibles,1275
2023-12,2024,Field Operations,"Air, sea and other",Seattle Field Office,Inadmissibles,806
2023-12,2024,Field Operations,"Air, sea and other",Tampa Field Office,Inadmissibles,2075
2023-12,2024,Field Operations,"Air, sea and other",Tucson Field Office,Inadmissibles,22
2023-12,2024,Field Operations,Northern border,Boston Field Office,Inadmissibles,3920
2023-12,2024,Field Operations,Northern border,Buffalo Field Office,Inadmissibles,5131
2023-12,2024,Field Operations,Northern border,Detroit Field Office,Inadmissibles,1175
2023-12,2024,Field Operations,Northern border,Portland Field Office,Inadmissibles,17
2023-12,2024,Field Operations,Northern border,Seattle Field Office,Inadmissibles,3943
2023-12,2024,Field Operations,Southwest border,El Paso Field Office,Inadmissibles,7576
2023-12,2024,Field Operations,Southwest border,Laredo Field Office,Inadmissibles,24826
2023-12,2024,Field Operations,Southwest border,San Diego Field Office,Inadmissibles,15825
2023-12,2024,Field Operations,Southwest border,Tucson Field Office,Inadmissibles,4014
2024-01,2024,Border Patrol,"Air, sea and other",Miami Sector,Apprehensions,124
2024-01,2024,Border Patrol,"Air, sea and other",New Orleans Sector,Apprehensions,16
2024-01,2024,Border Patrol,"Air, sea and other",Ramey Sector,Apprehensions,159
2024-01,2024,Border Patrol,Northern border,Blaine Sector,Apprehensions,223
2024-01,2024,Border Patrol,Northern border,Buffalo Sector,Apprehensions,38
2024-01,2024,Border Patrol,Northern border,Detroit Sector,Apprehensions,13
2024-01,2024,Border Patrol,Northern border,Grand Forks Sector,Apprehensions,28
2024-01,2024,Border Patrol,Northern border,Havre Sector,Apprehensions,6
2024-01,2024,Border Patrol,Northern border,Houlton Sector,Apprehensions,23
2024-01,2024,Border Patrol,Northern border,Spokane Sector,Apprehensions,10
2024-01,2024,Border Patrol,Northern border,Swanton Sector,Apprehensions,585
2024-01,2024,Border Patrol,Southwest border,Big Bend Sector,Apprehensions,324
2024-01,2024,Border Patrol,Southwest border,Del Rio Sector,Apprehensions,16710
2024-01,2024,Border Patrol,Southwest border,El Centro Sector,Apprehensions,1127
2024-01,2024,Border Patrol,Southwest border,El Paso Sector,Apprehensions,17515
2024-01,2024,Border Patrol,Southwest border,Laredo Sector,Apprehensions,2195
2024-01,2024,Border Patrol,Southwest border,Rio Grande Valley Sector,Apprehensions,7342
2024-01,2024,Border Patrol,Southwest border,San Diego Sector,Apprehensions,24709
2024-01,2024,Border Patrol,Southwest border,Tucson Sector,Apprehensions,50560
2024-01,2024,Border Patrol,Southwest border,Yuma Sector,Apprehensions,3733
2024-01,2024,Field Operations,"Air, sea and other",Atlanta Field Office,Inadmissibles,1073
2024-01,2024,Field Operations,"Air, sea and other",Baltimore Field Office,Inadmissibles,1565
2024-01,2024,Field Operations,"Air, sea and other",Boston Field Office,Inadmissibles,215
2024-01,2024,Field Operations,"Air, sea and other",Buffalo Field Office,Inadmissibles,20
2024-01,2024,Field Operations,"Air, sea and other",Chicago Field Office,Inadmissibles,1121
2024-01,2024,Field Operations,"Air, sea and other",Detroit Field Office,Inadmissibles,162
2024-01,2024,Field Operations,"Air, sea and other",Houston Field Office,Inadmissibles,5465
2024-01,2024,Field Operations,"Air, sea and other",Laredo Field Office,Inadmissibles,7
2024-01,2024,Field Operations,"Air, sea and other",Los Angeles Field Office,Inadmissibles,2091
2024-01,2024,Field Operations,"Air, sea and other",Miami Field Office,Inadmissibles,25508
2024-01,2024,Field Operations,"Air, sea and other",New Orleans Field Office,Inadmissibles,870
2024-01,2024,Field Operations,"Air, sea and other",New York Field Office,Inadmissibles,4392
2024-01,2024,Field Operations,"Air, sea and other",Portland Field Office,Inadmissibles,286
2024-01,2024,Field Operations,"Air, sea and other",Preclearance Field Office,Inadmissibles,1153
2024-01,2024,Field Operations,"Air, sea and other",San Diego Field Office,Inadmissibles,17
2024-01,2024,Field Operations,"Air, sea and other",San Francisco Field Office,Inadmissibles,1966
2024-01,2024,Field Operations,"Air, sea and other",San Juan Field Office,Inadmissibles,1457
2024-01,2024,Field Operations,"Air, sea and other",Seattle Field Office,Inadmissibles,551
2024-01,2024,Field Operations,"Air, sea and other",Tampa Field Office,Inadmissibles,2181
2024-01,2024,Field Operations,"Air, sea and other",Tucson Field Office,Inadmissibles,20
2024-01,2024,Field Operations,Northern border,Boston Field Office,Inadmissibles,4293
2024-01,2024,Field Operations,Northern border,Buffalo Field Office,Inadmissibles,4964
2024-01,2024,Field Operations,Northern border,Detroit Field Office,Inadmissibles,1035
2024-01,2024,Field Operations,Northern border,Portland Field Office,Inadmissibles,14
2024-01,2024,Field Operations,Northern border,Seattle Field Office,Inadmissibles,4684
2024-01,2024,Field Operations,Southwest border,El Paso Field Office,Inadmissibles,7630
2024-01,2024,Field Operations,Southwest border,Laredo Field Office,Inadmissibles,24844
2024-01,2024,Field Operations,Southwest border,San Diego Field Office,Inadmissibles,15475
2024-01,2024,Field Operations,Southwest border,Tucson Field Office,Inadmissibles,4031
2024-02,2024,Border Patrol,"Air, sea and other",Miami Sector,Apprehensions,132
2024-02,2024,Border Patrol,"Air, sea and other",New Orleans Sector,Apprehensions,40
2024-02,2024,Border Patrol,"Air, sea and other",Ramey Sector,Apprehensions,24
2024-02,2024,Border Patrol,Northern border,Blaine Sector,Apprehensions,235
2024-02,2024,Border Patrol,Northern border,Buffalo Sector,Apprehensions,43
2024-02,2024,Border Patrol,Northern border,Detroit Sector,Apprehensions,52
2024-02,2024,Border Patrol,Northern border,Grand Forks Sector,Apprehensions,23
2024-02,2024,Border Patrol,Northern border,Havre Sector,Apprehensions,7
2024-02,2024,Border Patrol,Northern border,Houlton Sector,Apprehensions,27
2024-02,2024,Border Patrol,Northern border,Spokane Sector,Apprehensions,12
2024-02,2024,Border Patrol,Northern border,Swanton Sector,Apprehensions,868
2024-02,2024,Border Patrol,Southwest border,Big Bend Sector,Apprehensions,568
2024-02,2024,Border Patrol,Southwest border,Del Rio Sector,Apprehensions,14102
2024-02,2024,Border Patrol,Southwest border,El Centro Sector,Apprehensions,1209
2024-02,2024,Border Patrol,Southwest border,El Paso Sector,Apprehensions,23919
2024-02,2024,Border Patrol,Southwest border,Laredo Sector,Apprehensions,2920
2024-02,2024,Border Patrol,Southwest border,Rio Grande Valley Sector,Apprehensions,11951
2024-02,2024,Border Patrol,Southwest border,San Diego Sector,Apprehensions,31562
2024-02,2024,Border Patrol,Southwest border,Tucson Sector,Apprehensions,49450
2024-02,2024,Border Patrol,Southwest border,Yuma Sector,Apprehensions,4960
2024-02,2024,Field Operations,"Air, sea and other",Atlanta Field Office,Inadmissibles,954
2024-02,2024,Field Operations,"Air, sea and other",Baltimore Field Office,Inadmissibles,1586
2024-02,2024,Field Operations,"Air, sea and other",Boston Field Office,Inadmissibles,253
2024-02,2024,Field Operations,"Air, sea and other",Buffalo Field Office,Inadmissibles,11
2024-02,2024,Field Operations,"Air, sea and other",Chicago Field Office,Inadmissibles,1396
2024-02,2024,Field Operations,"Air, sea and other",Detroit Field Office,Inadmissibles,156
2024-02,2024,Field Operations,"Air, sea and other",El Paso Field Office,Inadmissibles,1
2024-02,2024,Field Operations,"Air, sea and other",Houston Field Office,Inadmissibles,5397
2024-02,2024,Field Operations,"Air, sea and other",Laredo Field Office,Inadmissibles,10
2024-02,2024,Field Operations,"Air, sea and other",Los Angeles Field Office,Inadmissibles,1987
2024-02,2024,Field Operations,"Air, sea and other",Miami Field Office,Inadmissibles,26688
2024-02,2024,Field Operations,"Air, sea and other",New Orleans Field Office,Inadmissibles,738
2024-02,2024,Field Operations,"Air, sea and other",New York Field Office,Inadmissibles,4736
2024-02,2024,Field Operations,"Air, sea and other",Portland Field Office,Inadmissibles,281
2024-02,2024,Field Operations,"Air, sea and other",Preclearance Field Office,Inadmissibles,1140
2024-02,2024,Field Operations,"Air, sea and other",San Diego Field Office,Inadmissibles,32
2024-02,2024,Field Operations,"Air, sea and other",San Francisco Field Office,Inadmissibles,2758
2024-02,2024,Field Operations,"Air, sea and other",San Juan Field Office,Inadmissibles,530
2024-02,2024,Field Operations,"Air, sea and other",Seattle Field Office,Inadmissibles,566
2024-02,2024,Field Operations,"Air, sea and other",Tampa Field Office,Inadmissibles,2076
2024-02,2024,Field Operations,"Air, sea and other",Tucson Field Office,Inadmissibles,13
2024-02,2024,Field Operations,Northern border,Boston Field Office,Inadmissibles,3358
2024-02,2024,Field Operations,Northern border,Buffalo Field Office,Inadmissibles,4536
2024-02,2024,Field Operations,Northern border,Detroit Field Office,Inadmissibles,877
2024-02,2024,Field Operations,Northern border,Portland Field Office,Inadmissibles,31
2024-02,2024,Field Operations,Northern border,Seattle Field Office,Inadmissibles,4584
2024-02,2024,Field Operations,Southwest border,El Paso Field Office,Inadmissibles,7180
2024-02,2024,Field Operations,Southwest border,Laredo Field Office,Inadmissibles,23647
2024-02,2024,Field Operations,Southwest border,San Diego Field Office,Inadmissibles,14535
2024-02,2024,Field Operations,Southwest border,Tucson Field Office,Inadmissibles,3910
2024-03,2024,Border Patrol,"Air, sea and other",Miami Sector,Apprehensions,114
2024-03,2024,Border Patrol,"Air, sea and other",New Orleans Sector,Apprehensions,50
2024-03,2024,Border Patrol,"Air, sea and other",Ramey Sector,Apprehensions,7
2024-03,2024,Border Patrol,Northern border,Blaine Sector,Apprehensions,226
2024-03,2024,Border Patrol,Northern border,Buffalo Sector,Apprehensions,32
2024-03,2024,Border Patrol,Northern border,Detroit Sector,Apprehensions,53
2024-03,2024,Border Patrol,Northern border,Grand Forks Sector,Apprehensions,15
2024-03,2024,Border Patrol,Northern border,Havre Sector,Apprehensions,1
2024-03,2024,Border Patrol,Northern border,Houlton Sector,Apprehensions,39
2024-03,2024,Border Patrol,Northern border,Spokane Sector,Apprehensions,5
2024-03,2024,Border Patrol,Northern border,Swanton Sector,Apprehensions,1109
2024-03,2024,Border Patrol,Southwest border,Big Bend Sector,Apprehensions,436
2024-03,2024,Border Patrol,Southwest border,Del Rio Sector,Apprehensions,11270
2024-03,2024,Border Patrol,Southwest border,El Centro Sector,Apprehensions,1712
2024-03,2024,Border Patrol,Southwest border,El Paso Sector,Apprehensions,30421
2024-03,2024,Border Patrol,Southwest border,Laredo Sector,Apprehensions,2978
2024-03,2024,Border Patrol,Southwest border,Rio Grande Valley Sector,Apprehensions,9069
2024-03,2024,Border Patrol,Southwest border,San Diego Sector,Apprehensions,33784
2024-03,2024,Border Patrol,Southwest border,Tucson Sector,Apprehensions,41938
2024-03,2024,Border Patrol,Southwest border,Yuma Sector,Apprehensions,5865
2024-03,2024,Field Operations,"Air, sea and other",Atlanta Field Office,Inadmissibles,1054
2024-03,2024,Field Operations,"Air, sea and other",Baltimore Field Office,Inadmissibles,1440
2024-03,2024,Field Operations,"Air, sea and other",Boston Field Office,Inadmissibles,292
2024-03,2024,Field Operations,"Air, sea and other",Buffalo Field Office,Inadmissibles,19
2024-03,2024,Field Operations,"Air, sea and other",Chicago Field Office,Inadmissibles,1462
2024-03,2024,Field Operations,"Air, sea and other",Detroit Field Office,Inadmissibles,179
2024-03,2024,Field Operations,"Air, sea and other",El Paso Field Office,Inadmissibles,2
2024-03,2024,Field Operations,"Air, sea and other",Houston Field Office,Inadmissibles,5982
2024-03,2024,Field Operations,"Air, sea and other",Laredo Field Office,Inadmissibles,22
2024-03,2024,Field Operations,"Air, sea and other",Los Angeles Field Office,Inadmissibles,1974
2024-03,2024,Field Operations,"Air, sea and other",Miami Field Office,Inadmissibles,17601
2024-03,2024,Field Operations,"Air, sea and other",New Orleans Field Office,Inadmissibles,795
2024-03,2024,Field Operations,"Air, sea and other",New York Field Office,Inadmissibles,2481
2024-03,2024,Field Operations,"Air, sea and other",Portland Field Office,Inadmissibles,326
2024-03,2024,Field Operations,"Air, sea and other",Preclearance Field Office,Inadmissibles,1334
2024-03,2024,Field Operations,"Air, sea and other",San Diego Field Office,Inadmissibles,32
2024-03,2024,Field Operations,"Air, sea and other",San Francisco Field Office,Inadmissibles,2361
2024-03,2024,Field Operations,"Air, sea and other",San Juan Field Office,Inadmissibles,939
2024-03,2024,Field Operations,"Air, sea and other",Seattle Field Office,Inadmissibles,568
2024-03,2024,Field Operations,"Air, sea and other",Tampa Field Office,Inadmissibles,1729
2024-03,2024,Field Operations,"Air, sea and other",Tucson Field Office,Inadmissibles,15
2024-03,2024,Field Operations,Northern border,Boston Field Office,Inadmissibles,4444
2024-03,2024,Field Operations,Northern border,Buffalo Field Office,Inadmissibles,4815
2024-03,2024,Field Operations,Northern border,Detroit Field Office,Inadmissibles,897
2024-03,2024,Field Operations,Northern border,Portland Field Office,Inadmissibles,21
2024-03,2024,Field Operations,Northern border,Seattle Field Office,Inadmissibles,4711
2024-03,2024,Field Operations,Southwest border,El Paso Field Office,Inadmissibles,7719
2024-03,2024,Field Operations,Southwest border,Laredo Field Office,Inadmissibles,24576
2024-03,2024,Field Operations,Southwest border,San Diego Field Office,Inadmissibles,15464
2024-03,2024,Field Operations,Southwest border,Tucson Field Office,Inadmissibles,4127
2024-04,2024,Border Patrol,"Air, sea and other",Miami Sector,Apprehensions,136
2024-04,2024,Border Patrol,"Air, sea and other",New Orleans Sector,Apprehensions,84
2024-04,2024,Border Patrol,"Air, sea and other",Ramey Sector,Apprehensions,23
2024-04,2024,Border Patrol,Northern border,Blaine Sector,Apprehensions,330
2024-04,2024,Border Patrol,Northern border,Buffalo Sector,Apprehensions,13
2024-04,2024,Border Patrol,Northern border,Detroit Sector,Apprehensions,80
2024-04,2024,Border Patrol,Northern border,Grand Forks Sector,Apprehensions,16
2024-04,2024,Border Patrol,Northern border,Havre Sector,Apprehensions,5
2024-04,2024,Border Patrol,Northern border,Houlton Sector,Apprehensions,22
2024-04,2024,Border Patrol,Northern border,Spokane Sector,Apprehensions,4
2024-04,2024,Border Patrol,Northern border,Swanton Sector,Apprehensions,1470
2024-04,2024,Border Patrol,Southwest border,Big Bend Sector,Apprehensions,529
2024-04,2024,Border Patrol,Southwest border,Del Rio Sector,Apprehensions,10271
2024-04,2024,Border Patrol,Southwest border,El Centro Sector,Apprehensions,1366
2024-04,2024,Border Patrol,Southwest border,El Paso Sector,Apprehensions,30397
2024-04,2024,Border Patrol,Southwest border,Laredo Sector,Apprehensions,3326
2024-04,2024,Border Patrol,Southwest border,Rio Grande Valley Sector,Apprehensions,8814
2024-04,2024,Border Patrol,Southwest border,San Diego Sector,Apprehensions,37371
2024-04,2024,Border Patrol,Southwest border,Tucson Sector,Apprehensions,31218
2024-04,2024,Border Patrol,Southwest border,Yuma Sector,Apprehensions,5603
2024-04,2024,Field Operations,"Air, sea and other",Atlanta Field Office,Inadmissibles,1047
2024-04,2024,Field Operations,"Air, sea and other",Baltimore Field Office,Inadmissibles,1290
2024-04,2024,Field Operations,"Air, sea and other",Boston Field Office,Inadmissibles,425
2024-04,2024,Field Operations,"Air, sea and other",Buffalo Field Office,Inadmissibles,9
2024-04,2024,Field Operations,"Air, sea and other",Chicago Field Office,Inadmissibles,1751
2024-04,2024,Field Operations,"Air, sea and other",Detroit Field Office,Inadmissibles,165
2024-04,2024,Field Operations,"Air, sea and other",Houston Field Office,Inadmissibles,5799
2024-04,2024,Field Operations,"Air, sea and other",Laredo Field Office,Inadmissibles,22
2024-04,2024,Field Operations,"Air, sea and other",Los Angeles Field Office,Inadmissibles,2066
2024-04,2024,Field Operations,"Air, sea and other",Miami Field Office,Inadmissibles,26744
2024-04,2024,Field Operations,"Air, sea and other",New Orleans Field Office,Inadmissibles,558
2024-04,2024,Field Operations,"Air, sea and other",New York Field Office,Inadmissibles,2812
2024-04,2024,Field Operations,"Air, sea and other",Portland Field Office,Inadmissibles,329
2024-04,2024,Field Operations,"Air, sea and other",Preclearance Field Office,Inadmissibles,1712
2024-04,2024,Field Operations,"Air, sea and other",San Diego Field Office,Inadmissibles,59
2024-04,2024,Field Operations,"Air, sea and other",San Francisco Field Office,Inadmissibles,2671
2024-04,2024,Field Operations,"Air, sea and other",San Juan Field Office,Inadmissibles,971
2024-04,2024,Field Operations,"Air, sea and other",Seattle Field Office,Inadmissibles,812
2024-04,2024,Field Operations,"Air, sea and other",Tampa Field Office,Inadmissibles,1840
2024-04,2024,Field Operations,"Air, sea and other",Tucson Field Office,Inadmissibles,19
2024-04,2024,Field Operations,Northern border,Boston Field Office,Inadmissibles,4520
2024-04,2024,Field Operations,Northern border,Buffalo Field Office,Inadmissibles,4451
2024-04,2024,Field Operations,Northern border,Detroit Field Office,Inadmissibles,1056
2024-04,2024,Field Operations,Northern border,Portland Field Office,Inadmissibles,52
2024-04,2024,Field Operations,Northern border,Seattle Field Office,Inadmissibles,4829
2024-04,2024,Field Operations,Southwest border,El Paso Field Office,Inadmissibles,7662
2024-04,2024,Field Operations,Southwest border,Laredo Field Office,Inadmissibles,24275
2024-04,2024,Field Operations,Southwest border,San Diego Field Office,Inadmissibles,14901
2024-04,2024,Field Operations,Southwest border,Tucson Field Office,Inadmissibles,4004
2024-05,2024,Border Patrol,"Air, sea and other",Miami Sector,Apprehensions,121
2024-05,2024,Border Patrol,"Air, sea and other",New Orleans Sector,Apprehensions,102
2024-05,2024,Border Patrol,"Air, sea and other",Ramey Sector,Apprehensions,119
2024-05,2024,Border Patrol,Northern border,Blaine Sector,Apprehensions,266
2024-05,2024,Border Patrol,Northern border,Buffalo Sector,Apprehensions,60
2024-05,2024,Border Patrol,Northern border,Detroit Sector,Apprehensions,74
2024-05,2024,Border Patrol,Northern border,Grand Forks Sector,Apprehensions,21
2024-05,2024,Border Patrol,Northern border,Havre Sector,Apprehensions,11
2024-05,2024,Border Patrol,Northern border,Houlton Sector,Apprehensions,38
2024-05,2024,Border Patrol,Northern border,Spokane Sector,Apprehensions,18
2024-05,2024,Border Patrol,Northern border,Swanton Sector,Apprehensions,2911
2024-05,2024,Border Patrol,Southwest border,Big Bend Sector,Apprehensions,751
2024-05,2024,Border Patrol,Southwest border,Del Rio Sector,Apprehensions,10095
2024-05,2024,Border Patrol,Southwest border,El Centro Sector,Apprehensions,1714
2024-05,2024,Border Patrol,Southwest border,El Paso Sector,Apprehensions,23478
2024-05,2024,Border Patrol,Southwest border,Laredo Sector,Apprehensions,2953
2024-05,2024,Border Patrol,Southwest border,Rio Grande Valley Sector,Apprehensions,7867
2024-05,2024,Border Patrol,Southwest border,San Diego Sector,Apprehensions,32505
2024-05,2024,Border Patrol,Southwest border,Tucson Sector,Apprehensions,33221
2024-05,2024,Border Patrol,Southwest border,Yuma Sector,Apprehensions,5321
2024-05,2024,Field Operations,"Air, sea and other",Atlanta Field Office,Inadmissibles,1073
2024-05,2024,Field Operations,"Air, sea and other",Baltimore Field Office,Inadmissibles,1253
2024-05,2024,Field Operations,"Air, sea and other",Boston Field Office,Inadmissibles,567
2024-05,2024,Field Operations,"Air, sea and other",Buffalo Field Office,Inadmissibles,6
2024-05,2024,Field Operations,"Air, sea and other",Chicago Field Office,Inadmissibles,2198
2024-05,2024,Field Operations,"Air, sea and other",Detroit Field Office,Inadmissibles,202
2024-05,2024,Field Operations,"Air, sea and other",El Paso Field Office,Inadmissibles,5
2024-05,2024,Field Operations,"Air, sea and other",Houston Field Office,Inadmissibles,5771
2024-05,2024,Field Operations,"Air, sea and other",Laredo Field Office,Inadmissibles,48
2024-05,2024,Field Operations,"Air, sea and other",Los Angeles Field Office,Inadmissibles,1930
2024-05,2024,Field Operations,"Air, sea and other",Miami Field Office,Inadmissibles,25425
2024-05,2024,Field Operations,"Air, sea and other",New Orleans Field Office,Inadmissibles,574
2024-05,2024,Field Operations,"Air, sea and other",New York Field Office,Inadmissibles,3023
2024-05,2024,Field Operations,"Air, sea and other",Portland Field Office,Inadmissibles,556
2024-05,2024,Field Operations,"Air, sea and other",Preclearance Field Office,Inadmissibles,1609
2024-05,2024,Field Operations,"Air, sea and other",San Diego Field Office,Inadmissibles,30
2024-05,2024,Field Operations,"Air, sea and other",San Francisco Field Office,Inadmissibles,3424
2024-05,2024,Field Operations,"Air, sea and other",San Juan Field Office,Inadmissibles,777
2024-05,2024,Field Operations,"Air, sea and other",Seattle Field Office,Inadmissibles,783
2024-05,2024,Field Operations,"Air, sea and other",Tampa Field Office,Inadmissibles,1921
2024-05,2024,Field Operations,"Air, sea and other",Tucson Field Office,Inadmissibles,28
2024-05,2024,Field Operations,Northern border,Boston Field Office,Inadmissibles,4242
2024-05,2024,Field Operations,Northern border,Buffalo Field Office,Inadmissibles,5253
2024-05,2024,Field Operations,Northern border,Detroit Field Office,Inadmissibles,1243
2024-05,2024,Field Operations,Northern border,Portland Field Office,Inadmissibles,50
2024-05,2024,Field Operations,Northern border,Seattle Field Office,Inadmissibles,4476
2024-05,2024,Field Operations,Southwest border,El Paso Field Office,Inadmissibles,7835
2024-05,2024,Field Operations,Southwest border,Laredo Field Office,Inadmissibles,25089
2024-05,2024,Field Operations,Southwest border,San Diego Field Office,Inadmissibles,15655
2024-05,2024,Field Operations,Southwest border,Tucson Field Office,Inadmissibles,4232
2024-06,2024,Border Patrol,"Air, sea and other",Miami Sector,Apprehensions,244
2024-06,2024,Border Patrol,"Air, sea and other",New Orleans Sector,Apprehensions,111
2024-06,2024,Border Patrol,"Air, sea and other",Ramey Sector,Apprehensions,118
2024-06,2024,Border Patrol,Northern border,Blaine Sector,Apprehensions,181
2024-06,2024,Border Patrol,Northern border,Buffalo Sector,Apprehensions,36
2024-06,2024,Border Patrol,Northern border,Detroit Sector,Apprehensions,43
2024-06,2024,Border Patrol,Northern border,Grand Forks Sector,Apprehensions,11
2024-06,2024,Border Patrol,Northern border,Havre Sector,Apprehensions,1
2024-06,2024,Border Patrol,Northern border,Houlton Sector,Apprehensions,12
2024-06,2024,Border Patrol,Northern border,Spokane Sector,Apprehensions,7
2024-06,2024,Border Patrol,Northern border,Swanton Sector,Apprehensions,3310
2024-06,2024,Border Patrol,Southwest border,Big Bend Sector,Apprehensions,215
2024-06,2024,Border Patrol,Southwest border,Del Rio Sector,Apprehensions,7640
2024-06,2024,Border Patrol,Southwest border,El Centro Sector,Apprehensions,1199
2024-06,2024,Border Patrol,Southwest border,El Paso Sector,Apprehensions,14511
2024-06,2024,Border Patrol,Southwest border,Laredo Sector,Apprehensions,2419
2024-06,2024,Border Patrol,Southwest border,Rio Grande Valley Sector,Apprehensions,5981
2024-06,2024,Border Patrol,Southwest border,San Diego Sector,Apprehensions,25612
2024-06,2024,Border Patrol,Southwest border,Tucson Sector,Apprehensions,22436
2024-06,2024,Border Patrol,Southwest border,Yuma Sector,Apprehensions,3519
2024-06,2024,Field Operations,"Air, sea and other",Atlanta Field Office,Inadmissibles,1009
2024-06,2024,Field Operations,"Air, sea and other",Baltimore Field Office,Inadmissibles,1408
2024-06,2024,Field Operations,"Air, sea and other",Boston Field Office,Inadmissibles,396
2024-06,2024,Field Operations,"Air, sea and other",Buffalo Field Office,Inadmissibles,13
2024-06,2024,Field Operations,"Air, sea and other",Chicago Field Office,Inadmissibles,2147
2024-06,2024,Field Operations,"Air, sea and other",Detroit Field Office,Inadmissibles,166
2024-06,2024,Field Operations,"Air, sea and other",Houston Field Office,Inadmissibles,5930
2024-06,2024,Field Operations,"Air, sea and other",Laredo Field Office,Inadmissibles,38
2024-06,2024,Field Operations,"Air, sea and other",Los Angeles Field Office,Inadmissibles,2038
2024-06,2024,Field Operations,"Air, sea and other",Miami Field Office,Inadmissibles,30186
2024-06,2024,Field Operations,"Air, sea and other",New Orleans Field Office,Inadmissibles,627
2024-06,2024,Field Operations,"Air, sea and other",New York Field Office,Inadmissibles,3980
2024-06,2024,Field Operations,"Air, sea and other",Portland Field Office,Inadmissibles,475
2024-06,2024,Field Operations,"Air, sea and other",Preclearance Field Office,Inadmissibles,1281
2024-06,2024,Field Operations,"Air, sea and other",San Diego Field Office,Inadmissibles,23
2024-06,2024,Field Operations,"Air, sea and other",San Francisco Field Office,Inadmissibles,3415
2024-06,2024,Field Operations,"Air, sea and other",San Juan Field Office,Inadmissibles,595
2024-06,2024,Field Operations,"Air, sea and other",Seattle Field Office,Inadmissibles,835
2024-06,2024,Field Operations,"Air, sea and other",Tampa Field Office,Inadmissibles,1772
2024-06,2024,Field Operations,"Air, sea and other",Tucson Field Office,Inadmissibles,10
2024-06,2024,Field Operations,Northern border,Boston Field Office,Inadmissibles,4118
2024-06,2024,Field Operations,Northern border,Buffalo Field Office,Inadmissibles,4920
2024-06,2024,Field Operations,Northern border,Detroit Field Office,Inadmissibles,1014
2024-06,2024,Field Operations,Northern border,Portland Field Office,Inadmissibles,64
2024-06,2024,Field Operations,Northern border,Seattle Field Office,Inadmissibles,3983
2024-06,2024,Field Operations,Southwest border,El Paso Field Office,Inadmissibles,7432
2024-06,2024,Field Operations,Southwest border,Laredo Field Office,Inadmissibles,21305
2024-06,2024,Field Operations,Southwest border,San Diego Field Office,Inadmissibles,14624
2024-06,2024,Field Operations,Southwest border,Tucson Field Office,Inadmissibles,3522
2024-07,2024,Border Patrol,"Air, sea and other",Miami Sector,Apprehensions,120
2024-07,2024,Border Patrol,"Air, sea and other",New Orleans Sector,Apprehensions,86
2024-07,2024,Border Patrol,"Air, sea and other",Ramey Sector,Apprehensions,12
2024-07,2024,Border Patrol,Northern border,Blaine Sector,Apprehensions,99
2024-07,2024,Border Patrol,Northern border,Buffalo Sector,Apprehensions,58
2024-07,2024,Border Patrol,Northern border,Detroit Sector,Apprehensions,50
2024-07,2024,Border Patrol,Northern border,Grand Forks Sector,Apprehensions,30
2024-07,2024,Border Patrol,Northern border,Havre Sector,Apprehensions,4
2024-07,2024,Border Patrol,Northern border,Houlton Sector,Apprehensions,31
2024-07,2024,Border Patrol,Northern border,Spokane Sector,Apprehensions,14
2024-07,2024,Border Patrol,Northern border,Swanton Sector,Apprehensions,2751
2024-07,2024,Border Patrol,Southwest border,Big Bend Sector,Apprehensions,214
2024-07,2024,Border Patrol,Southwest border,Del Rio Sector,Apprehensions,7236
2024-07,2024,Border Patrol,Southwest border,El Centro Sector,Apprehensions,872
2024-07,2024,Border Patrol,Southwest border,El Paso Sector,Apprehensions,11614
2024-07,2024,Border Patrol,Southwest border,Laredo Sector,Apprehensions,1978
2024-07,2024,Border Patrol,Southwest border,Rio Grande Valley Sector,Apprehensions,5032
2024-07,2024,Border Patrol,Southwest border,San Diego Sector,Apprehensions,15561
2024-07,2024,Border Patrol,Southwest border,Tucson Sector,Apprehensions,11723
2024-07,2024,Border Patrol,Southwest border,Yuma Sector,Apprehensions,2170
2024-07,2024,Field Operations,"Air, sea and other",Atlanta Field Office,Inadmissibles,915
2024-07,2024,Field Operations,"Air, sea and other",Baltimore Field Office,Inadmissibles,1126
2024-07,2024,Field Operations,"Air, sea and other",Boston Field Office,Inadmissibles,405
2024-07,2024,Field Operations,"Air, sea and other",Buffalo Field Office,Inadmissibles,6
2024-07,2024,Field Operations,"Air, sea and other",Chicago Field Office,Inadmissibles,2151
2024-07,2024,Field Operations,"Air, sea and other",Detroit Field Office,Inadmissibles,186
2024-07,2024,Field Operations,"Air, sea and other",El Paso Field Office,Inadmissibles,2
2024-07,2024,Field Operations,"Air, sea and other",Houston Field Office,Inadmissibles,5795
2024-07,2024,Field Operations,"Air, sea and other",Laredo Field Office,Inadmissibles,40
2024-07,2024,Field Operations,"Air, sea and other",Los Angeles Field Office,Inadmissibles,2040
2024-07,2024,Field Operations,"Air, sea and other",Miami Field Office,Inadmissibles,22840
2024-07,2024,Field Operations,"Air, sea and other",New Orleans Field Office,Inadmissibles,738
2024-07,2024,Field Operations,"Air, sea and other",New York Field Office,Inadmissibles,3807
2024-07,2024,Field Operations,"Air, sea and other",Portland Field Office,Inadmissibles,437
2024-07,2024,Field Operations,"Air, sea and other",Preclearance Field Office,Inadmissibles,1342
2024-07,2024,Field Operations,"Air, sea and other",San Diego Field Office,Inadmissibles,20
2024-07,2024,Field Operations,"Air, sea and other",San Francisco Field Office,Inadmissibles,2921
2024-07,2024,Field Operations,"Air, sea and other",San Juan Field Office,Inadmissibles,1039
2024-07,2024,Field Operations,"Air, sea and other",Seattle Field Office,Inadmissibles,588
2024-07,2024,Field Operations,"Air, sea and other",Tampa Field Office,Inadmissibles,1540
2024-07,2024,Field Operations,"Air, sea and other",Tucson Field Office,Inadmissibles,29
2024-07,2024,Field Operations,Northern border,Boston Field Office,Inadmissibles,3584
2024-07,2024,Field Operations,Northern border,Buffalo Field Office,Inadmissibles,5923
2024-07,2024,Field Operations,Northern border,Detroit Field Office,Inadmissibles,1209
2024-07,2024,Field Operations,Northern border,Portland Field Office,Inadmissibles,66
2024-07,2024,Field Operations,Northern border,Seattle Field Office,Inadmissibles,4076
2024-07,2024,Field Operations,Southwest border,El Paso Field Office,Inadmissibles,7686
2024-07,2024,Field Operations,Southwest border,Laredo Field Office,Inadmissibles,21569
2024-07,2024,Field Operations,Southwest border,San Diego Field Office,Inadmissibles,14847
2024-07,2024,Field Operations,Southwest border,Tucson Field Office,Inadmissibles,3598
2024-08,2024,Border Patrol,"Air, sea and other",Miami Sector,Apprehensions,147
2024-08,2024,Border Patrol,"Air, sea and other",New Orleans Sector,Apprehensions,73
2024-08,2024,Border Patrol,"Air, sea and other",Ramey Sector,Apprehensions,24
2024-08,2024,Border Patrol,Northern border,Blaine Sector,Apprehensions,66
2024-08,2024,Border Patrol,Northern border,Buffalo Sector,Apprehensions,44
2024-08,2024,Border Patrol,Northern border,Detroit Sector,Apprehensions,57
2024-08,2024,Border Patrol,Northern border,Grand Forks Sector,Apprehensions,25
2024-08,2024,Border Patrol,Northern border,Havre Sector,Apprehensions,11
2024-08,2024,Border Patrol,Northern border,Houlton Sector,Apprehensions,14
2024-08,2024,Border Patrol,Northern border,Spokane Sector,Apprehensions,16
2024-08,2024,Border Patrol,Northern border,Swanton Sector,Apprehensions,2198
2024-08,2024,Border Patrol,Southwest border,Big Bend Sector,Apprehensions,308
2024-08,2024,Border Patrol,Southwest border,Del Rio Sector,Apprehensions,7665
2024-08,2024,Border Patrol,Southwest border,El Centro Sector,Apprehensions,1088
2024-08,2024,Border Patrol,Southwest border,El Paso Sector,Apprehensions,13258
2024-08,2024,Border Patrol,Southwest border,Laredo Sector,Apprehensions,2372
2024-08,2024,Border Patrol,Southwest border,Rio Grande Valley Sector,Apprehensions,5243
2024-08,2024,Border Patrol,Southwest border,San Diego Sector,Apprehensions,14436
2024-08,2024,Border Patrol,Southwest border,Tucson Sector,Apprehensions,11923
2024-08,2024,Border Patrol,Southwest border,Yuma Sector,Apprehensions,1716
2024-08,2024,Field Operations,"Air, sea and other",Atlanta Field Office,Inadmissibles,869
2024-08,2024,Field Operations,"Air, sea and other",Baltimore Field Office,Inadmissibles,1226
2024-08,2024,Field Operations,"Air, sea and other",Boston Field Office,Inadmissibles,285
2024-08,2024,Field Operations,"Air, sea and other",Buffalo Field Office,Inadmissibles,24
2024-08,2024,Field Operations,"Air, sea and other",Chicago Field Office,Inadmissibles,1801
2024-08,2024,Field Operations,"Air, sea and other",Detroit Field Office,Inadmissibles,181
2024-08,2024,Field Operations,"Air, sea and other",El Paso Field Office,Inadmissibles,3
2024-08,2024,Field Operations,"Air, sea and other",Houston Field Office,Inadmissibles,5215
2024-08,2024,Field Operations,"Air, sea and other",Laredo Field Office,Inadmissibles,2
2024-08,2024,Field Operations,"Air, sea and other",Los Angeles Field Office,Inadmissibles,1813
2024-08,2024,Field Operations,"Air, sea and other",Miami Field Office,Inadmissibles,9230
2024-08,2024,Field Operations,"Air, sea and other",New Orleans Field Office,Inadmissibles,1187
2024-08,2024,Field Operations,"Air, sea and other",New York Field Office,Inadmissibles,2946
2024-08,2024,Field Operations,"Air, sea and other",Portland Field Office,Inadmissibles,477
2024-08,2024,Field Operations,"Air, sea and other",Preclearance Field Office,Inadmissibles,1372
2024-08,2024,Field Operations,"Air, sea and other",San Diego Field Office,Inadmissibles,30
2024-08,2024,Field Operations,"Air, sea and other",San Francisco Field Office,Inadmissibles,3124
2024-08,2024,Field Operations,"Air, sea and other",San Juan Field Office,Inadmissibles,768
2024-08,2024,Field Operations,"Air, sea and other",Seattle Field Office,Inadmissibles,820
2024-08,2024,Field Operations,"Air, sea and other",Tampa Field Office,Inadmissibles,838
2024-08,2024,Field Operations,"Air, sea and other",Tucson Field Office,Inadmissibles,21
2024-08,2024,Field Operations,Northern border,Boston Field Office,Inadmissibles,3167
2024-08,2024,Field Operations,Northern border,Buffalo Field Office,Inadmissibles,7088
2024-08,2024,Field Operations,Northern border,Detroit Field Office,Inadmissibles,1288
2024-08,2024,Field Operations,Northern border,Portland Field Office,Inadmissibles,68
2024-08,2024,Field Operations,Northern border,Seattle Field Office,Inadmissibles,4902
2024-08,2024,Field Operations,Southwest border,El Paso Field Office,Inadmissibles,7729
2024-08,2024,Field Operations,Southwest border,Laredo Field Office,Inadmissibles,22218
2024-08,2024,Field Operations,Southwest border,San Diego Field Office,Inadmissibles,15780
2024-08,2024,Field Operations,Southwest border,Tucson Field Office,Inadmissibles,3737
2024-09,2024,Border Patrol,"Air, sea and other",Miami Sector,Apprehensions,145
2024-09,2024,Border Patrol,"Air, sea and other",New Orleans Sector,Apprehensions,80
2024-09,2024,Border Patrol,"Air, sea and other",Ramey Sector,Apprehensions,118
2024-09,2024,Border Patrol,Northern border,Blaine Sector,Apprehensions,63
2024-09,2024,Border Patrol,Northern border,Buffalo Sector,Apprehensions,40
2024-09,2024,Border Patrol,Northern border,Detroit Sector,Apprehensions,41
2024-09,2024,Border Patrol,Northern border,Grand Forks Sector,Apprehensions,41
2024-09,2024,Border Patrol,Northern border,Havre Sector,Apprehensions,6
2024-09,2024,Border Patrol,Northern border,Houlton Sector,Apprehensions,15
2024-09,2024,Border Patrol,Northern border,Spokane Sector,Apprehensions,11
2024-09,2024,Border Patrol,Northern border,Swanton Sector,Apprehensions,1575
2024-09,2024,Border Patrol,Southwest border,Big Bend Sector,Apprehensions,349
2024-09,2024,Border Patrol,Southwest border,Del Rio Sector,Apprehensions,6932
2024-09,2024,Border Patrol,Southwest border,El Centro Sector,Apprehensions,1138
2024-09,2024,Border Patrol,Southwest border,El Paso Sector,Apprehensions,12507
2024-09,2024,Border Patrol,Southwest border,Laredo Sector,Apprehensions,2062
2024-09,2024,Border Patrol,Southwest border,Rio Grande Valley Sector,Apprehensions,4689
2024-09,2024,Border Patrol,Southwest border,San Diego Sector,Apprehensions,13309
2024-09,2024,Border Patrol,Southwest border,Tucson Sector,Apprehensions,11055
2024-09,2024,Border Patrol,Southwest border,Yuma Sector,Apprehensions,1817
2024-09,2024,Field Operations,"Air, sea and other",Atlanta Field Office,Inadmissibles,951
2024-09,2024,Field Operations,"Air, sea and other",Baltimore Field Office,Inadmissibles,1136
2024-09,2024,Field Operations,"Air, sea and other",Boston Field Office,Inadmissibles,328
2024-09,2024,Field Operations,"Air, sea and other",Buffalo Field Office,Inadmissibles,31
2024-09,2024,Field Operations,"Air, sea and other",Chicago Field Office,Inadmissibles,2470
2024-09,2024,Field Operations,"Air, sea and other",Detroit Field Office,Inadmissibles,256
2024-09,2024,Field Operations,"Air, sea and other",El Paso Field Office,Inadmissibles,1
2024-09,2024,Field Operations,"Air, sea and other",Houston Field Office,Inadmissibles,4517
2024-09,2024,Field Operations,"Air, sea and other",Laredo Field Office,Inadmissibles,22
2024-09,2024,Field Operations,"Air, sea and other",Los Angeles Field Office,Inadmissibles,1580
2024-09,2024,Field Operations,"Air, sea and other",Miami Field Office,Inadmissibles,3144
2024-09,2024,Field Operations,"Air, sea and other",New Orleans Field Office,Inadmissibles,1091
2024-09,2024,Field Operations,"Air, sea and other",New York Field Office,Inadmissibles,2957
2024-09,2024,Field Operations,"Air, sea and other",Portland Field Office,Inadmissibles,587
2024-09,2024,Field Operations,"Air, sea and other",Preclearance Field Office,Inadmissibles,1430
2024-09,2024,Field Operations,"Air, sea and other",San Diego Field Office,Inadmissibles,35
2024-09,2024,Field Operations,"Air, sea and other",San Francisco Field Office,Inadmissibles,2553
2024-09,2024,Field Operations,"Air, sea and other",San Juan Field Office,Inadmissibles,850
2024-09,2024,Field Operations,"Air, sea and other",Seattle Field Office,Inadmissibles,898
2024-09,2024,Field Operations,"Air, sea and other",Tampa Field Office,Inadmissibles,543
2024-09,2024,Field Operations,"Air, sea and other",Tucson Field Office,Inadmissibles,26
2024-09,2024,Field Operations,Northern border,Boston Field Office,Inadmissibles,3104
2024-09,2024,Field Operations,Northern border,Buffalo Field Office,Inadmissibles,5769
2024-09,2024,Field Operations,Northern border,Detroit Field Office,Inadmissibles,1249
2024-09,2024,Field Operations,Northern border,Portland Field Office,Inadmissibles,59
2024-09,2024,Field Operations,Northern border,Seattle Field Office,Inadmissibles,5154
2024-09,2024,Field Operations,Southwest border,El Paso Field Office,Inadmissibles,7604
2024-09,2024,Field Operations,Southwest border,Laredo Field Office,Inadmissibles,21287
2024-09,2024,Field Operations,Southwest border,San Diego Field Office,Inadmissibles,15367
2024-09,2024,Field Operations,Southwest border,Tucson Field Office,Inadmissibles,3674
2024-10,2025,Border Patrol,"Air, sea and other",Miami Sector,Apprehensions,89
2024-10,2025,Border Patrol,"Air, sea and other",New Orleans Sector,Apprehensions,109
2024-10,2025,Border Patrol,"Air, sea and other",Ramey Sector,Apprehensions,119
2024-10,2025,Border Patrol,Northern border,Blaine Sector,Apprehensions,69
2024-10,2025,Border Patrol,Northern border,Buffalo Sector,Apprehensions,65
2024-10,2025,Border Patrol,Northern border,Detroit Sector,Apprehensions,47
2024-10,2025,Border Patrol,Northern border,Grand Forks Sector,Apprehensions,31
2024-10,2025,Border Patrol,Northern border,Havre Sector,Apprehensions,11
2024-10,2025,Border Patrol,Northern border,Houlton Sector,Apprehensions,25
2024-10,2025,Border Patrol,Northern border,Spokane Sector,Apprehensions,9
2024-10,2025,Border Patrol,Northern border,Swanton Sector,Apprehensions,1026
2024-10,2025,Border Patrol,Southwest border,Big Bend Sector,Apprehensions,291
2024-10,2025,Border Patrol,Southwest border,Del Rio Sector,Apprehensions,8566
2024-10,2025,Border Patrol,Southwest border,El Centro Sector,Apprehensions,1454
2024-10,2025,Border Patrol,Southwest border,El Paso Sector,Apprehensions,10802
2024-10,2025,Border Patrol,Southwest border,Laredo Sector,Apprehensions,2372
2024-10,2025,Border Patrol,Southwest border,Rio Grande Valley Sector,Apprehensions,5056
2024-10,2025,Border Patrol,Southwest border,San Diego Sector,Apprehensions,14165
2024-10,2025,Border Patrol,Southwest border,Tucson Sector,Apprehensions,11454
2024-10,2025,Border Patrol,Southwest border,Yuma Sector,Apprehensions,2355
2024-10,2025,Field Operations,"Air, sea and other",Atlanta Field Office,Inadmissibles,665
2024-10,2025,Field Operations,"Air, sea and other",Baltimore Field Office,Inadmissibles,1150
2024-10,2025,Field Operations,"Air, sea and other",Boston Field Office,Inadmissibles,174
2024-10,2025,Field Operations,"Air, sea and other",Buffalo Field Office,Inadmissibles,7
2024-10,2025,Field Operations,"Air, sea and other",Chicago Field Office,Inadmissibles,1709
2024-10,2025,Field Operations,"Air, sea and other",Detroit Field Office,Inadmissibles,186
2024-10,2025,Field Operations,"Air, sea and other",El Paso Field Office,Inadmissibles,1
2024-10,2025,Field Operations,"Air, sea and other",Houston Field Office,Inadmissibles,4228
2024-10,2025,Field Operations,"Air, sea and other",Laredo Field Office,Inadmissibles,39
2024-10,2025,Field Operations,"Air, sea and other",Los Angeles Field Office,Inadmissibles,1576
2024-10,2025,Field Operations,"Air, sea and other",Miami Field Office,Inadmissibles,2629
2024-10,2025,Field Operations,"Air, sea and other",New Orleans Field Office,Inadmissibles,710
2024-10,2025,Field Operations,"Air, sea and other",New York Field Office,Inadmissibles,1948
2024-10,2025,Field Operations,"Air, sea and other",Portland Field Office,Inadmissibles,284
2024-10,2025,Field Operations,"Air, sea and other",Preclearance Field Office,Inadmissibles,1243
2024-10,2025,Field Operations,"Air, sea and other",San Diego Field Office,Inadmissibles,51
2024-10,2025,Field Operations,"Air, sea and other",San Francisco Field Office,Inadmissibles,2155
2024-10,2025,Field Operations,"Air, sea and other",San Juan Field Office,Inadmissibles,957
2024-10,2025,Field Operations,"Air, sea and other",Seattle Field Office,Inadmissibles,747
2024-10,2025,Field Operations,"Air, sea and other",Tampa Field Office,Inadmissibles,436
2024-10,2025,Field Operations,"Air, sea and other",Tucson Field Office,Inadmissibles,7
2024-10,2025,Field Operations,Northern border,Boston Field Office,Inadmissibles,2502
2024-10,2025,Field Operations,Northern border,Buffalo Field Office,Inadmissibles,5335
2024-10,2025,Field Operations,Northern border,Detroit Field Office,Inadmissibles,1165
2024-10,2025,Field Operations,Northern border,Portland Field Office,Inadmissibles,37
2024-10,2025,Field Operations,Northern border,Seattle Field Office,Inadmissibles,4885
2024-10,2025,Field Operations,Southwest border,El Paso Field Office,Inadmissibles,7828
2024-10,2025,Field Operations,Southwest border,Laredo Field Office,Inadmissibles,22175
2024-10,2025,Field Operations,Southwest border,San Diego Field Office,Inadmissibles,16058
2024-10,2025,Field Operations,Southwest border,Tucson Field Office,Inadmissibles,3740
2024-11,2025,Border Patrol,"Air, sea and other",Miami Sector,Apprehensions,135
2024-11,2025,Border Patrol,"Air, sea and other",New Orleans Sector,Apprehensions,83
2024-11,2025,Border Patrol,"Air, sea and other",Ramey Sector,Apprehensions,3
2024-11,2025,Border Patrol,Northern border,Blaine Sector,Apprehensions,58
2024-11,2025,Border Patrol,Northern border,Buffalo Sector,Apprehensions,37
2024-11,2025,Border Patrol,Northern border,Detroit Sector,Apprehensions,42
2024-11,2025,Border Patrol,Northern border,Grand Forks Sector,Apprehensions,28
2024-11,2025,Border Patrol,Northern border,Havre Sector,Apprehensions,7
2024-11,2025,Border Patrol,Northern border,Houlton Sector,Apprehensions,27
2024-11,2025,Border Patrol,Northern border,Spokane Sector,Apprehensions,22
2024-11,2025,Border Patrol,Northern border,Swanton Sector,Apprehensions,483
2024-11,2025,Border Patrol,Southwest border,Big Bend Sector,Apprehensions,282
2024-11,2025,Border Patrol,Southwest border,Del Rio Sector,Apprehensions,8255
2024-11,2025,Border Patrol,Southwest border,El Centro Sector,Apprehensions,1028
2024-11,2025,Border Patrol,Southwest border,El Paso Sector,Apprehensions,9710
2024-11,2025,Border Patrol,Southwest border,Laredo Sector,Apprehensions,2028
2024-11,2025,Border Patrol,Southwest border,Rio Grande Valley Sector,Apprehensions,5118
2024-11,2025,Border Patrol,Southwest border,San Diego Sector,Apprehensions,10570
2024-11,2025,Border Patrol,Southwest border,Tucson Sector,Apprehensions,8020
2024-11,2025,Border Patrol,Southwest border,Yuma Sector,Apprehensions,1598
2024-11,2025,Field Operations,"Air, sea and other",Atlanta Field Office,Inadmissibles,483
2024-11,2025,Field Operations,"Air, sea and other",Baltimore Field Office,Inadmissibles,1167
2024-11,2025,Field Operations,"Air, sea and other",Boston Field Office,Inadmissibles,128
2024-11,2025,Field Operations,"Air, sea and other",Buffalo Field Office,Inadmissibles,11
2024-11,2025,Field Operations,"Air, sea and other",Chicago Field Office,Inadmissibles,975
2024-11,2025,Field Operations,"Air, sea and other",Detroit Field Office,Inadmissibles,114
2024-11,2025,Field Operations,"Air, sea and other",El Paso Field Office,Inadmissibles,1
2024-11,2025,Field Operations,"Air, sea and other",Houston Field Office,Inadmissibles,4455
2024-11,2025,Field Operations,"Air, sea and other",Laredo Field Office,Inadmissibles,17
2024-11,2025,Field Operations,"Air, sea and other",Los Angeles Field Office,Inadmissibles,1353
2024-11,2025,Field Operations,"Air, sea and other",Miami Field Office,Inadmissibles,2763
2024-11,2025,Field Operations,"Air, sea and other",New Orleans Field Office,Inadmissibles,725
2024-11,2025,Field Operations,"Air, sea and other",New York Field Office,Inadmissibles,1567
2024-11,2025,Field Operations,"Air, sea and other",Portland Field Office,Inadmissibles,261
2024-11,2025,Field Operations,"Air, sea and other",Preclearance Field Office,Inadmissibles,1015
2024-11,2025,Field Operations,"Air, sea and other",San Diego Field Office,Inadmissibles,38
2024-11,2025,Field Operations,"Air, sea and other",San Francisco Field Office,Inadmissibles,1224
2024-11,2025,Field Operations,"Air, sea and other",San Juan Field Office,Inadmissibles,774
2024-11,2025,Field Operations,"Air, sea and other",Seattle Field Office,Inadmissibles,634
2024-11,2025,Field Operations,"Air, sea and other",Tampa Field Office,Inadmissibles,774
2024-11,2025,Field Operations,"Air, sea and other",Tucson Field Office,Inadmissibles,4
2024-11,2025,Field Operations,Northern border,Boston Field Office,Inadmissibles,1897
2024-11,2025,Field Operations,Northern border,Buffalo Field Office,Inadmissibles,4182
2024-11,2025,Field Operations,Northern border,Detroit Field Office,Inadmissibles,972
2024-11,2025,Field Operations,Northern border,Portland Field Office,Inadmissibles,11
2024-11,2025,Field Operations,Northern border,Seattle Field Office,Inadmissibles,4319
2024-11,2025,Field Operations,Southwest border,El Paso Field Office,Inadmissibles,7553
2024-11,2025,Field Operations,Southwest border,Laredo Field Office,Inadmissibles,21104
2024-11,2025,Field Operations,Southwest border,San Diego Field Office,Inadmissibles,15410
2024-11,2025,Field Operations,Southwest border,Tucson Field Office,Inadmissibles,3507
2024-12,2025,Border Patrol,"Air, sea and other",Miami Sector,Apprehensions,125
2024-12,2025,Border Patrol,"Air, sea and other",New Orleans Sector,Apprehensions,82
2024-12,2025,Border Patrol,"Air, sea and other",Ramey Sector,Apprehensions,100
2024-12,2025,Border Patrol,Northern border,Blaine Sector,Apprehensions,34
2024-12,2025,Border Patrol,Northern border,Buffalo Sector,Apprehensions,47
2024-12,2025,Border Patrol,Northern border,Detroit Sector,Apprehensions,44
2024-12,2025,Border Patrol,Northern border,Grand Forks Sector,Apprehensions,8
2024-12,2025,Border Patrol,Northern border,Havre Sector,Apprehensions,3
2024-12,2025,Border Patrol,Northern border,Houlton Sector,Apprehensions,18
2024-12,2025,Border Patrol,Northern border,Spokane Sector,Apprehensions,8
2024-12,2025,Border Patrol,Northern border,Swanton Sector,Apprehensions,348
2024-12,2025,Border Patrol,Southwest border,Big Bend Sector,Apprehensions,502
2024-12,2025,Border Patrol,Southwest border,Del Rio Sector,Apprehensions,6042
2024-12,2025,Border Patrol,Southwest border,El Centro Sector,Apprehensions,790
2024-12,2025,Border Patrol,Southwest border,El Paso Sector,Apprehensions,8598
2024-12,2025,Border Patrol,Southwest border,Laredo Sector,Apprehensions,2323
2024-12,2025,Border Patrol,Southwest border,Rio Grande Valley Sector,Apprehensions,10129
2024-12,2025,Border Patrol,Southwest border,San Diego Sector,Apprehensions,10111
2024-12,2025,Border Patrol,Southwest border,Tucson Sector,Apprehensions,7315
2024-12,2025,Border Patrol,Southwest border,Yuma Sector,Apprehensions,1510
2024-12,2025,Field Operations,"Air, sea and other",Atlanta Field Office,Inadmissibles,466
2024-12,2025,Field Operations,"Air, sea and other",Baltimore Field Office,Inadmissibles,939
2024-12,2025,Field Operations,"Air, sea and other",Boston Field Office,Inadmissibles,128
2024-12,2025,Field Operations,"Air, sea and other",Buffalo Field Office,Inadmissibles,32
2024-12,2025,Field Operations,"Air, sea and other",Chicago Field Office,Inadmissibles,598
2024-12,2025,Field Operations,"Air, sea and other",Detroit Field Office,Inadmissibles,82
2024-12,2025,Field Operations,"Air, sea and other",El Paso Field Office,Inadmissibles,1
2024-12,2025,Field Operations,"Air, sea and other",Houston Field Office,Inadmissibles,3940
2024-12,2025,Field Operations,"Air, sea and other",Laredo Field Office,Inadmissibles,31
2024-12,2025,Field Operations,"Air, sea and other",Los Angeles Field Office,Inadmissibles,1277
2024-12,2025,Field Operations,"Air, sea and other",Miami Field Office,Inadmissibles,2321
2024-12,2025,Field Operations,"Air, sea and other",New Orleans Field Office,Inadmissibles,701
2024-12,2025,Field Operations,"Air, sea and other",New York Field Office,Inadmissibles,710
2024-12,2025,Field Operations,"Air, sea and other",Portland Field Office,Inadmissibles,249
2024-12,2025,Field Operations,"Air, sea and other",Preclearance Field Office,Inadmissibles,965
2024-12,2025,Field Operations,"Air, sea and other",San Diego Field Office,Inadmissibles,21
2024-12,2025,Field Operations,"Air, sea and other",San Francisco Field Office,Inadmissibles,1542
2024-12,2025,Field Operations,"Air, sea and other",San Juan Field Office,Inadmissibles,1439
2024-12,2025,Field Operations,"Air, sea and other",Seattle Field Office,Inadmissibles,419
2024-12,2025,Field Operations,"Air, sea and other",Tampa Field Office,Inadmissibles,648
2024-12,2025,Field Operations,"Air, sea and other",Tucson Field Office,Inadmissibles,2
2024-12,2025,Field Operations,Northern border,Boston Field Office,Inadmissibles,2141
2024-12,2025,Field Operations,Northern border,Buffalo Field Office,Inadmissibles,3691
2024-12,2025,Field Operations,Northern border,Detroit Field Office,Inadmissibles,1031
2024-12,2025,Field Operations,Northern border,Portland Field Office,Inadmissibles,12
2024-12,2025,Field Operations,Northern border,Seattle Field Office,Inadmissibles,4246
2024-12,2025,Field Operations,Southwest border,El Paso Field Office,Inadmissibles,7847
2024-12,2025,Field Operations,Southwest border,Laredo Field Office,Inadmissibles,21362
2024-12,2025,Field Operations,Southwest border,San Diego Field Office,Inadmissibles,15889
2024-12,2025,Field Operations,Southwest border,Tucson Field Office,Inadmissibles,3615
2025-01,2025,Border Patrol,"Air, sea and other",Miami Sector,Apprehensions,237
2025-01,2025,Border Patrol,"Air, sea and other",New Orleans Sector,Apprehensions,103
2025-01,2025,Border Patrol,"Air, sea and other",Ramey Sector,Apprehensions,65
2025-01,2025,Border Patrol,Northern border,Blaine Sector,Apprehensions,30
2025-01,2025,Border Patrol,Northern border,Buffalo Sector,Apprehensions,53
2025-01,2025,Border Patrol,Northern border,Detroit Sector,Apprehensions,72
2025-01,2025,Border Patrol,Northern border,Grand Forks Sector,Apprehensions,25
2025-01,2025,Border Patrol,Northern border,Havre Sector,Apprehensions,1
2025-01,2025,Border Patrol,Northern border,Houlton Sector,Apprehensions,50
2025-01,2025,Border Patrol,Northern border,Spokane Sector,Apprehensions,32
2025-01,2025,Border Patrol,Northern border,Swanton Sector,Apprehensions,354
2025-01,2025,Border Patrol,Southwest border,Big Bend Sector,Apprehensions,352
2025-01,2025,Border Patrol,Southwest border,Del Rio Sector,Apprehensions,3461
2025-01,2025,Border Patrol,Southwest border,El Centro Sector,Apprehensions,548
2025-01,2025,Border Patrol,Southwest border,El Paso Sector,Apprehensions,4871
2025-01,2025,Border Patrol,Southwest border,Laredo Sector,Apprehensions,1903
2025-01,2025,Border Patrol,Southwest border,Rio Grande Valley Sector,Apprehensions,5966
2025-01,2025,Border Patrol,Southwest border,San Diego Sector,Apprehensions,6388
2025-01,2025,Border Patrol,Southwest border,Tucson Sector,Apprehensions,4723
2025-01,2025,Border Patrol,Southwest border,Yuma Sector,Apprehensions,893
2025-01,2025,Field Operations,"Air, sea and other",Atlanta Field Office,Inadmissibles,392
2025-01,2025,Field Operations,"Air, sea and other",Baltimore Field Office,Inadmissibles,905
2025-01,2025,Field Operations,"Air, sea and other",Boston Field Office,Inadmissibles,251
2025-01,2025,Field Operations,"Air, sea and other",Buffalo Field Office,Inadmissibles,40
2025-01,2025,Field Operations,"Air, sea and other",Chicago Field Office,Inadmissibles,388
2025-01,2025,Field Operations,"Air, sea and other",Detroit Field Office,Inadmissibles,64
2025-01,2025,Field Operations,"Air, sea and other",El Paso Field Office,Inadmissibles,1
2025-01,2025,Field Operations,"Air, sea and other",Houston Field Office,Inadmissibles,3671
2025-01,2025,Field Operations,"Air, sea and other",Laredo Field Office,Inadmissibles,13
2025-01,2025,Field Operations,"Air, sea and other",Los Angeles Field Office,Inadmissibles,1106
2025-01,2025,Field Operations,"Air, sea and other",Miami Field Office,Inadmissibles,1364
2025-01,2025,Field Operations,"Air, sea and other",New Orleans Field Office,Inadmissibles,570
2025-01,2025,Field Operations,"Air, sea and other",New York Field Office,Inadmissibles,630
2025-01,2025,Field Operations,"Air, sea and other",Portland Field Office,Inadmissibles,247
2025-01,2025,Field Operations,"Air, sea and other",Preclearance Field Office,Inadmissibles,1011
2025-01,2025,Field Operations,"Air, sea and other",San Diego Field Office,Inadmissibles,11
2025-01,2025,Field Operations,"Air, sea and other",San Francisco Field Office,Inadmissibles,2302
2025-01,2025,Field Operations,"Air, sea and other",San Juan Field Office,Inadmissibles,860
2025-01,2025,Field Operations,"Air, sea and other",Seattle Field Office,Inadmissibles,260
2025-01,2025,Field Operations,"Air, sea and other",Tampa Field Office,Inadmissibles,564
2025-01,2025,Field Operations,"Air, sea and other",Tucson Field Office,Inadmissibles,3
2025-01,2025,Field Operations,Northern border,Boston Field Office,Inadmissibles,399
2025-01,2025,Field Operations,Northern border,Buffalo Field Office,Inadmissibles,1757
2025-01,2025,Field Operations,Northern border,Detroit Field Office,Inadmissibles,502
2025-01,2025,Field Operations,Northern border,Portland Field Office,Inadmissibles,1
2025-01,2025,Field Operations,Northern border,Seattle Field Office,Inadmissibles,1700
2025-01,2025,Field Operations,Southwest border,El Paso Field Office,Inadmissibles,5342
2025-01,2025,Field Operations,Southwest border,Laredo Field Office,Inadmissibles,14274
2025-01,2025,Field Operations,Southwest border,San Diego Field Office,Inadmissibles,10216
2025-01,2025,Field Operations,Southwest border,Tucson Field Office,Inadmissibles,2508
2025-02,2025,Border Patrol,"Air, sea and other",Miami Sector,Apprehensions,225
2025-02,2025,Border Patrol,"Air, sea and other",New Orleans Sector,Apprehensions,148
2025-02,2025,Border Patrol,"Air, sea and other",Ramey Sector,Apprehensions,40
2025-02,2025,Border Patrol,Northern border,Blaine Sector,Apprehensions,21
2025-02,2025,Border Patrol,Northern border,Buffalo Sector,Apprehensions,100
2025-02,2025,Border Patrol,Northern border,Detroit Sector,Apprehensions,139
2025-02,2025,Border Patrol,Northern border,Grand Forks Sector,Apprehensions,22
2025-02,2025,Border Patrol,Northern border,Houlton Sector,Apprehensions,52
2025-02,2025,Border Patrol,Northern border,Spokane Sector,Apprehensions,54
2025-02,2025,Border Patrol,Northern border,Swanton Sector,Apprehensions,91
2025-02,2025,Border Patrol,Southwest border,Big Bend Sector,Apprehensions,165
2025-02,2025,Border Patrol,Southwest border,Del Rio Sector,Apprehensions,894
2025-02,2025,Border Patrol,Southwest border,El Centro Sector,Apprehensions,101
2025-02,2025,Border Patrol,Southwest border,El Paso Sector,Apprehensions,2109
2025-02,2025,Border Patrol,Southwest border,Laredo Sector,Apprehensions,565
2025-02,2025,Border Patrol,Southwest border,Rio Grande Valley Sector,Apprehensions,1289
2025-02,2025,Border Patrol,Southwest border,San Diego Sector,Apprehensions,1648
2025-02,2025,Border Patrol,Southwest border,Tucson Sector,Apprehensions,1335
2025-02,2025,Border Patrol,Southwest border,Yuma Sector,Apprehensions,243
2025-02,2025,Field Operations,"Air, sea and other",Atlanta Field Office,Inadmissibles,352
2025-02,2025,Field Operations,"Air, sea and other",Baltimore Field Office,Inadmissibles,1125
2025-02,2025,Field Operations,"Air, sea and other",Boston Field Office,Inadmissibles,130
2025-02,2025,Field Operations,"Air, sea and other",Chicago Field Office,Inadmissibles,370
2025-02,2025,Field Operations,"Air, sea and other",Detroit Field Office,Inadmissibles,75
2025-02,2025,Field Operations,"Air, sea and other",El Paso Field Office,Inadmissibles,4
2025-02,2025,Field Operations,"Air, sea and other",Houston Field Office,Inadmissibles,3243
2025-02,2025,Field Operations,"Air, sea and other",Laredo Field Office,Inadmissibles,4
2025-02,2025,Field Operations,"Air, sea and other",Los Angeles Field Office,Inadmissibles,979
2025-02,2025,Field Operations,"Air, sea and other",Miami Field Office,Inadmissibles,1111
2025-02,2025,Field Operations,"Air, sea and other",New Orleans Field Office,Inadmissibles,495
2025-02,2025,Field Operations,"Air, sea and other",New York Field Office,Inadmissibles,505
2025-02,2025,Field Operations,"Air, sea and other",Portland Field Office,Inadmissibles,144
2025-02,2025,Field Operations,"Air, sea and other",Preclearance Field Office,Inadmissibles,979
2025-02,2025,Field Operations,"Air, sea and other",San Diego Field Office,Inadmissibles,37
2025-02,2025,Field Operations,"Air, sea and other",San Francisco Field Office,Inadmissibles,1475
2025-02,2025,Field Operations,"Air, sea and other",San Juan Field Office,Inadmissibles,803
2025-02,2025,Field Operations,"Air, sea and other",Seattle Field Office,Inadmissibles,95
2025-02,2025,Field Operations,"Air, sea and other",Tampa Field Office,Inadmissibles,466
2025-02,2025,Field Operations,"Air, sea and other",Tucson Field Office,Inadmissibles,7
2025-02,2025,Field Operations,Northern border,Boston Field Office,Inadmissibles,572
2025-02,2025,Field Operations,Northern border,Buffalo Field Office,Inadmissibles,1492
2025-02,2025,Field Operations,Northern border,Detroit Field Office,Inadmissibles,431
2025-02,2025,Field Operations,Northern border,Portland Field Office,Inadmissibles,3
2025-02,2025,Field Operations,Northern border,Seattle Field Office,Inadmissibles,1114
2025-02,2025,Field Operations,Southwest border,El Paso Field Office,Inadmissibles,512
2025-02,2025,Field Operations,Southwest border,Laredo Field Office,Inadmissibles,1117
2025-02,2025,Field Operations,Southwest border,San Diego Field Office,Inadmissibles,1325
2025-02,2025,Field Operations,Southwest border,Tucson Field Office,Inadmissibles,407
2025-03,2025,Border Patrol,"Air, sea and other",Miami Sector,Apprehensions,285
2025-03,2025,Border Patrol,"Air, sea and other",New Orleans Sector,Apprehensions,166
2025-03,2025,Border Patrol,"Air, sea and other",Ramey Sector,Apprehensions,59
2025-03,2025,Border Patrol,Northern border,Blaine Sector,Apprehensions,10
2025-03,2025,Border Patrol,Northern border,Buffalo Sector,Apprehensions,104
2025-03,2025,Border Patrol,Northern border,Detroit Sector,Apprehensions,170
2025-03,2025,Border Patrol,Northern border,Grand Forks Sector,Apprehensions,22
2025-03,2025,Border Patrol,Northern border,Havre Sector,Apprehensions,8
2025-03,2025,Border Patrol,Northern border,Houlton Sector,Apprehensions,72
2025-03,2025,Border Patrol,Northern border,Spokane Sector,Apprehensions,64
2025-03,2025,Border Patrol,Northern border,Swanton Sector,Apprehensions,54
2025-03,2025,Border Patrol,Southwest border,Big Bend Sector,Apprehensions,235
2025-03,2025,Border Patrol,Southwest border,Del Rio Sector,Apprehensions,928
2025-03,2025,Border Patrol,Southwest border,El Centro Sector,Apprehensions,125
2025-03,2025,Border Patrol,Southwest border,El Paso Sector,Apprehensions,1628
2025-03,2025,Border Patrol,Southwest border,Laredo Sector,Apprehensions,708
2025-03,2025,Border Patrol,Southwest border,Rio Grande Valley Sector,Apprehensions,1103
2025-03,2025,Border Patrol,Southwest border,San Diego Sector,Apprehensions,1200
2025-03,2025,Border Patrol,Southwest border,Tucson Sector,Apprehensions,1068
2025-03,2025,Border Patrol,Southwest border,Yuma Sector,Apprehensions,184
2025-03,2025,Field Operations,"Air, sea and other",Atlanta Field Office,Inadmissibles,426
2025-03,2025,Field Operations,"Air, sea and other",Baltimore Field Office,Inadmissibles,1223
2025-03,2025,Field Operations,"Air, sea and other",Boston Field Office,Inadmissibles,190
2025-03,2025,Field Operations,"Air, sea and other",Buffalo Field Office,Inadmissibles,24
2025-03,2025,Field Operations,"Air, sea and other",Chicago Field Office,Inadmissibles,371
2025-03,2025,Field Operations,"Air, sea and other",Detroit Field Office,Inadmissibles,74
2025-03,2025,Field Operations,"Air, sea and other",Houston Field Office,Inadmissibles,3258
2025-03,2025,Field Operations,"Air, sea and other",Laredo Field Office,Inadmissibles,67
2025-03,2025,Field Operations,"Air, sea and other",Los Angeles Field Office,Inadmissibles,967
2025-03,2025,Field Operations,"Air, sea and other",Miami Field Office,Inadmissibles,1251
2025-03,2025,Field Operations,"Air, sea and other",New Orleans Field Office,Inadmissibles,513
2025-03,2025,Field Operations,"Air, sea and other",New York Field Office,Inadmissibles,603
2025-03,2025,Field Operations,"Air, sea and other",Portland Field Office,Inadmissibles,228
2025-03,2025,Field Operations,"Air, sea and other",Preclearance Field Office,Inadmissibles,1115
2025-03,2025,Field Operations,"Air, sea and other",San Diego Field Office,Inadmissibles,6
2025-03,2025,Field Operations,"Air, sea and other",San Francisco Field Office,Inadmissibles,720
2025-03,2025,Field Operations,"Air, sea and other",San Juan Field Office,Inadmissibles,1307
2025-03,2025,Field Operations,"Air, sea and other",Seattle Field Office,Inadmissibles,208
2025-03,2025,Field Operations,"Air, sea and other",Tampa Field Office,Inadmissibles,466
2025-03,2025,Field Operations,"Air, sea and other",Tucson Field Office,Inadmissibles,3
2025-03,2025,Field Operations,Northern border,Boston Field Office,Inadmissibles,333
2025-03,2025,Field Operations,Northern border,Buffalo Field Office,Inadmissibles,1515
2025-03,2025,Field Operations,Northern border,Detroit Field Office,Inadmissibles,417
2025-03,2025,Field Operations,Northern border,Portland Field Office,Inadmissibles,6
2025-03,2025,Field Operations,Northern border,Seattle Field Office,Inadmissibles,1697
2025-03,2025,Field Operations,Southwest border,El Paso Field Office,Inadmissibles,509
2025-03,2025,Field Operations,Southwest border,Laredo Field Office,Inadmissibles,1326
2025-03,2025,Field Operations,Southwest border,San Diego Field Office,Inadmissibles,1437
2025-03,2025,Field Operations,Southwest border,Tucson Field Office,Inadmissibles,560
2025-04,2025,Border Patrol,"Air, sea and other",Miami Sector,Apprehensions,727
2025-04,2025,Border Patrol,"Air, sea and other",New Orleans Sector,Apprehensions,209
2025-04,2025,Border Patrol,"Air, sea and other",Ramey Sector,Apprehensions,11
2025-04,2025,Border Patrol,Northern border,Blaine Sector,Apprehensions,24
2025-04,2025,Border Patrol,Northern border,Buffalo Sector,Apprehensions,136
2025-04,2025,Border Patrol,Northern border,Detroit Sector,Apprehensions,213
2025-04,2025,Border Patrol,Northern border,Grand Forks Sector,Apprehensions,14
2025-04,2025,Border Patrol,Northern border,Havre Sector,Apprehensions,42
2025-04,2025,Border Patrol,Northern border,Houlton Sector,Apprehensions,113
2025-04,2025,Border Patrol,Northern border,Spokane Sector,Apprehensions,53
2025-04,2025,Border Patrol,Northern border,Swanton Sector,Apprehensions,89
2025-04,2025,Border Patrol,Southwest border,Big Bend Sector,Apprehensions,324
2025-04,2025,Border Patrol,Southwest border,Del Rio Sector,Apprehensions,1056
2025-04,2025,Border Patrol,Southwest border,El Centro Sector,Apprehensions,133
2025-04,2025,Border Patrol,Southwest border,El Paso Sector,Apprehensions,1958
2025-04,2025,Border Patrol,Southwest border,Laredo Sector,Apprehensions,749
2025-04,2025,Border Patrol,Southwest border,Rio Grande Valley Sector,Apprehensions,1339
2025-04,2025,Border Patrol,Southwest border,San Diego Sector,Apprehensions,1315
2025-04,2025,Border Patrol,Southwest border,Tucson Sector,Apprehensions,1327
2025-04,2025,Border Patrol,Southwest border,Yuma Sector,Apprehensions,175
2025-04,2025,Field Operations,"Air, sea and other",Atlanta Field Office,Inadmissibles,308
2025-04,2025,Field Operations,"Air, sea and other",Baltimore Field Office,Inadmissibles,810
2025-04,2025,Field Operations,"Air, sea and other",Boston Field Office,Inadmissibles,117
2025-04,2025,Field Operations,"Air, sea and other",Buffalo Field Office,Inadmissibles,18
2025-04,2025,Field Operations,"Air, sea and other",Chicago Field Office,Inadmissibles,390
2025-04,2025,Field Operations,"Air, sea and other",Detroit Field Office,Inadmissibles,67
2025-04,2025,Field Operations,"Air, sea and other",Houston Field Office,Inadmissibles,3261
2025-04,2025,Field Operations,"Air, sea and other",Laredo Field Office,Inadmissibles,64
2025-04,2025,Field Operations,"Air, sea and other",Los Angeles Field Office,Inadmissibles,881
2025-04,2025,Field Operations,"Air, sea and other",Miami Field Office,Inadmissibles,1263
2025-04,2025,Field Operations,"Air, sea and other",New Orleans Field Office,Inadmissibles,470
2025-04,2025,Field Operations,"Air, sea and other",New York Field Office,Inadmissibles,446
2025-04,2025,Field Operations,"Air, sea and other",Portland Field Office,Inadmissibles,250
2025-04,2025,Field Operations,"Air, sea and other",Preclearance Field Office,Inadmissibles,951
2025-04,2025,Field Operations,"Air, sea and other",San Diego Field Office,Inadmissibles,22
2025-04,2025,Field Operations,"Air, sea and other",San Francisco Field Office,Inadmissibles,611
2025-04,2025,Field Operations,"Air, sea and other",San Juan Field Office,Inadmissibles,836
2025-04,2025,Field Operations,"Air, sea and other",Seattle Field Office,Inadmissibles,168
2025-04,2025,Field Operations,"Air, sea and other",Tampa Field Office,Inadmissibles,456
2025-04,2025,Field Operations,"Air, sea and other",Tucson Field Office,Inadmissibles,3
2025-04,2025,Field Operations,Northern border,Boston Field Office,Inadmissibles,329
2025-04,2025,Field Operations,Northern border,Buffalo Field Office,Inadmissibles,1543
2025-04,2025,Field Operations,Northern border,Detroit Field Office,Inadmissibles,516
2025-04,2025,Field Operations,Northern border,Portland Field Office,Inadmissibles,4
2025-04,2025,Field Operations,Northern border,Seattle Field Office,Inadmissibles,1759
2025-04,2025,Field Operations,Southwest border,El Paso Field Office,Inadmissibles,555
2025-04,2025,Field Operations,Southwest border,Laredo Field Office,Inadmissibles,1290
2025-04,2025,Field Operations,Southwest border,San Diego Field Office,Inadmissibles,1273
2025-04,2025,Field Operations,Southwest border,Tucson Field Office,Inadmissibles,529
2025-05,2025,Border Patrol,"Air, sea and other",Miami Sector,Apprehensions,866
2025-05,2025,Border Patrol,"Air, sea and other",New Orleans Sector,Apprehensions,150
2025-05,2025,Border Patrol,"Air, sea and other",Ramey Sector,Apprehensions,12
2025-05,2025,Border Patrol,Northern border,Blaine Sector,Apprehensions,19
2025-05,2025,Border Patrol,Northern border,Buffalo Sector,Apprehensions,107
2025-05,2025,Border Patrol,Northern border,Detroit Sector,Apprehensions,181
2025-05,2025,Border Patrol,Northern border,Grand Forks Sector,Apprehensions,28
2025-05,2025,Border Patrol,Northern border,Havre Sector,Apprehensions,10
2025-05,2025,Border Patrol,Northern border,Houlton Sector,Apprehensions,99
2025-05,2025,Border Patrol,Northern border,Spokane Sector,Apprehensions,38
2025-05,2025,Border Patrol,Northern border,Swanton Sector,Apprehensions,125
2025-05,2025,Border Patrol,Southwest border,Big Bend Sector,Apprehensions,237
2025-05,2025,Border Patrol,Southwest border,Del Rio Sector,Apprehensions,927
2025-05,2025,Border Patrol,Southwest border,El Centro Sector,Apprehensions,129
2025-05,2025,Border Patrol,Southwest border,El Paso Sector,Apprehensions,2011
2025-05,2025,Border Patrol,Southwest border,Laredo Sector,Apprehensions,878
2025-05,2025,Border Patrol,Southwest border,Rio Grande Valley Sector,Apprehensions,1439
2025-05,2025,Border Patrol,Southwest border,San Diego Sector,Apprehensions,1394
2025-05,2025,Border Patrol,Southwest border,Tucson Sector,Apprehensions,1588
2025-05,2025,Border Patrol,Southwest border,Yuma Sector,Apprehensions,121
2025-05,2025,Field Operations,"Air, sea and other",Atlanta Field Office,Inadmissibles,403
2025-05,2025,Field Operations,"Air, sea and other",Baltimore Field Office,Inadmissibles,816
2025-05,2025,Field Operations,"Air, sea and other",Boston Field Office,Inadmissibles,299
2025-05,2025,Field Operations,"Air, sea and other",Buffalo Field Office,Inadmissibles,22
2025-05,2025,Field Operations,"Air, sea and other",Chicago Field Office,Inadmissibles,356
2025-05,2025,Field Operations,"Air, sea and other",Detroit Field Office,Inadmissibles,79
2025-05,2025,Field Operations,"Air, sea and other",Houston Field Office,Inadmissibles,3488
2025-05,2025,Field Operations,"Air, sea and other",Laredo Field Office,Inadmissibles,12
2025-05,2025,Field Operations,"Air, sea and other",Los Angeles Field Office,Inadmissibles,747
2025-05,2025,Field Operations,"Air, sea and other",Miami Field Office,Inadmissibles,872
2025-05,2025,Field Operations,"Air, sea and other",New Orleans Field Office,Inadmissibles,381
2025-05,2025,Field Operations,"Air, sea and other",New York Field Office,Inadmissibles,524
2025-05,2025,Field Operations,"Air, sea and other",Portland Field Office,Inadmissibles,151
2025-05,2025,Field Operations,"Air, sea and other",Preclearance Field Office,Inadmissibles,877
2025-05,2025,Field Operations,"Air, sea and other",San Diego Field Office,Inadmissibles,19
2025-05,2025,Field Operations,"Air, sea and other",San Francisco Field Office,Inadmissibles,564
2025-05,2025,Field Operations,"Air, sea and other",San Juan Field Office,Inadmissibles,732
2025-05,2025,Field Operations,"Air, sea and other",Seattle Field Office,Inadmissibles,216
2025-05,2025,Field Operations,"Air, sea and other",Tampa Field Office,Inadmissibles,369
2025-05,2025,Field Operations,"Air, sea and other",Tucson Field Office,Inadmissibles,5
2025-05,2025,Field Operations,Northern border,Boston Field Office,Inadmissibles,339
2025-05,2025,Field Operations,Northern border,Buffalo Field Office,Inadmissibles,1663
2025-05,2025,Field Operations,Northern border,Detroit Field Office,Inadmissibles,483
2025-05,2025,Field Operations,Northern border,Portland Field Office,Inadmissibles,17
2025-05,2025,Field Operations,Northern border,Seattle Field Office,Inadmissibles,1951
2025-05,2025,Field Operations,Southwest border,El Paso Field Office,Inadmissibles,612
2025-05,2025,Field Operations,Southwest border,Laredo Field Office,Inadmissibles,1355
2025-05,2025,Field Operations,Southwest border,San Diego Field Office,Inadmissibles,1279
2025-05,2025,Field Operations,Southwest border,Tucson Field Office,Inadmissibles,480
2025-06,2025,Border Patrol,"Air, sea and other",Miami Sector,Apprehensions,1024
2025-06,2025,Border Patrol,"Air, sea and other",New Orleans Sector,Apprehensions,172
2025-06,2025,Border Patrol,"Air, sea and other",Ramey Sector,Apprehensions,50
2025-06,2025,Border Patrol,Northern border,Blaine Sector,Apprehensions,15
2025-06,2025,Border Patrol,Northern border,Buffalo Sector,Apprehensions,207
2025-06,2025,Border Patrol,Northern border,Detroit Sector,Apprehensions,205
2025-06,2025,Border Patrol,Northern border,Grand Forks Sector,Apprehensions,32
2025-06,2025,Border Patrol,Northern border,Havre Sector,Apprehensions,9
2025-06,2025,Border Patrol,Northern border,Houlton Sector,Apprehensions,101
2025-06,2025,Border Patrol,Northern border,Spokane Sector,Apprehensions,14
2025-06,2025,Border Patrol,Northern border,Swanton Sector,Apprehensions,119
2025-06,2025,Border Patrol,Southwest border,Big Bend Sector,Apprehensions,156
2025-06,2025,Border Patrol,Southwest border,Del Rio Sector,Apprehensions,652
2025-06,2025,Border Patrol,Southwest border,El Centro Sector,Apprehensions,76
2025-06,2025,Border Patrol,Southwest border,El Paso Sector,Apprehensions,1631
2025-06,2025,Border Patrol,Southwest border,Laredo Sector,Apprehensions,573
2025-06,2025,Border Patrol,Southwest border,Rio Grande Valley Sector,Apprehensions,980
2025-06,2025,Border Patrol,Southwest border,San Diego Sector,Apprehensions,895
2025-06,2025,Border Patrol,Southwest border,Tucson Sector,Apprehensions,966
2025-06,2025,Border Patrol,Southwest border,Yuma Sector,Apprehensions,137
2025-06,2025,Field Operations,"Air, sea and other",Atlanta Field Office,Inadmissibles,323
2025-06,2025,Field Operations,"Air, sea and other",Baltimore Field Office,Inadmissibles,380
2025-06,2025,Field Operations,"Air, sea and other",Boston Field Office,Inadmissibles,188
2025-06,2025,Field Operations,"Air, sea and other",Chicago Field Office,Inadmissibles,408
2025-06,2025,Field Operations,"Air, sea and other",Detroit Field Office,Inadmissibles,54
2025-06,2025,Field Operations,"Air, sea and other",Houston Field Office,Inadmissibles,2750
2025-06,2025,Field Operations,"Air, sea and other",Laredo Field Office,Inadmissibles,34
2025-06,2025,Field Operations,"Air, sea and other",Los Angeles Field Office,Inadmissibles,721
2025-06,2025,Field Operations,"Air, sea and other",Miami Field Office,Inadmissibles,693
2025-06,2025,Field Operations,"Air, sea and other",New Orleans Field Office,Inadmissibles,203
2025-06,2025,Field Operations,"Air, sea and other",New York Field Office,Inadmissibles,478
2025-06,2025,Field Operations,"Air, sea and other",Portland Field Office,Inadmissibles,96
2025-06,2025,Field Operations,"Air, sea and other",Preclearance Field Office,Inadmissibles,744
2025-06,2025,Field Operations,"Air, sea and other",San Diego Field Office,Inadmissibles,37
2025-06,2025,Field Operations,"Air, sea and other",San Francisco Field Office,Inadmissibles,581
2025-06,2025,Field Operations,"Air, sea and other",San Juan Field Office,Inadmissibles,499
2025-06,2025,Field Operations,"Air, sea and other",Seattle Field Office,Inadmissibles,142
2025-06,2025,Field Operations,"Air, sea and other",Tampa Field Office,Inadmissibles,476
2025-06,2025,Field Operations,"Air, sea and other",Tucson Field Office,Inadmissibles,10
2025-06,2025,Field Operations,Northern border,Boston Field Office,Inadmissibles,470
2025-06,2025,Field Operations,Northern border,Buffalo Field Office,Inadmissibles,1977
2025-06,2025,Field Operations,Northern border,Detroit Field Office,Inadmissibles,504
2025-06,2025,Field Operations,Northern border,Portland Field Office,Inadmissibles,50
2025-06,2025,Field Operations,Northern border,Seattle Field Office,Inadmissibles,2119
2025-06,2025,Field Operations,Southwest border,El Paso Field Office,Inadmissibles,543
2025-06,2025,Field Operations,Southwest border,Laredo Field Office,Inadmissibles,1152
2025-06,2025,Field Operations,Southwest border,San Diego Field Office,Inadmissibles,1058
2025-06,2025,Field Operations,Southwest border,Tucson Field Office,Inadmissibles,481
2025-07,2025,Border Patrol,"Air, sea and other",Miami Sector,Apprehensions,890
2025-07,2025,Border Patrol,"Air, sea and other",New Orleans Sector,Apprehensions,120
2025-07,2025,Border Patrol,"Air, sea and other",Ramey Sector,Apprehensions,12
2025-07,2025,Border Patrol,Northern border,Blaine Sector,Apprehensions,15
2025-07,2025,Border Patrol,Northern border,Buffalo Sector,Apprehensions,169
2025-07,2025,Border Patrol,Northern border,Detroit Sector,Apprehensions,169
2025-07,2025,Border Patrol,Northern border,Grand Forks Sector,Apprehensions,24
2025-07,2025,Border Patrol,Northern border,Havre Sector,Apprehensions,10
2025-07,2025,Border Patrol,Northern border,Houlton Sector,Apprehensions,75
2025-07,2025,Border Patrol,Northern border,Spokane Sector,Apprehensions,23
2025-07,2025,Border Patrol,Northern border,Swanton Sector,Apprehensions,69
2025-07,2025,Border Patrol,Southwest border,Big Bend Sector,Apprehensions,142
2025-07,2025,Border Patrol,Southwest border,Del Rio Sector,Apprehensions,474
2025-07,2025,Border Patrol,Southwest border,El Centro Sector,Apprehensions,77
2025-07,2025,Border Patrol,Southwest border,El Paso Sector,Apprehensions,1096
2025-07,2025,Border Patrol,Southwest border,Laredo Sector,Apprehensions,519
2025-07,2025,Border Patrol,Southwest border,Rio Grande Valley Sector,Apprehensions,949
2025-07,2025,Border Patrol,Southwest border,San Diego Sector,Apprehensions,555
2025-07,2025,Border Patrol,Southwest border,Tucson Sector,Apprehensions,671
2025-07,2025,Border Patrol,Southwest border,Yuma Sector,Apprehensions,109
2025-07,2025,Field Operations,"Air, sea and other",Atlanta Field Office,Inadmissibles,407
2025-07,2025,Field Operations,"Air, sea and other",Baltimore Field Office,Inadmissibles,398
2025-07,2025,Field Operations,"Air, sea and other",Boston Field Office,Inadmissibles,171
2025-07,2025,Field Operations,"Air, sea and other",Buffalo Field Office,Inadmissibles,22
2025-07,2025,Field Operations,"Air, sea and other",Chicago Field Office,Inadmissibles,364
2025-07,2025,Field Operations,"Air, sea and other",Detroit Field Office,Inadmissibles,62
2025-07,2025,Field Operations,"Air, sea and other",Houston Field Office,Inadmissibles,3112
2025-07,2025,Field Operations,"Air, sea and other",Laredo Field Office,Inadmissibles,41
2025-07,2025,Field Operations,"Air, sea and other",Los Angeles Field Office,Inadmissibles,732
2025-07,2025,Field Operations,"Air, sea and other",Miami Field Office,Inadmissibles,565
2025-07,2025,Field Operations,"Air, sea and other",New Orleans Field Office,Inadmissibles,340
2025-07,2025,Field Operations,"Air, sea and other",New York Field Office,Inadmissibles,446
2025-07,2025,Field Operations,"Air, sea and other",Portland Field Office,Inadmissibles,120
2025-07,2025,Field Operations,"Air, sea and other",Preclearance Field Office,Inadmissibles,818
2025-07,2025,Field Operations,"Air, sea and other",San Diego Field Office,Inadmissibles,37
2025-07,2025,Field Operations,"Air, sea and other",San Francisco Field Office,Inadmissibles,394
2025-07,2025,Field Operations,"Air, sea and other",San Juan Field Office,Inadmissibles,651
2025-07,2025,Field Operations,"Air, sea and other",Seattle Field Office,Inadmissibles,169
2025-07,2025,Field Operations,"Air, sea and other",Tampa Field Office,Inadmissibles,598
2025-07,2025,Field Operations,"Air, sea and other",Tucson Field Office,Inadmissibles,4
2025-07,2025,Field Operations,Northern border,Boston Field Office,Inadmissibles,650
2025-07,2025,Field Operations,Northern border,Buffalo Field Office,Inadmissibles,2701
2025-07,2025,Field Operations,Northern border,Detroit Field Office,Inadmissibles,578
2025-07,2025,Field Operations,Northern border,Portland Field Office,Inadmissibles,25
2025-07,2025,Field Operations,Northern border,Seattle Field Office,Inadmissibles,1786
2025-07,2025,Field Operations,Southwest border,El Paso Field Office,Inadmissibles,565
2025-07,2025,Field Operations,Southwest border,Laredo Field Office,Inadmissibles,1144
2025-07,2025,Field Operations,Southwest border,San Diego Field Office,Inadmissibles,1047
2025-07,2025,Field Operations,Southwest border,Tucson Field Office,Inadmissibles,474
2025-08,2025,Border Patrol,"Air, sea and other",Miami Sector,Apprehensions,906
2025-08,2025,Border Patrol,"Air, sea and other",New Orleans Sector,Apprehensions,229
2025-08,2025,Border Patrol,"Air, sea and other",Ramey Sector,Apprehensions,47
2025-08,2025,Border Patrol,Northern border,Blaine Sector,Apprehensions,20
2025-08,2025,Border Patrol,Northern border,Buffalo Sector,Apprehensions,176
2025-08,2025,Border Patrol,Northern border,Detroit Sector,Apprehensions,183
2025-08,2025,Border Patrol,Northern border,Grand Forks Sector,Apprehensions,35
2025-08,2025,Border Patrol,Northern border,Havre Sector,Apprehensions,16
2025-08,2025,Border Patrol,Northern border,Houlton Sector,Apprehensions,46
2025-08,2025,Border Patrol,Northern border,Spokane Sector,Apprehensions,35
2025-08,2025,Border Patrol,Northern border,Swanton Sector,Apprehensions,75
2025-08,2025,Border Patrol,Southwest border,Big Bend Sector,Apprehensions,208
2025-08,2025,Border Patrol,Southwest border,Del Rio Sector,Apprehensions,643
2025-08,2025,Border Patrol,Southwest border,El Centro Sector,Apprehensions,83
2025-08,2025,Border Patrol,Southwest border,El Paso Sector,Apprehensions,1304
2025-08,2025,Border Patrol,Southwest border,Laredo Sector,Apprehensions,741
2025-08,2025,Border Patrol,Southwest border,Rio Grande Valley Sector,Apprehensions,1362
2025-08,2025,Border Patrol,Southwest border,San Diego Sector,Apprehensions,715
2025-08,2025,Border Patrol,Southwest border,Tucson Sector,Apprehensions,1067
2025-08,2025,Border Patrol,Southwest border,Yuma Sector,Apprehensions,194
2025-08,2025,Field Operations,"Air, sea and other",Atlanta Field Office,Inadmissibles,289
2025-08,2025,Field Operations,"Air, sea and other",Baltimore Field Office,Inadmissibles,362
2025-08,2025,Field Operations,"Air, sea and other",Boston Field Office,Inadmissibles,165
2025-08,2025,Field Operations,"Air, sea and other",Buffalo Field Office,Inadmissibles,2
2025-08,2025,Field Operations,"Air, sea and other",Chicago Field Office,Inadmissibles,333
2025-08,2025,Field Operations,"Air, sea and other",Detroit Field Office,Inadmissibles,59
2025-08,2025,Field Operations,"Air, sea and other",Houston Field Office,Inadmissibles,2506
2025-08,2025,Field Operations,"Air, sea and other",Laredo Field Office,Inadmissibles,91
2025-08,2025,Field Operations,"Air, sea and other",Los Angeles Field Office,Inadmissibles,686
2025-08,2025,Field Operations,"Air, sea and other",Miami Field Office,Inadmissibles,563
2025-08,2025,Field Operations,"Air, sea and other",New Orleans Field Office,Inadmissibles,228
2025-08,2025,Field Operations,"Air, sea and other",New York Field Office,Inadmissibles,384
2025-08,2025,Field Operations,"Air, sea and other",Portland Field Office,Inadmissibles,60
2025-08,2025,Field Operations,"Air, sea and other",Preclearance Field Office,Inadmissibles,823
2025-08,2025,Field Operations,"Air, sea and other",San Diego Field Office,Inadmissibles,15
2025-08,2025,Field Operations,"Air, sea and other",San Francisco Field Office,Inadmissibles,418
2025-08,2025,Field Operations,"Air, sea and other",San Juan Field Office,Inadmissibles,599
2025-08,2025,Field Operations,"Air, sea and other",Seattle Field Office,Inadmissibles,308
2025-08,2025,Field Operations,"Air, sea and other",Tampa Field Office,Inadmissibles,510
2025-08,2025,Field Operations,"Air, sea and other",Tucson Field Office,Inadmissibles,11
2025-08,2025,Field Operations,Northern border,Boston Field Office,Inadmissibles,737
2025-08,2025,Field Operations,Northern border,Buffalo Field Office,Inadmissibles,3135
2025-08,2025,Field Operations,Northern border,Detroit Field Office,Inadmissibles,679
2025-08,2025,Field Operations,Northern border,Portland Field Office,Inadmissibles,107
2025-08,2025,Field Operations,Northern border,Seattle Field Office,Inadmissibles,1593
2025-08,2025,Field Operations,Southwest border,El Paso Field Office,Inadmissibles,546
2025-08,2025,Field Operations,Southwest border,Laredo Field Office,Inadmissibles,1178
2025-08,2025,Field Operations,Southwest border,San Diego Field Office,Inadmissibles,1088
2025-08,2025,Field Operations,Southwest border,Tucson Field Office,Inadmissibles,602
2025-09,2025,Border Patrol,"Air, sea and other",Miami Sector,Apprehensions,961
2025-09,2025,Border Patrol,"Air, sea and other",New Orleans Sector,Apprehensions,196
2025-09,2025,Border Patrol,"Air, sea and other",Ramey Sector,Apprehensions,67
2025-09,2025,Border Patrol,Northern border,Blaine Sector,Apprehensions,8
2025-09,2025,Border Patrol,Northern border,Buffalo Sector,Apprehensions,219
2025-09,2025,Border Patrol,Northern border,Detroit Sector,Apprehensions,184
2025-09,2025,Border Patrol,Northern border,Grand Forks Sector,Apprehensions,14
2025-09,2025,Border Patrol,Northern border,Havre Sector,Apprehensions,14
2025-09,2025,Border Patrol,Northern border,Houlton Sector,Apprehensions,47
2025-09,2025,Border Patrol,Northern border,Spokane Sector,Apprehensions,22
2025-09,2025,Border Patrol,Northern border,Swanton Sector,Apprehensions,85
2025-09,2025,Border Patrol,Southwest border,Big Bend Sector,Apprehensions,202
2025-09,2025,Border Patrol,Southwest border,Del Rio Sector,Apprehensions,882
2025-09,2025,Border Patrol,Southwest border,El Centro Sector,Apprehensions,89
2025-09,2025,Border Patrol,Southwest border,El Paso Sector,Apprehensions,1447
2025-09,2025,Border Patrol,Southwest border,Laredo Sector,Apprehensions,1203
2025-09,2025,Border Patrol,Southwest border,Rio Grande Valley Sector,Apprehensions,1661
2025-09,2025,Border Patrol,Southwest border,San Diego Sector,Apprehensions,946
2025-09,2025,Border Patrol,Southwest border,Tucson Sector,Apprehensions,1753
2025-09,2025,Border Patrol,Southwest border,Yuma Sector,Apprehensions,203
2025-09,2025,Field Operations,"Air, sea and other",Atlanta Field Office,Inadmissibles,249
2025-09,2025,Field Operations,"Air, sea and other",Baltimore Field Office,Inadmissibles,434
2025-09,2025,Field Operations,"Air, sea and other",Boston Field Office,Inadmissibles,315
2025-09,2025,Field Operations,"Air, sea and other",Chicago Field Office,Inadmissibles,297
2025-09,2025,Field Operations,"Air, sea and other",Detroit Field Office,Inadmissibles,54
2025-09,2025,Field Operations,"Air, sea and other",Houston Field Office,Inadmissibles,2104
2025-09,2025,Field Operations,"Air, sea and other",Laredo Field Office,Inadmissibles,67
2025-09,2025,Field Operations,"Air, sea and other",Los Angeles Field Office,Inadmissibles,938
2025-09,2025,Field Operations,"Air, sea and other",Miami Field Office,Inadmissibles,639
2025-09,2025,Field Operations,"Air, sea and other",New Orleans Field Office,Inadmissibles,285
2025-09,2025,Field Operations,"Air, sea and other",New York Field Office,Inadmissibles,405
2025-09,2025,Field Operations,"Air, sea and other",Portland Field Office,Inadmissibles,134
2025-09,2025,Field Operations,"Air, sea and other",Preclearance Field Office,Inadmissibles,939
2025-09,2025,Field Operations,"Air, sea and other",San Diego Field Office,Inadmissibles,14
2025-09,2025,Field Operations,"Air, sea and other",San Francisco Field Office,Inadmissibles,432
2025-09,2025,Field Operations,"Air, sea and other",San Juan Field Office,Inadmissibles,630
2025-09,2025,Field Operations,"Air, sea and other",Seattle Field Office,Inadmissibles,188
2025-09,2025,Field Operations,"Air, sea and other",Tampa Field Office,Inadmissibles,564
2025-09,2025,Field Operations,"Air, sea and other",Tucson Field Office,Inadmissibles,7
2025-09,2025,Field Operations,Northern border,Boston Field Office,Inadmissibles,366
2025-09,2025,Field Operations,Northern border,Buffalo Field Office,Inadmissibles,1659
2025-09,2025,Field Operations,Northern border,Detroit Field Office,Inadmissibles,569
2025-09,2025,Field Operations,Northern border,Portland Field Office,Inadmissibles,87
2025-09,2025,Field Operations,Northern border,Seattle Field Office,Inadmissibles,1162
2025-09,2025,Field Operations,Southwest border,El Paso Field Office,Inadmissibles,526
2025-09,2025,Field Operations,Southwest border,Laredo Field Office,Inadmissibles,1081
2025-09,2025,Field Operations,Southwest border,San Diego Field Office,Inadmissibles,1114
2025-09,2025,Field Operations,Southwest border,Tucson Field Office,Inadmissibles,540
2025-10,2026,Border Patrol,"Air, sea and other",Miami Sector,Apprehensions,987
2025-10,2026,Border Patrol,"Air, sea and other",New Orleans Sector,Apprehensions,292
2025-10,2026,Border Patrol,"Air, sea and other",Ramey Sector,Apprehensions,35
2025-10,2026,Border Patrol,Northern border,Blaine Sector,Apprehensions,8
2025-10,2026,Border Patrol,Northern border,Buffalo Sector,Apprehensions,173
2025-10,2026,Border Patrol,Northern border,Detroit Sector,Apprehensions,231
2025-10,2026,Border Patrol,Northern border,Grand Forks Sector,Apprehensions,19
2025-10,2026,Border Patrol,Northern border,Havre Sector,Apprehensions,23
2025-10,2026,Border Patrol,Northern border,Houlton Sector,Apprehensions,21
2025-10,2026,Border Patrol,Northern border,Spokane Sector,Apprehensions,84
2025-10,2026,Border Patrol,Northern border,Swanton Sector,Apprehensions,86
2025-10,2026,Border Patrol,Southwest border,Big Bend Sector,Apprehensions,185
2025-10,2026,Border Patrol,Southwest border,Del Rio Sector,Apprehensions,910
2025-10,2026,Border Patrol,Southwest border,El Centro Sector,Apprehensions,171
2025-10,2026,Border Patrol,Southwest border,El Paso Sector,Apprehensions,1385
2025-10,2026,Border Patrol,Southwest border,Laredo Sector,Apprehensions,873
2025-10,2026,Border Patrol,Southwest border,Rio Grande Valley Sector,Apprehensions,1603
2025-10,2026,Border Patrol,Southwest border,San Diego Sector,Apprehensions,960
2025-10,2026,Border Patrol,Southwest border,Tucson Sector,Apprehensions,1740
2025-10,2026,Border Patrol,Southwest border,Yuma Sector,Apprehensions,161
2025-10,2026,Field Operations,"Air, sea and other",Atlanta Field Office,Inadmissibles,496
2025-10,2026,Field Operations,"Air, sea and other",Baltimore Field Office,Inadmissibles,714
2025-10,2026,Field Operations,"Air, sea and other",Boston Field Office,Inadmissibles,296
2025-10,2026,Field Operations,"Air, sea and other",Buffalo Field Office,Inadmissibles,1
2025-10,2026,Field Operations,"Air, sea and other",Chicago Field Office,Inadmissibles,481
2025-10,2026,Field Operations,"Air, sea and other",Detroit Field Office,Inadmissibles,105
2025-10,2026,Field Operations,"Air, sea and other",El Paso Field Office,Inadmissibles,1
2025-10,2026,Field Operations,"Air, sea and other",Houston Field Office,Inadmissibles,2370
2025-10,2026,Field Operations,"Air, sea and other",Laredo Field Office,Inadmissibles,86
2025-10,2026,Field Operations,"Air, sea and other",Los Angeles Field Office,Inadmissibles,1328
2025-10,2026,Field Operations,"Air, sea and other",Miami Field Office,Inadmissibles,1269
2025-10,2026,Field Operations,"Air, sea and other",New Orleans Field Office,Inadmissibles,302
2025-10,2026,Field Operations,"Air, sea and other",New York Field Office,Inadmissibles,1663
2025-10,2026,Field Operations,"Air, sea and other",Portland Field Office,Inadmissibles,164
2025-10,2026,Field Operations,"Air, sea and other",Preclearance Field Office,Inadmissibles,1417
2025-10,2026,Field Operations,"Air, sea and other",San Diego Field Office,Inadmissibles,24
2025-10,2026,Field Operations,"Air, sea and other",San Francisco Field Office,Inadmissibles,972
2025-10,2026,Field Operations,"Air, sea and other",San Juan Field Office,Inadmissibles,459
2025-10,2026,Field Operations,"Air, sea and other",Seattle Field Office,Inadmissibles,328
2025-10,2026,Field Operations,"Air, sea and other",Tampa Field Office,Inadmissibles,775
2025-10,2026,Field Operations,"Air, sea and other",Tucson Field Office,Inadmissibles,29
2025-10,2026,Field Operations,Northern border,Boston Field Office,Inadmissibles,446
2025-10,2026,Field Operations,Northern border,Buffalo Field Office,Inadmissibles,1687
2025-10,2026,Field Operations,Northern border,Detroit Field Office,Inadmissibles,434
2025-10,2026,Field Operations,Northern border,Portland Field Office,Inadmissibles,34
2025-10,2026,Field Operations,Northern border,Seattle Field Office,Inadmissibles,1092
2025-10,2026,Field Operations,Southwest border,El Paso Field Office,Inadmissibles,474
2025-10,2026,Field Operations,Southwest border,Laredo Field Office,Inadmissibles,1413
2025-10,2026,Field Operations,Southwest border,San Diego Field Office,Inadmissibles,1247
2025-10,2026,Field Operations,Southwest border,Tucson Field Office,Inadmissibles,582
2025-11,2026,Border Patrol,"Air, sea and other",Miami Sector,Apprehensions,1150
2025-11,2026,Border Patrol,"Air, sea and other",New Orleans Sector,Apprehensions,197
2025-11,2026,Border Patrol,"Air, sea and other",Ramey Sector,Apprehensions,27
2025-11,2026,Border Patrol,Northern border,Blaine Sector,Apprehensions,29
2025-11,2026,Border Patrol,Northern border,Buffalo Sector,Apprehensions,170
2025-11,2026,Border Patrol,Northern border,Detroit Sector,Apprehensions,155
2025-11,2026,Border Patrol,Northern border,Grand Forks Sector,Apprehensions,41
2025-11,2026,Border Patrol,Northern border,Havre Sector,Apprehensions,19
2025-11,2026,Border Patrol,Northern border,Houlton Sector,Apprehensions,40
2025-11,2026,Border Patrol,Northern border,Spokane Sector,Apprehensions,42
2025-11,2026,Border Patrol,Northern border,Swanton Sector,Apprehensions,71
2025-11,2026,Border Patrol,Southwest border,Big Bend Sector,Apprehensions,219
2025-11,2026,Border Patrol,Southwest border,Del Rio Sector,Apprehensions,758
2025-11,2026,Border Patrol,Southwest border,El Centro Sector,Apprehensions,132
2025-11,2026,Border Patrol,Southwest border,El Paso Sector,Apprehensions,1265
2025-11,2026,Border Patrol,Southwest border,Laredo Sector,Apprehensions,1037
2025-11,2026,Border Patrol,Southwest border,Rio Grande Valley Sector,Apprehensions,1599
2025-11,2026,Border Patrol,Southwest border,San Diego Sector,Apprehensions,833
2025-11,2026,Border Patrol,Southwest border,Tucson Sector,Apprehensions,1368
2025-11,2026,Border Patrol,Southwest border,Yuma Sector,Apprehensions,142
2025-11,2026,Field Operations,"Air, sea and other",Atlanta Field Office,Inadmissibles,571
2025-11,2026,Field Operations,"Air, sea and other",Baltimore Field Office,Inadmissibles,811
2025-11,2026,Field Operations,"Air, sea and other",Boston Field Office,Inadmissibles,265
2025-11,2026,Field Operations,"Air, sea and other",Chicago Field Office,Inadmissibles,524
2025-11,2026,Field Operations,"Air, sea and other",Detroit Field Office,Inadmissibles,78
2025-11,2026,Field Operations,"Air, sea and other",El Paso Field Office,Inadmissibles,2
2025-11,2026,Field Operations,"Air, sea and other",Houston Field Office,Inadmissibles,2369
2025-11,2026,Field Operations,"Air, sea and other",Laredo Field Office,Inadmissibles,54
2025-11,2026,Field Operations,"Air, sea and other",Los Angeles Field Office,Inadmissibles,1307
2025-11,2026,Field Operations,"Air, sea and other",Miami Field Office,Inadmissibles,1855
2025-11,2026,Field Operations,"Air, sea and other",New Orleans Field Office,Inadmissibles,216
2025-11,2026,Field Operations,"Air, sea and other",New York Field Office,Inadmissibles,1487
2025-11,2026,Field Operations,"Air, sea and other",Portland Field Office,Inadmissibles,166
2025-11,2026,Field Operations,"Air, sea and other",Preclearance Field Office,Inadmissibles,1333
2025-11,2026,Field Operations,"Air, sea and other",San Diego Field Office,Inadmissibles,23
2025-11,2026,Field Operations,"Air, sea and other",San Francisco Field Office,Inadmissibles,997
2025-11,2026,Field Operations,"Air, sea and other",San Juan Field Office,Inadmissibles,543
2025-11,2026,Field Operations,"Air, sea and other",Seattle Field Office,Inadmissibles,420
2025-11,2026,Field Operations,"Air, sea and other",Tampa Field Office,Inadmissibles,1456
2025-11,2026,Field Operations,"Air, sea and other",Tucson Field Office,Inadmissibles,29
2025-11,2026,Field Operations,Northern border,Boston Field Office,Inadmissibles,289
2025-11,2026,Field Operations,Northern border,Buffalo Field Office,Inadmissibles,1359
2025-11,2026,Field Operations,Northern border,Detroit Field Office,Inadmissibles,429
2025-11,2026,Field Operations,Northern border,Seattle Field Office,Inadmissibles,939
2025-11,2026,Field Operations,Southwest border,El Paso Field Office,Inadmissibles,501
2025-11,2026,Field Operations,Southwest border,Laredo Field Office,Inadmissibles,1322
2025-11,2026,Field Operations,Southwest border,San Diego Field Office,Inadmissibles,1355
2025-11,2026,Field Operations,Southwest border,Tucson Field Office,Inadmissibles,429
2025-12,2026,Border Patrol,"Air, sea and other",Miami Sector,Apprehensions,1039
2025-12,2026,Border Patrol,"Air, sea and other",New Orleans Sector,Apprehensions,150
2025-12,2026,Border Patrol,"Air, sea and other",Ramey Sector,Apprehensions,18
2025-12,2026,Border Patrol,Northern border,Blaine Sector,Apprehensions,21
2025-12,2026,Border Patrol,Northern border,Buffalo Sector,Apprehensions,117
2025-12,2026,Border Patrol,Northern border,Detroit Sector,Apprehensions,131
2025-12,2026,Border Patrol,Northern border,Grand Forks Sector,Apprehensions,14
2025-12,2026,Border Patrol,Northern border,Havre Sector,Apprehensions,14
2025-12,2026,Border Patrol,Northern border,Houlton Sector,Apprehensions,27
2025-12,2026,Border Patrol,Northern border,Spokane Sector,Apprehensions,58
2025-12,2026,Border Patrol,Northern border,Swanton Sector,Apprehensions,57
2025-12,2026,Border Patrol,Southwest border,Big Bend Sector,Apprehensions,178
2025-12,2026,Border Patrol,Southwest border,Del Rio Sector,Apprehensions,703
2025-12,2026,Border Patrol,Southwest border,El Centro Sector,Apprehensions,156
2025-12,2026,Border Patrol,Southwest border,El Paso Sector,Apprehensions,1191
2025-12,2026,Border Patrol,Southwest border,Laredo Sector,Apprehensions,826
2025-12,2026,Border Patrol,Southwest border,Rio Grande Valley Sector,Apprehensions,1365
2025-12,2026,Border Patrol,Southwest border,San Diego Sector,Apprehensions,855
2025-12,2026,Border Patrol,Southwest border,Tucson Sector,Apprehensions,1062
2025-12,2026,Border Patrol,Southwest border,Yuma Sector,Apprehensions,140
2025-12,2026,Field Operations,"Air, sea and other",Atlanta Field Office,Inadmissibles,638
2025-12,2026,Field Operations,"Air, sea and other",Baltimore Field Office,Inadmissibles,739
2025-12,2026,Field Operations,"Air, sea and other",Boston Field Office,Inadmissibles,302
2025-12,2026,Field Operations,"Air, sea and other",Chicago Field Office,Inadmissibles,619
2025-12,2026,Field Operations,"Air, sea and other",Detroit Field Office,Inadmissibles,136
2025-12,2026,Field Operations,"Air, sea and other",El Paso Field Office,Inadmissibles,2
2025-12,2026,Field Operations,"Air, sea and other",Houston Field Office,Inadmissibles,2653
2025-12,2026,Field Operations,"Air, sea and other",Laredo Field Office,Inadmissibles,40
2025-12,2026,Field Operations,"Air, sea and other",Los Angeles Field Office,Inadmissibles,1410
2025-12,2026,Field Operations,"Air, sea and other",Miami Field Office,Inadmissibles,1555
2025-12,2026,Field Operations,"Air, sea and other",New Orleans Field Office,Inadmissibles,325
2025-12,2026,Field Operations,"Air, sea and other",New York Field Office,Inadmissibles,1714
2025-12,2026,Field Operations,"Air, sea and other",Portland Field Office,Inadmissibles,165
2025-12,2026,Field Operations,"Air, sea and other",Preclearance Field Office,Inadmissibles,1562
2025-12,2026,Field Operations,"Air, sea and other",San Diego Field Office,Inadmissibles,25
2025-12,2026,Field Operations,"Air, sea and other",San Francisco Field Office,Inadmissibles,1360
2025-12,2026,Field Operations,"Air, sea and other",San Juan Field Office,Inadmissibles,895
2025-12,2026,Field Operations,"Air, sea and other",Seattle Field Office,Inadmissibles,495
2025-12,2026,Field Operations,"Air, sea and other",Tampa Field Office,Inadmissibles,663
2025-12,2026,Field Operations,"Air, sea and other",Tucson Field Office,Inadmissibles,41
2025-12,2026,Field Operations,Northern border,Boston Field Office,Inadmissibles,410
2025-12,2026,Field Operations,Northern border,Buffalo Field Office,Inadmissibles,1785
2025-12,2026,Field Operations,Northern border,Detroit Field Office,Inadmissibles,459
2025-12,2026,Field Operations,Northern border,Portland Field Office,Inadmissibles,2
2025-12,2026,Field Operations,Northern border,Seattle Field Office,Inadmissibles,1081
2025-12,2026,Field Operations,Southwest border,El Paso Field Office,Inadmissibles,497
2025-12,2026,Field Operations,Southwest border,Laredo Field Office,Inadmissibles,1397
2025-12,2026,Field Operations,Southwest border,San Diego Field Office,Inadmissibles,1230
2025-12,2026,Field Operations,Southwest border,Tucson Field Office,Inadmissibles,392
2026-01,2026,Border Patrol,"Air, sea and other",Miami Sector,Apprehensions,1109
2026-01,2026,Border Patrol,"Air, sea and other",New Orleans Sector,Apprehensions,196
2026-01,2026,Border Patrol,"Air, sea and other",Ramey Sector,Apprehensions,49
2026-01,2026,Border Patrol,Northern border,Blaine Sector,Apprehensions,39
2026-01,2026,Border Patrol,Northern border,Buffalo Sector,Apprehensions,137
2026-01,2026,Border Patrol,Northern border,Detroit Sector,Apprehensions,171
2026-01,2026,Border Patrol,Northern border,Grand Forks Sector,Apprehensions,25
2026-01,2026,Border Patrol,Northern border,Havre Sector,Apprehensions,13
2026-01,2026,Border Patrol,Northern border,Houlton Sector,Apprehensions,33
2026-01,2026,Border Patrol,Northern border,Spokane Sector,Apprehensions,44
2026-01,2026,Border Patrol,Northern border,Swanton Sector,Apprehensions,29
2026-01,2026,Border Patrol,Southwest border,Big Bend Sector,Apprehensions,152
2026-01,2026,Border Patrol,Southwest border,Del Rio Sector,Apprehensions,627
2026-01,2026,Border Patrol,Southwest border,El Centro Sector,Apprehensions,195
2026-01,2026,Border Patrol,Southwest border,El Paso Sector,Apprehensions,1040
2026-01,2026,Border Patrol,Southwest border,Laredo Sector,Apprehensions,824
2026-01,2026,Border Patrol,Southwest border,Rio Grande Valley Sector,Apprehensions,1273
2026-01,2026,Border Patrol,Southwest border,San Diego Sector,Apprehensions,798
2026-01,2026,Border Patrol,Southwest border,Tucson Sector,Apprehensions,1018
2026-01,2026,Border Patrol,Southwest border,Yuma Sector,Apprehensions,149
2026-01,2026,Field Operations,"Air, sea and other",Atlanta Field Office,Inadmissibles,799
2026-01,2026,Field Operations,"Air, sea and other",Baltimore Field Office,Inadmissibles,941
2026-01,2026,Field Operations,"Air, sea and other",Boston Field Office,Inadmissibles,470
2026-01,2026,Field Operations,"Air, sea and other",Buffalo Field Office,Inadmissibles,2
2026-01,2026,Field Operations,"Air, sea and other",Chicago Field Office,Inadmissibles,798
2026-01,2026,Field Operations,"Air, sea and other",Detroit Field Office,Inadmissibles,180
2026-01,2026,Field Operations,"Air, sea and other",Houston Field Office,Inadmissibles,2940
2026-01,2026,Field Operations,"Air, sea and other",Laredo Field Office,Inadmissibles,41
2026-01,2026,Field Operations,"Air, sea and other",Los Angeles Field Office,Inadmissibles,2096
2026-01,2026,Field Operations,"Air, sea and other",Miami Field Office,Inadmissibles,1639
2026-01,2026,Field Operations,"Air, sea and other",New Orleans Field Office,Inadmissibles,496
2026-01,2026,Field Operations,"Air, sea and other",New York Field Office,Inadmissibles,2460
2026-01,2026,Field Operations,"Air, sea and other",Portland Field Office,Inadmissibles,169
2026-01,2026,Field Operations,"Air, sea and other",Preclearance Field Office,Inadmissibles,1515
2026-01,2026,Field Operations,"Air, sea and other",San Diego Field Office,Inadmissibles,29
2026-01,2026,Field Operations,"Air, sea and other",San Francisco Field Office,Inadmissibles,1728
2026-01,2026,Field Operations,"Air, sea and other",San Juan Field Office,Inadmissibles,803
2026-01,2026,Field Operations,"Air, sea and other",Seattle Field Office,Inadmissibles,624
2026-01,2026,Field Operations,"Air, sea and other",Tampa Field Office,Inadmissibles,1518
2026-01,2026,Field Operations,"Air, sea and other",Tucson Field Office,Inadmissibles,44
2026-01,2026,Field Operations,Northern border,Boston Field Office,Inadmissibles,860
2026-01,2026,Field Operations,Northern border,Buffalo Field Office,Inadmissibles,1428
2026-01,2026,Field Operations,Northern border,Detroit Field Office,Inadmissibles,391
2026-01,2026,Field Operations,Northern border,Portland Field Office,Inadmissibles,20
2026-01,2026,Field Operations,Northern border,Seattle Field Office,Inadmissibles,1067
2026-01,2026,Field Operations,Southwest border,El Paso Field Office,Inadmissibles,509
2026-01,2026,Field Operations,Southwest border,Laredo Field Office,Inadmissibles,1486
2026-01,2026,Field Operations,Southwest border,San Diego Field Office,Inadmissibles,1223
2026-01,2026,Field Operations,Southwest border,Tucson Field Office,Inadmissibles,435
2026-02,2026,Border Patrol,"Air, sea and other",Miami Sector,Apprehensions,898
2026-02,2026,Border Patrol,"Air, sea and other",New Orleans Sector,Apprehensions,176
2026-02,2026,Border Patrol,"Air, sea and other",Ramey Sector,Apprehensions,25
2026-02,2026,Border Patrol,Northern border,Blaine Sector,Apprehensions,36
2026-02,2026,Border Patrol,Northern border,Buffalo Sector,Apprehensions,134
2026-02,2026,Border Patrol,Northern border,Detroit Sector,Apprehensions,189
2026-02,2026,Border Patrol,Northern border,Grand Forks Sector,Apprehensions,42
2026-02,2026,Border Patrol,Northern border,Havre Sector,Apprehensions,25
2026-02,2026,Border Patrol,Northern border,Houlton Sector,Apprehensions,64
2026-02,2026,Border Patrol,Northern border,Spokane Sector,Apprehensions,51
2026-02,2026,Border Patrol,Northern border,Swanton Sector,Apprehensions,39
2026-02,2026,Border Patrol,Southwest border,Big Bend Sector,Apprehensions,158
2026-02,2026,Border Patrol,Southwest border,Del Rio Sector,Apprehensions,671
2026-02,2026,Border Patrol,Southwest border,El Centro Sector,Apprehensions,196
2026-02,2026,Border Patrol,Southwest border,El Paso Sector,Apprehensions,1261
2026-02,2026,Border Patrol,Southwest border,Laredo Sector,Apprehensions,923
2026-02,2026,Border Patrol,Southwest border,Rio Grande Valley Sector,Apprehensions,1381
2026-02,2026,Border Patrol,Southwest border,San Diego Sector,Apprehensions,850
2026-02,2026,Border Patrol,Southwest border,Tucson Sector,Apprehensions,1020
2026-02,2026,Border Patrol,Southwest border,Yuma Sector,Apprehensions,139
2026-02,2026,Field Operations,"Air, sea and other",Atlanta Field Office,Inadmissibles,545
2026-02,2026,Field Operations,"Air, sea and other",Baltimore Field Office,Inadmissibles,959
2026-02,2026,Field Operations,"Air, sea and other",Boston Field Office,Inadmissibles,296
2026-02,2026,Field Operations,"Air, sea and other",Chicago Field Office,Inadmissibles,505
2026-02,2026,Field Operations,"Air, sea and other",Detroit Field Office,Inadmissibles,110
2026-02,2026,Field Operations,"Air, sea and other",El Paso Field Office,Inadmissibles,2
2026-02,2026,Field Operations,"Air, sea and other",Houston Field Office,Inadmissibles,1855
2026-02,2026,Field Operations,"Air, sea and other",Laredo Field Office,Inadmissibles,61
2026-02,2026,Field Operations,"Air, sea and other",Los Angeles Field Office,Inadmissibles,1412
2026-02,2026,Field Operations,"Air, sea and other",Miami Field Office,Inadmissibles,999
2026-02,2026,Field Operations,"Air, sea and other",New Orleans Field Office,Inadmissibles,414
2026-02,2026,Field Operations,"Air, sea and other",New York Field Office,Inadmissibles,1228
2026-02,2026,Field Operations,"Air, sea and other",Portland Field Office,Inadmissibles,115
2026-02,2026,Field Operations,"Air, sea and other",Preclearance Field Office,Inadmissibles,1137
2026-02,2026,Field Operations,"Air, sea and other",San Diego Field Office,Inadmissibles,55
2026-02,2026,Field Operations,"Air, sea and other",San Francisco Field Office,Inadmissibles,941
2026-02,2026,Field Operations,"Air, sea and other",San Juan Field Office,Inadmissibles,752
2026-02,2026,Field Operations,"Air, sea and other",Seattle Field Office,Inadmissibles,499
2026-02,2026,Field Operations,"Air, sea and other",Tampa Field Office,Inadmissibles,631
2026-02,2026,Field Operations,"Air, sea and other",Tucson Field Office,Inadmissibles,27
2026-02,2026,Field Operations,Northern border,Boston Field Office,Inadmissibles,495
2026-02,2026,Field Operations,Northern border,Buffalo Field Office,Inadmissibles,1130
2026-02,2026,Field Operations,Northern border,Detroit Field Office,Inadmissibles,342
2026-02,2026,Field Operations,Northern border,Portland Field Office,Inadmissibles,105
2026-02,2026,Field Operations,Northern border,Seattle Field Office,Inadmissibles,1073
2026-02,2026,Field Operations,Southwest border,El Paso Field Office,Inadmissibles,440
2026-02,2026,Field Operations,Southwest border,Laredo Field Office,Inadmissibles,1166
2026-02,2026,Field Operations,Southwest border,San Diego Field Office,Inadmissibles,1106
2026-02,2026,Field Operations,Southwest border,Tucson Field Office,Inadmissibles,302
2026-03,2026,Border Patrol,"Air, sea and other",Miami Sector,Apprehensions,1021
2026-03,2026,Border Patrol,"Air, sea and other",New Orleans Sector,Apprehensions,290
2026-03,2026,Border Patrol,"Air, sea and other",Ramey Sector,Apprehensions,23
2026-03,2026,Border Patrol,Northern border,Blaine Sector,Apprehensions,29
2026-03,2026,Border Patrol,Northern border,Buffalo Sector,Apprehensions,201
2026-03,2026,Border Patrol,Northern border,Detroit Sector,Apprehensions,111
2026-03,2026,Border Patrol,Northern border,Grand Forks Sector,Apprehensions,33
2026-03,2026,Border Patrol,Northern border,Havre Sector,Apprehensions,18
2026-03,2026,Border Patrol,Northern border,Houlton Sector,Apprehensions,25
2026-03,2026,Border Patrol,Northern border,Spokane Sector,Apprehensions,16
2026-03,2026,Border Patrol,Northern border,Swanton Sector,Apprehensions,81
2026-03,2026,Border Patrol,Southwest border,Big Bend Sector,Apprehensions,187
2026-03,2026,Border Patrol,Southwest border,Del Rio Sector,Apprehensions,986
2026-03,2026,Border Patrol,Southwest border,El Centro Sector,Apprehensions,264
2026-03,2026,Border Patrol,Southwest border,El Paso Sector,Apprehensions,1220
2026-03,2026,Border Patrol,Southwest border,Laredo Sector,Apprehensions,1241
2026-03,2026,Border Patrol,Southwest border,Rio Grande Valley Sector,Apprehensions,1785
2026-03,2026,Border Patrol,Southwest border,San Diego Sector,Apprehensions,947
2026-03,2026,Border Patrol,Southwest border,Tucson Sector,Apprehensions,1470
2026-03,2026,Border Patrol,Southwest border,Yuma Sector,Apprehensions,170
2026-03,2026,Field Operations,"Air, sea and other",Atlanta Field Office,Inadmissibles,574
2026-03,2026,Field Operations,"Air, sea and other",Baltimore Field Office,Inadmissibles,1087
2026-03,2026,Field Operations,"Air, sea and other",Boston Field Office,Inadmissibles,277
2026-03,2026,Field Operations,"Air, sea and other",Buffalo Field Office,Inadmissibles,19
2026-03,2026,Field Operations,"Air, sea and other",Chicago Field Office,Inadmissibles,484
2026-03,2026,Field Operations,"Air, sea and other",Detroit Field Office,Inadmissibles,98
2026-03,2026,Field Operations,"Air, sea and other",Houston Field Office,Inadmissibles,2308
2026-03,2026,Field Operations,"Air, sea and other",Laredo Field Office,Inadmissibles,178
2026-03,2026,Field Operations,"Air, sea and other",Los Angeles Field Office,Inadmissibles,1285
2026-03,2026,Field Operations,"Air, sea and other",Miami Field Office,Inadmissibles,1224
2026-03,2026,Field Operations,"Air, sea and other",New Orleans Field Office,Inadmissibles,382
2026-03,2026,Field Operations,"Air, sea and other",New York Field Office,Inadmissibles,1645
2026-03,2026,Field Operations,"Air, sea and other",Portland Field Office,Inadmissibles,192
2026-03,2026,Field Operations,"Air, sea and other",Preclearance Field Office,Inadmissibles,1086
2026-03,2026,Field Operations,"Air, sea and other",San Diego Field Office,Inadmissibles,21
2026-03,2026,Field Operations,"Air, sea and other",San Francisco Field Office,Inadmissibles,1044
2026-03,2026,Field Operations,"Air, sea and other",San Juan Field Office,Inadmissibles,889
2026-03,2026,Field Operations,"Air, sea and other",Seattle Field Office,Inadmissibles,444
2026-03,2026,Field Operations,"Air, sea and other",Tampa Field Office,Inadmissibles,798
2026-03,2026,Field Operations,"Air, sea and other",Tucson Field Office,Inadmissibles,25
2026-03,2026,Field Operations,Northern border,Boston Field Office,Inadmissibles,418
2026-03,2026,Field Operations,Northern border,Buffalo Field Office,Inadmissibles,1724
2026-03,2026,Field Operations,Northern border,Detroit Field Office,Inadmissibles,440
2026-03,2026,Field Operations,Northern border,Portland Field Office,Inadmissibles,85
2026-03,2026,Field Operations,Northern border,Seattle Field Office,Inadmissibles,1152
2026-03,2026,Field Operations,Southwest border,El Paso Field Office,Inadmissibles,500
2026-03,2026,Field Operations,Southwest border,Laredo Field Office,Inadmissibles,1389
2026-03,2026,Field Operations,Southwest border,San Diego Field Office,Inadmissibles,1225
2026-03,2026,Field Operations,Southwest border,Tucson Field Office,Inadmissibles,351
2026-04,2026,Border Patrol,"Air, sea and other",Miami Sector,Apprehensions,1098
2026-04,2026,Border Patrol,"Air, sea and other",New Orleans Sector,Apprehensions,285
2026-04,2026,Border Patrol,"Air, sea and other",Ramey Sector,Apprehensions,68
2026-04,2026,Border Patrol,Northern border,Blaine Sector,Apprehensions,28
2026-04,2026,Border Patrol,Northern border,Buffalo Sector,Apprehensions,174
2026-04,2026,Border Patrol,Northern border,Detroit Sector,Apprehensions,100
2026-04,2026,Border Patrol,Northern border,Grand Forks Sector,Apprehensions,15
2026-04,2026,Border Patrol,Northern border,Havre Sector,Apprehensions,26
2026-04,2026,Border Patrol,Northern border,Houlton Sector,Apprehensions,6
2026-04,2026,Border Patrol,Northern border,Spokane Sector,Apprehensions,29
2026-04,2026,Border Patrol,Northern border,Swanton Sector,Apprehensions,72
2026-04,2026,Border Patrol,Southwest border,Big Bend Sector,Apprehensions,158
2026-04,2026,Border Patrol,Southwest border,Del Rio Sector,Apprehensions,857
2026-04,2026,Border Patrol,Southwest border,El Centro Sector,Apprehensions,203
2026-04,2026,Border Patrol,Southwest border,El Paso Sector,Apprehensions,1614
2026-04,2026,Border Patrol,Southwest border,Laredo Sector,Apprehensions,1485
2026-04,2026,Border Patrol,Southwest border,Rio Grande Valley Sector,Apprehensions,1802
2026-04,2026,Border Patrol,Southwest border,San Diego Sector,Apprehensions,958
2026-04,2026,Border Patrol,Southwest border,Tucson Sector,Apprehensions,1688
2026-04,2026,Border Patrol,Southwest border,Yuma Sector,Apprehensions,201
2026-04,2026,Field Operations,"Air, sea and other",Atlanta Field Office,Inadmissibles,572
2026-04,2026,Field Operations,"Air, sea and other",Baltimore Field Office,Inadmissibles,903
2026-04,2026,Field Operations,"Air, sea and other",Boston Field Office,Inadmissibles,242
2026-04,2026,Field Operations,"Air, sea and other",Buffalo Field Office,Inadmissibles,3
2026-04,2026,Field Operations,"Air, sea and other",Chicago Field Office,Inadmissibles,495
2026-04,2026,Field Operations,"Air, sea and other",Detroit Field Office,Inadmissibles,98
2026-04,2026,Field Operations,"Air, sea and other",Houston Field Office,Inadmissibles,2241
2026-04,2026,Field Operations,"Air, sea and other",Laredo Field Office,Inadmissibles,63
2026-04,2026,Field Operations,"Air, sea and other",Los Angeles Field Office,Inadmissibles,1516
2026-04,2026,Field Operations,"Air, sea and other",Miami Field Office,Inadmissibles,1227
2026-04,2026,Field Operations,"Air, sea and other",New Orleans Field Office,Inadmissibles,196
2026-04,2026,Field Operations,"Air, sea and other",New York Field Office,Inadmissibles,1360
2026-04,2026,Field Operations,"Air, sea and other",Portland Field Office,Inadmissibles,100
2026-04,2026,Field Operations,"Air, sea and other",Preclearance Field Office,Inadmissibles,981
2026-04,2026,Field Operations,"Air, sea and other",San Diego Field Office,Inadmissibles,54
2026-04,2026,Field Operations,"Air, sea and other",San Francisco Field Office,Inadmissibles,1051
2026-04,2026,Field Operations,"Air, sea and other",San Juan Field Office,Inadmissibles,1110
2026-04,2026,Field Operations,"Air, sea and other",Seattle Field Office,Inadmissibles,347
2026-04,2026,Field Operations,"Air, sea and other",Tampa Field Office,Inadmissibles,662
2026-04,2026,Field Operations,"Air, sea and other",Tucson Field Office,Inadmissibles,25
2026-04,2026,Field Operations,Northern border,Boston Field Office,Inadmissibles,285
2026-04,2026,Field Operations,Northern border,Buffalo Field Office,Inadmissibles,1340
2026-04,2026,Field Operations,Northern border,Detroit Field Office,Inadmissibles,386
2026-04,2026,Field Operations,Northern border,Portland Field Office,Inadmissibles,1
2026-04,2026,Field Operations,Northern border,Seattle Field Office,Inadmissibles,1342
2026-04,2026,Field Operations,Southwest border,El Paso Field Office,Inadmissibles,615
2026-04,2026,Field Operations,Southwest border,Laredo Field Office,Inadmissibles,1433
2026-04,2026,Field Operations,Southwest border,San Diego Field Office,Inadmissibles,1486
2026-04,2026,Field Operations,Southwest border,Tucson Field Office,Inadmissibles,357
2026-05,2026,Border Patrol,"Air, sea and other",Miami Sector,Apprehensions,1010
2026-05,2026,Border Patrol,"Air, sea and other",New Orleans Sector,Apprehensions,286
2026-05,2026,Border Patrol,"Air, sea and other",Ramey Sector,Apprehensions,91
2026-05,2026,Border Patrol,Northern border,Blaine Sector,Apprehensions,35
2026-05,2026,Border Patrol,Northern border,Buffalo Sector,Apprehensions,197
2026-05,2026,Border Patrol,Northern border,Detroit Sector,Apprehensions,99
2026-05,2026,Border Patrol,Northern border,Grand Forks Sector,Apprehensions,39
2026-05,2026,Border Patrol,Northern border,Havre Sector,Apprehensions,23
2026-05,2026,Border Patrol,Northern border,Houlton Sector,Apprehensions,2
2026-05,2026,Border Patrol,Northern border,Spokane Sector,Apprehensions,24
2026-05,2026,Border Patrol,Northern border,Swanton Sector,Apprehensions,107
2026-05,2026,Border Patrol,Southwest border,Big Bend Sector,Apprehensions,124
2026-05,2026,Border Patrol,Southwest border,Del Rio Sector,Apprehensions,1000
2026-05,2026,Border Patrol,Southwest border,El Centro Sector,Apprehensions,210
2026-05,2026,Border Patrol,Southwest border,El Paso Sector,Apprehensions,1877
2026-05,2026,Border Patrol,Southwest border,Laredo Sector,Apprehensions,1505
2026-05,2026,Border Patrol,Southwest border,Rio Grande Valley Sector,Apprehensions,1989
2026-05,2026,Border Patrol,Southwest border,San Diego Sector,Apprehensions,1151
2026-05,2026,Border Patrol,Southwest border,Tucson Sector,Apprehensions,1939
2026-05,2026,Border Patrol,Southwest border,Yuma Sector,Apprehensions,216
2026-05,2026,Field Operations,"Air, sea and other",Atlanta Field Office,Inadmissibles,481
2026-05,2026,Field Operations,"Air, sea and other",Baltimore Field Office,Inadmissibles,852
2026-05,2026,Field Operations,"Air, sea and other",Boston Field Office,Inadmissibles,325
2026-05,2026,Field Operations,"Air, sea and other",Buffalo Field Office,Inadmissibles,1
2026-05,2026,Field Operations,"Air, sea and other",Chicago Field Office,Inadmissibles,544
2026-05,2026,Field Operations,"Air, sea and other",Detroit Field Office,Inadmissibles,127
2026-05,2026,Field Operations,"Air, sea and other",El Paso Field Office,Inadmissibles,2
2026-05,2026,Field Operations,"Air, sea and other",Houston Field Office,Inadmissibles,2687
2026-05,2026,Field Operations,"Air, sea and other",Laredo Field Office,Inadmissibles,62
2026-05,2026,Field Operations,"Air, sea and other",Los Angeles Field Office,Inadmissibles,1320
2026-05,2026,Field Operations,"Air, sea and other",Miami Field Office,Inadmissibles,1234
2026-05,2026,Field Operations,"Air, sea and other",New Orleans Field Office,Inadmissibles,280
2026-05,2026,Field Operations,"Air, sea and other",New York Field Office,Inadmissibles,1327
2026-05,2026,Field Operations,"Air, sea and other",Portland Field Office,Inadmissibles,181
2026-05,2026,Field Operations,"Air, sea and other",Preclearance Field Office,Inadmissibles,1088
2026-05,2026,Field Operations,"Air, sea and other",San Diego Field Office,Inadmissibles,21
2026-05,2026,Field Operations,"Air, sea and other",San Francisco Field Office,Inadmissibles,1120
2026-05,2026,Field Operations,"Air, sea and other",San Juan Field Office,Inadmissibles,896
2026-05,2026,Field Operations,"Air, sea and other",Seattle Field Office,Inadmissibles,366
2026-05,2026,Field Operations,"Air, sea and other",Tampa Field Office,Inadmissibles,591
2026-05,2026,Field Operations,"Air, sea and other",Tucson Field Office,Inadmissibles,19
2026-05,2026,Field Operations,Northern border,Boston Field Office,Inadmissibles,294
2026-05,2026,Field Operations,Northern border,Buffalo Field Office,Inadmissibles,1636
2026-05,2026,Field Operations,Northern border,Detroit Field Office,Inadmissibles,419
2026-05,2026,Field Operations,Northern border,Portland Field Office,Inadmissibles,5
2026-05,2026,Field Operations,Northern border,Seattle Field Office,Inadmissibles,1492
2026-05,2026,Field Operations,Southwest border,El Paso Field Office,Inadmissibles,554
2026-05,2026,Field Operations,Southwest border,Laredo Field Office,Inadmissibles,1325
2026-05,2026,Field Operations,Southwest border,San Diego Field Office,Inadmissibles,1327
2026-05,2026,Field Operations,Southwest border,Tucson Field Office,Inadmissibles,325
2026-06,2026,Border Patrol,"Air, sea and other",Miami Sector,Apprehensions,792
2026-06,2026,Border Patrol,"Air, sea and other",New Orleans Sector,Apprehensions,227
2026-06,2026,Border Patrol,"Air, sea and other",Ramey Sector,Apprehensions,40
2026-06,2026,Border Patrol,Northern border,Blaine Sector,Apprehensions,14
2026-06,2026,Border Patrol,Northern border,Buffalo Sector,Apprehensions,174
2026-06,2026,Border Patrol,Northern border,Detroit Sector,Apprehensions,73
2026-06,2026,Border Patrol,Northern border,Grand Forks Sector,Apprehensions,50
2026-06,2026,Border Patrol,Northern border,Havre Sector,Apprehensions,34
2026-06,2026,Border Patrol,Northern border,Houlton Sector,Apprehensions,1
2026-06,2026,Border Patrol,Northern border,Spokane Sector,Apprehensions,13
2026-06,2026,Border Patrol,Northern border,Swanton Sector,Apprehensions,135
2026-06,2026,Border Patrol,Southwest border,Big Bend Sector,Apprehensions,148
2026-06,2026,Border Patrol,Southwest border,Del Rio Sector,Apprehensions,991
2026-06,2026,Border Patrol,Southwest border,El Centro Sector,Apprehensions,195
2026-06,2026,Border Patrol,Southwest border,El Paso Sector,Apprehensions,1912
2026-06,2026,Border Patrol,Southwest border,Laredo Sector,Apprehensions,1399
2026-06,2026,Border Patrol,Southwest border,Rio Grande Valley Sector,Apprehensions,2231
2026-06,2026,Border Patrol,Southwest border,San Diego Sector,Apprehensions,1039
2026-06,2026,Border Patrol,Southwest border,Tucson Sector,Apprehensions,1758
2026-06,2026,Border Patrol,Southwest border,Yuma Sector,Apprehensions,182
2026-06,2026,Field Operations,"Air, sea and other",Atlanta Field Office,Inadmissibles,459
2026-06,2026,Field Operations,"Air, sea and other",Baltimore Field Office,Inadmissibles,841
2026-06,2026,Field Operations,"Air, sea and other",Boston Field Office,Inadmissibles,337
2026-06,2026,Field Operations,"Air, sea and other",Chicago Field Office,Inadmissibles,587
2026-06,2026,Field Operations,"Air, sea and other",Detroit Field Office,Inadmissibles,121
2026-06,2026,Field Operations,"Air, sea and other",Houston Field Office,Inadmissibles,1945
2026-06,2026,Field Operations,"Air, sea and other",Laredo Field Office,Inadmissibles,94
2026-06,2026,Field Operations,"Air, sea and other",Los Angeles Field Office,Inadmissibles,1352
2026-06,2026,Field Operations,"Air, sea and other",Miami Field Office,Inadmissibles,1131
2026-06,2026,Field Operations,"Air, sea and other",New Orleans Field Office,Inadmissibles,298
2026-06,2026,Field Operations,"Air, sea and other",New York Field Office,Inadmissibles,1502
2026-06,2026,Field Operations,"Air, sea and other",Portland Field Office,Inadmissibles,140
2026-06,2026,Field Operations,"Air, sea and other",Preclearance Field Office,Inadmissibles,1066
2026-06,2026,Field Operations,"Air, sea and other",San Diego Field Office,Inadmissibles,7
2026-06,2026,Field Operations,"Air, sea and other",San Francisco Field Office,Inadmissibles,923
2026-06,2026,Field Operations,"Air, sea and other",San Juan Field Office,Inadmissibles,813
2026-06,2026,Field Operations,"Air, sea and other",Seattle Field Office,Inadmissibles,454
2026-06,2026,Field Operations,"Air, sea and other",Tampa Field Office,Inadmissibles,619
2026-06,2026,Field Operations,"Air, sea and other",Tucson Field Office,Inadmissibles,15
2026-06,2026,Field Operations,Northern border,Boston Field Office,Inadmissibles,473
2026-06,2026,Field Operations,Northern border,Buffalo Field Office,Inadmissibles,2148
2026-06,2026,Field Operations,Northern border,Detroit Field Office,Inadmissibles,374
2026-06,2026,Field Operations,Northern border,Portland Field Office,Inadmissibles,8
2026-06,2026,Field Operations,Northern border,Seattle Field Office,Inadmissibles,1455
2026-06,2026,Field Operations,Southwest border,El Paso Field Office,Inadmissibles,610
2026-06,2026,Field Operations,Southwest border,Laredo Field Office,Inadmissibles,1039
2026-06,2026,Field Operations,Southwest border,San Diego Field Office,Inadmissibles,1136
2026-06,2026,Field Operations,Southwest border,Tucson Field Office,Inadmissibles,265
2026-07,2026,Border Patrol,"Air, sea and other",Miami Sector,Apprehensions,1202
2026-07,2026,Border Patrol,"Air, sea and other",New Orleans Sector,Apprehensions,144
2026-07,2026,Border Patrol,"Air, sea and other",Ramey Sector,Apprehensions,72
2026-07,2026,Border Patrol,Northern border,Blaine Sector,Apprehensions,32
2026-07,2026,Border Patrol,Northern border,Buffalo Sector,Apprehensions,262
2026-07,2026,Border Patrol,Northern border,Detroit Sector,Apprehensions,110
2026-07,2026,Border Patrol,Northern border,Grand Forks Sector,Apprehensions,32
2026-07,2026,Border Patrol,Northern border,Havre Sector,Apprehensions,23
2026-07,2026,Border Patrol,Northern border,Houlton Sector,Apprehensions,4
2026-07,2026,Border Patrol,Northern border,Spokane Sector,Apprehensions,18
2026-07,2026,Border Patrol,Northern border,Swanton Sector,Apprehensions,105
2026-07,2026,Border Patrol,Southwest border,Big Bend Sector,Apprehensions,98
2026-07,2026,Border Patrol,Southwest border,Del Rio Sector,Apprehensions,933
2026-07,2026,Border Patrol,Southwest border,El Centro Sector,Apprehensions,208
2026-07,2026,Border Patrol,Southwest border,El Paso Sector,Apprehensions,1529
2026-07,2026,Border Patrol,Southwest border,Laredo Sector,Apprehensions,1322
2026-07,2026,Border Patrol,Southwest border,Rio Grande Valley Sector,Apprehensions,2438
2026-07,2026,Border Patrol,Southwest border,San Diego Sector,Apprehensions,1065
2026-07,2026,Border Patrol,Southwest border,Tucson Sector,Apprehensions,1544
2026-07,2026,Border Patrol,Southwest border,Yuma Sector,Apprehensions,159
2026-07,2026,Field Operations,"Air, sea and other",Atlanta Field Office,Inadmissibles,584
2026-07,2026,Field Operations,"Air, sea and other",Baltimore Field Office,Inadmissibles,691
2026-07,2026,Field Operations,"Air, sea and other",Boston Field Office,Inadmissibles,340
2026-07,2026,Field Operations,"Air, sea and other",Buffalo Field Office,Inadmissibles,1
2026-07,2026,Field Operations,"Air, sea and other",Chicago Field Office,Inadmissibles,705
2026-07,2026,Field Operations,"Air, sea and other",Detroit Field Office,Inadmissibles,172
2026-07,2026,Field Operations,"Air, sea and other",Houston Field Office,Inadmissibles,1478
2026-07,2026,Field Operations,"Air, sea and other",Laredo Field Office,Inadmissibles,15
2026-07,2026,Field Operations,"Air, sea and other",Los Angeles Field Office,Inadmissibles,1432
2026-07,2026,Field Operations,"Air, sea and other",Miami Field Office,Inadmissibles,1120
2026-07,2026,Field Operations,"Air, sea and other",New Orleans Field Office,Inadmissibles,173
2026-07,2026,Field Operations,"Air, sea and other",New York Field Office,Inadmissibles,1709
2026-07,2026,Field Operations,"Air, sea and other",Portland Field Office,Inadmissibles,82
2026-07,2026,Field Operations,"Air, sea and other",Preclearance Field Office,Inadmissibles,1241
2026-07,2026,Field Operations,"Air, sea and other",San Diego Field Office,Inadmissibles,57
2026-07,2026,Field Operations,"Air, sea and other",San Francisco Field Office,Inadmissibles,1360
2026-07,2026,Field Operations,"Air, sea and other",San Juan Field Office,Inadmissibles,802
2026-07,2026,Field Operations,"Air, sea and other",Seattle Field Office,Inadmissibles,421
2026-07,2026,Field Operations,"Air, sea and other",Tampa Field Office,Inadmissibles,637
2026-07,2026,Field Operations,"Air, sea and other",Tucson Field Office,Inadmissibles,29
2026-07,2026,Field Operations,Northern border,Boston Field Office,Inadmissibles,933
2026-07,2026,Field Operations,Northern border,Buffalo Field Office,Inadmissibles,2703
2026-07,2026,Field Operations,Northern border,Detroit Field Office,Inadmissibles,701
2026-07,2026,Field Operations,Northern border,Portland Field Office,Inadmissibles,14
2026-07,2026,Field Operations,Northern border,Seattle Field Office,Inadmissibles,1654
2026-07,2026,Field Operations,Southwest border,El Paso Field Office,Inadmissibles,605
2026-07,2026,Field Operations,Southwest border,Laredo Field Office,Inadmissibles,1275
2026-07,2026,Field Operations,Southwest border,San Diego Field Office,Inadmissibles,1220
2026-07,2026,Field Operations,Southwest border,Tucson Field Office,Inadmissibles,334
2026-08,2026,Border Patrol,"Air, sea and other",Miami Sector,Apprehensions,1377
2026-08,2026,Border Patrol,"Air, sea and other",New Orleans Sector,Apprehensions,118
2026-08,2026,Border Patrol,"Air, sea and other",Ramey Sector,Apprehensions,11
2026-08,2026,Border Patrol,Northern border,Blaine Sector,Apprehensions,21
2026-08,2026,Border Patrol,Northern border,Buffalo Sector,Apprehensions,208
2026-08,2026,Border Patrol,Northern border,Detroit Sector,Apprehensions,152
2026-08,2026,Border Patrol,Northern border,Grand Forks Sector,Apprehensions,16
2026-08,2026,Border Patrol,Northern border,Havre Sector,Apprehensions,53
2026-08,2026,Border Patrol,Northern border,Houlton Sector,Apprehensions,9
2026-08,2026,Border Patrol,Northern border,Spokane Sector,Apprehensions,17
2026-08,2026,Border Patrol,Northern border,Swanton Sector,Apprehensions,87
2026-08,2026,Border Patrol,Southwest border,Big Bend Sector,Apprehensions,161
2026-08,2026,Border Patrol,Southwest border,Del Rio Sector,Apprehensions,885
2026-08,2026,Border Patrol,Southwest border,El Centro Sector,Apprehensions,200
2026-08,2026,Border Patrol,Southwest border,El Paso Sector,Apprehensions,1497
2026-08,2026,Border Patrol,Southwest border,Laredo Sector,Apprehensions,1333
2026-08,2026,Border Patrol,Southwest border,Rio Grande Valley Sector,Apprehensions,2101
2026-08,2026,Border Patrol,Southwest border,San Diego Sector,Apprehensions,918
2026-08,2026,Border Patrol,Southwest border,Tucson Sector,Apprehensions,1528
2026-08,2026,Border Patrol,Southwest border,Yuma Sector,Apprehensions,247
2026-08,2026,Field Operations,"Air, sea and other",Atlanta Field Office,Inadmissibles,673
2026-08,2026,Field Operations,"Air, sea and other",Baltimore Field Office,Inadmissibles,823
2026-08,2026,Field Operations,"Air, sea and other",Boston Field Office,Inadmissibles,459
2026-08,2026,Field Operations,"Air, sea and other",Buffalo Field Office,Inadmissibles,20
2026-08,2026,Field Operations,"Air, sea and other",Chicago Field Office,Inadmissibles,725
2026-08,2026,Field Operations,"Air, sea and other",Detroit Field Office,Inadmissibles,137
2026-08,2026,Field Operations,"Air, sea and other",El Paso Field Office,Inadmissibles,4
2026-08,2026,Field Operations,"Air, sea and other",Houston Field Office,Inadmissibles,1635
2026-08,2026,Field Operations,"Air, sea and other",Laredo Field Office,Inadmissibles,79
2026-08,2026,Field Operations,"Air, sea and other",Los Angeles Field Office,Inadmissibles,1797
2026-08,2026,Field Operations,"Air, sea and other",Miami Field Office,Inadmissibles,1122
2026-08,2026,Field Operations,"Air, sea and other",New Orleans Field Office,Inadmissibles,214
2026-08,2026,Field Operations,"Air, sea and other",New York Field Office,Inadmissibles,2196
2026-08,2026,Field Operations,"Air, sea and other",Portland Field Office,Inadmissibles,112
2026-08,2026,Field Operations,"Air, sea and other",Preclearance Field Office,Inadmissibles,1148
2026-08,2026,Field Operations,"Air, sea and other",San Diego Field Office,Inadmissibles,21
2026-08,2026,Field Operations,"Air, sea and other",San Francisco Field Office,Inadmissibles,1354
2026-08,2026,Field Operations,"Air, sea and other",San Juan Field Office,Inadmissibles,728
2026-08,2026,Field Operations,"Air, sea and other",Seattle Field Office,Inadmissibles,450
2026-08,2026,Field Operations,"Air, sea and other",Tampa Field Office,Inadmissibles,872
2026-08,2026,Field Operations,"Air, sea and other",Tucson Field Office,Inadmissibles,24
2026-08,2026,Field Operations,Northern border,Boston Field Office,Inadmissibles,573
2026-08,2026,Field Operations,Northern border,Buffalo Field Office,Inadmissibles,2694
2026-08,2026,Field Operations,Northern border,Detroit Field Office,Inadmissibles,602
2026-08,2026,Field Operations,Northern border,Portland Field Office,Inadmissibles,13
2026-08,2026,Field Operations,Northern border,Seattle Field Office,Inadmissibles,1642
2026-08,2026,Field Operations,Southwest border,El Paso Field Office,Inadmissibles,621
2026-08,2026,Field Operations,Southwest border,Laredo Field Office,Inadmissibles,1216
2026-08,2026,Field Operations,Southwest border,San Diego Field Office,Inadmissibles,1222
2026-08,2026,Field Operations,Southwest border,Tucson Field Office,Inadmissibles,313
